CASE_ID,ACCIDENT_YEAR,PROC_DATE,JURIS,COLLISION_DATE,COLLISION_TIME,OFFICER_ID,REPORTING_DISTRICT,DAY_OF_WEEK,CHP_SHIFT,POPULATION,CNTY_CITY_LOC,SPECIAL_COND,BEAT_TYPE,CHP_BEAT_TYPE,CITY_DIVISION_LAPD,CHP_BEAT_CLASS,BEAT_NUMBER,PRIMARY_RD,SECONDARY_RD,DISTANCE,DIRECTION,INTERSECTION,WEATHER_1,WEATHER_2,STATE_HWY_IND,CALTRANS_COUNTY,CALTRANS_DISTRICT,STATE_ROUTE,ROUTE_SUFFIX,POSTMILE_PREFIX,POSTMILE,LOCATION_TYPE,RAMP_INTERSECTION,SIDE_OF_HWY,TOW_AWAY,COLLISION_SEVERITY,NUMBER_KILLED,NUMBER_INJURED,PARTY_COUNT,PRIMARY_COLL_FACTOR,PCF_CODE_OF_VIOL,PCF_VIOL_CATEGORY,PCF_VIOLATION,PCF_VIOL_SUBSECTION,HIT_AND_RUN,TYPE_OF_COLLISION,MVIW,PED_ACTION,ROAD_SURFACE,ROAD_COND_1,ROAD_COND_2,LIGHTING,CONTROL_DEVICE,CHP_ROAD_TYPE,PEDESTRIAN_ACCIDENT,BICYCLE_ACCIDENT,MOTORCYCLE_ACCIDENT,TRUCK_ACCIDENT,NOT_PRIVATE_PROPERTY,ALCOHOL_INVOLVED,STWD_VEHTYPE_AT_FAULT,CHP_VEHTYPE_AT_FAULT,COUNT_SEVERE_INJ,COUNT_VISIBLE_INJ,COUNT_COMPLAINT_PAIN,COUNT_PED_KILLED,COUNT_PED_INJURED,COUNT_BICYCLIST_KILLED,COUNT_BICYCLIST_INJURED,COUNT_MC_KILLED,COUNT_MC_INJURED,PRIMARY_RAMP,SECONDARY_RAMP,LATITUDE,LONGITUDE,COUNTY,CITY,POINT_X,POINT_Y
84492851,2024,2024-12-05,5609,2024-11-26,2101,447,,2,5,6,5609,0,0,0,,0,005,"TAPO ST","EILEEN ST",8.00,N,N,B,-,N,,,,,,,,,,Y,2,0,2,2,A,-,01,23153,A,N,C,C,A,B,H,-,C,A,0,,,,,Y,Y,A,07,1,1,0,0,0,0,0,0,0,"- ","- ",34.274768829345703,-118.70874786376953,VENTURA,"SIMI VALLEY",-118.70895385742188,34.27545166015625
90042619,2015,2015-11-02,9765,2015-10-03,2003,020866,,6,2,9,5600,0,1,3,,1,042,SR-126,"TIMBER CANYON RD",1056.00,W,N,A,-,Y,,,126,,,,,,,Y,2,0,6,3,A,-,08,22107,,N,A,C,A,A,H,-,D,D,0,,,,,Y,,A,07,1,2,3,0,0,0,0,0,0,"- ","- ",34.374079999999999,-119.01065,VENTURA,UNINCORPORATED,-119.01064199,34.374042850000002
6879882,2015,2015-04-21,5609,2015-03-31,1628,433,213,2,5,6,5609,0,0,0,,0,002,"LANGUID LN","CAREFREE DR",118.00,W,N,A,-,N,,,,,,,,,,Y,2,0,1,1,A,-,01,23152,A,N,E,I,A,A,H,-,A,D,0,,,,,Y,Y,A,07,1,0,0,0,0,0,0,0,0,"- ","- ",,,VENTURA,"SIMI VALLEY",-118.78187620999999,34.250673370000001
7015672,2015,2015-08-11,5606,2015-05-13,0745,1084,5606,3,5,4,5606,0,0,0,,0,002,"SANTA PAULA ST","PALM CT",53.00,E,N,B,-,N,,,,,,,,,,N,2,0,1,2,A,-,08,22107,,N,G,C,A,A,H,-,A,D,0,,Y,,,Y,,L,04,1,0,0,0,0,0,1,0,0,"- ","- ",,,VENTURA,"SANTA PAULA",-119.07083588,34.354371290000003
8465948,2018,2020-05-22,5604,2018-05-30,0709,4755,5604,3,5,6,5604,0,0,0,,0,032,"CHANNEL ISLANDS BL","GISLER AV",194.00,E,N,B,-,N,,,,,,,,,,Y,1,1,0,2,A,-,11,21954,A,N,G,B,D,A,H,-,A,D,0,Y,,,,Y,Y,N,60,0,0,0,1,0,0,0,0,0,"- ","- ",,,VENTURA,OXNARD,-119.17202758789062,34.173393249511719
8818995,2019,2019-04-04,5608,2019-03-16,2216,443,VENTU,6,5,6,5608,0,0,0,,0,004,"DARLING RD","WELLS RD",372.00,W,N,A,-,N,,,,,,,,,,N,2,0,1,2,A,-,11,21954,A,F,G,B,E,A,H,-,C,D,0,Y,,,,Y,,N,60,1,0,0,0,1,0,0,0,0,"- ","- ",,,VENTURA,VENTURA,-119.15473175048828,34.285972595214844
84671118,2025,2025-05-01,5609,2025-04-21,1625,447,,1,5,6,5609,0,0,0,,0,003,"LOS ANGELES AVE","GALT ST",10.00,W,N,A,-,N,,,,,,,,,,Y,2,0,1,2,A,-,09,21801,A,N,D,C,A,A,H,-,A,A,0,,,Y,,Y,,A,01,1,0,0,0,0,0,0,0,1,"- ","- ",34.271759033203125,-118.76582336425781,VENTURA,"SIMI VALLEY",-118.76592254638672,34.27166748046875
84720993,2025,2025-06-11,5600,2025-05-25,1942,4869,,7,5,5,5601,0,0,0,,0,8A01,"CRESTVIEW AV","EDISON POLE #4784719E",128.00,S,N,A,-,N,,,,,,,,,,Y,2,0,5,2,A,-,01,23152,B,F,B,C,A,A,H,-,B,D,0,,,,,Y,Y,A,01,1,3,1,0,0,0,0,0,0,"- ","- ",34.229011535644531,-119.0980224609375,VENTURA,CAMARILLO,,
92427574,2024,2024-07-01,9765,2024-06-24,2115,021485,,1,2,9,5600,0,3,5,,2,006,"RICE AVENUE","WOOLEY ROAD",10.00,S,N,A,-,N,,,,,,,,,,Y,2,0,4,2,A,-,01,23152,A,N,C,C,A,A,H,-,C,D,0,,,,,Y,Y,A,01,1,3,0,0,0,0,0,0,0,"- ","- ",34.189559936523438,-119.14231872558594,VENTURA,UNINCORPORATED,-119.14246368408203,34.189693450927734
92444523,2024,2024-07-22,9765,2024-07-01,1430,020353,,1,2,9,5600,0,1,3,,1,021,"SR-33 (MARICOPA HIGHWAY)","COZY DELL TRAILHEAD",760.00,S,N,A,-,N,,,,,,,,,,Y,2,0,3,1,A,-,03,22350,,N,E,I,A,A,D,-,A,A,0,,,,,Y,,A,01,1,0,2,0,0,0,0,0,0,"- ","- ",34.476539611816406,-119.29080200195312,VENTURA,UNINCORPORATED,-119.29080963134766,34.478733062744141
90019397,2015,2015-10-19,9765,2015-09-15,1635,015696,,2,2,9,5600,0,1,3,,1,062,"SR-1  (PACIFIC COAST HIGHWAY)","DEER CREEK ROAD",1500.00,S,N,B,-,Y,,,1,,,,,,,Y,2,0,1,1,A,-,03,22350,,N,F,A,A,A,H,-,A,D,0,,,Y,,Y,,C,02,1,0,0,0,0,0,0,0,1,"- ","- ",34.061320000000002,-118.97833,VENTURA,UNINCORPORATED,-118.97834238,34.061217409999998
90122385,2016,2016-02-24,9765,2016-02-05,0131,018001,,5,3,6,5608,0,1,2,,2,530,"US-101 N/B TO JOHNSON DR.","VENTURA BLVD",25.00,S,N,A,-,Y,,,101,,,,R,,N,Y,2,0,2,1,A,-,01,23152,A,N,E,J,A,A,H,-,C,A,0,,,,,Y,Y,A,01,1,0,1,0,0,0,0,0,0,"- ","- ",34.245620000000002,-119.19605,VENTURA,VENTURA,-119.19605,34.245620000000002
91212339,2020,2020-03-19,9765,2020-03-07,0915,022446,,6,1,9,5600,0,3,5,,2,006,"HUENEME ROAD","LAGUNA ROAD",2730.00,W,N,A,-,N,,,,,,,,,,N,2,0,2,2,A,-,03,22350,,N,F,A,A,A,H,-,A,D,0,,Y,,,Y,,L,04,1,1,0,0,0,0,2,0,0,"- ","- ",34.160621643066406,-119.07057952880859,VENTURA,UNINCORPORATED,-119.07036590576172,34.160686492919922
91650913,2021,2021-12-13,9765,2021-12-03,1905,017253,,5,2,9,5600,0,1,3,,1,042,"SR-126 E/B (E. TELEGRAPH ROAD)","FLEISCHER REDMAND RD",1056.00,E,N,A,-,Y,,,126,,,,,,E,Y,2,0,1,1,A,-,01,23152,A,N,E,I,A,A,H,-,D,D,0,,,,,Y,Y,A,01,1,0,0,0,0,0,0,0,0,"- ","- ",34.373920440673828,-119.01074981689453,VENTURA,UNINCORPORATED,-119.01077270507812,34.374015808105469
91860320,2022,2022-09-08,9765,2022-09-06,1140,016549,,2,1,9,5600,0,3,5,,2,003,"OLIVAS PARK DR","TELEPHONE ROAD",0.00,,Y,A,-,N,,,,,,,,,,Y,2,0,2,2,A,-,09,21801,A,N,A,C,A,A,H,-,A,A,0,,,,,Y,,A,07,1,1,0,0,0,0,0,0,0,"- ","- ",34.244438171386719,-119.23417663574219,VENTURA,UNINCORPORATED,-119.23417663574219,34.244396209716797
92072138,2023,2023-05-18,9765,2023-05-13,1805,022453,,6,2,9,5600,0,3,5,,2,005,"ROSE AVEUE","WALNUT DRIVE",0.00,,Y,A,-,N,,,,,,,,,,N,2,0,4,3,A,-,09,21801,A,N,A,C,A,A,H,-,A,A,0,,,,,Y,,A,07,1,0,3,0,0,0,0,0,0,"- ","- ",34.233371734619141,-119.15519714355469,VENTURA,UNINCORPORATED,-119.15522003173828,34.233379364013672
8808014,2018,2019-03-19,5604,2018-06-23,0116,5428,,6,5,6,5604,0,0,0,,0,011,"GONZALES RD","MERION WY",300.00,E,N,A,-,N,,,,,,,,,,Y,1,1,0,1,A,-,08,22107,,N,E,I,A,A,H,-,C,D,0,,,,,Y,,-,,0,0,0,0,0,0,0,0,0,"- ","- ",,,VENTURA,OXNARD,-119.21318817138672,34.219490051269531
8856397,2019,2019-05-17,5609,2019-04-21,1030,452,416,7,5,6,5609,0,0,0,,0,004,"SYCAMORE DR","COCHRAN ST",13.00,W,N,A,-,N,,,,,,,,,,N,2,0,1,2,A,-,09,21804,A,N,D,G,A,A,H,-,A,A,0,,Y,,,Y,,L,04,1,0,0,0,0,0,1,0,0,"- ","- ",34.279079437255859,-118.74381256103516,VENTURA,"SIMI VALLEY",-118.74391174316406,34.278999328613281
8910810,2020,2020-03-18,5608,2020-02-09,1922,423,,7,5,6,5608,0,0,0,,0,002,"HARBOR BL","BEACHMONT ST",212.00,N,N,B,-,N,,,,,,,,,,Y,1,1,0,2,A,-,11,21954,A,N,G,B,E,A,H,-,C,D,0,Y,,,,Y,,N,60,0,0,0,1,0,0,0,0,0,"- ","- ",,,VENTURA,VENTURA,-119.25977325439453,34.254653930664062
81763841,2022,2022-05-04,5609,2022-04-20,0908,443,217,3,5,6,5609,0,0,0,,0,002,"LONG CANYON RD","WOOD RANCH PKWY",191.00,E,N,A,-,N,,,,,,,,,,Y,1,1,0,1,A,-,08,22107,,N,E,I,A,A,H,-,A,D,0,,,,,Y,,A,01,0,0,0,0,0,0,0,0,0,"- ","- ",34.228771209716797,-118.80252075195312,VENTURA,"SIMI VALLEY",-118.8017578125,34.228858947753906
81834417,2022,2022-08-08,5609,2022-07-31,1932,494,,7,5,6,5609,0,0,0,,0,002,"FIRST ST","FITZGERALD RD",0.00,,Y,A,-,N,,,,,,,,,,Y,2,0,2,3,A,-,09,21801,A,N,A,C,A,A,H,-,B,A,0,,,,,Y,,A,01,1,1,0,0,0,0,0,0,0,"- ","- ",34.257129669189453,-118.77906036376953,VENTURA,"SIMI VALLEY",-118.77919006347656,34.257312774658203
81893518,2022,2022-10-19,5600,2022-05-08,0139,4045,9104,7,5,6,5607,0,0,0,,0,9C01,"BORCHARD RD","LOS VIENTOS DR",0.00,W,N,A,-,N,,,,,,,,,,N,1,1,0,1,A,-,08,22107,,N,E,I,A,A,H,-,C,D,0,,Y,,,Y,,L,04,0,0,0,0,0,1,0,0,0,"- ","- ",34.176780700683594,-118.96495819091797,VENTURA,"THOUSAND OAKS",-118.96097564697266,34.179244995117188
90035791,2015,2015-10-21,9765,2015-10-20,0747,015117,,2,1,9,5600,0,1,3,,1,055,"SR-118 (LOS ANGELES AVENUE)","WALNUT AVE",100.00,W,N,A,-,Y,,,118,,,,,,,Y,2,0,1,2,A,-,03,22350,,N,C,C,A,A,D,-,A,D,0,,,Y,,Y,,C,02,1,0,0,0,0,0,0,0,1,"- ","- ",34.263680000000001,-119.07668,VENTURA,UNINCORPORATED,-119.07667997999999,34.263676949999997
90642704,2017,2018-01-18,9765,2017-04-17,1230,019057,,1,1,9,5600,0,1,3,,1,022,SR-150,"THE CHLORINATION PLANT",5280.00,E,N,A,-,Y,,,150,,,,,,,Y,1,1,0,1,A,-,03,22350,,N,F,A,A,A,H,-,A,D,0,,,Y,,Y,,C,02,0,0,0,0,0,0,0,1,0,"- ","- ",34.387210000000003,-119.36642000000001,VENTURA,UNINCORPORATED,-119.36641692000001,34.387200989999997
91026934,2019,2019-07-09,9765,2019-04-01,2020,019057,,1,2,9,5600,0,1,3,,2,053,"SR-232  (VINEYARD AVENUE)","SR-118  (LOS ANGELES AVENUE)",3696.00,S,N,B,-,Y,,,232,,,,,,,Y,1,1,0,2,A,-,11,21954,A,N,G,B,D,A,H,-,D,D,0,Y,,,,Y,,N,60,0,0,0,1,0,0,0,0,0,"- ","- ",34.265159606933594,-119.14501190185547,VENTURA,UNINCORPORATED,-119.14492797851562,34.265106201171875
91575227,2021,2021-09-21,9770,2021-09-19,0545,017627,,7,3,9,5600,0,2,4,,1,088,"BOX CANYON ROAD","BRYANT DRIVE (PRIVATE)",750.00,S,N,A,-,N,,,,,,,,,,Y,2,0,2,1,A,-,08,22107,,N,E,I,A,A,H,-,C,D,0,,,,,Y,,A,07,1,0,1,0,0,0,0,0,0,"- ","- ",34.250301361083984,-118.64945983886719,VENTURA,UNINCORPORATED,-118.6494140625,34.250339508056641
6452055,2014,2014-07-25,9765,2014-04-20,0134,20423,,7,3,9,5600,0,3,5,,2,002,"ALVARADO AV","EL CONEJO DR",64.00,N,N,A,-,N,,,,,,,,,,N,2,0,1,3,A,-,01,21200,5,N,H,E,A,A,H,-,C,D,0,,Y,,,Y,Y,L,04,1,0,0,0,0,0,1,0,0,"- ","- ",34.454099999999997,-119.27811,VENTURA,UNINCORPORATED,-119.27814269,34.454076370000003
6767236,2014,2016-06-24,9765,2014-12-21,1250,020924,,7,1,9,5600,0,1,3,,1,023,"RT 150","OLD WALNUT RD",2640.00,W,N,A,-,Y,VEN,7,150,-,-,22.700,H,-,W,Y,2,0,3,2,A,-,08,22107,,N,A,C,A,A,H,-,A,D,0,,,,,Y,,A,07,1,1,1,0,0,0,0,0,0,"- ","- ",34.435670000000002,-119.18415,VENTURA,UNINCORPORATED,-119.18287411999999,34.435836680000001
6960131,2015,2016-12-03,9765,2015-06-07,1105,18305,,7,1,9,5600,0,1,3,,1,021,"RT 33","N MATILIJA RD",25344.00,N,N,A,-,Y,VEN,7,33,-,-,20.960,H,-,N,Y,2,0,2,2,A,-,08,22107,,N,B,E,A,A,H,-,A,D,0,,,Y,,Y,,C,02,1,1,0,0,0,0,0,0,2,"- ","- ",34.517220000000002,-119.2814,VENTURA,UNINCORPORATED,-119.28192025,34.517754789999998
8115161,2016,2016-09-06,5600,2016-08-16,1737,4727,8215,2,5,5,5601,0,0,0,,0,08D,"SANTA ROSA RD","GROVES PL",449.00,S,N,A,-,N,,,,,,,,,,Y,2,0,1,1,A,-,03,22350,,N,F,A,A,A,H,-,A,D,0,,,Y,,Y,Y,C,02,1,0,0,0,0,0,0,0,1,"- ","- ",34.237349999999999,-115.89673000000001,VENTURA,CAMARILLO,-118.96569014000001,34.237599060000001
8401315,2016,2018-05-02,5604,2016-04-09,1319,4942,,6,5,6,5604,0,0,0,,0,032,"OXNARD BL","ROSE AV",400.00,S,N,C,-,N,,,,,,,,,,N,2,0,4,3,A,-,01,23152,A,N,B,C,A,B,H,-,A,A,0,,,,,Y,Y,D,82,1,0,3,0,0,0,0,0,0,"- ","- ",,,VENTURA,OXNARD,-119.15896475,34.174356879999998
8488308,2017,2017-12-01,5600,2017-10-14,1319,2877,,6,5,5,5601,0,0,0,,0,,"PONDEROSA DR","FULTON ST",95.00,W,N,A,-,N,,,,,,,,,,,2,0,2,2,A,-,03,22350,,N,C,C,A,A,H,-,A,D,0,,,,,Y,,A,01,1,0,1,0,0,0,0,0,0,"- ","- ",34.132570000000001,-119.02137999999999,VENTURA,CAMARILLO,-119.03708091,34.223848480000001
91788154,2022,2022-06-03,9765,2022-01-09,0945,021682,,7,1,9,5600,0,1,3,,1,023,"SR-150 (OJAI ROAD)","HAPPY VALLEY SCHOOL ROAD",422.00,W,N,A,-,Y,VEN,,150,,,21.704,H,,R,N,1,1,3,2,A,-,05,21460,A,N,A,C,A,A,H,-,A,D,0,,,Y,,Y,,C,02,2,1,0,0,0,0,0,1,0,"- ","- ",34.433071136474609,-119.20046234130859,VENTURA,UNINCORPORATED,-119.20045471191406,34.433074951171875
91863254,2022,2022-09-13,9765,2022-09-04,1605,022083,,7,2,6,5608,0,1,2,,2,301,"US-101 S/B (VENTURA FREEWAY)","VICTORIA AVE",1600.00,N,N,A,-,Y,VEN,,101,,R,24.954,H,,L,Y,2,0,2,1,A,-,01,23152,A,N,E,I,A,A,H,-,A,D,0,,,,,Y,Y,D,22,1,1,0,0,0,0,0,0,0,"- ","- ",34.254840850830078,-119.21540832519531,VENTURA,VENTURA,-119.21535491943359,34.254913330078125
90289590,2016,2016-10-12,9765,2016-10-08,0905,015658,,6,1,9,5600,0,3,5,,2,006,"PORTRERO RD","VIA ACOSTA",2640.00,W,N,A,-,N,,,,,,,,,,N,2,0,1,1,A,-,08,22107,,N,F,A,A,A,H,-,A,D,0,,Y,,,Y,,L,04,1,0,0,0,0,0,1,0,0,"- ","- ",34.158360000000002,-119.99556,VENTURA,UNINCORPORATED,-118.99598837000001,34.158781959999999
90394008,2016,2017-06-06,9770,2016-07-05,0043,018024,,2,3,9,5600,0,1,3,,1,043,"SR-126 E/B (EAST TELEGRAPH ROAD)","HOPPER CANYON ROAD",1584.00,W,N,A,-,Y,,,126,,,,,,E,Y,1,1,2,2,A,-,09,21804,A,N,B,C,A,A,H,-,D,D,0,,,,Y,Y,,F,26,0,2,0,0,0,0,0,0,0,"- ","- ",34.400759999999998,-118.83729,VENTURA,UNINCORPORATED,-118.83729054,34.400765249999999
90420176,2017,2017-03-24,9765,2017-03-18,0130,016712,,6,3,6,5608,0,1,2,,2,302,"US-101 N/B","SEAWARD AVENUE",1584.00,S,N,A,-,Y,,,101,,,,,,N,Y,2,0,1,1,A,-,08,22107,,N,E,I,A,A,H,-,C,D,0,,,,,Y,Y,D,22,1,0,0,0,0,0,0,0,0,"- ","- ",34.260199999999998,-119.25711,VENTURA,VENTURA,-119.25716788,34.260042689999999
90436959,2017,2017-04-18,9770,2017-04-09,0450,021296,,7,3,9,5600,0,1,3,,1,054,"SR-34 (SOMIS ROAD)","BELL RANCH ROAD",1584.00,E,N,A,-,Y,,,34,,,,,,,Y,2,0,1,1,A,-,01,23152,A,N,E,I,A,A,H,-,D,D,0,,,,,Y,Y,A,08,1,0,0,0,0,0,0,0,0,"- ","- ",34.250010000000003,-119.00247,VENTURA,UNINCORPORATED,-119.00253933,34.250080390000001
91073277,2019,2019-09-12,9770,2019-09-06,0630,017732,,5,1,4,5690,0,1,3,,2,082,"SR-118 W/B (RONALD REAGAN FREEWAY)","ERRINGER ROAD",1500.00,W,N,A,-,Y,,,,,,,,,,Y,2,0,3,1,A,-,01,23152,A,N,E,I,A,A,H,-,A,D,0,,,,,Y,Y,A,01,3,0,0,0,0,0,0,0,0,"- ","- ",34.282501220703125,-118.76664733886719,VENTURA,MOORPARK,-118.76641845703125,34.282421112060547
91773981,2022,2022-05-17,9770,2022-05-13,2020,020353,,5,2,6,5609,0,1,3,,2,082,"SR-118 W/B (RONALD REAGAN FREEWAY)","COCHRAN STREET",100.00,W,N,A,-,Y,VEN,,118,,R,29.938,H,,L,Y,2,0,1,1,A,-,08,22107,,N,E,I,A,A,H,-,C,D,0,,,Y,,Y,,C,02,1,0,0,0,0,0,0,0,1,"- ","- ",34.281379699707031,-118.67195892333984,VENTURA,"SIMI VALLEY",-118.67198944091797,34.281322479248047
8705132,2018,2018-10-09,5600,2018-09-06,2032,5388,9050,4,5,6,5607,0,0,0,,0,09B,"MONTGOMERY RD","WAVERLY HEIGHTS DR",0.00,,Y,A,-,N,,,,,,,,,,N,2,0,1,2,D,-,00,,,N,H,G,A,A,H,-,D,D,0,,Y,,,Y,,-,"- ",1,0,0,0,0,0,1,0,0,"- ","- ",,,VENTURA,"THOUSAND OAKS",-118.86347198486328,34.200160980224609
8939065,2018,2019-10-17,5604,2018-09-03,2330,5317,,1,5,6,5604,0,0,0,,0,021,"VICTORIA AV","WOOLEY RD",274.00,N,N,A,-,N,,,,,,,,,,Y,1,2,1,2,A,-,03,22350,,N,B,C,A,A,H,-,C,D,0,,,,,Y,,-,,1,0,0,0,0,0,0,0,0,"- ","- ",,,VENTURA,OXNARD,-119.22133636474609,34.191143035888672
6292388,2015,2017-04-25,9765,2015-03-26,2030,20880,,4,2,9,5600,0,1,3,,1,020,"RT 33","VILLANOVA RD",849.00,N,N,A,-,Y,VEN,7,33,-,-,11.080,H,-,N,Y,1,1,0,2,A,-,11,21954,A,N,G,B,D,A,H,-,D,D,0,Y,,,,Y,Y,N,60,0,0,0,1,0,0,0,0,0,"- ","- ",34.427750000000003,-119.28872,VENTURA,UNINCORPORATED,-119.28888075,34.428166300000001
6463921,2014,2014-07-16,9765,2014-04-02,0045,17483,,3,3,9,5600,0,3,5,,2,004,"GOODENOUGH RD","WADES RD",3960.00,N,N,B,-,N,,,,,,,,,,Y,2,0,1,1,A,-,01,23152,A,N,E,I,A,B,H,-,D,D,0,,,,,Y,Y,A,01,1,0,0,0,0,0,0,0,0,"- ","- ",34.445970000000003,-118.92198,VENTURA,UNINCORPORATED,-118.92223835,34.445671449999999
6466869,2014,2016-04-22,9765,2014-04-06,0220,020510,,7,3,6,5608,0,1,3,,2,030,"RT 126","VICTORIA AV",1267.00,E,N,A,-,Y,VEN,7,126,-,-,1.690,H,-,E,Y,2,0,2,1,A,-,08,22107,,N,E,I,A,A,H,-,D,D,1,,,,,Y,Y,A,01,1,0,1,0,0,0,0,0,0,"- ","- ",34.272820000000003,-119.20838000000001,VENTURA,VENTURA,-119.20944268,34.271825800000002
6481843,2014,2014-07-14,9765,2014-04-19,0134,20423,,6,3,9,5600,0,3,5,,2,002,"ALVARADO AV","EL CONEJO DR",64.00,N,N,A,-,N,,,,,,,,,,N,2,0,1,3,A,-,08,22107,,N,B,E,A,A,H,-,C,D,0,,Y,,,Y,Y,L,04,1,0,0,0,0,0,1,0,0,"- ","- ",34.454099999999997,-119.27811,VENTURA,UNINCORPORATED,-119.27814269,34.454076370000003
6494805,2014,2016-04-22,9770,2014-04-19,1251,19185,,6,1,9,5600,0,1,3,,1,043,"RT 126","CAVIN RD",62.00,E,N,A,-,Y,VEN,7,126,-,R,26.130,H,-,E,Y,2,0,1,3,A,-,09,21804,A,F,C,E,A,A,H,-,A,D,5,,,,Y,Y,,A,01,1,0,0,0,0,0,0,0,0,"- ","- ",34.397280000000002,-118.84945,VENTURA,UNINCORPORATED,-118.83277394,34.400804999999998
6497129,2014,2016-04-25,9765,2014-05-24,1108,017897,,6,1,9,5600,0,1,2,,1,102,"RT 101","MOBIL PIER",217.00,S,N,B,-,Y,VEN,7,101,-,R,39.740,H,-,N,Y,2,0,1,2,A,-,03,22350,,N,C,C,A,A,H,-,A,D,5,,,Y,,Y,,C,02,1,0,0,0,0,0,0,0,1,"- ","- ",34.505110000000002,-119.24299000000001,VENTURA,UNINCORPORATED,-119.42509852000001,34.350627770000003
6533847,2014,2016-04-19,9770,2014-05-30,1535,16383,,5,2,6,5607,0,1,2,,2,074,"RT 101","LAKEVIEW CANYON RD",1056.00,S,N,A,-,Y,VEN,7,101,-,-,0.050,H,-,N,Y,2,0,1,2,A,-,07,21658,A,F,B,C,A,A,H,-,A,D,1,,,Y,,Y,,A,01,1,0,0,0,0,0,0,0,0,"- ","- ",34.152740000000001,-118.81542,VENTURA,"THOUSAND OAKS",-118.81543846,34.152708830000002
6553183,2014,2014-08-21,5608,2014-07-06,1833,459,5608,7,5,6,5608,0,0,0,,0,004,"VICTORIA AV","VALENTINE RD",147.00,N,N,A,-,N,,,,,,,,,,Y,2,0,1,2,A,-,03,22350,,N,C,C,A,A,H,-,A,A,0,,,,,Y,,-,,1,0,0,0,0,0,0,0,0,"- ","- ",,,VENTURA,VENTURA,-119.21155761999999,34.25189872
6585786,2014,2016-06-18,9765,2014-07-26,1755,020585,,6,2,6,5608,0,1,2,,2,302,"RT 101","CHANNEL DR",182.00,S,N,A,-,Y,VEN,7,101,-,-,27.240,H,-,N,Y,2,0,1,1,A,-,08,22107,,N,E,I,A,A,H,-,A,D,1,,,Y,,Y,,C,02,1,0,0,0,0,0,0,0,1,"- ","- ",34.259700000000002,-119.25064,VENTURA,VENTURA,-119.25051358,34.259659130000003
6633066,2014,2014-09-29,5609,2014-09-11,0659,227,,4,5,6,5609,0,0,0,,0,003,"GALT ST","LOS ANGELES AV",200.00,S,N,A,-,N,,,,,,,,,,N,2,0,1,2,A,-,09,21804,A,N,C,G,A,A,H,-,A,D,0,,Y,,,Y,,L,04,1,0,0,0,0,0,1,0,0,"- ","- ",,,VENTURA,"SIMI VALLEY",-118.7658819,34.271251309999997
6661825,2014,2014-12-18,5608,2014-10-04,1240,439,,6,5,6,5608,0,0,0,,0,004,"RALSTON ST","SOUTH VICTORIA AV",100.00,E,N,A,-,N,,,,,,,,,,Y,2,0,1,1,D,-,00,,,N,E,J,A,A,H,-,A,D,0,,,,,Y,,-,"- ",1,0,0,0,0,0,0,0,0,"- ","- ",,,VENTURA,VENTURA,-119.21132381,34.26110362
6707057,2014,2015-01-08,5600,2014-11-05,1902,336X,9142,3,5,6,5607,0,0,0,,0,09D,"WESTLAKE BL","KANAN RD",0.00,,Y,A,-,N,,,,,,,,,,Y,2,0,3,3,A,-,08,22100,A,N,B,C,A,A,H,-,C,A,0,,,,,Y,,A,01,2,0,1,0,0,0,0,0,0,"- ","- ",,,VENTURA,"THOUSAND OAKS",-118.82287002,34.196820039999999
6772155,2014,2015-02-09,9765,2014-12-26,0700,020004,,5,1,9,5600,0,3,5,,2,004,"RIVERSIDE AV","SANTA PAULA ST",1056.00,E,N,A,-,N,,,,,,,,,,Y,2,0,2,1,A,-,08,22107,,N,E,I,A,A,H,-,B,D,0,,,,,Y,,A,01,1,1,0,0,0,0,0,0,0,"- ","- ",34.378819999999997,-118.93589,VENTURA,UNINCORPORATED,-118.93409502,34.37882201
6799335,2015,2015-02-19,5600,2015-01-21,1105,3292,9180,3,5,6,5607,0,0,0,,0,09D,"BRECKFORD CT","CREEKWOOD ST",293.00,W,N,A,-,N,,,,,,,,,,N,2,0,1,2,A,-,21,22106,,N,G,B,E,A,H,-,A,D,0,Y,,,,Y,,A,01,1,0,0,0,1,0,0,0,0,"- ","- ",,,VENTURA,"THOUSAND OAKS",-118.84058338,34.14791503
6845758,2015,2016-10-18,9765,2015-03-03,1405,013549,,2,2,6,5608,0,1,2,,1,104,"RT 101","ASH ST",510.00,S,N,A,-,Y,VEN,7,101,-,-,29.790,H,-,N,N,2,0,1,1,C,-,18,,,N,H,A,A,A,H,-,A,D,1,,,,,Y,,-,"- ",1,0,0,0,0,0,0,0,0,"- ","- ",34.27552,-119.28737,VENTURA,VENTURA,-119.28738164000001,34.275457750000001
6847637,2015,2015-05-08,5608,2015-03-09,0808,465,66,1,5,6,5608,0,0,0,,0,002,DONLON,"MARKET ST",0.00,,Y,A,-,N,,,,,,,,,,Y,2,0,1,3,A,-,12,21453,A,N,D,C,A,A,H,-,A,A,0,,,,,Y,,-,,1,0,0,0,0,0,0,0,0,"- ","- ",,,VENTURA,VENTURA,-119.23721999,34.257740099999999