CASE_ID,ACCIDENT_YEAR,PROC_DATE,JURIS,COLLISION_DATE,COLLISION_TIME,OFFICER_ID,REPORTING_DISTRICT,DAY_OF_WEEK,CHP_SHIFT,POPULATION,CNTY_CITY_LOC,SPECIAL_COND,BEAT_TYPE,CHP_BEAT_TYPE,CITY_DIVISION_LAPD,CHP_BEAT_CLASS,BEAT_NUMBER,PRIMARY_RD,SECONDARY_RD,DISTANCE,DIRECTION,INTERSECTION,WEATHER_1,WEATHER_2,STATE_HWY_IND,CALTRANS_COUNTY,CALTRANS_DISTRICT,STATE_ROUTE,ROUTE_SUFFIX,POSTMILE_PREFIX,POSTMILE,LOCATION_TYPE,RAMP_INTERSECTION,SIDE_OF_HWY,TOW_AWAY,COLLISION_SEVERITY,NUMBER_KILLED,NUMBER_INJURED,PARTY_COUNT,PRIMARY_COLL_FACTOR,PCF_CODE_OF_VIOL,PCF_VIOL_CATEGORY,PCF_VIOLATION,PCF_VIOL_SUBSECTION,HIT_AND_RUN,TYPE_OF_COLLISION,MVIW,PED_ACTION,ROAD_SURFACE,ROAD_COND_1,ROAD_COND_2,LIGHTING,CONTROL_DEVICE,CHP_ROAD_TYPE,PEDESTRIAN_ACCIDENT,BICYCLE_ACCIDENT,MOTORCYCLE_ACCIDENT,TRUCK_ACCIDENT,NOT_PRIVATE_PROPERTY,ALCOHOL_INVOLVED,STWD_VEHTYPE_AT_FAULT,CHP_VEHTYPE_AT_FAULT,COUNT_SEVERE_INJ,COUNT_VISIBLE_INJ,COUNT_COMPLAINT_PAIN,COUNT_PED_KILLED,COUNT_PED_INJURED,COUNT_BICYCLIST_KILLED,COUNT_BICYCLIST_INJURED,COUNT_MC_KILLED,COUNT_MC_INJURED,PRIMARY_RAMP,SECONDARY_RAMP,LATITUDE,LONGITUDE,COUNTY,CITY,POINT_X,POINT_Y
6898754,2015,2016-11-05,9765,2015-04-12,1100,20912,,7,1,9,5600,0,1,3,,1,062,"RT 1","YERBA BUENA RD",1584.00,N,N,A,-,Y,VEN,7,1,-,-,1.450,H,-,N,Y,2,0,1,1,A,-,08,22107,,N,F,A,A,A,H,-,A,D,0,,,Y,,Y,,C,02,1,0,0,0,0,0,0,0,1,"- ","- ",34.055950000000003,-118.96729000000001,VENTURA,UNINCORPORATED,-118.9671482,34.055775560000001
6938464,2015,2015-09-26,5608,2015-07-31,0641,435,,5,5,6,5608,0,0,0,,0,003,"TELEPHONE RD","HILL RD",0.00,,Y,A,-,N,,,,,,,,,,Y,2,0,1,1,C,-,18,,,N,E,I,A,A,H,-,A,D,0,,,,,Y,,-,"- ",1,0,0,0,0,0,0,0,0,"- ","- ",,,VENTURA,VENTURA,-119.20647002,34.266310019999999
6976712,2015,2015-07-21,5608,2015-06-13,1327,411,,6,5,6,5608,0,0,0,,0,001,"W MAIN ST","NORTH VENTURA AV",0.00,,Y,A,-,N,,,,,,,,,,N,2,0,1,2,A,-,09,21453,B,N,G,B,B,A,H,-,A,A,0,Y,,,,Y,,N,60,1,0,0,0,1,0,0,0,0,"- ","- ",,,VENTURA,VENTURA,-119.30075999,34.281070100000001
6984169,2015,2015-07-21,5600,2015-07-06,1612,5128,9025,1,5,6,5607,0,0,0,,0,09B,"AVENIDA DE LOS ARBOLES","WESTLAKE BL",0.00,,Y,A,-,N,,,,,,,,,,Y,2,0,2,2,A,-,08,22101,D,N,H,J,A,A,H,-,A,A,0,,,,,Y,,A,01,1,1,0,0,0,0,0,0,0,"- ","- ",,,VENTURA,"THOUSAND OAKS",-118.82313013,34.214320110000003
6990068,2015,2015-07-30,5609,2015-06-28,1614,388,,7,5,6,5609,0,0,0,,0,006,"KUEHNER DR","CHARING ST",22.00,S,N,A,-,N,,,,,,,,,,Y,2,0,1,2,A,-,17,21209,A,N,B,C,A,A,H,-,A,D,0,,,Y,,Y,,C,02,1,0,0,0,0,0,0,0,1,"- ","- ",,,VENTURA,"SIMI VALLEY",-118.66204832,34.269819660000003
7006133,2015,2015-09-16,5600,2015-08-24,0905,4045,9000,1,5,6,5607,0,0,0,,0,9A01,"AVENIDA DE LOS ARBOLES","LA PALOMA CIR",21.00,E,N,A,-,N,,,,,,,,,,Y,1,1,0,2,A,-,11,21954,A,N,G,B,D,A,H,-,A,D,0,Y,,,,Y,,N,60,0,0,0,1,0,0,0,0,0,"- ","- ",,,VENTURA,"THOUSAND OAKS",-118.89024113000001,34.216236889999998
7035571,2015,2015-09-01,5609,2015-07-19,0918,362,,7,5,6,5609,0,0,0,,0,005,"TAPO ST","PRESIDIO ST",0.00,,Y,A,-,N,,,,,,,,,,N,2,0,1,1,A,-,03,22350,,N,C,G,A,A,H,-,A,D,0,,Y,,,Y,,L,04,1,0,0,0,0,0,1,0,0,"- ","- ",,,VENTURA,"SIMI VALLEY",-118.70893011,34.300710000000002
7043796,2015,2015-09-11,9770,2015-08-15,2200,020721,,6,3,9,5600,0,2,4,,1,086,"TIERRA REJADA RD","ESPERANCE DR",1566.00,E,N,A,-,N,,,,,,,,,,Y,2,0,6,3,A,-,01,23152,A,N,A,C,A,A,H,-,D,D,0,,,,,Y,Y,A,01,1,4,1,0,0,0,0,0,0,"- ","- ",,,VENTURA,UNINCORPORATED,-118.82626981,34.271350269999999
7050074,2015,2015-12-30,5600,2015-08-20,1136,4483,9132,4,5,6,5607,0,0,0,,0,09C,"LYNN RD","VENTU PARK RD",414.00,E,N,A,-,N,,,,,,,,,,N,2,0,1,2,A,-,11,21954,A,N,G,B,D,A,D,-,A,A,0,Y,,,,Y,,N,60,1,0,0,0,1,0,0,0,0,"- ","- ",,,VENTURA,"THOUSAND OAKS",-118.90981794,34.176681219999999
7121065,2015,2016-08-09,5608,2015-11-12,0905,464,,4,5,6,5608,0,0,0,,0,003,"DALTON ST","MCKINLEY DR",0.00,,Y,A,-,N,,,,,,,,,,N,2,0,1,2,A,-,12,22450,A,N,D,G,A,A,H,-,A,D,0,,Y,,,Y,,L,04,1,0,0,0,0,0,1,0,0,"- ","- ",,,VENTURA,VENTURA,-119.25915988,34.278000040000002
7135265,2015,2016-01-09,5600,2015-11-16,0202,2110,9032,1,5,6,5607,0,0,0,,0,09A,"AVENIDA DE LOS ARBOLES","CALLE BOUGANVILLA",240.00,W,N,A,-,N,,,,,,,,,,Y,2,0,1,4,A,-,08,22107,,N,B,E,A,A,H,-,C,D,0,,,Y,,Y,Y,C,02,1,0,0,0,0,0,0,0,1,"- ","- ",,,VENTURA,"THOUSAND OAKS",-118.85406266,34.213063679999998
8059032,2016,2016-06-15,5609,2016-05-11,2238,437,,3,5,6,5609,0,0,0,,0,003,"ERRINGER RD","ELIZONDO ST",23.00,S,N,A,-,N,,,,,,,,,,N,2,0,1,2,A,-,10,21954,B,N,G,B,D,A,H,-,C,D,0,Y,,,,Y,,A,01,1,0,0,0,1,0,0,0,0,"- ","- ",34.265689999999999,-118.76134999999999,VENTURA,"SIMI VALLEY",-118.76140820000001,34.265636909999998
8060384,2016,2016-06-14,5600,2016-06-05,1252,2740,9050,7,5,6,5607,0,0,0,,0,09B,"JANSS RD","MONTGOMERY RD",0.00,,Y,A,-,N,,,,,,,,,,Y,2,0,3,2,A,-,09,21801,A,N,H,C,A,A,H,-,A,A,0,,,,,Y,,A,01,1,2,0,0,0,0,0,0,0,"- ","- ",,,VENTURA,"THOUSAND OAKS",-118.86403009999999,34.19944005
8063162,2016,2016-09-28,5600,2016-09-16,2217,4615,8221,5,5,5,5601,0,0,0,,0,08D,"SANTA ROSA RD","ADOLFO RD",0.00,,Y,A,-,N,,,,,,,,,,Y,2,0,3,3,A,-,12,21453,A,N,D,C,A,A,H,-,C,A,0,,,,,Y,,A,01,2,1,0,0,0,0,0,0,0,"- ","- ",34.218350000000001,-119.00503999999999,VENTURA,CAMARILLO,-119.00515011,34.218280049999997
8137343,2016,2016-10-10,5600,2016-09-05,1854,1929,9116,1,5,6,5607,0,0,0,,0,09C,"LYNN RD","BOXTHORN AV",0.00,,Y,A,-,N,,,,,,,,,,Y,2,0,2,2,A,-,01,23152,A,N,G,B,F,A,H,-,C,D,0,Y,,Y,,Y,Y,C,02,1,0,1,0,1,0,0,0,1,"- ","- ",,,VENTURA,"THOUSAND OAKS",-118.95277950000001,34.161759000000004
81381801,2020,2021-01-06,5609,2020-04-03,0954,452,613,5,5,6,5609,0,0,0,,0,006,"ONA CIR","MILDRED ST",89.00,S,N,A,-,N,,,,,,,,,,Y,2,0,1,2,C,-,18,,,N,H,B,E,A,H,-,A,D,0,Y,,,,Y,,-,"- ",1,0,0,0,1,0,0,0,0,"- ","- ",34.267631530761719,-118.68846130371094,VENTURA,"SIMI VALLEY",-118.68865203857422,34.268154144287109
81381955,2020,2021-01-06,5609,2020-06-28,1940,496,,7,5,6,5609,0,0,0,,0,002,"MADERA RD","ROYAL AVE",54.00,N,N,A,-,N,,,,,,,,,,Y,2,0,1,2,A,-,09,21453,B,N,E,I,A,A,H,-,B,A,0,,,Y,,Y,,A,01,1,0,0,0,0,0,0,0,1,"- ","- ",34.264419555664062,-118.79635620117188,VENTURA,"SIMI VALLEY",-118.79640197753906,34.264568328857422
81392974,2021,2021-01-25,5609,2021-01-19,1735,435,,2,5,6,5609,0,0,0,,0,,"COCHRAN ST","MARVEL AVE",168.00,E,N,A,G,N,,,,,,,,,,N,2,0,1,2,A,-,09,21801,A,N,D,C,A,A,H,-,C,D,0,,,Y,,Y,,C,02,1,0,0,0,0,0,0,0,1,"- ","- ",34.278690338134766,-118.76290130615234,VENTURA,"SIMI VALLEY",-118.7625732421875,34.279029846191406
8141380,2016,2016-10-11,5600,2016-09-23,1513,3927,8212,5,5,5,5601,0,0,0,,0,08D,"SANTA ROSA RD","OAK CANYON RD",24.00,N,N,A,-,N,,,,,,,,,,Y,2,0,1,1,A,-,03,22350,,N,E,I,A,A,D,-,A,A,0,,,,,Y,,A,01,1,0,0,0,0,0,0,0,0,"- ","- ",34.22701,-118.98662,VENTURA,CAMARILLO,-118.98679009,34.227111069999999
81477134,2021,2021-05-19,5609,2021-03-18,0749,452,217,4,5,6,5609,0,0,0,,0,002,"LONG CANYON RD","TWISTED OAK DR",528.00,E,N,A,-,N,,,,,,,,,,Y,2,0,2,1,A,-,08,22107,,N,E,I,A,A,H,-,A,D,0,,,,,Y,,A,01,1,1,0,0,0,0,0,0,0,"- ","- ",34.229671478271484,-118.79842376708984,VENTURA,"SIMI VALLEY",-118.79662322998047,34.230010986328125
81641634,2021,2021-12-03,5600,2021-11-30,0136,5261,8021,2,5,5,5601,0,0,0,,0,8B01,"LAS POSAS RD","CARMEN DR",764.00,E,N,A,-,N,,,,,,,,,,Y,2,0,1,1,A,-,01,23152,A,N,E,I,A,A,H,-,C,D,0,,,,,Y,,A,01,1,0,0,0,0,0,0,0,0,"- ","- ",34.233551025390625,-119.05146789550781,VENTURA,CAMARILLO,-119.04911041259766,34.234073638916016
81672277,2021,2022-01-06,5609,2021-06-23,1005,499,,3,5,6,5609,0,0,0,,0,004,"LOS ANGELES AVE","DARRAH AVE",186.00,W,N,A,-,N,,,,,,,,,,N,2,0,1,2,A,-,03,22350,,N,C,G,A,A,H,-,A,D,0,,Y,,Y,Y,,L,04,1,0,0,0,0,0,1,0,0,"- ","- ",34.271648406982422,-118.72280120849609,VENTURA,"SIMI VALLEY",-118.72336578369141,34.271678924560547
81677998,2021,2022-01-14,5600,2021-12-12,2100,5055,8067,7,5,5,5601,0,0,0,,0,8A01,"PLEASANT VALLEY RD","LAS POSAS RD",3897.00,E,N,A,-,N,,,,,,,,,,Y,2,0,1,1,A,-,01,23152,A,N,E,I,A,A,H,-,C,D,0,,,,,Y,Y,D,22,1,0,0,0,0,0,0,0,0,"- ","- ",34.205448150634766,-119.05677032470703,VENTURA,CAMARILLO,-119.05680847167969,34.205524444580078
81706467,2022,2022-02-23,5600,2022-02-17,0712,5269,9104,4,5,6,5607,0,0,0,,0,9C01,"BORCHARD RD","CABRILLO AVE",0.00,,Y,A,-,N,,,,,,,,,,N,2,0,1,2,A,-,09,21804,B,N,D,G,A,A,H,-,A,D,0,,Y,,,Y,,L,04,1,0,0,0,0,0,1,0,0,"- ","- ",,,VENTURA,"THOUSAND OAKS",-118.95539855957031,34.179031372070312
8179610,2016,2017-01-12,5608,2016-11-23,1707,490,,3,5,6,5608,0,0,0,,0,002,"THOMPSON BL","FRANCES ST",0.00,,Y,A,-,N,,,,,,,,,,Y,2,0,1,2,A,-,09,21801,A,F,D,C,A,A,H,-,A,D,0,,,Y,,Y,,A,01,1,0,0,0,0,0,0,0,1,"- ","- ",,,VENTURA,VENTURA,-119.25858993999999,34.272030049999998
81871694,2022,2022-09-23,5600,2022-04-24,0521,4637,,7,5,4,5690,0,0,0,,0,2A01,"POINDEXTER AV","CORNETT AV",558.00,W,N,A,-,N,,,,,,,,,,Y,1,1,0,1,A,-,01,23152,A,N,E,I,A,A,H,-,B,A,0,,,,,Y,Y,A,01,0,0,0,0,0,0,0,0,0,"- ","- ",34.284168243408203,-118.88410949707031,VENTURA,MOORPARK,-118.88582611083984,34.284461975097656
81874073,2022,2022-09-27,5600,2022-09-05,1432,4221,9100,1,5,6,5607,0,0,0,,0,9B01,"MOORPARK RD","BRAZIL ST",215.00,N,N,A,-,N,,,,,,,,,,Y,2,0,2,2,A,-,05,21650,1,N,A,G,A,A,H,-,A,D,0,,Y,,,Y,,L,04,1,1,0,0,0,0,1,0,0,"- ","- ",34.184089660644531,-118.87544250488281,VENTURA,"THOUSAND OAKS",-118.87541198730469,34.184661865234375
81878432,2022,2022-09-30,5600,2022-08-09,0810,2994,5106,2,5,4,5690,0,0,0,,0,2A01,"WALNUT CANYON RD","WICKS RD",33.00,S,N,A,-,Y,VEN,,23,,,13.569,H,,R,Y,2,0,1,1,C,-,18,,,N,E,I,A,A,H,-,A,A,0,,,,,Y,,-,"- ",1,0,0,0,0,0,0,0,0,"- ","- ",34.287929534912109,-118.88332366943359,VENTURA,MOORPARK,-118.88330841064453,34.287940979003906
81922109,2022,2022-11-21,5600,2022-11-01,1202,4501,8113,2,5,5,5601,0,0,0,,0,8A01,"DAILY DR","MOBIL AV",439.00,E,N,A,-,N,,,,,,,,,,Y,2,0,1,4,A,-,08,22107,,N,B,E,A,A,H,-,A,D,0,,,,,Y,,A,01,1,0,0,0,0,0,0,0,0,"- ","- ",34.217628479003906,-119.04297637939453,VENTURA,CAMARILLO,-119.04154205322266,34.217693328857422
81926742,2022,2022-11-28,5600,2022-08-20,1114,4615,,6,5,5,5601,0,0,0,,0,,"SANTA ROSA RD","WOODCREEK RD",0.00,,Y,A,-,N,,,,,,,,,,N,2,0,2,2,A,-,12,21453,A,N,H,C,A,A,H,-,A,A,0,,,Y,,Y,,C,02,1,1,0,0,0,0,0,0,1,"- ","- ",34.223720550537109,-118.99436950683594,VENTURA,CAMARILLO,-118.99435424804688,34.223823547363281
81962625,2022,2023-01-09,5600,2022-12-23,1659,5011,9154,5,5,6,5607,0,0,0,,0,9G01,"THOUSAND OAKS BL","OAK VIEW DR",191.00,W,N,A,-,N,,,,,,,,,,Y,2,0,2,2,A,-,01,23153,A,N,D,C,A,A,H,-,B,D,0,,,Y,,Y,Y,A,01,1,1,0,0,0,0,0,0,1,"- ","- ",34.173439025878906,-118.84178924560547,VENTURA,"THOUSAND OAKS",-118.84226989746094,34.173751831054688
82038099,2023,2023-04-06,5600,2023-03-30,1620,4878,5102,4,5,4,5690,0,0,0,,0,2A01,"LOS ANGELES AV","MIRA SOL DR",139.00,E,N,B,-,Y,VEN,,118," "," ",16.321,H,,L,Y,2,0,1,1,A,-,08,22107,,N,E,I,A,A,H,-,A,A,0,,,,,Y,,D,22,1,0,0,0,0,0,0,0,0,"- ","- ",34.278919219970703,-118.90379333496094,VENTURA,MOORPARK,-118.90379333496094,34.278945922851562
82049065,2023,2023-04-20,5609,2023-04-17,1345,443,,1,5,6,5609,0,0,0,,0,003,"ROYAL AVE","SYCAMORE DR",0.00,,Y,A,-,N,,,,,,,,,,Y,2,0,4,2,A,-,09,21801,A,N,D,C,A,A,H,-,A,A,0,,,,,Y,,A,01,1,2,1,0,0,0,0,0,0,"- ","- ",34.260768890380859,-118.747802734375,VENTURA,"SIMI VALLEY",-118.74777984619141,34.260848999023438
82057182,2023,2023-05-01,5609,2023-04-20,1347,443,,4,5,6,5609,0,0,0,,0,004,"LOS ANGELES AVE","CHURCH ST",0.00,,Y,A,-,N,,,,,,,,,,Y,2,0,2,3,A,-,09,21801,A,N,D,C,A,A,H,-,A,A,0,,,,,Y,,D,22,1,1,0,0,0,0,0,0,0,"- ","- ",34.271728515625,-118.73655700683594,VENTURA,"SIMI VALLEY",-118.73651885986328,34.271694183349609
82088727,2023,2023-06-08,5609,2023-05-30,2349,5023,,2,5,6,5609,0,0,0,,0,002,"ROYAL AVE","EL MONTE DR",409.00,E,N,B,-,N,,,,,,,,,,N,2,0,1,2,A,-,11,21950,B,N,G,B,D,A,H,-,C,D,0,Y,,,,Y,,N,60,1,0,0,0,1,0,0,0,0,"- ","- ",34.264350891113281,-118.78520202636719,VENTURA,"SIMI VALLEY",-118.78377532958984,34.264430999755859
82102742,2023,2023-06-27,5600,2023-06-13,2351,5444,9144,2,5,6,5607,0,0,0,,0,9D01,"PEACOCK CT","WESTLAKE BL",127.00,W,N,-,-,N,,,,,,,,,,Y,2,0,1,1,A,-,01,23152,A,N,F,I,A,A,H,-,C,A,0,,,,,Y,Y,A,01,1,0,0,0,0,0,0,0,0,"- ","- ",34.196781158447266,-118.82293701171875,VENTURA,"THOUSAND OAKS",-118.82337188720703,34.196609497070312
82114563,2023,2023-07-12,5609,2023-07-04,1117,5058,,2,5,6,5609,0,0,0,,0,002,"MADERA RD","LIGHT POLE SV01479",50.00,S,N,A,-,N,,,,,,,,,,Y,2,0,2,3,A,-,04,21703,,N,C,C,A,A,H,-,A,D,0,,,Y,,Y,,C,02,1,1,0,0,0,0,0,0,2,"- ","- ",,,VENTURA,"SIMI VALLEY",,
82127164,2023,2023-07-27,5600,2023-07-16,2233,2913,8250,7,5,5,5601,0,0,0,,0,8C01,"MIKE LOZA DR","PARK WEST DR",0.00,,Y,A,-,N,,,,,,,,,,N,2,0,1,1,A,-,01,23152,A,N,E,I,A,A,H,-,C,D,0,,,Y,,Y,Y,C,02,1,0,0,0,0,0,0,0,1,"- ","- ",,,VENTURA,CAMARILLO,,
82176710,2023,2024-03-28,5600,2023-06-17,"640 ",4550,,6,5,6,5607,0,0,0,,0,9D01,"WESTLAKE BL (SR-23)","POTRERO ROAD",440.00,S,N,A,-,Y,,,,,,,,,,Y,1,1,0,1,A,-,08,22107,,N,E,I,A,A,H,-,A,D,0,,,,,Y,,A,01,0,0,0,0,0,0,0,0,0,"- ","- ",,,VENTURA,"THOUSAND OAKS",-118.85019683837891,34.141597747802734
82206795,2023,2023-10-24,5600,2023-10-20,1305,5011,9016,5,5,6,5607,0,0,0,,0,9A01,"OLSEN RD","MORNING STAR AV",0.00,,Y,A,-,N,,,,,,,,,,Y,2,0,1,1,A,-,08,22107,,N,E,I,A,A,H,-,A,D,0,,,,,Y,,A,01,1,0,0,0,0,0,0,0,0,"- ","- ",34.224338531494141,-118.88471221923828,VENTURA,"THOUSAND OAKS",-118.88460540771484,34.224208831787109
82231706,2023,2023-11-27,5609,2023-10-29,"811 ",5023,,7,5,6,5609,0,0,0,,0,003,"ROYAL AVE","ERRINGER RD",0.00,,Y,A,-,N,,,,,,,,,,Y,2,0,3,2,A,-,12,21453,A,N,D,C,A,A,H,-,A,A,0,,,,,Y,,A,01,2,1,0,0,0,0,0,0,0,"- ","- ",34.263328552246094,-118.76127624511719,VENTURA,"SIMI VALLEY",-118.76138305664062,34.263637542724609
82269916,2023,2023-12-25,5609,2023-12-20,2011,5033,510,3,5,6,5609,0,0,0,,0,005,UNKNOWN,"NOT STATED",0.00,,-,B,C,N,,,,,,,,,,N,2,0,1,2,A,-,11,21954,A,F,G,B,E,B,H,-,C,A,0,Y,,,,Y,,N,60,1,0,0,0,1,0,0,0,0,"- ","- ",34.278438568115234,-118.72338104248047,VENTURA,"SIMI VALLEY",,
82270278,2023,2024-02-19,5600,2023-09-30,"303 ",5150,9180,6,5,6,5607,0,0,0,,0,9D01,"WESTLAKE BL","POTRERO RD",2906.00,S,N,A,-,Y,VEN,,23," ",T,1.491,H,,R,Y,1,1,0,1,D,-,00,,,N,E,I,A,A,H,-,D,D,0,,,,,Y,,-,"- ",0,0,0,0,0,0,0,0,0,"- ","- ",34.142871856689453,-118.84983062744141,VENTURA,"THOUSAND OAKS",-118.849609375,34.142723083496094
82298554,2023,2024-02-21,5600,2023-10-15,"948 ",4045,,7,5,6,5607,0,0,0,,0,9C01,"KIMBER DR","BAXTER ST",194.00,E,N,A,-,N,,,,,,,,,,Y,1,1,0,3,A,-,07,21658,A,N,G,B,E,A,H,-,A,D,0,Y,,,,Y,Y,A,01,0,0,0,1,0,0,0,0,0,"- ","- ",34.173660278320312,-118.94969940185547,VENTURA,"THOUSAND OAKS",-118.94921875,34.174072265625
82301563,2023,2024-01-31,5608,2023-09-30,1521,549,,6,5,6,5608,0,0,0,,0,002,"HARBOR BLVD","SCHOONER DR",0.00,,Y,A,-,N,,,,,,,,,,Y,2,0,1,3,A,-,03,22350,,N,C,C,A,A,H,-,A,A,0,,,,,Y,,A,01,1,0,0,0,0,0,0,0,0,"- ","- ",,,VENTURA,VENTURA,-119.25800323486328,34.24908447265625
82340956,2023,2024-03-18,5608,2023-10-12,"809 ",496,,4,5,6,5608,0,0,0,,0,003,"LOMA VISTA RD","TELOMA DR.",160.00,W,N,A,-,N,,,,,,,,,,Y,2,0,1,3,A,-,21,22106,,N,C,C,A,A,H,-,A,D,0,,,Y,,Y,,D,22,1,0,0,0,0,0,0,0,1,"- ","- ",,,VENTURA,VENTURA,-119.22510528564453,34.280376434326172
82344728,2023,2024-03-22,5608,2023-10-21,1240,423,,6,5,6,5608,0,0,0,,0,003,"TELEGRAPH RD","CAMBRIA AVE",0.00,,Y,A,-,N,,,,,,,,,,Y,2,0,2,2,A,-,00,21082,A,N,D,C,A,A,H,-,A,D,0,,,Y,,Y,,A,07,1,1,0,0,0,0,0,0,1,"- ","- ",34.265228271484375,-119.22975921630859,VENTURA,VENTURA,-119.17985534667969,34.283935546875
82344730,2024,2024-03-22,5608,2024-01-03,2206,533,,3,5,6,5608,0,0,0,,0,002,"HARBOR BOULEVARD","SCHOONER DRIVE",1056.00,N,N,A,-,N,,,,,,,,,,N,1,1,0,2,A,-,03,22350,,F,G,B,D,A,H,-,C,D,0,Y,,,,Y,Y,A,01,0,0,0,1,0,0,0,0,0,"- ","- ",,,VENTURA,VENTURA,-119.25877380371094,34.251914978027344
8326264,2017,2017-03-22,5600,2017-02-15,1915,2740,9050,3,5,6,5607,0,0,0,,0,09B,"MOORPARK RD","COLUMBIA RD",15.00,N,N,A,-,N,,,,,,,,,,Y,2,0,1,2,A,-,11,21461,5,N,G,B,D,A,H,-,C,A,0,Y,,,,Y,Y,N,60,1,0,0,0,1,0,0,0,0,"- ","- ",,,VENTURA,"THOUSAND OAKS",-118.86836,34.202261159999999
8387331,2017,2018-04-16,5600,2017-06-08,1445,5032,1002,4,5,2,5603,0,0,0,,0,1A01,"NORTH VENTURA AV","MARICOPA HWY",247.00,S,N,A,-,Y,VEN,7,150,-,-,16.052,H,-,W,Y,2,0,1,2,A,-,09,21801,A,N,A,D,A,A,H,-,A,D,0,,,Y,,Y,,-,,1,0,0,0,0,0,0,0,1,"- ","- ",,,VENTURA,OJAI,-119.26382895,34.435050709999999
8401134,2016,2018-05-03,5604,2016-11-14,1900,5005,,1,5,6,5604,0,0,0,,0,024,"BAY BL","VENTURA RD",0.00,,Y,A,-,N,,,,,,,,,,Y,2,0,2,4,A,-,01,23153,A,N,D,C,A,A,H,-,C,A,0,,,,,Y,Y,A,08,1,0,1,0,0,0,0,0,0,"- ","- ",34.178229999999999,-119.19497,VENTURA,OXNARD,-119.1950901,34.178230110000001
8401340,2016,2018-05-03,5604,2016-09-13,1654,5018,,2,5,6,5604,0,0,0,,0,023,"OXNARD BL","4TH ST",0.00,,Y,A,-,N,,,1,,,,,,,N,2,0,1,2,A,-,05,21650,1,N,D,G,A,A,H,-,A,A,0,,Y,,,Y,,L,04,1,0,0,0,0,0,1,0,0,"- ","- ",34.198970000000003,-119.17735,VENTURA,OXNARD,-119.17732476,34.198969640000001
8408300,2017,2017-07-25,5609,2017-06-12,1458,389,,1,5,6,5609,0,0,0,,0,002,"LONG BRANCH RD","SINALOA RD",319.00,W,N,A,-,N,,,,,,,,,,N,2,0,1,2,A,-,09,21804,A,N,H,G,A,A,H,-,A,D,0,,Y,,,Y,,L,04,1,0,0,0,0,0,1,0,0,"- ","- ",,,VENTURA,"SIMI VALLEY",-118.78867394,34.24394727
8420929,2017,2018-04-24,5600,2017-04-23,2000,4531,5102,7,5,4,5690,0,0,0,,0,02A,"RT 23","CHAMPIONSHIP DR",1056.00,N,N,A,-,Y,VEN,7,23,-,-,14.980,H,-,S,Y,2,0,2,2,A,-,01,23152,A,N,A,C,A,A,H,-,D,D,0,,,,,Y,Y,A,01,1,0,1,0,0,0,0,0,0,"- ","- ",,,VENTURA,MOORPARK,-118.87944118999999,34.307034549999997
8424146,2017,2017-08-24,5608,2017-07-22,0612,448,,6,5,6,5608,0,0,0,,0,004,JOHNSON,BRISTOL,0.00,,Y,A,-,N,,,,,,,,,,Y,2,0,1,1,A,-,01,23152,A,N,E,I,A,A,H,-,B,A,0,,,,,Y,Y,-,,1,0,0,0,0,0,0,0,0,"- ","- ",,,VENTURA,VENTURA,-119.19761006,34.254600009999997
8430035,2017,2017-08-18,5608,2017-08-03,1846,322,,4,5,6,5608,0,0,0,,0,001,"FIGUEROA ST","HARBOR BL",0.00,,Y,A,-,N,,,,,,,,,,N,2,0,1,2,A,-,08,22101,D,N,D,G,A,A,H,-,A,A,0,,Y,,,Y,Y,-,"- ",1,0,0,0,0,0,1,0,0,"- ","- ",,,VENTURA,VENTURA,-119.29769997,34.276890039999998
8434375,2017,2018-06-12,5600,2017-07-13,1600,4771,8153,4,5,5,5601,0,0,0,,0,8B01,"PLEASANT VALLEY RD","5TH ST",57.00,E,N,A,-,Y,VEN,7,34,-,-,12.463,I,5,E,Y,2,0,1,2,A,-,09,21802,A,N,A,C,A,A,H,-,A,A,0,,,,,Y,,A,01,1,0,0,0,0,0,0,0,0,"- ","- ",34.205449999999999,-119.0407,VENTURA,CAMARILLO,-119.04075133000001,34.20541583
84380474,2024,2024-09-04,5600,2024-08-29,1618,5629,,4,5,6,5607,0,0,0,,0,9H01,"HILLCREST DR","LYNN RD",150.00,W,N,A,-,N,,,,,,,,,,Y,2,0,1,3,A,-,21,22106,,N,C,C,A,A,H,-,A,A,0,,,Y,,Y,,A,07,1,0,0,0,0,0,0,0,1,"- ","- ",34.182750701904297,-118.89601135253906,VENTURA,"THOUSAND OAKS",-118.89260864257812,34.185462951660156
8438069,2017,2017-08-28,5609,2017-08-06,1530,435,,7,5,6,5609,0,0,0,,0,,"ROYAL AV","ERRINGER RD",135.00,W,N,A,-,N,,,,,,,,,,N,2,0,1,2,A,-,09,21801,A,N,D,C,A,A,H,-,A,D,0,,,Y,,Y,,A,01,1,0,0,0,0,0,0,0,1,"- ","- ",34.263649999999998,-118.76137,VENTURA,"SIMI VALLEY",-118.76177702,34.263808939999997
84408550,2024,2024-09-26,5600,2024-09-05,1147,4704,,4,5,5,5601,0,0,0,,0,8A01,"PLEASANT VALLEY RD","LAS POSAS RD",124.00,E,N,A,-,N,,,,,,,,,,N,2,0,2,2,A,-,01,23153,A,N,A,C,A,A,H,-,A,D,0,,,,,Y,Y,A,01,1,1,0,0,0,0,0,0,0,"- ","- ",34.205440521240234,-119.03460693359375,VENTURA,CAMARILLO,-119.06926727294922,34.205589294433594
84425624,2024,2024-10-10,5600,2024-09-26,1733,5244,,4,5,6,5607,0,0,0,,0,9B01,"BRAZIL ST","PENNSFIELD PL",199.00,E,N,A,-,N,,,,,,,,,,N,2,0,1,2,A,-,05,21650,1,N,D,G,A,A,H,-,A,D,0,,Y,,,Y,,L,04,1,0,0,0,0,0,1,0,0,"- ","- ",34.183929443359375,-118.87429809570312,VENTURA,"THOUSAND OAKS",-118.87358093261719,34.183834075927734