CASE_ID,ACCIDENT_YEAR,PROC_DATE,JURIS,COLLISION_DATE,COLLISION_TIME,OFFICER_ID,REPORTING_DISTRICT,DAY_OF_WEEK,CHP_SHIFT,POPULATION,CNTY_CITY_LOC,SPECIAL_COND,BEAT_TYPE,CHP_BEAT_TYPE,CITY_DIVISION_LAPD,CHP_BEAT_CLASS,BEAT_NUMBER,PRIMARY_RD,SECONDARY_RD,DISTANCE,DIRECTION,INTERSECTION,WEATHER_1,WEATHER_2,STATE_HWY_IND,CALTRANS_COUNTY,CALTRANS_DISTRICT,STATE_ROUTE,ROUTE_SUFFIX,POSTMILE_PREFIX,POSTMILE,LOCATION_TYPE,RAMP_INTERSECTION,SIDE_OF_HWY,TOW_AWAY,COLLISION_SEVERITY,NUMBER_KILLED,NUMBER_INJURED,PARTY_COUNT,PRIMARY_COLL_FACTOR,PCF_CODE_OF_VIOL,PCF_VIOL_CATEGORY,PCF_VIOLATION,PCF_VIOL_SUBSECTION,HIT_AND_RUN,TYPE_OF_COLLISION,MVIW,PED_ACTION,ROAD_SURFACE,ROAD_COND_1,ROAD_COND_2,LIGHTING,CONTROL_DEVICE,CHP_ROAD_TYPE,PEDESTRIAN_ACCIDENT,BICYCLE_ACCIDENT,MOTORCYCLE_ACCIDENT,TRUCK_ACCIDENT,NOT_PRIVATE_PROPERTY,ALCOHOL_INVOLVED,STWD_VEHTYPE_AT_FAULT,CHP_VEHTYPE_AT_FAULT,COUNT_SEVERE_INJ,COUNT_VISIBLE_INJ,COUNT_COMPLAINT_PAIN,COUNT_PED_KILLED,COUNT_PED_INJURED,COUNT_BICYCLIST_KILLED,COUNT_BICYCLIST_INJURED,COUNT_MC_KILLED,COUNT_MC_INJURED,PRIMARY_RAMP,SECONDARY_RAMP,LATITUDE,LONGITUDE,COUNTY,CITY,POINT_X,POINT_Y
84441411,2024,2024-10-23,5609,2024-09-22,"38  ",5021,,7,5,6,5609,0,0,0,,0,003,"SYCAMORE DR","LOS ANGELES AVE",31.00,S,N,A,-,N,,,,,,,,,,Y,2,0,2,1,A,-,01,23153,B,N,E,I,A,A,H,-,C,D,0,,,,,Y,Y,A,01,1,1,0,0,0,0,0,0,0,"- ","- ",34.271240234375,-118.74360656738281,VENTURA,"SIMI VALLEY",-118.74378204345703,34.271564483642578
84515996,2024,2024-12-25,5608,2024-12-01,1721,437,,7,5,6,5608,0,0,0,,0,003,"FOOTHILL ROAD","COLINA VISTA",106.00,E,Y,B,-,N,,,,,,,,,,Y,2,0,1,1,A,-,03,22350,,N,E,I,A,A,C,E,C,D,0,,Y,,,Y,,L,04,1,0,0,0,0,0,1,0,0,"- ","- ",,,VENTURA,VENTURA,-119.203857421875,34.287593841552734
84522378,2024,2025-01-01,5609,2024-12-19,1702,447,,4,5,6,5609,0,0,0,,0,003,"ROYAL AVE","RINCON ST",148.00,E,N,A,-,N,,,,,,,,,,N,2,0,1,2,A,-,09,21804,A,N,D,G,A,A,H,-,B,D,0,,Y,,,Y,,L,04,1,0,0,0,0,0,1,0,0,"- ","- ",34.260761260986328,-118.74674224853516,VENTURA,"SIMI VALLEY",-118.74623107910156,34.260841369628906
84529210,2024,2025-01-08,5609,2024-10-19,1606,5014,,6,5,6,5609,0,0,0,,0,,"ROYAL AVE","ARCANE ST",154.00,W,N,A,-,N,,,,,,,,,,N,2,0,1,1,A,-,08,22107,,N,E,J,A,A,B,-,A,D,0,,,Y,,Y,,C,02,1,0,0,0,0,0,0,0,1,"- ","- ",34.260509490966797,-118.7569580078125,VENTURA,"SIMI VALLEY",-118.75749969482422,34.260971069335938
84587460,2025,2025-02-24,5600,2025-02-12,1752,5612,,3,5,3,5602,0,0,0,,0,6B01,"TELEGRAPH RD","EL DORADO DR",0.00,,Y,C,-,Y,VEN,,126," "," ",22.270,H,,R,Y,2,0,4,3,A,-,09,21802,A,N,D,C,A,B,H,-,C,D,0,,,,,Y,,A,01,1,0,3,0,0,0,0,0,0,"- ","- ",34.398548126220703,-118.89865875244141,VENTURA,FILLMORE,-118.89865875244141,34.398551940917969
8493565,2017,2017-12-08,5600,2017-11-03,0632,2110,9154,5,5,6,5607,0,0,0,,0,09G,"HAMPSHIRE RD","ROYAL OAKS DR",99.00,N,N,B,-,N,,,,,,,,,,Y,2,0,1,2,A,-,08,22107,,N,E,I,A,B,H,-,C,D,0,,,,,Y,,A,01,1,0,0,0,0,0,0,0,0,"- ","- ",,,VENTURA,"THOUSAND OAKS",-118.8371405,34.167379410000002
8498971,2017,2017-12-11,5600,2017-11-02,2050,5007,9146,4,5,6,5607,0,0,0,,0,09D,"LAKEVIEW CANYON RD","LINDERO CANYON RD",0.00,,Y,B,-,N,,,,,,,,,,Y,2,0,2,2,A,-,12,21453,A,N,D,D,A,A,H,-,C,A,0,,,,,Y,,A,01,1,0,1,0,0,0,0,0,0,"- ","- ",,,VENTURA,"THOUSAND OAKS",-118.78636005,34.183070000000001
8515654,2017,2017-12-21,5600,2017-12-04,0155,4995,9128,1,5,6,5607,0,0,0,,0,09H,"VENTU PARK RD","BIOTECH CT",394.00,E,N,A,-,N,,,,,,,,,,Y,2,0,2,1,A,-,03,22350,,N,E,I,A,A,H,-,C,A,0,,,,,Y,,A,01,1,1,0,0,0,0,0,0,0,"- ","- ",,,VENTURA,"THOUSAND OAKS",-118.91576678,34.191343940000003
8554667,2016,2018-06-07,5604,2016-01-09,1218,5446,,6,5,6,5604,0,0,0,,0,012,"RICE AV","RT 101",0.00,,Y,B,-,Y,VEN,7,101,-,-,19.918,R,4,S,Y,2,0,2,2,D,-,00,,,N,A,C,A,-,H,-,-,A,0,,,,,Y,,-,"- ",1,0,1,0,0,0,0,0,0,"- ",FR,34.225250000000003,-119.14270999999999,VENTURA,OXNARD,-119.13987588000001,34.222388090000003
8554747,2016,2018-05-04,5604,2016-01-17,2250,5390,,7,5,6,5604,0,0,0,,0,021,"HARBOR BL","WOOLEY RD",150.00,S,N,B,-,N,,,,,,,,,,Y,2,0,2,1,A,-,08,22107,,N,E,I,A,B,H,-,C,A,0,,,,,Y,Y,A,07,1,0,1,0,0,0,0,0,0,"- ","- ",34.189050000000002,-119.23793999999999,VENTURA,OXNARD,-119.23852032000001,34.190133189999997
8554751,2016,2018-04-26,5604,2016-01-16,2035,5419,,6,5,6,5604,0,0,0,,0,041,"THOMAS AV","SAVIERS RD",0.00,,Y,A,-,N,,,,,,,,,,N,2,0,4,5,A,-,10,21950,A,N,G,B,B,A,H,-,C,A,0,Y,,,,Y,,A,01,2,2,0,0,4,0,0,0,0,"- ","- ",34.169789999999999,-119.17758000000001,VENTURA,OXNARD,-119.17755002,34.169770110000002
8554970,2016,2018-05-02,5604,2016-10-27,0555,5306,,4,5,6,5604,0,0,0,,0,031,"CAMINO DEL SOL RD","RICE AV",0.00,,Y,A,-,N,,,,,,,,,,Y,2,0,1,2,A,-,09,21801,A,N,D,C,A,A,H,-,C,A,0,,,Y,,Y,,C,02,1,0,0,0,0,0,0,0,1,"- ","- ",34.206150000000001,-119.14216,VENTURA,OXNARD,-119.14227009,34.206159999999997
8556486,2018,2018-03-07,5600,2018-02-07,0924,2913,9128,3,5,6,5607,0,0,0,,0,09H,"HILLCREST DR","ROLLING MEADOWS CT",0.00,,Y,A,-,N,,,,,,,,,,Y,2,0,1,2,A,-,02,22400,A,N,C,C,A,A,H,-,A,D,0,,,,,Y,,A,01,1,0,0,0,0,0,0,0,0,"- ","- ",,,VENTURA,"THOUSAND OAKS",-118.90959167480469,34.187610626220703
8557625,2016,2018-04-27,5604,2016-01-29,2132,4850,,5,5,6,5604,0,0,0,,0,031,"RT 34","RICE AV",0.00,,Y,A,-,Y,VEN,7,34,-,-,6.270,I,5,W,Y,2,0,3,2,A,-,01,23152,A,N,D,C,A,A,H,-,C,A,0,,,,,Y,Y,A,01,1,2,0,0,0,0,0,0,0,"- ","- ",,,VENTURA,OXNARD,-119.14230234999999,34.196834819999999
8598435,2018,2018-04-19,5604,2018-03-19,1135,5231,,1,5,6,5604,0,0,0,,0,012,"VENTURA BL","PASEO MERCADO",442.00,E,N,A,-,N,,,,,,,,,,Y,2,0,6,7,B,-,22,,,N,G,B,F,A,H,-,A,D,0,Y,,,,Y,,A,01,1,2,3,0,6,0,0,0,0,"- ","- ",,,VENTURA,OXNARD,-119.15017700195312,34.223701477050781
8600332,2017,2018-04-25,5604,2017-11-10,1823,5231,,5,5,6,5604,0,0,0,,0,023,"OXNARD BL","7TH ST",0.00,,Y,A,-,N,,,,,,,,,,Y,2,0,2,3,A,-,09,21801,A,N,A,C,A,A,H,-,C,A,0,,,,,Y,,-,,1,0,1,0,0,0,0,0,0,"- ","- ",,,VENTURA,OXNARD,-119.1774825,34.195041000000003
8601347,2017,2018-04-25,5604,2017-02-07,0655,5408,,2,5,6,5604,0,0,0,,0,011,"GONZALES RD","H ST",300.00,W,N,C,-,N,,,,,,,,,,Y,2,0,2,1,A,-,03,22350,,F,A,I,A,B,H,-,C,D,0,,,,,Y,,A,08,1,1,0,0,0,0,0,0,0,"- ","- ",34.21913,-119.18631000000001,VENTURA,OXNARD,-119.18730118000001,34.219216789999997
8601427,2017,2018-04-30,5604,2017-05-03,1936,5181,,3,5,6,5604,0,0,0,,0,014,"VENTURA RD","WAGON WHEEL RD",1426.00,S,N,A,-,N,,,,,,,,,,Y,2,0,3,2,A,-,08,22107,,F,B,C,A,A,H,-,B,A,0,,,,Y,Y,,A,01,1,2,0,0,0,0,0,0,0,"- ","- ",34.241520000000001,-119.1974,VENTURA,OXNARD,-119.19048180999999,34.237881029999997
8643107,2018,2018-07-09,5600,2018-06-15,1721,4615,8202,5,5,5,5601,0,0,0,,0,08C,"MISSION OAKS BL","DAWSON DR",53.00,E,N,A,-,N,,,,,,,,,,Y,2,0,1,1,A,-,08,22107,,N,F,A,A,A,H,-,A,D,0,,,Y,,Y,,C,02,1,0,0,0,0,0,0,0,1,"- ","- ",34.217231750488281,-119.03170013427734,VENTURA,CAMARILLO,-119.03176879882812,34.217166900634766
8643114,2018,2018-07-09,5609,2018-06-01,0851,374,,5,5,6,5609,0,0,0,,0,,"COCHRAN ST","SEQUOIA AV",0.00,,Y,A,-,N,,,,,,,,,,Y,2,0,2,2,A,-,09,21801,A,N,A,C,A,A,H,-,A,A,0,,,,,Y,,A,01,1,0,1,0,0,0,0,0,0,"- ","- ",34.278999328613281,-118.73052215576172,VENTURA,"SIMI VALLEY",-118.73052215576172,34.279010772705078
8648428,2018,2020-05-26,5600,2018-11-10,1735,1929,9076,6,5,6,5607,0,0,0,,0,09H,"MOORPARK AV","MAYFLOWER ST",3.00,S,N,A,-,N,,,,,,,,,,Y,1,1,0,2,A,-,11,21954,A,N,G,B,D,A,H,-,C,D,0,Y,,,,Y,Y,N,60,0,0,0,1,0,0,0,0,0,"- ","- ",,,VENTURA,"THOUSAND OAKS",-118.87440490722656,34.191150665283203
8658858,2018,2018-07-10,5609,2018-05-21,1957,389,,1,5,6,5609,0,0,0,,0,004,"COCHRAN ST","SYCAMORE DR",20.00,E,N,B,-,N,,,,,,,,,,N,2,0,1,2,A,-,12,21453,A,N,H,G,A,A,H,-,C,A,0,,Y,,,Y,,L,04,1,0,0,0,0,0,1,0,0,"- ","- ",34.279079437255859,-118.74381256103516,VENTURA,"SIMI VALLEY",-118.74384307861328,34.278999328613281
8669182,2018,2018-08-10,5600,2018-07-16,1314,5101,9085,1,5,6,5607,0,0,0,,0,09G,"THOUSAND OAKS BL","HOUSTON DR",55.00,E,N,A,-,N,,,,,,,,,,N,2,0,1,2,A,-,21,22106,,N,H,G,A,A,H,-,A,D,0,,Y,,,Y,,A,01,1,0,0,0,0,0,1,0,0,"- ","- ",,,VENTURA,"THOUSAND OAKS",-118.86336517333984,34.179580688476562
8670092,2018,2018-09-27,5600,2018-07-06,0448,5023,8215,5,5,5,5601,0,0,0,,0,08D,"SANTA ROSA RD","TUSCAN GROVE PL",328.00,W,N,A,-,N,,,,,,,,,,Y,2,0,1,1,A,-,01,23152,A,N,E,D,A,A,H,-,C,D,0,,,,,Y,Y,A,01,1,0,0,0,0,0,0,0,0,"- ","- ",34.237548828125,-118.96705627441406,VENTURA,CAMARILLO,-118.96685028076172,34.237525939941406
8670325,2018,2018-08-29,5600,2018-07-20,1446,4617,9128,5,5,6,5607,0,0,0,,0,09H,"HILLCREST DR","KALINDA PL",691.00,E,N,A,-,N,,,,,,,,,,Y,2,0,1,2,A,-,04,21703,,N,C,C,A,A,H,-,A,D,0,,,Y,,Y,,C,02,1,0,0,0,0,0,0,0,1,"- ","- ",,,VENTURA,"THOUSAND OAKS",-118.90036010742188,34.184757232666016
8689475,2018,2018-09-14,5600,2018-07-13,2215,4360,6025,5,5,3,5602,0,0,0,,0,6B01,"1ST ST","FILLMORE ST",47.00,E,N,A,-,N,,,,,,,,,,Y,2,0,1,2,A,-,01,23152,A,N,C,E,A,A,H,-,C,D,0,,,,,Y,Y,D,22,1,0,0,0,0,0,0,0,0,"- ","- ",,,VENTURA,FILLMORE,-118.91278839111328,34.402751922607422
8701688,2018,2018-09-24,5608,2018-09-11,1401,403,,2,5,6,5608,0,0,0,,0,002,"TELEPHONE RD","MAIN ST",50.00,N,N,A,-,N,,,,,,,,,,Y,2,0,1,3,A,-,08,22107,,N,D,C,A,A,H,-,A,A,0,,,,,Y,,-,,1,0,0,0,0,0,0,0,0,"- ","- ",34.261199951171875,-119.23179626464844,VENTURA,VENTURA,-119.23170471191406,34.261985778808594
8703894,2018,2018-10-10,5606,2018-07-19,1553,1102,5606,4,5,4,5606,0,0,0,,0,001,"SANTA MARIA ST","STECKEL S DR",390.00,W,N,A,-,N,,,,,,,,,,N,2,0,1,2,A,-,03,22350,,N,C,G,A,A,H,-,A,D,0,,Y,,,Y,,A,01,1,0,0,0,0,0,1,0,0,"- ","- ",,,VENTURA,"SANTA PAULA",-119.07652282714844,34.340549468994141
8725532,2018,2018-10-26,5604,2018-09-16,1746,5504,,7,5,6,5604,0,0,0,,0,032,"OXNARD BL","DATE ST",500.00,N,N,A,-,N,,,1,,,,,,,Y,2,0,3,3,A,-,08,22107,,N,C,E,A,A,H,-,A,D,0,,,,,Y,,A,07,1,0,2,0,0,0,0,0,0,"- ","- ",34.185920715332031,-119.17254638671875,VENTURA,OXNARD,-119.17252349853516,34.185955047607422
8726197,2018,2018-11-15,5608,2018-10-25,2050,508,,4,5,6,5608,0,0,0,,0,004,"SOUTH VICTORIA AV","MOON DR",200.00,N,N,A,-,N,,,,,,,,,,N,2,0,2,3,A,-,03,22350,,F,C,C,A,A,H,-,C,A,0,,,,,Y,,-,,1,1,0,0,0,0,0,0,0,"- ","- ",,,VENTURA,VENTURA,-119.21063232421875,34.256328582763672
8753755,2018,2019-02-02,5608,2018-12-08,1117,483,VENTU,6,5,6,5608,0,0,0,,0,002,"BRENT ST","PREBLE AV",214.00,N,N,A,-,N,,,,,,,,,,N,2,0,1,2,A,-,22,23123,5,N,D,G,A,A,H,-,A,D,0,,Y,,,Y,,A,01,1,0,0,0,0,0,1,0,0,"- ","- ",,,VENTURA,VENTURA,-119.25741577148438,34.267982482910156
8772580,2018,2019-01-17,5609,2018-12-18,1848,447,126,2,5,6,5609,0,0,0,,0,001,"LOS ANGELES AV","ERRINGER RD",14.00,E,N,A,-,N,,,,,,,,,,Y,2,0,1,2,A,-,11,21950,B,N,G,B,B,A,H,-,C,A,0,Y,,,,Y,,N,60,1,0,0,0,1,0,0,0,0,"- ","- ",34.271728515625,-118.76129913330078,VENTURA,"SIMI VALLEY",-118.7613525390625,34.271747589111328
8808333,2018,2019-06-25,5600,2018-10-11,0608,3469,6018,4,5,3,5602,0,0,0,,0,06B,"RT 126","RT 23",494.00,W,N,A,-,Y,VEN,7,126,-,-,21.050,H,-,W,N,1,1,0,2,A,-,11,21955,,N,G,B,D,A,H,-,C,D,0,Y,,,,Y,Y,N,60,0,0,0,1,0,0,0,0,0,"- ","- ",34.396091461181641,-118.91950225830078,VENTURA,FILLMORE,-118.91928100585938,34.396072387695312
8847524,2019,2019-04-22,5600,2019-03-27,1902,5126,1000,3,5,2,5603,0,0,0,,0,1A01,"CARILLO RD","VALLERIO AV",251.00,N,N,A,-,N,,,,,,,,,,N,2,0,1,2,A,-,11,21954,A,N,G,B,D,A,H,-,A,D,0,Y,,,,Y,,N,60,1,0,0,0,1,0,0,0,0,"- ","- ",34.437339782714844,-119.26499176025391,VENTURA,OJAI,-119.26499176025391,34.437301635742188
8859652,2019,2019-06-05,5604,2019-05-15,1130,5539,,3,5,6,5604,0,0,0,,0,022,"VENTURA RD","W 5TH ST W",0.00,,Y,A,-,N,,,,,,,,,,N,2,0,1,2,A,-,09,21801,A,N,G,G,A,A,H,-,A,A,0,,Y,,,Y,,-,"- ",1,0,0,0,0,0,1,0,0,"- ","- ",34.196998596191406,-119.1947021484375,VENTURA,OXNARD,-119.19487762451172,34.197711944580078
8874885,2019,2019-10-17,5604,2019-05-16,2021,5521,,4,5,6,5604,0,0,0,,0,011,"VENTURA RD","W DORIS AV",0.00,,Y,A,-,N,,,,,,,,,,Y,2,0,3,2,A,-,09,21801,A,N,D,C,A,A,H,-,C,A,0,,,Y,,Y,,A,01,2,0,1,0,0,0,0,0,2,"- ","- ",34.208328247070312,-119.19467163085938,VENTURA,OXNARD,-119.19464111328125,34.208358764648438
8877235,2019,2019-06-12,5600,2019-05-27,1300,5023,8135,1,5,5,5601,0,0,0,,0,08C,"N PONDEROSA DR","ANTONIO DR",145.00,S,N,A,-,N,,,,,,,,,,N,2,0,1,2,A,-,21,22106,,N,G,B,F,A,H,-,A,D,0,Y,,,,Y,,A,01,1,0,0,0,1,0,0,0,0,"- ","- ",34.243579864501953,-119.02300262451172,VENTURA,CAMARILLO,-119.023193359375,34.243621826171875
8907442,2019,2019-08-12,5600,2019-07-26,1600,4901,9300,5,5,6,5607,0,0,0,,0,9C01,"VENTURA COUNTY WATERSHED PRO ACCESS RD","VIA CAPOTE",177.00,N,N,A,-,N,,,,,,,,,,Y,2,0,1,1,A,-,08,22107,,N,B,I,A,A,H,-,A,D,0,,,Y,,Y,Y,C,02,1,0,0,0,0,0,0,0,1,"- ","- ",34.168678283691406,-118.98992919921875,VENTURA,"THOUSAND OAKS",,
8911276,2020,2022-06-13,5608,2020-05-08,2025,322,101,5,5,6,5608,0,0,0,,0,003,"TELEGRAPH RD","VICTORIA AV",323.00,W,N,A,-,N,,,,,,,,,,Y,1,1,0,2,A,-,11,21954,A,N,G,B,D,A,H,-,C,D,0,Y,,,,Y,Y,N,60,0,0,0,1,0,0,0,0,0,"- ","- ",,,VENTURA,VENTURA,-119.21567535400391,34.27783203125
8923199,2019,2019-08-29,5609,2019-08-05,1940,389,,1,5,6,5609,0,0,0,,0,005,"COCHRAN ST","REBECCA ST",209.00,E,N,A,-,N,,,,,,,,,,Y,2,0,3,2,A,-,01,23152,A,N,C,C,A,A,H,-,A,D,0,,,,,Y,Y,A,01,1,0,2,0,0,0,0,0,0,"- ","- ",34.278968811035156,-118.71705627441406,VENTURA,"SIMI VALLEY",-118.71637725830078,34.279071807861328
8923248,2019,2019-09-03,5609,2019-08-06,1755,389,,2,5,6,5609,0,0,0,,0,004,"LOS ANGELES AV","TAPO CANYON RD",0.00,,Y,A,-,N,,,,,,,,,,Y,2,0,3,2,A,-,01,23152,A,N,D,C,A,A,H,-,A,A,0,,,,,Y,Y,A,01,1,1,1,0,0,0,0,0,0,"- ","- ",34.271610260009766,-118.71733856201172,VENTURA,"SIMI VALLEY",-118.71733093261719,34.271671295166016
8939636,2019,2021-06-02,5600,2019-08-21,0747,3469,8152,3,5,5,5601,0,0,0,,0,08B,"PLEASANT VALLEY RD","SOUTHFIELD RD",2006.00,W,N,A,-,N,,,,,,,,,,Y,1,1,1,3,A,-,05,21460,A,N,A,C,A,A,H,-,A,D,0,,,Y,Y,Y,,C,02,1,0,0,0,0,0,0,1,0,"- ","- ",34.205520629882812,-119.05259704589844,VENTURA,CAMARILLO,-119.05259704589844,34.205520629882812
8941013,2019,2019-09-27,5600,2019-08-22,1938,4996,9105,4,5,6,5607,0,0,0,,0,9C01,"REINO RD","CABRILLO AV",542.00,S,N,A,-,N,,,,,,,,,,N,2,0,1,2,A,-,09,21804,A,N,G,B,D,A,H,-,A,D,0,Y,,,,Y,,A,01,1,0,0,0,1,0,0,0,0,"- ","- ",,,VENTURA,"THOUSAND OAKS",-118.95315551757812,34.181659698486328
8944956,2019,2019-09-27,5608,2019-09-20,0854,439,,5,5,6,5608,0,0,0,,0,002,"HARBOR BL","SCHOONER DR",783.00,N,N,A,-,N,,,,,,,,,,Y,2,0,2,2,A,-,08,22107,,N,A,C,A,A,H,-,A,D,0,,,,,Y,,D,22,1,0,1,0,0,0,0,0,0,"- ","- ",,,VENTURA,VENTURA,-119.25856781005859,34.251186370849609
8964260,2019,2019-11-15,5609,2019-09-14,2030,476,,6,5,6,5609,0,0,0,,0,003,"ROYAL AV","ERRINGER RD",150.00,W,N,A,-,N,,,,,,,,,,N,2,0,1,2,A,-,09,21804,A,N,D,C,A,A,H,-,C,D,0,,,Y,,Y,,A,01,1,0,0,0,0,0,0,0,1,"- ","- ",34.263648986816406,-118.76136779785156,VENTURA,"SIMI VALLEY",-118.76181793212891,34.263828277587891
8980587,2019,2020-01-22,5608,2019-11-13,1914,472,,3,5,6,5608,0,0,0,,0,002,"EAST THOMPSON BL","ARCADE DR",0.00,,Y,A,-,N,,,,,,,,,,Y,2,0,2,2,A,-,09,21802,A,N,D,C,A,A,H,-,C,A,0,,,,,Y,,-,,1,1,0,0,0,0,0,0,0,"- ","- ",,,VENTURA,VENTURA,-119.26515960693359,34.273349761962891
9001318,2019,2019-12-19,5606,2019-09-08,1159,1110,5606,7,5,4,5606,0,0,0,,0,001,"TELEGRAPH RD","PECK RD",73.00,W,N,A,-,N,,,,,,,,,,Y,2,0,1,2,A,-,03,22350,,N,C,C,A,A,H,-,A,D,0,,,Y,,Y,,C,02,1,0,0,0,0,0,0,0,1,"- ","- ",,,VENTURA,"SANTA PAULA",-119.08503723144531,34.340293884277344
90013570,2015,2015-10-19,9765,2015-08-23,1222,020924,,7,1,6,5608,0,1,3,,1,031,"SR-126 WB","VICTORIA AVENUE",1056.00,W,N,A,-,Y,,,126,,,,,,W,Y,2,0,1,2,A,-,03,22350,,N,C,C,A,A,H,-,A,D,0,,,Y,,Y,,C,02,1,0,0,0,0,0,0,0,1,"- ","- ",34.270679999999999,-119.21716000000001,VENTURA,VENTURA,-119.21720274,34.270978489999997
9001445,2019,2019-12-17,5606,2019-10-22,1713,1127,5606,2,5,4,5606,0,0,0,,0,001,"FAULKNER RD","PECK S RD",0.00,,Y,A,-,N,,,,,,,,,,Y,2,0,1,2,A,-,09,21801,A,N,A,C,A,A,H,-,A,A,0,,,,,Y,,A,07,1,0,0,0,0,0,0,0,0,"- ","- ",,,VENTURA,"SANTA PAULA",-119.08371734619141,34.338260650634766
90042892,2015,2015-11-02,9765,2015-08-09,0439,020873,,7,3,9,5600,0,1,3,,1,062,"SR-1  S/B","LAS POSAS ROAD",1278.00,S,N,A,-,Y,,,1,,,,,,S,Y,1,1,0,1,A,-,08,22107,,N,E,I,A,A,H,-,D,D,0,,,,,Y,,A,07,0,0,0,0,0,0,0,0,0,"- ","- ",34.113630000000001,-119.08299,VENTURA,UNINCORPORATED,-119.08297059,34.11364536
90064351,2015,2015-12-03,9765,2015-06-15,2219,019277,,1,3,6,5608,0,1,2,,1,104,"US-101 N/B (VENTURA FREEWAY)","WEST VENTURA OVERHEAD",111.00,S,N,A,-,Y,,,101,,,,,,N,Y,1,1,0,3,A,-,11,21954,A,N,G,B,E,A,H,-,E,D,0,Y,,,,Y,Y,N,60,0,0,0,1,0,0,0,0,0,"- ","- ",34.278060000000004,-119.30256,VENTURA,VENTURA,-119.30255513,34.278076519999999
90068941,2015,2015-12-09,9765,2015-12-03,1451,013555,,4,2,9,5600,0,1,3,,1,020,"SR-33  (VENTURA AVENUE)","SR-150  (BALDWIN ROAD)",0.00,,Y,A,-,Y,,,33,,,,,,,N,2,0,1,2,A,-,08,22107,,N,H,G,A,A,H,-,A,A,0,,Y,,,Y,,A,08,1,0,0,0,0,0,1,0,0,"- ","- ",34.430120000000002,-119.28876,VENTURA,UNINCORPORATED,-119.28842557999999,34.42989455
9008627,2019,2020-02-19,5608,2019-12-13,1919,459,5608,5,5,6,5608,0,0,0,,0,002,"PIERPONT BL","NEW BEDFORD CT",3.00,W,N,A,-,N,,,,,,,,,,Y,2,0,2,3,A,-,01,23153,B,N,G,B,B,A,H,-,C,A,0,Y,,,,Y,Y,D,22,1,0,1,0,2,0,0,0,0,"- ","- ",,,VENTURA,VENTURA,-119.26933288574219,34.259727478027344
90087514,2015,2016-01-04,9765,2015-10-30,1405,020924,,5,2,9,5600,0,2,4,,1,290,"CREEK ROAD","FRASER STREET",543.00,S,N,A,-,N,,,,,,,,,,Y,1,1,0,2,A,-,03,22350,,N,G,B,E,A,D,-,A,A,0,Y,,,,Y,,A,01,0,0,0,1,0,0,0,0,0,"- ","- ",34.40325,-119.28343,VENTURA,UNINCORPORATED,-119.28360621,34.402724120000002
90092540,2016,2016-01-11,9770,2016-01-01,2230,020721,,5,3,6,5607,0,1,2,,2,072,"US-101 N/B TO VENTU PARK ROAD","VENTU PARK ROAD",460.00,S,N,A,-,Y,,,101,,,,R,,N,Y,2,0,1,1,A,-,01,23152,A,N,E,I,A,A,H,-,C,D,0,,,,,Y,Y,A,07,1,0,0,0,0,0,0,0,0,"- ","- ",34.18477,-118.91030000000001,VENTURA,"THOUSAND OAKS",-118.91030000000001,34.18477
90116236,2015,2016-02-16,9765,2015-11-21,1035,019988,,6,1,9,5600,0,2,4,,2,064,"LAS POSAS ROAD","SR-34 (E. 5TH STREET)",39.00,N,N,A,G,N,,,,,,,,,,Y,1,1,0,2,A,-,12,22451,B,N,E,J,A,A,H,-,A,A,0,,,,,Y,,A,01,0,0,0,0,0,0,0,0,0,"- ","- ",34.195999999999998,-119.06999999999999,VENTURA,UNINCORPORATED,-119.01024163,34.2427566
90116294,2015,2016-02-16,9765,2015-12-27,1721,020917,,7,2,9,5600,0,1,3,,1,042,"SR-126 (TELEGRAPH ROAD)","SESPE CREEK OVERFLOW BRIDGE",339.00,E,N,A,-,Y,,,126,,,,,,,N,1,1,0,2,A,-,11,21954,A,N,G,B,D,A,H,-,B,D,0,Y,,,,Y,,N,60,0,0,0,1,0,0,0,0,0,"- ","- ",34.393520000000002,-118.94117,VENTURA,UNINCORPORATED,-118.94117007,34.393489770000002
90193303,2016,2016-06-02,9770,2016-05-21,0205,018332,,6,3,6,5607,0,1,3,,2,077,"SR-23 S/B TO US-101 N/B","THOUSAND OAKS BOULEVARD",122.00,N,N,A,-,Y,,,23,,,,R,,S,Y,2,0,2,1,A,-,01,23152,A,N,E,I,A,A,H,-,D,D,0,,,,,Y,Y,A,01,1,0,1,0,0,0,0,0,0,"- ","- ",34.179810000000003,-118.86087999999999,VENTURA,"THOUSAND OAKS",-118.86087999999999,34.179810000000003
90214523,2015,2016-07-01,9765,2015-11-13,1200,020087,,5,1,9,5600,0,2,4,,2,490,"TELEGRAPH ROAD","BRIGGS ROAD",0.00,,Y,A,-,Y,,,,,,,,,,Y,1,1,1,2,A,-,12,21453,A,N,D,C,A,A,H,-,A,A,0,,,,,Y,,D,22,0,0,1,0,0,0,0,0,0,"- ","- ",34.3279,-119.10599999999999,VENTURA,UNINCORPORATED,-119.10596012000001,34.327910109999998