CASE_ID,ACCIDENT_YEAR,PROC_DATE,JURIS,COLLISION_DATE,COLLISION_TIME,OFFICER_ID,REPORTING_DISTRICT,DAY_OF_WEEK,CHP_SHIFT,POPULATION,CNTY_CITY_LOC,SPECIAL_COND,BEAT_TYPE,CHP_BEAT_TYPE,CITY_DIVISION_LAPD,CHP_BEAT_CLASS,BEAT_NUMBER,PRIMARY_RD,SECONDARY_RD,DISTANCE,DIRECTION,INTERSECTION,WEATHER_1,WEATHER_2,STATE_HWY_IND,CALTRANS_COUNTY,CALTRANS_DISTRICT,STATE_ROUTE,ROUTE_SUFFIX,POSTMILE_PREFIX,POSTMILE,LOCATION_TYPE,RAMP_INTERSECTION,SIDE_OF_HWY,TOW_AWAY,COLLISION_SEVERITY,NUMBER_KILLED,NUMBER_INJURED,PARTY_COUNT,PRIMARY_COLL_FACTOR,PCF_CODE_OF_VIOL,PCF_VIOL_CATEGORY,PCF_VIOLATION,PCF_VIOL_SUBSECTION,HIT_AND_RUN,TYPE_OF_COLLISION,MVIW,PED_ACTION,ROAD_SURFACE,ROAD_COND_1,ROAD_COND_2,LIGHTING,CONTROL_DEVICE,CHP_ROAD_TYPE,PEDESTRIAN_ACCIDENT,BICYCLE_ACCIDENT,MOTORCYCLE_ACCIDENT,TRUCK_ACCIDENT,NOT_PRIVATE_PROPERTY,ALCOHOL_INVOLVED,STWD_VEHTYPE_AT_FAULT,CHP_VEHTYPE_AT_FAULT,COUNT_SEVERE_INJ,COUNT_VISIBLE_INJ,COUNT_COMPLAINT_PAIN,COUNT_PED_KILLED,COUNT_PED_INJURED,COUNT_BICYCLIST_KILLED,COUNT_BICYCLIST_INJURED,COUNT_MC_KILLED,COUNT_MC_INJURED,PRIMARY_RAMP,SECONDARY_RAMP,LATITUDE,LONGITUDE,COUNTY,CITY,POINT_X,POINT_Y
90268073,2016,2016-09-15,9765,2016-07-17,1608,020423,,7,2,9,5600,0,3,5,,2,006,"YERBA BUENA ROAD","VEEDER MOTORWAY",1056.00,W,N,A,-,N,,,,,,,,,,Y,1,1,0,1,A,-,08,22107,,N,E,I,A,A,H,-,A,D,0,,,Y,,Y,,C,02,0,0,0,0,0,0,0,1,0,"- ","- ",34.106749999999998,-118.8989,VENTURA,UNINCORPORATED,-118.90013695,34.106661209999999
90272460,2016,2016-09-21,9765,2016-09-17,1628,020906,,6,2,6,5608,0,1,2,,1,104,"US-101 N/B TO CALIFORNIA STREET","CALIFORNIA STREET",578.00,S,N,B,-,Y,,,101,,,,R,,N,Y,2,0,2,1,A,-,08,22107,,N,E,I,A,A,H,-,A,D,0,,,,,Y,,A,07,1,0,1,0,0,0,0,0,0,"- ","- ",34.27749,-119.29149,VENTURA,VENTURA,-119.29149,34.27749
90295740,2016,2016-10-19,9765,2016-09-29,1155,013549,,4,1,6,5604,0,1,2,,2,301,"US-101 S/B","VENTURA ROAD",1.00,S,N,A,-,Y,,,101,,,,,,S,Y,2,0,1,3,A,-,08,22107,,N,C,E,A,A,H,-,A,D,0,,,,Y,Y,,D,22,1,0,0,0,0,0,0,0,0,"- ","- ",34.241379999999999,-119.18731,VENTURA,OXNARD,-119.18727285999999,34.241475459999997
90330174,2016,2016-11-28,9765,2016-11-16,1550,020302,,3,2,9,5600,0,1,3,,1,023,SR-150,"REEVES ROAD",110.00,E,N,A,-,Y,,,150,,,,,,,Y,2,0,2,2,C,-,18,,,N,E,I,A,A,H,-,A,D,0,,Y,,,Y,,-,"- ",1,1,0,0,0,0,1,0,0,"- ","- ",34.445309999999999,-119.2025,VENTURA,UNINCORPORATED,-119.20251473,34.445414479999997
90333809,2016,2016-11-30,9765,2016-11-22,1355,017483,,2,1,6,5608,0,1,3,,2,010,"SR-33 N/B","WEST MAIN STREET",10.00,S,N,A,-,Y,,,33,,,,,,N,Y,2,0,1,1,A,-,08,22107,,N,F,A,A,A,H,-,A,D,0,,,Y,,Y,,C,02,1,0,0,0,0,0,0,0,1,"- ","- ",34.281460000000003,-119.30562999999999,VENTURA,VENTURA,-119.30561989,34.281457119999999
90360612,2016,2017-01-04,9770,2016-12-29,0007,018659,,4,3,6,5609,0,1,3,,2,081,"SR-118 E/B (RONALD REAGAN FREEWAY)","ALAMOS CANYON ROAD",332.00,E,N,A,G,Y,,,118,,,,,,E,Y,2,0,1,1,A,-,08,22107,,N,E,I,A,A,H,-,D,D,0,,,,,Y,,A,01,1,0,0,0,0,0,0,0,0,"- ","- ",34.290590000000002,-118.80909,VENTURA,"SIMI VALLEY",-118.80908547999999,34.290633270000001
90386270,2017,2017-02-06,9765,2017-01-29,1410,020762,,7,2,9,5600,0,1,3,,1,021,"SR-33  (MARICOPA HWY)","POTRERO JOHN TRAIL",16896.00,N,N,A,-,Y,,,33,,,,,,,Y,2,0,1,1,A,-,03,22350,,N,E,J,A,A,H,-,A,D,0,,,Y,,Y,,C,02,1,0,0,0,0,0,0,0,1,"- ","- ",34.59402,-119.31461,VENTURA,UNINCORPORATED,-119.31460245,34.594044500000003
90408165,2016,2017-03-08,9770,2016-11-22,1539,016727,,2,2,9,5600,0,1,3,,1,045,"SR-126 E/B (EAST TELEGRAPH ROAD)","PIRU CREEK BRIDGE",15.00,W,N,A,-,Y,,,126,,,,,,E,Y,1,1,2,3,A,-,01,23152,E,N,B,C,A,A,H,-,A,D,0,,,,,Y,,A,01,2,0,0,0,0,0,0,0,0,"- ","- ",34.408729999999998,-118.78796,VENTURA,UNINCORPORATED,-118.78797299999999,34.408753619999999
90421668,2017,2017-03-27,9765,2017-03-18,1755,020762,,6,2,9,5600,0,1,3,,1,023,"SR-150 (OJAI RD.)","BO MERRITT RD",5.00,W,N,A,-,Y,,,150,,,,,,,Y,2,0,1,2,A,-,03,22350,,N,C,C,A,A,H,-,A,D,0,,,Y,,Y,,C,02,1,0,0,0,0,0,0,0,1,"- ","- ",34.436889999999998,-119.16419999999999,VENTURA,UNINCORPORATED,-119.1641831,34.437010100000002
90431431,2017,2017-04-11,9765,2017-04-04,2340,020187,,2,3,6,5608,0,1,2,,2,302,"US-101 N/B","TELEPHONE ROAD",1584.00,S,N,A,-,Y,,,101,,,,,,N,N,2,0,1,2,A,-,11,21954,A,N,G,B,D,A,H,-,D,D,0,Y,,,,Y,Y,N,60,1,0,0,0,1,0,0,0,0,"- ","- ",34.259279999999997,-119.22427999999999,VENTURA,VENTURA,-119.22428631,34.259267000000001
90446437,2017,2017-05-01,9765,2017-04-18,2010,019034,,2,2,9,5600,0,3,5,,2,006,"PLEASANT VALLEY ROAD","LAGUNA ROAD",1056.00,N,N,A,-,N,,,,,,,,,,Y,2,0,2,2,A,-,08,22107,,N,A,C,A,A,H,-,D,D,0,,,,,Y,,D,22,2,0,0,0,0,0,0,0,0,"- ","- ",34.181379999999997,-119.11865,VENTURA,UNINCORPORATED,-119.12107571999999,34.178868170000001
90458029,2017,2017-05-17,9770,2017-05-11,1425,014675,,4,2,9,5600,0,2,4,,1,087,"SANTA SUSANA PASS ROAD","BOX CANYON ROAD",50.00,W,N,A,-,N,,,,,,,,,,Y,2,0,1,2,A,-,05,21460,A,N,A,C,A,A,H,-,A,D,0,,,Y,,Y,,D,22,1,0,0,0,0,0,0,0,1,"- ","- ",34.263620000000003,-118.64407,VENTURA,UNINCORPORATED,-118.64411538,34.263633390000003
90471113,2017,2017-06-05,9765,2017-05-23,1650,015696,,2,2,6,5608,0,1,2,,2,301,"US 101 SOUTHBOUND (VENTURA FREEWAY)","SEAWARD AVENUE",2898.00,S,N,B,-,Y,,,,,,,,,,Y,2,0,3,2,A,-,01,23152,A,N,C,E,A,A,H,-,A,D,0,,,,,Y,Y,A,08,1,1,1,0,0,0,0,0,0,"- ","- ",34.261989999999997,-119.26344,VENTURA,VENTURA,-119.26098914000001,34.261190390000003
90473038,2017,2017-06-07,9770,2017-06-02,1400,014675,,5,2,6,5609,0,1,3,,2,083,"SR-118 E/B (RONALD REAGAN FREEWAY)","TAPO STREET",237.00,E,N,A,-,Y,,,118,,,,,,E,Y,2,0,1,1,A,-,08,22107,,N,E,I,A,A,H,-,A,D,0,,,,,Y,,A,01,1,0,0,0,0,0,0,0,0,"- ","- ",34.28154,-118.70851,VENTURA,"SIMI VALLEY",-118.70851003,34.281512110000001
90509079,2017,2017-07-26,9765,2017-07-16,1710,020906,,7,2,9,5600,0,1,3,,2,060,"SR-1 (PCH) N/B TO HUENEME ROAD","N. RATHEON ROAD",50.00,S,N,A,-,Y,,,,,,,,,,Y,2,0,1,1,A,-,08,22107,,N,E,I,A,A,H,-,A,D,0,,,Y,,Y,,C,02,1,0,0,0,0,0,0,0,1,"- ","- ",34.08381,-119.02266,VENTURA,UNINCORPORATED,,
90530003,2017,2017-08-24,9770,2017-08-13,1340,021738,,7,1,6,5607,0,1,2,,2,072,"US-101 N/B (VENTURA FREEWAY)","RANCHO CONEJO BOULEVARD",2800.00,S,N,A,-,Y,,,101,,,,,,N,Y,2,0,1,2,A,-,03,22350,,F,C,C,A,A,H,-,A,D,0,,,Y,,Y,,C,02,1,0,0,0,0,0,0,0,1,"- ","- ",34.18439,-118.91630000000001,VENTURA,"THOUSAND OAKS",-118.91630012,34.184436570000003
90566592,2017,2017-10-10,9765,2017-10-01,0750,016727,,7,1,9,5600,0,1,3,,1,023,SR-150,"REEVES ROAD",3168.00,E,N,A,-,Y,,,150,,,,,,,Y,2,0,2,1,A,-,03,22350,,N,F,A,A,A,H,-,A,D,0,,,,,Y,,A,01,1,0,1,0,0,0,0,0,0,"- ","- ",34.441969999999998,-119.19907000000001,VENTURA,UNINCORPORATED,-119.19907032,34.441953009999999
90572204,2017,2017-10-18,9770,2017-10-10,0940,017409,,2,1,5,5601,0,1,2,,2,071,"US-101 S/B (VENTURA FREEWAY)","CAMARILLO SPRINGS ROAD",4609.00,S,N,A,-,Y,,,101,,,,,,S,Y,2,0,1,2,A,-,03,22350,,N,C,C,A,A,H,-,A,D,0,,,,,Y,,A,01,1,0,0,0,0,0,0,0,0,"- ","- ",34.201160000000002,-118.96928,VENTURA,CAMARILLO,-118.96928274,34.20110682
90577639,2017,2017-10-24,9765,2017-10-08,0816,018490,,7,1,9,5600,0,3,5,,2,004,"FOOTHILL ROAD","WHEELER CANYON ROAD",150.00,W,N,A,-,N,,,,,,,,,,Y,2,0,1,1,A,-,08,22107,,N,F,A,A,A,H,-,A,D,0,,,Y,,Y,,C,02,1,0,0,0,0,0,0,0,1,"- ","- ",34.203000000000003,-119.825,VENTURA,UNINCORPORATED,-119.14001281,34.334300710000001
90582104,2017,2017-10-30,9765,2017-10-12,1724,017603,,4,2,9,5600,0,1,3,,1,022,"SR-150 (BALDWIN ROAD)","DE LA GARRIGUE ROAD",528.00,W,N,A,-,Y,,,150,,,,,,,Y,2,0,1,2,A,-,08,22107,,N,A,C,A,A,H,-,A,D,0,,,,,Y,,A,01,1,0,0,0,0,0,0,0,0,"- ","- ",34.425269999999998,-119.32673,VENTURA,UNINCORPORATED,-119.32670278000001,34.425255110000002
90592936,2017,2017-11-13,9765,2017-11-02,0420,014736,,4,3,9,5600,0,3,5,,2,001,"VENTURA AVENUE","CROOKED PALM ROAD (SOUTH)",100.00,N,N,B,-,N,,,,,,,,,,N,2,0,1,2,A,-,08,22107,,F,G,B,F,A,H,-,C,D,0,Y,,,,Y,,D,22,1,0,0,0,1,0,0,0,0,"- ","- ",34.323920000000001,-119.28984,VENTURA,UNINCORPORATED,-119.29325883,34.335899400000002
90645249,2018,2018-01-23,9765,2018-01-14,2040,020850,,7,2,9,5600,0,1,3,,2,040,"SR-126 E/B","PECK ROAD",1584.00,W,N,A,-,Y,,,126,,,,,,E,Y,2,0,2,1,A,-,01,23152,A,N,E,I,A,A,H,-,D,D,0,,,,,Y,Y,A,01,1,1,0,0,0,0,0,0,0,"- ","- ",34.334201812744141,-119.08641815185547,VENTURA,UNINCORPORATED,-119.08651733398438,34.334308624267578
90652829,2018,2018-02-01,9765,2018-01-23,1610,016592,,2,2,9,5600,0,3,5,,2,006,"HUENEME ROAD","ARNOLD RD",0.00,,Y,A,-,N,,,,,,,,,,Y,2,0,1,2,A,-,09,21802,A,N,D,C,A,A,H,-,A,A,0,,,Y,,Y,,A,01,1,0,0,0,0,0,0,0,1,"- ","- ",34.147251129150391,-119.15345001220703,VENTURA,UNINCORPORATED,-119.15339660644531,34.147281646728516
90666712,2017,2018-02-22,9770,2017-08-06,0555,017435,,7,3,6,5609,0,1,3,,2,083,"SR-118 E/B (RONALD REAGAN FREEWAY)","ARROYO DEL TAPO CHANNEL",657.00,E,N,A,-,Y,,,118,,,,,,E,Y,1,1,0,1,A,-,01,23152,G,N,E,I,A,A,H,-,B,D,0,,,,,Y,Y,A,01,0,0,0,0,0,0,0,0,0,"- ","- ",34.282220000000002,-118.72665000000001,VENTURA,"SIMI VALLEY",-118.72664992999999,34.282129820000002
90731404,2017,2018-05-22,9770,2017-08-07,1438,017409,,1,2,6,5607,0,1,2,,2,072,"US-101 N/B (VENTURA FREEWAY)","RANCHO CONEJO BOULEVARD",865.00,S,N,A,-,Y,,,101,,,,,,N,Y,1,1,0,2,A,-,03,22350,,N,C,C,A,A,H,-,A,D,0,,,Y,,Y,,C,02,0,0,0,0,0,0,0,1,0,"- ","- ",34.184330000000003,-118.92285,VENTURA,"THOUSAND OAKS",-118.92285047999999,34.184399120000002
90759617,2018,2018-06-29,9765,2018-06-28,0855,016712,,4,1,9,5600,0,3,5,,2,002,"CASITAS VISTA ROAD",SR-33,528.00,N,N,A,-,N,,,,,,,,,,N,2,0,1,2,A,-,03,22350,,N,C,G,A,A,H,-,A,D,0,,Y,,,Y,,L,04,1,0,0,0,0,0,1,0,0,"- ","- ",34.352218627929688,-119.30892944335938,VENTURA,UNINCORPORATED,-119.30696105957031,34.353862762451172
90786215,2018,2018-08-07,9765,2018-08-01,1543,020691,,3,2,6,5604,0,1,2,,2,502,"US-101 N/B","DEL NORTE BLVD.",2115.00,N,N,A,-,Y,,,101,,,,,,N,Y,2,0,1,3,A,-,03,22350,,N,C,C,A,A,H,-,A,D,0,,,Y,,Y,,C,02,1,0,0,0,0,0,0,0,1,"- ","- ",34.222221374511719,-119.13326263427734,VENTURA,OXNARD,-119.13326263427734,34.222190856933594
9078816,2020,2020-10-08,5600,2020-01-29,0627,3924,5107,3,5,4,5690,0,0,0,,0,02A,"RT 118","GABBERT RD",273.00,E,N,A,-,Y,VEN,7,118,-,-,16.520,H,-,W,Y,2,0,3,3,A,-,01,23152,A,N,C,C,A,A,H,-,A,A,0,,,Y,,Y,Y,C,02,1,0,2,0,0,0,0,0,1,"- ","- ",,,VENTURA,MOORPARK,-118.89985656738281,34.278976440429688
90789204,2018,2018-08-13,9765,2018-08-08,1640,017395,,3,2,9,5600,0,3,5,,2,006,"LAS POSAS ROAD","LAGUNA ROAD",0.00,,Y,A,-,N,,,,,,,,,,Y,2,0,3,2,A,-,09,21802,A,N,D,C,A,A,H,-,A,A,0,,,,,Y,,D,22,1,2,0,0,0,0,0,0,0,"- ","- ",34.176040649414062,-119.07135009765625,VENTURA,UNINCORPORATED,-119.07134246826172,34.176021575927734
90791609,2017,2018-08-15,9770,2017-12-12,0100,020641,,2,3,9,5600,0,1,3,,1,051,"SR-118 E/B (LOS ANGELES AVENUE)","SR-34 (SOMIS ROAD)",601.00,E,N,A,-,Y,,,118,,,,,,E,Y,1,1,0,1,A,-,08,22107,,N,E,I,A,A,H,-,D,D,0,,,,,Y,,A,01,0,0,0,0,0,0,0,0,0,"- ","- ",34.263550000000002,-118.99253,VENTURA,UNINCORPORATED,-118.99253459000001,34.263515390000002
90808213,2018,2018-09-07,9765,2018-08-28,1812,017469,,2,2,9,5600,0,3,5,,2,004,"FOOTHILL ROAD","OLIVE ROAD",0.00,,Y,A,-,N,,,,,,,,,,N,2,0,1,2,A,-,05,21460,A,N,C,G,A,A,H,-,A,D,0,,Y,,,Y,,A,01,1,0,0,0,0,0,1,0,0,"- ","- ",34.320320129394531,-119.14137268066406,VENTURA,UNINCORPORATED,-119.141357421875,34.320369720458984
90835881,2018,2018-10-15,9765,2018-10-06,0745,019884,,6,1,9,5600,0,1,2,,2,103,"US-101 S/B","SAN MIGUELITO",1056.00,S,N,B,-,Y,,,101,,,,,,S,Y,2,0,2,2,A,-,08,22107,,N,C,E,A,A,H,-,B,D,0,,,,Y,Y,,F,26,1,1,0,0,0,0,0,0,0,"- ","- ",34.317070007324219,-119.36399078369141,VENTURA,UNINCORPORATED,-119.36393737792969,34.317161560058594
90843022,2018,2018-10-24,9765,2018-10-13,1855,020729,,6,2,9,5600,0,1,3,,1,023,SR-150,"REEVES ROAD",2112.00,E,N,A,-,Y,,,150,,,,,,,Y,2,0,1,1,A,-,01,23152,A,N,E,I,A,A,H,-,B,D,0,,,,,Y,Y,A,01,1,0,0,0,0,0,0,0,0,"- ","- ",34.441940307617188,-119.19873046875,VENTURA,UNINCORPORATED,-119.19873046875,34.441951751708984
90849497,2018,2018-10-31,9765,2018-10-24,0720,020762,,3,1,9,5600,0,1,3,,1,020,"SR-33 (VENTURA AVENUE)","LOMA DRIVE",1150.00,N,N,A,-,Y,,,,,,,,,,Y,2,0,2,3,A,-,05,21460,A,N,A,C,A,A,H,-,A,D,0,,,,,Y,,D,22,1,1,0,0,0,0,0,0,0,"- ","- ",34.432289123535156,-119.27617645263672,VENTURA,UNINCORPORATED,,
90858612,2018,2018-11-13,9770,2018-11-12,0314,020832,,1,3,6,5609,0,1,3,,2,083,"SR-118 E/B (RONALD REAGAN FREEWAY)","KUEHNER DRIVE",275.00,E,N,A,G,Y,,,118,,,,,,E,Y,2,0,2,2,A,-,01,23152,A,N,A,C,A,A,H,-,C,D,0,,,,,Y,Y,A,08,1,1,0,0,0,0,0,0,0,"- ","- ",34.278671264648438,-118.66110229492188,VENTURA,"SIMI VALLEY",-118.66111755371094,34.278621673583984
90867992,2018,2018-11-27,9770,2018-11-15,1748,014454,,4,2,6,5607,0,1,2,,2,073,"US-101 S/B FROM WENDY DRIVE","WENDY DRIVE",528.00,S,N,A,-,Y,,,101,,,,R,,S,Y,2,0,3,3,A,-,03,22350,,N,C,C,A,A,H,-,C,D,0,,,,,Y,,A,01,1,0,2,0,0,0,0,0,0,"- ","- ",34.188388824462891,-118.93656158447266,VENTURA,"THOUSAND OAKS",-118.93656158447266,34.188388824462891
90897290,2018,2019-01-03,9770,2018-12-08,2500,021909,,6,4,9,5600,0,2,4,,1,087,"SANTA SUSANA PASS ROAD","BOX CANYON ROAD",528.00,W,N,A,-,N,,,,,,,,,,Y,2,0,1,1,A,-,01,23152,A,N,F,A,A,A,H,-,D,D,0,,,Y,,Y,Y,C,02,1,0,0,0,0,0,0,0,1,"- ","- ",34.262958526611328,-118.64707183837891,VENTURA,UNINCORPORATED,-118.64560699462891,34.263210296630859
90900395,2018,2019-04-19,9765,2018-12-18,1707,016592,,2,2,6,5604,0,1,2,,2,502,"US-101 N/B","ROSE AVENUE",946.00,S,N,A,-,Y,,,101,,,,,,N,Y,2,0,1,2,A,-,07,21658,A,N,B,C,A,A,H,-,D,D,0,,,Y,,Y,,A,01,1,0,0,0,0,0,0,0,1,"- ","- ",34.224399566650391,-119.1556396484375,VENTURA,OXNARD,-119.15564727783203,34.224376678466797
9093850,2020,2020-07-21,5600,2020-04-11,2152,4960,9028,6,5,6,5607,0,0,0,,0,09B,"AVENIDA DE LOS ARBOLES","OAK BROOK DR",270.00,W,N,A,-,N,,,,,,,,,,Y,2,0,1,1,A,-,08,22107,,N,E,I,A,A,H,-,C,D,0,,,,,Y,,A,01,1,0,0,0,0,0,0,0,0,"- ","- ",,,VENTURA,"THOUSAND OAKS",-118.84613037109375,34.211490631103516
90943859,2019,2019-03-11,9765,2019-02-28,1309,014535,,4,1,9,5600,0,3,5,,2,003,"N. HARBOR BLVD.","MCGRATH STATE BEACH ACCESS ROAD",10.00,N,N,B,-,N,,,,,,,,,,Y,2,0,1,2,A,-,09,21802,A,N,D,C,A,A,H,-,A,A,0,,,Y,,Y,,M,47,1,0,0,0,0,0,0,0,1,"- ","- ",34.2269287109375,-119.25618743896484,VENTURA,UNINCORPORATED,-119.25618743896484,34.226829528808594
90944926,2019,2019-03-13,9770,2019-03-02,1355,021738,,6,1,9,5600,0,1,3,,1,045,"SR-126 E/B (EAST TELEGRAPH ROAD)","CENTER STREET",320.00,W,N,B,C,Y,,,126,,,,,,E,Y,2,0,4,2,A,-,03,22350,,N,A,C,A,B,H,-,A,D,0,,,,,Y,,D,22,2,2,0,0,0,0,0,0,0,"- ","- ",34.410648345947266,-118.78045654296875,VENTURA,UNINCORPORATED,-118.78047943115234,34.410610198974609
90969673,2018,2019-04-17,9765,2018-10-10,1335,016592,,3,1,9,5600,0,1,3,,1,055,"SR-118 (LOS ANGELES AVENUE)","SR-232 (VINEYARD AVENUE)",0.00,,Y,A,-,Y,,,118,,,,,,,Y,1,1,1,2,A,-,09,21801,A,N,D,C,A,A,H,-,A,A,0,,,,Y,Y,Y,G,25,0,1,0,0,0,0,0,0,0,"- ","- ",34.274089813232422,-119.13530731201172,VENTURA,UNINCORPORATED,-119.13535308837891,34.274032592773438
90988252,2019,2019-05-14,9765,2019-05-04,0340,021522,,6,3,9,5600,0,1,3,,1,062,SR-1,"LA JOLLA CANYON",150.00,N,N,A,-,Y,,,1,,,,,,,Y,2,0,4,3,A,-,08,22107,,N,C,E,A,A,H,-,D,D,0,,,,,Y,Y,A,01,1,1,2,0,0,0,0,0,0,"- ","- ",34.083850860595703,-119.03636169433594,VENTURA,UNINCORPORATED,-119.03638458251953,34.083755493164062
91020941,2019,2019-06-28,9770,2019-06-20,1245,017638,,4,1,6,5607,0,1,3,,2,077,"SR-23 SB TO US-101 NB","THOUSAND OAKS BOULEVARD",140.00,N,N,A,-,Y,,,23,,,,R,,S,Y,2,0,1,1,A,-,08,22107,,N,E,I,A,A,H,-,A,D,0,,,,,Y,,A,01,1,0,0,0,0,0,0,0,0,"- ","- ",34.179481506347656,-118.86103820800781,VENTURA,"THOUSAND OAKS",-118.86103820800781,34.179481506347656
91032835,2019,2019-07-17,9430,2019-05-29,1201,017187,,3,1,9,5600,0,1,3,,1,030,"STATE ROUTE 33 (MARICOPA HIGHWAY)","LOCKWOOD VALLEY ROAD",6864.00,N,N,A,-,N,,,33,,,,,,,Y,1,1,0,1,A,-,03,22350,,N,E,I,A,A,H,-,A,A,0,,,Y,,Y,,C,02,0,0,0,0,0,0,0,1,0,"- ","- ",34.699729919433594,-119.37416839599609,VENTURA,UNINCORPORATED,-119.37416076660156,34.699741363525391
91032996,2019,2019-07-18,9765,2019-07-10,1100,022345,,3,1,9,5600,0,1,3,,1,021,SR-33,"WHEELER GORGE NATURE TRAIL",10032.00,N,N,A,-,Y,,,33,,,,,,,Y,2,0,1,1,A,-,08,22107,,N,F,A,A,A,H,-,A,D,0,,,Y,,Y,,C,02,1,0,0,0,0,0,0,0,1,"- ","- ",34.529148101806641,-119.26532745361328,VENTURA,UNINCORPORATED,-119.265380859375,34.529201507568359
91071123,2019,2019-09-10,9765,2019-08-30,1940,017483,,5,2,9,5600,0,1,3,,1,022,SR-150,"SANTA BARBARA COUNTY LINE",2640.00,E,N,A,-,Y,,,150,,,,,,,Y,2,0,1,1,A,-,08,22107,,N,E,I,A,A,H,-,D,D,0,,,,,Y,,A,01,1,0,0,0,0,0,0,0,0,"- ","- ",34.395698547363281,-119.44920349121094,VENTURA,UNINCORPORATED,-119.44919586181641,34.395790100097656
91082565,2019,2019-09-25,9765,2019-06-08,1415,022182,,6,2,9,5600,0,3,5,,2,002,"CASITAS VISTA ROAD","SANTA ANA ROAD",830.00,W,N,A,-,N,,,,,,,,,,Y,1,2,0,1,A,-,01,23152,F,N,E,I,A,A,H,-,A,D,0,,,,Y,Y,,F,27,0,0,0,0,0,0,0,0,0,"- ","- ",34.357948303222656,-119.31571960449219,VENTURA,UNINCORPORATED,-119.31639862060547,34.358016967773438
91095658,2019,2019-10-11,9430,2019-10-10,1440,020504,,4,2,9,5600,0,2,4,,1,031,"SR-33 N/B","LOCKWOOD VALLEY RD",7392.00,N,N,A,-,Y,,,33,,,,,,N,N,2,0,1,1,A,-,08,22107,,N,F,J,A,A,H,-,A,D,0,,,Y,,Y,,C,02,1,0,0,0,0,0,0,0,1,"- ","- ",34.700088500976562,-119.37448883056641,VENTURA,UNINCORPORATED,-119.37445831298828,34.700111389160156
91109276,2019,2019-10-29,9765,2019-10-20,0358,019034,,7,3,4,5606,0,1,3,,2,041,"SR-126 W/B","PECK ROAD",2321.00,W,N,A,-,Y,,,126,,,,,,W,Y,2,0,1,1,A,-,08,22107,,N,E,I,A,A,H,-,D,D,0,,,,,Y,,A,07,1,0,0,0,0,0,0,0,0,"- ","- ",34.333091735839844,-119.08830261230469,VENTURA,"SANTA PAULA",-119.08824157714844,34.333030700683594
91114827,2019,2019-11-06,9765,2019-10-26,1400,022446,,6,2,9,5600,0,1,3,,1,021,SR-33,"CHORRO GRANDE TRAIL",250.00,N,N,A,-,Y,,,33,,,,,,,Y,2,0,1,1,A,-,03,22350,,N,F,A,A,A,H,-,A,D,0,,,Y,,Y,,C,02,1,0,0,0,0,0,0,0,1,"- ","- ",34.599838256835938,-119.33670043945312,VENTURA,UNINCORPORATED,-119.33664703369141,34.599891662597656
91124026,2019,2019-11-19,9770,2019-11-11,2205,021911,,1,3,9,5600,0,1,3,,1,057,"SR-23 (GRIMES CANYON ROAD)","BARDSDALE AVENUE",10560.00,S,N,A,-,Y,,,23,,,,,,,Y,2,0,1,1,A,-,08,22107,,N,F,A,A,A,H,-,D,D,0,,,,Y,Y,,G,26,1,0,0,0,0,0,0,0,0,"- ","- ",34.344459533691406,-118.9122314453125,VENTURA,UNINCORPORATED,-118.91223907470703,34.344451904296875
9114158,2020,2020-08-31,5600,2020-06-13,1955,2833,9068,6,5,6,5607,0,0,0,,0,9B01,"ERBES RD","LA GRANADA DR",0.00,,Y,A,-,N,,,,,,,,,,,2,0,1,1,A,-,03,22350,,N,H,G,A,A,H,-,A,A,0,,Y,,,Y,,L,04,1,0,0,0,0,0,1,0,0,"- ","- ",34.191001892089844,-118.8466796875,VENTURA,"THOUSAND OAKS",-118.84293365478516,34.194358825683594
91237789,2020,2020-05-14,9765,2020-05-06,2210,022461,,3,3,9,5600,0,3,5,,2,004,"TELEGRAPH RD","BRIGGS ROAD",1441.00,W,N,A,-,N,,,,,,,,,,Y,2,0,1,1,A,-,01,23152,F,N,F,I,A,A,H,-,C,D,0,,,,,Y,,A,01,1,0,0,0,0,0,0,0,0,"- ","- ",34.325618743896484,-119.10997009277344,VENTURA,UNINCORPORATED,-119.10984802246094,34.32562255859375
91254185,2020,2020-06-19,9770,2020-06-12,1213,017732,,5,1,6,5609,0,1,3,,2,083,"SR-118 E/B (RONALD REAGAN FREEWAY)","YOSEMITE AVENUE",838.00,W,N,A,-,Y,,,118,,,,,,E,Y,2,0,2,2,A,-,08,22107,,N,C,C,A,A,H,-,A,D,0,,,,Y,Y,,A,01,2,0,0,0,0,0,0,0,0,"- ","- ",34.281448364257812,-118.68147277832031,VENTURA,"SIMI VALLEY",-118.68147277832031,34.281459808349609
91263062,2020,2020-07-03,9765,2020-06-28,0715,022345,,7,1,9,5600,0,1,3,,1,068,SR-34,"PLEASANT VALLEY ROAD",2640.00,W,N,B,-,Y,,,34,,,,,,,Y,2,0,1,1,A,-,08,22107,,N,E,I,A,A,H,-,A,D,0,,,,,Y,,A,01,1,0,0,0,0,0,0,0,0,"- ","- ",34.198249816894531,-119.04483032226562,VENTURA,UNINCORPORATED,-119.04477691650391,34.198192596435547