CASE_ID,ACCIDENT_YEAR,PROC_DATE,JURIS,COLLISION_DATE,COLLISION_TIME,OFFICER_ID,REPORTING_DISTRICT,DAY_OF_WEEK,CHP_SHIFT,POPULATION,CNTY_CITY_LOC,SPECIAL_COND,BEAT_TYPE,CHP_BEAT_TYPE,CITY_DIVISION_LAPD,CHP_BEAT_CLASS,BEAT_NUMBER,PRIMARY_RD,SECONDARY_RD,DISTANCE,DIRECTION,INTERSECTION,WEATHER_1,WEATHER_2,STATE_HWY_IND,CALTRANS_COUNTY,CALTRANS_DISTRICT,STATE_ROUTE,ROUTE_SUFFIX,POSTMILE_PREFIX,POSTMILE,LOCATION_TYPE,RAMP_INTERSECTION,SIDE_OF_HWY,TOW_AWAY,COLLISION_SEVERITY,NUMBER_KILLED,NUMBER_INJURED,PARTY_COUNT,PRIMARY_COLL_FACTOR,PCF_CODE_OF_VIOL,PCF_VIOL_CATEGORY,PCF_VIOLATION,PCF_VIOL_SUBSECTION,HIT_AND_RUN,TYPE_OF_COLLISION,MVIW,PED_ACTION,ROAD_SURFACE,ROAD_COND_1,ROAD_COND_2,LIGHTING,CONTROL_DEVICE,CHP_ROAD_TYPE,PEDESTRIAN_ACCIDENT,BICYCLE_ACCIDENT,MOTORCYCLE_ACCIDENT,TRUCK_ACCIDENT,NOT_PRIVATE_PROPERTY,ALCOHOL_INVOLVED,STWD_VEHTYPE_AT_FAULT,CHP_VEHTYPE_AT_FAULT,COUNT_SEVERE_INJ,COUNT_VISIBLE_INJ,COUNT_COMPLAINT_PAIN,COUNT_PED_KILLED,COUNT_PED_INJURED,COUNT_BICYCLIST_KILLED,COUNT_BICYCLIST_INJURED,COUNT_MC_KILLED,COUNT_MC_INJURED,PRIMARY_RAMP,SECONDARY_RAMP,LATITUDE,LONGITUDE,COUNTY,CITY,POINT_X,POINT_Y
91263452,2020,2020-07-06,9765,2020-06-23,2114,022272,,2,2,9,5600,0,3,5,,2,002,"SR-150 (EAST OJAI AVENUE)","REEVES ROAD",70.00,E,N,A,-,Y,,,150,,,,,,,Y,2,0,2,4,A,-,01,23152,A,N,G,E,F,A,H,-,D,D,0,Y,,,,Y,Y,A,01,1,1,0,0,1,0,0,0,0,"- ","- ",34.445949554443359,-119.20420074462891,VENTURA,UNINCORPORATED,-119.2042236328125,34.445919036865234
91327215,2020,2020-10-20,9770,2020-10-10,1211,018332,,6,1,5,5601,0,1,2,,2,071,"US-101 S/B (VENTURA FREEWAY)","CAMARILLO SPRINGS ROAD",1584.00,S,N,A,-,Y,,,101,,,,,,S,Y,2,0,1,1,C,-,18,,,N,H,J,A,A,H,-,A,D,0,,,,,Y,,-,"- ",1,0,0,0,0,0,0,0,0,"- ","- ",34.201000213623047,-118.96820068359375,VENTURA,CAMARILLO,-118.96820068359375,34.2010498046875
91332492,2020,2020-10-27,9765,2020-10-17,1235,022518,,6,1,9,5600,0,1,3,,1,022,SR-150,"RED MOUNTAIN ROAD",3749.00,W,N,A,-,Y,,,150,,,,,,,Y,2,0,1,1,A,-,08,22107,,N,F,A,A,A,H,-,A,D,0,,,Y,,Y,,C,02,1,0,0,0,0,0,0,0,1,"- ","- ",34.385429382324219,-119.38828277587891,VENTURA,UNINCORPORATED,-119.38844299316406,34.385429382324219
91354116,2020,2021-01-21,9765,2020-11-16,1615,020729,,1,2,9,5600,0,3,5,,2,002,"CREEK ROAD","HERMOSA ROAD",0.00,,N,A,-,N,,,,,,,,,,Y,1,1,0,1,A,-,01,23152,A,N,F,A,A,A,H,-,A,D,0,,,,,Y,Y,A,08,0,0,0,0,0,0,0,0,0,"- ","- ",34.422321319580078,-119.26510620117188,VENTURA,UNINCORPORATED,-119.25852966308594,34.42681884765625
91366542,2020,2020-12-14,9765,2020-12-03,1930,019988,,4,2,9,5600,0,3,5,,2,003,"HARBOR BLVD.","GONZALES ROAD",1563.00,N,N,A,-,N,,,,,,,,,,N,2,0,1,2,A,-,08,22107,,F,C,G,A,A,H,-,D,D,0,,Y,,,Y,,-,99,1,0,0,0,0,0,1,0,0,"- ","- ",34.222518920898438,-119.25569152832031,VENTURA,UNINCORPORATED,-119.25572967529297,34.222427368164062
91367948,2020,2020-12-15,9765,2020-12-06,1457,022464,,7,2,9,5600,0,1,3,,1,023,"SR-150 (OJAI-SANTA PAULA ROAD)","REEVES RD",105.00,E,N,A,-,Y,,,150,,,,,,,Y,2,0,2,3,A,-,08,22107,,N,G,B,E,A,H,-,A,D,0,Y,,Y,,Y,,C,02,1,1,0,0,1,0,0,0,1,"- ","- ",34.445888519287109,-119.2041015625,VENTURA,UNINCORPORATED,-119.20412445068359,34.445854187011719
91384894,2020,2021-01-11,9765,2020-07-18,0203,018884,,6,3,6,5608,0,1,2,,2,302,"US 101 NORTHBOUND (VENTURA FREEWAY)","TELEPHONE ROAD",136.00,N,N,A,-,Y,,,,,,,,,,Y,1,1,3,1,A,-,01,23152,A,N,E,I,A,A,H,-,C,D,0,,,,,Y,Y,A,01,0,3,0,0,0,0,0,0,0,"- ","- ",34.262828826904297,-119.23159790039062,VENTURA,VENTURA,-119.23125457763672,34.262588500976562
91389861,2021,2021-01-18,9765,2021-01-11,0858,022182,,1,1,6,5604,0,1,2,,2,502,"US-101 N/B TO SANTA CLARA AVE OFF-RAMP","SANTA CLARA AVENUE",380.00,S,N,A,-,Y,,,101,,,,R,,N,Y,2,0,1,1,A,-,01,23152,A,N,E,I,A,A,H,-,A,D,0,,,,,Y,Y,A,01,1,0,0,0,0,0,0,0,0,"- ","- ",34.223258972167969,-119.14022064208984,VENTURA,OXNARD,-119.14022064208984,34.223258972167969
91400798,2021,2021-02-02,9765,2021-01-24,1610,022488,,7,2,9,5600,0,1,3,,1,021,"SR-33 (MARICOPA HIGHWAY)","CHERRY CREEK ROAD",460.00,N,N,B,-,Y,,,33,,,,,,,Y,2,0,1,1,A,-,01,23152,A,N,E,J,A,A,H,-,A,D,0,,,,,Y,Y,D,22,1,0,0,0,0,0,0,0,0,"- ","- ",34.606040954589844,-119.35983276367188,VENTURA,UNINCORPORATED,-119.35982513427734,34.606105804443359
91410341,2021,2021-02-17,9770,2021-02-06,2226,021799,,6,3,6,5609,0,1,3,,2,083,"SR-118 E/B (RONALD REAGAN FREEWAY)","TAPO CANYON ROAD",515.00,W,N,A,-,Y,,,118,,,,,,E,Y,2,0,1,1,A,-,08,22107,,N,E,J,A,A,H,-,D,D,0,,,,,Y,,A,01,1,0,0,0,0,0,0,0,0,"- ","- ",34.281829833984375,-118.71978759765625,VENTURA,"SIMI VALLEY",-118.71979522705078,34.281818389892578
91413840,2021,2021-02-23,9765,2021-02-14,1228,022182,,7,1,6,5608,0,1,3,,2,030,"SR-126 E/B","CALLENS ROAD",490.00,W,N,A,-,Y,,,,,,,,,,Y,2,0,1,1,A,-,01,23152,A,N,E,I,A,A,H,-,A,D,0,,,,,Y,Y,D,22,1,0,0,0,0,0,0,0,0,"- ","- ",34.264320373535156,-119.24089050292969,VENTURA,VENTURA,,
91415509,2020,2021-02-25,9765,2020-11-02,1655,022461,,1,2,9,5600,0,1,3,,1,062,"SR-1 (PCH)","SYCAMORE CANYON ROAD",3696.00,N,N,F,-,Y,,,1,,,,,,,Y,1,1,1,2,A,-,08,22107,,N,D,C,A,A,H,-,B,D,0,,,,,Y,,A,01,1,0,0,0,0,0,0,0,0,"- ","- ",34.076068878173828,-119.02287292480469,VENTURA,UNINCORPORATED,-119.02291107177734,34.076004028320312
91455477,2021,2021-04-21,9765,2021-04-10,1553,020729,,6,2,9,5600,0,1,3,,1,062,SR-1,"YERBA BUENA ROAD",528.00,N,N,A,-,Y,,,1,,,,,,,Y,2,0,3,3,A,-,08,22107,,N,D,C,A,A,H,-,A,D,0,,,Y,,Y,Y,A,01,2,1,0,0,0,0,0,0,2,"- ","- ",34.053878784179688,-118.96479797363281,VENTURA,UNINCORPORATED,-118.96479797363281,34.053878784179688
9147871,2020,2020-10-19,5608,2020-08-29,2028,351,,6,5,6,5608,0,0,0,,0,001,"N VENTURA RD","WARNER ST",133.00,N,N,A,-,N,,,,,,,,,,Y,2,0,1,2,A,-,03,22350,,N,-,E,A,A,H,-,C,D,0,,,,,Y,Y,I,11,1,0,0,0,0,0,0,0,0,"- ","- ",,,VENTURA,VENTURA,-119.29735565185547,34.292831420898438
91491085,2021,2021-06-07,9765,2021-05-21,0400,021682,,5,3,6,5608,0,1,2,,1,104,"US-101 N/B","VISTA DEL MAR DR",1742.00,S,N,A,-,Y,,,101,,,,,,N,Y,2,0,3,1,A,-,08,22107,,N,E,8,A,A,H,-,D,D,0,,,,,Y,,A,01,1,2,0,0,0,0,0,0,0,"- ","- ",34.271980285644531,-119.27696228027344,VENTURA,VENTURA,-119.2769775390625,34.271896362304688
91506965,2021,2021-06-25,9765,2021-06-13,0233,021682,,7,3,9,5600,0,1,3,,1,055,SR-118,"WALNUT AVE",2640.00,W,N,A,-,Y,,,118,,,,,,,Y,2,0,1,1,A,-,01,23152,A,N,E,I,A,A,H,-,D,D,0,,,,,Y,Y,A,01,1,0,0,0,0,0,0,0,0,"- ","- ",34.263599395751953,-119.08586120605469,VENTURA,UNINCORPORATED,-119.08586120605469,34.263671875
91514758,2021,2021-07-07,9765,2021-06-25,1320,016549,,5,1,9,5600,0,3,5,,2,003,"VICTORIA AVENUE S/B","OLIVAS PARK DRIVE",125.00,S,N,A,-,N,,,,,,,,,,N,2,0,1,2,A,-,03,22350,,N,C,G,A,A,H,-,A,D,0,,Y,,,Y,,D,22,1,0,0,0,0,0,1,0,0,"- ","- ",34.243728637695312,-119.21533203125,VENTURA,UNINCORPORATED,-119.21522521972656,34.243816375732422
91520099,2021,2021-07-14,9765,2021-07-03,1414,022488,,6,2,9,5600,0,3,5,,2,002,"CREEK ROAD","ENCINO DRIVE",1056.00,N,N,A,-,N,,,,,,,,,,N,2,0,1,1,A,-,03,22350,,N,F,A,A,A,H,-,A,D,0,,,Y,,Y,,C,02,1,0,0,0,0,0,0,0,1,"- ","- ",34.402130126953125,-119.28360748291016,VENTURA,UNINCORPORATED,-119.28659820556641,34.400291442871094
91522487,2021,2021-07-16,9765,2021-07-04,0005,022408,,7,3,5,5601,0,1,2,,2,502,"US-101 N/B","CARMEN DRIVE",400.00,N,N,A,-,Y,,,101,,,,,,N,Y,2,0,1,1,A,-,08,22107,,N,F,I,A,A,H,-,D,D,0,,,,,Y,,D,22,1,0,0,0,0,0,0,0,0,"- ","- ",34.217830657958984,-119.052001953125,VENTURA,CAMARILLO,-119.052001953125,34.217849731445312
91533902,2021,2021-07-30,9765,2021-05-01,0530,022182,,6,3,9,5600,0,1,3,,1,042,"SR-126 (EAST TELEGRAPH ROAD)","FLEISCHER REDMAND ROAD",70.00,W,N,A,-,Y,,,126,,,,,,,Y,1,1,1,2,A,-,01,23152,G,N,A,C,A,A,H,-,B,D,0,,,,,Y,Y,A,01,1,0,0,0,0,0,0,0,0,"- ","- ",34.372871398925781,-119.0159912109375,VENTURA,UNINCORPORATED,-119.01598358154297,34.372848510742188
91538469,2021,2021-08-06,9770,2021-08-04,1720,020353,,3,2,6,5609,0,1,3,,2,083,"SR-118 E/B (RONALD REAGAN FREEWAY)","ERRINGER ROAD",190.00,E,N,A,-,Y,,,118,,,,,,E,Y,2,0,1,1,A,-,03,22350,,N,F,I,A,A,H,-,A,D,0,,,Y,,Y,,C,02,1,0,0,0,0,0,0,0,1,"- ","- ",34.282169342041016,-118.7606201171875,VENTURA,"SIMI VALLEY",-118.7606201171875,34.282131195068359
91565109,2021,2021-09-08,9765,2021-08-29,2348,020873,,7,3,6,5608,0,1,2,,1,101,"US-101 S/B",SR-126,1149.00,N,N,A,-,Y,,,101,,,,,,S,Y,2,0,1,1,A,-,01,23152,A,N,E,I,A,A,H,-,D,D,0,,,,,Y,Y,A,01,1,0,0,0,0,0,0,0,0,"- ","- ",34.264640808105469,-119.24092864990234,VENTURA,VENTURA,-119.24095916748047,34.264854431152344
91578219,2021,2021-09-23,9765,2021-09-15,2040,019988,,3,2,9,5600,0,1,3,,1,020,"SR-33 SB","ENCINO DR.",682.00,S,N,A,-,Y,,,33,,,,,,S,N,2,0,1,2,A,-,11,21954,A,N,G,B,E,A,H,-,D,D,0,Y,,,,Y,,N,60,1,0,0,0,1,0,0,0,0,"- ","- ",34.409801483154297,-119.29611206054688,VENTURA,UNINCORPORATED,-119.29610443115234,34.409797668457031
91611483,2021,2021-11-01,9765,2021-10-24,1145,022337,,7,1,9,5600,0,3,5,,2,002,"SANTA ANA ROAD",SR-150,1584.00,S,N,A,-,N,,,,,,,,,,Y,2,0,1,1,A,-,08,22107,,N,F,I,A,A,H,-,A,D,0,,,Y,,Y,,C,02,1,0,0,0,0,0,0,0,1,"- ","- ",34.414348602294922,-119.33673858642578,VENTURA,UNINCORPORATED,-119.33731079101562,34.416721343994141
91614729,2021,2021-11-03,9765,2021-10-22,0340,019034,,5,3,9,5600,0,1,2,,2,103,"US-101 S/B","PADRE JUAN CANYON RD.",2026.00,N,N,A,-,Y,,,101,,,,,,S,Y,2,0,2,2,A,-,01,23152,A,M,C,C,A,A,H,-,D,D,0,,,,,Y,Y,A,01,1,0,1,0,0,0,0,0,0,"- ","- ",34.324630737304688,-119.39362335205078,VENTURA,UNINCORPORATED,-119.39358520507812,34.324665069580078
9163020,2020,2020-11-19,5608,2020-09-18,1154,506,,5,5,6,5608,0,0,0,,0,001,"VENTURA AV","HARRISON AV",0.00,,Y,A,-,N,,,,,,,,,,N,2,0,1,2,A,-,09,21801,A,N,D,C,A,A,H,-,A,A,0,,,Y,,Y,,A,07,1,0,0,0,0,0,0,0,1,"- ","- ",,,VENTURA,VENTURA,-119.29942321777344,34.286048889160156
91635486,2021,2021-11-26,9765,2021-11-13,1700,020729,,6,2,9,5600,0,3,5,,2,006,"HUENEME ROAD","EDISON DRIVE",1240.00,E,N,A,-,N,,,,,,,,,,Y,2,0,3,3,A,-,01,23152,G,N,G,C,F,A,H,-,B,D,0,Y,,,,Y,,A,07,3,0,0,0,1,0,0,0,0,"- ","- ",34.147380828857422,-119.16242980957031,VENTURA,UNINCORPORATED,-119.16254425048828,34.147335052490234
91635500,2021,2021-11-26,9770,2021-10-29,2110,021738,,5,2,9,5600,0,1,3,,1,051,"SR-118 E/B (LOS ANGELES AVENUE)","SAND CANYON ROAD",500.00,E,N,A,-,Y,,,118,,,,,,E,Y,2,0,1,3,A,-,01,23152,A,N,B,C,A,A,H,-,D,D,0,,,,Y,Y,Y,A,01,1,0,0,0,0,0,0,0,0,"- ","- ",34.265838623046875,-118.97501373291016,VENTURA,UNINCORPORATED,-118.97501373291016,34.265838623046875
91644446,2021,2021-12-06,9770,2021-11-21,0139,021341,,7,3,6,5607,0,1,2,,2,074,"US-101 N/B (VENTURA FREEWAY)","WESTLAKE BOULEVARD",211.00,N,N,A,-,Y,,,101,,,,,,N,Y,2,0,1,2,A,-,01,23152,A,N,D,C,A,A,H,-,C,D,0,,,,,Y,Y,A,07,1,0,0,0,0,0,0,0,0,"- ","- ",34.161518096923828,-118.83074188232422,VENTURA,"THOUSAND OAKS",-118.83074951171875,34.161510467529297
91645604,2021,2021-12-07,9770,2021-11-26,0050,021485,,5,3,6,5607,0,1,2,,2,075,"US-101 N/B (VENTURA FREEWAY)","LYNN ROAD",350.00,N,N,A,-,Y,,,101,,,,,,N,Y,2,0,1,1,A,-,01,23152,A,N,E,9,A,A,H,-,D,D,0,,,,,Y,Y,A,07,1,0,0,0,0,0,0,0,0,"- ","- ",34.184360504150391,-118.89311218261719,VENTURA,"THOUSAND OAKS",-118.89313507080078,34.184284210205078
91697997,2022,2022-02-10,9765,2022-02-06,0250,022506,,7,3,9,5600,0,1,3,,2,041,"SR-126 W/B (SANTA PAULA FREEWAY)","BRIGGS ROAD",1954.00,W,N,A,-,Y,VEN,,126,,R,8.528,H,,L,Y,2,0,1,1,A,-,08,22107,,N,E,I,A,A,H,-,D,D,0,,,,,Y,,-,"- ",1,0,0,0,0,0,0,0,0,"- ","- ",34.319370269775391,-119.10665893554688,VENTURA,UNINCORPORATED,-119.10661315917969,34.319316864013672
91702355,2022,2022-02-16,9765,2022-02-05,0950,022296,,6,1,9,5600,0,3,5,,2,006,"RICE ROAD","PLEASANT VALLEY ROAD",2640.00,S,N,A,-,N,,,,,,,,,,Y,2,0,1,1,A,-,08,22107,,N,E,I,A,A,H,-,A,D,0,,,,,Y,,A,07,1,0,0,0,0,0,0,0,0,"- ","- ",34.159858703613281,-119.13813018798828,VENTURA,UNINCORPORATED,-119.13790130615234,34.160293579101562
91705626,2022,2022-02-22,9765,2022-02-08,1220,021682,,2,1,9,5600,0,3,5,,2,001,"SR-33 N/B","NORDHOFF RIDGE ROAD",17107.00,N,N,A,-,Y,VEN,,33,,,20.967,H,,R,N,2,0,1,1,A,-,08,22107,,N,E,I,A,A,H,-,A,D,0,,,Y,,Y,,C,02,1,0,0,0,0,0,0,0,1,"- ","- ",34.517078399658203,-119.28147888183594,VENTURA,UNINCORPORATED,-119.28150939941406,34.517078399658203
91706917,2022,2022-02-23,9770,2022-02-10,0500,018332,,4,3,9,5600,0,1,3,,1,057,"SR/23 (CHAMBERGSBURG WAY)","PASADENA AVE",500.00,S,N,A,-,Y,VEN,,23,,,22.689,H,,R,N,2,0,1,1,A,-,08,22107,,N,E,I,A,A,H,-,D,D,0,,,,,Y,,D,22,1,0,0,0,0,0,0,0,0,"- ","- ",34.374668121337891,-118.91568756103516,VENTURA,UNINCORPORATED,-118.91567993164062,34.374671936035156
91723226,2022,2022-03-15,9765,2022-03-06,1535,020708,,7,2,6,5608,0,1,2,,2,301,"US-101 S/B (VENTURA FREEWAY)","SEAWARD AVENUE",1400.00,S,N,A,-,Y,VEN,,101,,,28.045,H,,L,Y,2,0,1,2,A,-,03,22350,,F,C,C,A,A,H,-,A,D,0,,,Y,,Y,,-,99,1,0,0,0,0,0,0,0,1,"- ","- ",34.262008666992188,-119.26329040527344,VENTURA,VENTURA,-119.26328277587891,34.262031555175781
91762948,2022,2022-05-03,9765,2022-04-24,1335,022518,,7,1,9,5600,0,1,3,,1,021,"SR-33 (MARICOPA HIGHWAY)","MATILIJA CANYON ROAD",32736.00,N,N,A,-,Y,VEN,,33,,,22.409,H,,R,N,2,0,1,2,A,-,08,22107,,N,B,C,A,A,H,-,A,D,0,,,Y,,Y,,C,02,1,0,0,0,0,0,0,0,1,"- ","- ",34.530021667480469,-119.26846313476562,VENTURA,UNINCORPORATED,-119.26845550537109,34.530029296875
91773701,2022,2022-05-17,9765,2022-05-06,1605,022518,,5,2,9,5600,0,1,3,,1,022,"SR-150 (BALDWIN RD)","DE LA GARRIGUE ROAD",493.00,W,N,A,-,Y,VEN,,150,,,12.063,H,,R,N,2,0,1,1,A,-,08,22107,,N,F,A,A,A,H,-,A,A,0,,,Y,,Y,,C,02,1,0,0,0,0,0,0,0,1,"- ","- ",34.425300598144531,-119.32669067382812,VENTURA,UNINCORPORATED,-119.32668304443359,34.425296783447266
9182135,2020,2020-12-03,5609,2020-10-28,0751,452,107,3,5,6,5609,0,0,0,,0,001,"ENCHANTED WY","1ST ST",498.00,W,N,A,-,N,,,,,,,,,,Y,2,0,1,2,A,-,08,22107,,F,G,B,E,A,H,-,A,D,0,Y,,,,Y,,A,01,1,0,0,0,1,0,0,0,0,"- ","- ",34.283199310302734,-118.77876281738281,VENTURA,"SIMI VALLEY",-118.78049468994141,34.282947540283203
91821636,2022,2022-07-20,9770,2022-07-11,1755,020832,,1,2,9,5600,0,1,3,,1,045,"SR-126 E/B (EAST TELEGRAPH ROAD)","HOWE ROAD",0.00,,Y,A,-,Y,VEN,,126,,R,27.666,H,,R,Y,2,0,4,2,A,-,09,21801,A,N,A,C,A,A,H,-,A,D,0,,,,,Y,,A,01,1,2,1,0,0,0,0,0,0,"- ","- ",34.401138305664062,-118.80526733398438,VENTURA,UNINCORPORATED,-118.80526733398438,34.401123046875
9184215,2020,2020-12-14,5608,2020-10-31,0012,439,,6,5,6,5608,0,0,0,,0,002,"MAIN ST","LEMON GROVE AV",166.00,W,N,A,-,N,,,,,,,,,,Y,2,0,3,1,A,-,08,22107,,N,E,I,A,A,H,-,C,D,0,,,,,Y,Y,A,01,1,2,0,0,0,0,0,0,0,"- ","- ",,,VENTURA,VENTURA,-119.24948883056641,34.26641845703125
91857836,2022,2022-09-06,9765,2022-08-27,1955,022453,,6,2,9,5600,0,1,3,,1,020,"SR-33 S/B (OJAI FREEWAY)","WEST MAIN STREET",2800.00,N,N,A,-,Y,VEN,,33,,,0.726,H,,L,N,2,0,1,1,A,-,08,22107,,N,F,A,A,A,H,-,C,D,0,,,Y,,Y,,C,02,1,0,0,0,0,0,0,0,1,"- ","- ",34.289398193359375,-119.30684661865234,VENTURA,UNINCORPORATED,-119.30684661865234,34.289402008056641
91876011,2022,2022-09-28,9770,2022-05-13,0335,021306,,5,3,9,5600,0,1,3,,1,045,"SR-126 E/B (EAST TELEGRAPH ROAD)","NEWHALL ORCHARD",218.20,W,N,A,-,Y,VEN,,126,,R,31.608,H,,R,Y,1,1,0,1,A,-,01,23152,A,N,F,A,A,A,H,-,D,D,0,,,,,Y,Y,A,01,0,0,0,0,0,0,0,0,0,"- ","- ",34.405811309814453,-118.74138641357422,VENTURA,UNINCORPORATED,-118.74140167236328,34.405849456787109
91880561,2022,2022-10-03,9765,2022-09-24,0040,022387,,6,3,5,5601,0,1,2,,2,504,"US-101 N/B TO FLYNN RD","MISSION OAKS BLVD",75.00,S,N,A,-,Y,,,,,,,,,,Y,2,0,1,1,A,-,01,23152,A,M,A,8,A,A,H,-,C,A,0,,,,,Y,Y,A,01,1,0,0,0,0,0,0,0,0,"- ","- ",34.216339111328125,-119.02216339111328,VENTURA,CAMARILLO,-119.02216339111328,34.216339111328125
91888480,2022,2022-10-12,9770,2022-10-09,1900,021738,,7,2,6,5607,0,1,2,,2,073,"US-101 S/B (VENTURA FREEWAY)","VENTU PARK ROAD OVERCROSSING",1070.00,S,N,A,-,Y,VEN,,101,,,5.971,H,,L,N,2,0,1,1,A,-,03,22350,,N,F,A,A,A,H,-,C,D,0,,,Y,,Y,,C,02,1,0,0,0,0,0,0,0,1,"- ","- ",34.184310913085938,-118.90744018554688,VENTURA,"THOUSAND OAKS",-118.90744018554688,34.184318542480469
91905323,2022,2022-10-31,9765,2022-10-22,0250,021682,,6,3,6,5608,0,1,3,,2,053,"VINEYARD AVE (SR-232)",SR-118,0.00,,Y,A,-,Y,VEN,,232,,R,4.110,H,,R,Y,2,0,1,1,A,-,01,23152,A,N,E,I,A,A,H,-,C,A,0,,,,,Y,Y,A,01,1,0,0,0,0,0,0,0,0,"- ","- ",34.274078369140625,-119.13514709472656,VENTURA,VENTURA,-119.13526153564453,34.273971557617188
91907889,2022,2022-11-02,9770,2022-10-28,1325,017409,,5,1,6,5607,0,1,2,,2,074,"US-101 N/B (VENTURA FREEWAY)","LOS ANGELES/VENTURA COUNTY LINE",105.00,W,N,A,-,Y,VEN,,101,,,0.022,H,,R,Y,2,0,2,2,A,-,08,22107,,N,B,C,A,A,H,-,A,D,0,,,,,Y,,A,07,1,0,1,0,0,0,0,0,0,"- ","- ",34.152618408203125,-118.81494140625,VENTURA,"THOUSAND OAKS",-118.81496429443359,34.152565002441406
91912548,2022,2022-11-08,9770,2022-11-01,0327,020832,,2,3,6,5607,0,1,2,,2,072,"US-101 N/B (VENTURA FREEWAY)","HAMPSHIRE ROAD",550.00,S,N,A,-,Y,VEN,,101,,,1.342,H,,R,Y,2,0,1,1,A,-,01,23152,A,N,E,8,A,A,H,-,C,D,0,,,,,Y,Y,A,07,1,0,0,0,0,0,0,0,0,"- ","- ",34.163558959960938,-118.83364105224609,VENTURA,"THOUSAND OAKS",-118.83371734619141,34.163478851318359
9192517,2020,2021-01-19,5600,2020-09-12,0830,4550,9174,6,5,6,5607,0,0,0,,0,9D01,"RT 23","BAY DR",140.00,N,N,A,-,Y,VEN,7,23,-,R,2.430,H,-,N,Y,2,0,1,2,A,-,00,23153,F,N,G,B,E,A,H,-,A,D,0,Y,,,,Y,,A,07,1,0,0,0,1,0,0,0,0,"- ","- ",34.149890899658203,-118.83651733398438,VENTURA,"THOUSAND OAKS",-118.83608245849609,34.149822235107422
91943225,2022,2022-12-15,9765,2022-12-11,1716,021999,,7,2,9,5600,0,3,5,,2,005,"BRADLEY ROAD","DUSTY LANE",150.00,S,N,A,-,N,,,,,,,,,,N,2,0,1,2,A,-,11,21956,A,N,G,B,E,B,H,-,D,D,0,Y,,,,Y,Y,N,60,1,0,0,0,1,0,0,0,0,"- ","- ",34.310440063476562,-118.98075103759766,VENTURA,UNINCORPORATED,-118.98062133789062,34.31048583984375
91969728,2022,2023-01-17,9770,2022-09-02,1901,020169,,5,2,9,5600,0,2,4,,1,062,"EAST POTRERO ROAD","PIXTON STREET",865.00,W,N,B,-,N,,,,,,,,,,Y,1,1,0,1,A,-,01,23152,G,N,F,I,A,A,H,-,A,A,0,,,Y,,Y,Y,C,02,0,0,0,0,0,0,0,1,0,"- ","- ",34.143329620361328,-118.87541961669922,VENTURA,UNINCORPORATED,-118.87520599365234,34.143299102783203
91969946,2022,2023-01-17,9765,2022-07-30,2249,018884,,6,3,9,5600,0,3,5,,2,004,"FOOTHILL ROAD","ALISO CANYON ROAD",1584.00,W,N,A,-,N,,,,,,,,,,Y,1,1,1,2,A,-,01,23152,A,N,A,C,A,A,H,-,D,D,0,,,,,Y,Y,A,07,0,1,0,0,0,0,0,0,0,"- ","- ",34.311729431152344,-119.14753723144531,VENTURA,UNINCORPORATED,-119.14787292480469,34.311599731445312
91982126,2022,2023-02-06,9765,2022-03-06,0201,022518,,7,3,6,5608,0,1,2,,2,301,"US-101 S/B (VENTURA FREEWAY)","VICTORIA AVENUE",114.00,S,N,A,-,Y,VEN,,101,,R,24.659,H,,L,N,1,2,1,2,A,-,03,22350,,N,A,C,A,A,H,-,C,D,0,,,,,Y,Y,A,01,1,0,0,0,0,0,0,0,0,"- ","- ",34.25244140625,-119.21108245849609,VENTURA,VENTURA,-119.21109008789062,34.252433776855469
91984901,2023,2023-02-02,9770,2023-01-22,"450 ",020849,,7,3,9,5600,0,1,3,,2,082,"SR-118 (RONALD REAGAN FREEWAY)","ROCKY PEAK RD",13.00,W,N,A,-,Y,VEN,,118," ",R,32.433,H,,L,Y,2,0,2,1,A,-,01,23152,A,N,E,I,A,A,H,-,D,D,0,,,,,Y,,A,01,1,1,0,0,0,0,0,0,0,"- ","- ",34.268131256103516,-118.63568878173828,VENTURA,UNINCORPORATED,-118.63561248779297,34.268062591552734
91991908,2022,2023-02-10,9770,2022-09-18,2344,020849,,7,3,6,5609,0,1,3,,2,083,"SR-118 E/B (RONALD REAGAN FREEWAY)","GALENA AVENUE",866.00,E,N,A,-,Y,VEN,,118,,R,26.467,H,,R,N,1,1,0,1,A,-,01,23152,A,N,E,I,A,A,H,-,D,D,0,,,,,Y,Y,A,01,0,0,0,0,0,0,0,0,0,"- ","- ",34.282249450683594,-118.73265838623047,VENTURA,"SIMI VALLEY",-118.73265838623047,34.282127380371094