CASE_ID,ACCIDENT_YEAR,PROC_DATE,JURIS,COLLISION_DATE,COLLISION_TIME,OFFICER_ID,REPORTING_DISTRICT,DAY_OF_WEEK,CHP_SHIFT,POPULATION,CNTY_CITY_LOC,SPECIAL_COND,BEAT_TYPE,CHP_BEAT_TYPE,CITY_DIVISION_LAPD,CHP_BEAT_CLASS,BEAT_NUMBER,PRIMARY_RD,SECONDARY_RD,DISTANCE,DIRECTION,INTERSECTION,WEATHER_1,WEATHER_2,STATE_HWY_IND,CALTRANS_COUNTY,CALTRANS_DISTRICT,STATE_ROUTE,ROUTE_SUFFIX,POSTMILE_PREFIX,POSTMILE,LOCATION_TYPE,RAMP_INTERSECTION,SIDE_OF_HWY,TOW_AWAY,COLLISION_SEVERITY,NUMBER_KILLED,NUMBER_INJURED,PARTY_COUNT,PRIMARY_COLL_FACTOR,PCF_CODE_OF_VIOL,PCF_VIOL_CATEGORY,PCF_VIOLATION,PCF_VIOL_SUBSECTION,HIT_AND_RUN,TYPE_OF_COLLISION,MVIW,PED_ACTION,ROAD_SURFACE,ROAD_COND_1,ROAD_COND_2,LIGHTING,CONTROL_DEVICE,CHP_ROAD_TYPE,PEDESTRIAN_ACCIDENT,BICYCLE_ACCIDENT,MOTORCYCLE_ACCIDENT,TRUCK_ACCIDENT,NOT_PRIVATE_PROPERTY,ALCOHOL_INVOLVED,STWD_VEHTYPE_AT_FAULT,CHP_VEHTYPE_AT_FAULT,COUNT_SEVERE_INJ,COUNT_VISIBLE_INJ,COUNT_COMPLAINT_PAIN,COUNT_PED_KILLED,COUNT_PED_INJURED,COUNT_BICYCLIST_KILLED,COUNT_BICYCLIST_INJURED,COUNT_MC_KILLED,COUNT_MC_INJURED,PRIMARY_RAMP,SECONDARY_RAMP,LATITUDE,LONGITUDE,COUNTY,CITY,POINT_X,POINT_Y
92017845,2022,2023-03-14,9765,2022-08-10,0920,019988,,3,1,9,5600,0,1,3,,1,012,"SR-1 (PACIFIC COAST HIGHWAY)","SOLIMAR BEACH DRIVE",3266.00,S,N,A,-,Y,VEN,,1,,,22.462,H,,R,N,1,1,0,2,A,-,01,23152,F,N,G,B,F,A,H,-,A,D,0,Y,,,,Y,Y,D,22,0,0,0,1,0,0,0,0,0,"- ","- ",34.303909301757812,-119.34848785400391,VENTURA,UNINCORPORATED,-119.34839630126953,34.303981781005859
92018923,2023,2023-03-15,9765,2023-03-07,2010,022318,,2,2,9,5600,0,1,3,,1,062,"SR-1 (PACIFIC COASH HIGHWAY)","LAGUNAS PEAK ACCESS ROAD",3600.00,S,N,A,-,Y,VEN,,1," "," ",9.109,H,,R,Y,2,0,2,1,A,-,01,23152,A,N,E,I,A,A,H,-,C,D,0,,,,,Y,Y,A,01,2,0,0,0,0,0,0,0,0,"- ","- ",34.101978302001953,-119.08114624023438,VENTURA,UNINCORPORATED,-119.08111572265625,34.101974487304688
92036430,2023,2023-04-04,9770,2023-03-25,1030,023217,,6,1,9,5600,0,2,4,,1,031,"SANTA ROSA ROAD","BLANCHARD ROAD",140.00,W,N,A,-,N,,,,,,,,,,N,2,0,1,1,D,-,00,,,N,F,A,A,A,H,-,A,A,0,,Y,,,Y,,-,"- ",1,0,0,0,0,0,1,0,0,"- ","- ",34.236598968505859,-118.92115783691406,VENTURA,UNINCORPORATED,-118.92102813720703,34.236679077148438
92036727,2022,2023-04-04,9765,2022-12-25,0345,022345,,7,3,6,5608,0,1,3,,2,040,"SR-126 E/B FROM WELLS RD N/B","WELLS ROAD",280.00,E,N,A,-,Y,,,,,,,,,,Y,1,1,0,1,A,-,01,23152,A,N,E,8,A,A,H,-,C,D,0,,,,,Y,Y,D,22,0,0,0,0,0,0,0,0,0,"- ","- ",34.289100646972656,-119.15521240234375,VENTURA,VENTURA,-119.15521240234375,34.289100646972656
92089091,2023,2023-06-08,9765,2023-05-28,"143 ",018884,,7,3,9,5600,0,3,5,,2,004,"FOOTHILL ROAD","SATICOY AVENUE",528.00,W,N,A,-,N,,,,,,,,,,Y,2,0,1,1,A,-,01,23152,A,N,F,I,A,A,H,-,D,B,0,,,,,Y,Y,A,01,1,0,0,0,0,0,0,0,0,"- ","- ",34.296249389648438,-119.17494964599609,VENTURA,UNINCORPORATED,-119.17482757568359,34.2962646484375
92090107,2023,2023-06-09,9770,2023-01-20,"626 ",017973,,5,1,9,5600,0,2,4,,1,032,"MOORPARK ROAD","READ ROAD",1620.00,N,N,A,-,N,,,,,,,,,,Y,1,1,1,3,A,-,05,21460,A,N,A,C,A,A,H,-,B,D,0,,,,,Y,,A,01,1,0,0,0,0,0,0,0,0,"- ","- ",34.254730224609375,-118.86463165283203,VENTURA,UNINCORPORATED,-118.864501953125,34.254615783691406
92097676,2023,2023-06-20,9765,2023-06-12,1312,016234,,1,1,9,5600,0,3,5,,2,005,"AGGEN ROAD","BERYLWOOD ROAD",3100.00,S,N,A,-,N,,,,,,,,,,Y,2,0,1,1,A,-,08,22107,,N,E,8,A,A,H,-,A,D,0,,,,,Y,,A,01,1,0,0,0,0,0,0,0,0,"- ","- ",34.276851654052734,-119.03466033935547,VENTURA,UNINCORPORATED,-119.03459930419922,34.277042388916016
92108861,2022,2023-07-03,9765,2022-11-06,0422,018884,,7,3,9,5600,0,1,3,,1,062,"SR-1 (PACIFIC COAST HIGHWAY)","NAVAL BASE VENTURA COUNTY WEAPONS RANGE ENTRANCE",4650.00,N,N,A,-,Y,VEN,,1,,,8.839,H,,R,Y,1,5,0,2,A,-,01,23152,A,N,A,C,A,A,H,-,D,D,0,,,,,Y,Y,A,01,0,0,0,0,0,0,0,0,0,"- ","- ",34.098991394042969,-119.07829284667969,VENTURA,UNINCORPORATED,-119.07828521728516,34.0989990234375
92135092,2023,2023-08-03,9765,2023-07-21,1714,020832,,5,2,9,5600,0,1,3,,1,068,SR-34,"WOOD ROAD",1056.00,E,N,A,-,N,,,,,,,,,,Y,2,0,2,2,A,-,08,22107,,N,A,C,A,A,H,-,A,D,0,,,,,Y,,A,01,1,1,0,0,0,0,0,0,0,"- ","- ",34.196540832519531,-119.09255218505859,VENTURA,UNINCORPORATED,-119.09255218505859,34.196533203125
9213898,2021,2021-03-09,5600,2021-01-13,1604,2913,9100,3,5,6,5607,0,0,0,,0,9B01,"BRAZIL ST","PENNSFIELD PL",0.00,,Y,A,-,N,,,,,,,,,,Y,2,0,1,2,A,-,09,21802,A,N,D,C,A,A,H,-,A,A,0,,,Y,,Y,,A,01,1,0,0,0,0,0,0,0,1,"- ","- ",34.183929443359375,-118.87429809570312,VENTURA,"THOUSAND OAKS",-118.87422943115234,34.183917999267578
92140592,2023,2023-08-10,9765,2023-08-03,1806,020832,,4,2,9,5600,0,3,5,,2,003,"HARBOR BLVD","W. GONZALEZ RD.",750.00,N,N,A,-,N,,,,,,,,,,Y,2,0,1,2,A,-,05,21651,B,N,B,C,A,A,H,-,A,D,0,,,Y,,Y,,C,02,1,0,0,0,0,0,0,0,1,"- ","- ",34.221279144287109,-119.25525665283203,VENTURA,UNINCORPORATED,-119.25475311279297,34.220355987548828
92143860,2023,2023-08-15,9765,2023-08-07,1754,020832,,1,2,9,5600,0,3,5,,2,006,"HUENEME ROAD","LAS POSAS ROAD",0.00,,Y,A,-,N,,,,,,,,,,Y,2,0,1,2,A,-,03,22350,,N,C,C,A,A,H,-,A,A,0,,,,,Y,,A,01,1,0,0,0,0,0,0,0,0,"- ","- ",34.157211303710938,-119.07691192626953,VENTURA,UNINCORPORATED,-119.07669067382812,34.157367706298828
92152652,2022,2023-08-24,9765,2022-11-06,2210,022518,,7,3,6,5604,0,1,2,,2,501,"US-101 S/B (VENTURA FREEWAY)","RICE AVENUE",0.00,,Y,A,-,Y,VEN,,101,,,21.265,H,,L,Y,1,1,0,4,A,-,01,23152,A,F,C,C,A,A,H,-,C,D,0,,,Y,,Y,Y,A,01,0,0,0,0,0,0,0,1,0,"- ","- ",34.226119995117188,-119.162841796875,VENTURA,OXNARD,-119.162841796875,34.226112365722656
92172325,2023,2023-09-18,9765,2023-09-12,"835 ",019930,,2,1,6,5608,0,1,3,,2,040,"SR-126 E/B (SANTA PAULA FREEWAY)","VICTORIA AVENUE",350.00,E,N,A,-,Y,VEN,,126," "," ",1.340,H,,R,Y,2,0,1,1,A,-,03,22350,,N,E,I,A,A,H,-,A,D,0,,,,,Y,,A,01,1,0,0,0,0,0,0,0,0,"- ","- ",34.270950317382812,-119.21542358398438,VENTURA,VENTURA,-119.21544647216797,34.271083831787109
92181433,2023,2023-09-27,9765,2023-09-18,1215,016234,,1,1,5,5601,0,1,2,,2,502,"US-101 N/B","CENTRAL AVE",4300.00,N,N,A,-,Y,VEN,,101," "," ",18.445,H,,R,Y,2,0,1,1,A,-,01,23152,F,N,E,8,A,A,H,-,A,D,0,,,,,Y,,D,22,1,0,0,0,0,0,0,0,0,"- ","- ",34.222209930419922,-119.11647033691406,VENTURA,CAMARILLO,-119.11647033691406,34.222148895263672
92188784,2023,2023-10-03,9770,2023-09-26,1230,017732,,2,1,4,5690,0,1,3,,2,080,"SR-118 W/B FROM COLLINS DRIVE","COLLINS DRIVE",376.00,E,N,A,-,Y,VEN,,118," ",T,19.905,H,,L,Y,2,0,1,1,A,-,03,22350,,N,F,A,A,A,H,-,A,D,0,,,Y,,Y,,C,02,1,0,0,0,0,0,0,0,1,"- ","- ",34.2935791015625,-118.84413146972656,VENTURA,MOORPARK,-118.8441162109375,34.293437957763672
92200044,2023,2023-10-16,9770,2023-10-10,"845 ",017627,,2,1,6,5609,0,1,3,,2,080,"SR-118 W/B (RONALD REAGAN FREEWAY)","LANDFILL ACCESS ROAD",500.00,E,N,A,-,Y,VEN,,118," ",R,22.660,H,,L,N,2,0,1,2,D,-,00,,,N,B,C,A,A,H,-,A,D,0,,,Y,,Y,,-,"- ",1,0,0,0,0,0,0,0,1,"- ","- ",34.286640167236328,-118.79789733886719,VENTURA,"SIMI VALLEY",-118.79789733886719,34.286640167236328
9220651,2020,2021-02-17,5604,2020-12-26,1455,5475,4031,6,5,6,5604,0,0,0,,0,011,"DEVONSHIRE DR","VENTURA RD",0.00,,Y,A,-,N,,,,,,,,,,N,2,0,1,2,A,-,10,21950,A,N,G,B,B,A,H,-,A,A,0,Y,,,,Y,,A,01,1,0,0,0,1,0,0,0,0,"- ","- ",34.211498260498047,-119.19454193115234,VENTURA,OXNARD,-119.19464111328125,34.211509704589844
92209002,2023,2023-10-26,9770,2023-10-11,"815 ",017732,,3,1,9,5600,0,1,3,,1,051,"SR-118 E/B (LOS ANGELES AVENUE)","LONG CANYON CREEK",1016.00,W,N,A,-,Y,VEN,,118," "," ",12.768,H,,R,Y,2,0,2,5,A,-,03,22350,,N,C,C,A,A,H,-,A,D,0,,,,Y,Y,,A,01,1,0,1,0,0,0,0,0,0,"- ","- ",34.267738342285156,-118.96283721923828,VENTURA,UNINCORPORATED,-118.96282958984375,34.267692565917969
92209142,2023,2023-10-26,9770,2023-10-20,1045,016561,,5,1,6,5607,0,1,2,,2,072,"US-101 N/B (VENTURA FREEWAY)","BORCHARD RD.",560.00,S,N,A,-,Y,VEN,,101," "," ",6.906,H,,R,Y,2,0,1,2,A,-,01,23152,F,N,C,2,A,A,H,-,A,D,0,,,,Y,Y,,A,01,1,0,0,0,0,0,0,0,0,"- ","- ",34.184341430664062,-118.92369842529297,VENTURA,"THOUSAND OAKS",-118.92369842529297,34.184391021728516
92253831,2023,2023-12-06,9765,2023-11-19,2315,022872,,7,3,6,5608,0,1,2,,2,301,"US-101 S/B (VENTURA FWY)","MAIN STREET",335.00,S,N,A,-,Y,VEN,,101," "," ",26.657,H,,L,Y,2,0,1,1,A,-,01,23152,A,N,E,I,A,A,H,-,D,D,0,,,,,Y,Y,A,01,1,0,0,0,0,0,0,0,0,"- ","- ",34.264530181884766,-119.24183654785156,VENTURA,VENTURA,-119.24188995361328,34.264682769775391
92259683,2023,2023-12-12,9765,2023-03-31,2234,022488,,5,3,9,5600,0,1,3,,1,068,"SR-34 (E. FIFTH ST.)","WOLFF ROAD",517.00,W,N,A,-,Y,VEN,,34," "," ",7.769,H,,R,Y,1,1,1,2,A,-,01,23152,A,N,A,C,A,A,H,-,D,D,0,,,,,Y,Y,A,01,0,1,0,0,0,0,0,0,0,"- ","- ",34.196731567382812,-119.1163330078125,VENTURA,UNINCORPORATED,-119.1163330078125,34.196720123291016
9226233,2021,2021-03-05,5600,2021-01-13,1918,4646,5117,3,5,4,5690,0,0,0,,0,2A01,"TIERRA REJADA RD","WALNUT CREEK RD",0.00,,Y,A,-,N,,,,,,,,,,N,2,0,1,2,A,-,12,21453,A,N,D,G,A,A,H,-,C,A,0,,Y,,,Y,,L,04,1,0,0,0,0,0,1,0,0,"- ","- ",34.263698577880859,-118.88655090332031,VENTURA,MOORPARK,-118.88668823242188,34.263637542724609
9227261,2021,2021-04-23,5608,2021-03-04,1410,406,,4,5,6,5608,0,0,0,,0,002,"HARBOR BL","PENINSULA ST",349.00,W,N,A,-,N,,,,,,,,,,Y,2,0,2,4,A,-,08,22107,,N,C,E,A,A,H,-,A,D,0,,,,,Y,,A,01,1,1,0,0,0,0,0,0,0,"- ","- ",,,VENTURA,VENTURA,-119.26538848876953,34.262432098388672
92354227,2023,2024-04-09,9770,2023-12-20,1045,019849,,3,1,6,5607,0,1,3,,2,085,"SR-23 S/B FROM OLSEN ROAD W/B","OLSEN ROAD",80.00,N,N,C,-,Y,VEN,,23," ",R,8.231,H,,L,Y,1,1,1,2,A,-,03,22350,,N,D,C,A,B,H,-,A,D,0,,,,,Y,,D,22,0,0,1,0,0,0,0,0,0,"- ","- ",34.241779327392578,-118.84020233154297,VENTURA,"THOUSAND OAKS",-118.840087890625,34.241756439208984
92361862,2023,2024-04-11,9765,2023-05-26,2016,022318,,5,2,4,5606,0,1,3,,2,041,"SR-126 W/B (SANTA PAULA FREEWAY)","10TH STREET",730.00,E,N,A,-,Y,VEN,,126," ",R,12.203,H,,L,N,1,1,0,2,A,-,09,21804,A,N,D,G,A,A,H,-,C,D,0,,Y,,,Y,,L,04,0,0,0,0,0,1,0,0,0,"- ","- ",34.35089111328125,-119.05577850341797,VENTURA,"SANTA PAULA",-119.0557861328125,34.350902557373047
92377539,2024,2024-04-29,9765,2024-04-14,1016,023703,,7,1,9,5600,0,1,2,,2,501,"US-101 (VENTURA FREEWAY)","ROSE AVENUE O/C",1690.00,S,N,C,-,Y,VEN,,101," "," ",20.695,H,,R,Y,2,0,1,1,A,-,08,22107,,N,E,8,A,B,H,-,A,D,0,,,,,Y,,A,01,1,0,0,0,0,0,0,0,0,"- ","- ",34.223529815673828,-119.15322113037109,VENTURA,UNINCORPORATED,-119.15315246582031,34.223770141601562
92395099,2023,2024-05-21,9765,2023-11-06,2153,022296,,1,2,9,5600,0,3,5,,2,003,"OCEAN DRIVE","OXNARD AVENUE",0.00,,Y,A,-,N,,,,,,,,,,Y,1,1,2,2,A,-,01,23152,G,N,D,C,A,A,H,-,C,D,0,,,Y,,Y,Y,-,"- ",1,0,1,0,0,0,0,1,1,"- ","- ",34.152389526367188,-119.21851348876953,VENTURA,UNINCORPORATED,-119.21858978271484,34.152389526367188
92426060,2024,2024-06-28,9770,2024-06-24,2053,023131,,1,2,9,5600,0,3,5,,2,005,"BROADWAY ROAD","STOCKTON ROAD",0.00,,Y,A,-,N,,,,,,,,,,Y,2,0,1,1,A,-,01,23152,A,N,E,8,A,A,H,-,C,D,0,,,,,Y,Y,A,01,1,0,0,0,0,0,0,0,0,"- ","- ",34.315238952636719,-118.92137145996094,VENTURA,UNINCORPORATED,-118.92132568359375,34.315261840820312
92437653,2024,2024-07-12,9765,2024-07-02,2023,021015,,2,2,9,5600,0,1,3,,1,062,"SR-1 S/B (PACIFIC COAST HIGHWAY)","LA JOLLA CANYON",1531.00,N,N,B,-,Y,VEN,,1," "," ",6.337,H,,L,Y,2,0,8,3,A,-,05,21650,,N,A,C,A,A,H,-,B,D,0,,,,,Y,,A,01,2,3,3,0,0,0,0,0,0,"- ","- ",34.084300994873047,-119.04094696044922,VENTURA,UNINCORPORATED,-119.04094696044922,34.084308624267578
92592150,2024,2024-07-23,9765,2024-07-13,"702 ",022106,,6,1,9,5600,0,1,3,,1,022,SR-150,"RAMELI RANCH RD",1584.00,W,N,B,E,Y,VEN,,150," "," ",2.822,H,,R,Y,2,0,1,1,A,-,08,22107,,N,E,I,A,B,H,-,A,D,0,,,Y,,Y,,C,02,1,0,0,0,0,0,0,0,1,"- ","- ",34.386051177978516,-119.41541290283203,VENTURA,UNINCORPORATED,-119.41537475585938,34.386058807373047
9270417,2021,2021-06-07,5600,2021-05-24,0044,2913,9144,1,5,6,5607,0,0,0,,0,9D01,"WESTLAKE BL","SKELTON CANYON CIR",356.00,N,N,A,-,N,,,,,,,,,,Y,2,0,1,1,A,-,03,22350,,N,E,I,A,A,H,-,D,D,0,,,,,Y,,A,07,1,0,0,0,0,0,0,0,0,"- ","- ",34.172359466552734,-118.824462890625,VENTURA,"THOUSAND OAKS",-118.82036590576172,34.176853179931641
9273746,2021,2021-06-25,5600,2021-05-28,1832,4501,8211,5,5,5,5601,0,0,0,,0,8D01,"ADOLFO RD","MISSION OAKS BL",0.00,,Y,A,-,N,,,,,,,,,,Y,2,0,2,2,A,-,09,21801,A,N,H,C,A,A,H,-,A,A,0,,,,,Y,,A,01,1,1,0,0,0,0,0,0,0,"- ","- ",34.220001220703125,-119.00686645507812,VENTURA,CAMARILLO,-119.00700378417969,34.220016479492188
9342172,2021,2021-11-17,5606,2021-03-30,1310,1116,5606,2,5,4,5606,0,0,0,,0,001,"HARVARD W BL","CRAIG DR",236.00,W,N,A,-,N,,,,,,,,,,Y,2,0,1,2,A,-,09,21801,A,N,D,C,A,A,H,-,A,D,0,,,Y,,Y,,D,22,1,0,0,0,0,0,0,0,1,"- ","- ",,,VENTURA,"SANTA PAULA",-119.07511901855469,34.345340728759766
9370682,2021,2021-12-27,5604,2021-11-04,1857,5459,,4,5,6,5604,0,0,0,,0,041,"E BARD RD","SAN SIMEON AV",25.00,E,N,E,-,N,,,,,,,,,,Y,2,0,2,2,A,-,08,22107,,N,A,C,A,-,A,H,C,D,0,,,,,Y,,A,01,1,1,0,0,0,0,0,0,0,"- ","- ",34.162078857421875,-119.16673278808594,VENTURA,OXNARD,-119.16668701171875,34.162124633789062
9390547,2021,2022-01-24,5604,2021-10-09,1614,5538,,6,5,6,5604,0,0,0,,0,041,"SAVIERS RD","YUCCA ST",200.00,S,N,A,-,N,,,,,,,,,,Y,2,0,1,2,A,-,06,21750,A,F,B,D,A,A,H,-,A,D,0,,,,,Y,,-,,1,0,0,0,0,0,0,0,0,"- ","- ",34.163791656494141,-119.17803192138672,VENTURA,OXNARD,-119.17772674560547,34.165390014648438
9392044,2021,2022-01-24,5608,2021-12-02,2340,437,,4,5,6,5608,0,0,0,,0,001,"E MAIN ST","ANN ST",160.00,E,N,A,-,N,,,,,,,,,,Y,2,0,2,2,A,-,01,23153,A,N,B,E,A,A,H,-,C,D,0,,,,,Y,Y,A,01,1,1,0,0,0,0,0,0,0,"- ","- ",,,VENTURA,VENTURA,-119.28343200683594,34.280853271484375
94379578,2024,2024-09-03,9765,2024-08-25,1212,023739,,7,1,9,5600,0,3,5,,2,006,"YERBA BUENA ROAD","YELLOW HILL FIRE ROAD",3643.00,W,N,A,-,N,,,,,,,,,,Y,2,0,1,1,B,-,22,,,N,F,J,A,A,H,-,A,D,0,,,Y,,Y,,C,02,1,0,0,0,0,0,0,0,1,"- ","- ",34.114421844482422,-118.91822814941406,VENTURA,UNINCORPORATED,-118.94895172119141,34.088130950927734
94389883,2024,2024-09-11,9765,2024-01-22,1435,019988,,1,2,9,5600,0,1,3,,1,042,"SR-126 (EAST TELEGRAPH ROAD)","FLEISCHER REDMAND RD",384.00,W,N,C,-,Y,VEN,,126," ",R,14.783,H,,R,Y,1,1,2,3,A,-,01,23152,F,N,B,C,A,B,H,-,A,D,0,,,,,Y,,A,07,1,1,0,0,0,0,0,0,0,"- ","- ",34.371208190917969,-119.01876831054688,VENTURA,UNINCORPORATED,-119.01871490478516,34.371147155761719
94423119,2024,2024-10-08,9765,2024-09-28,1925,022472,,6,2,9,5600,0,1,3,,2,011,"SR-33 S/B (OJAI FREEWAY)","E. MAIN STREET",1200.00,N,N,A,-,Y,VEN,,33," "," ",0.745,H,,L,Y,2,0,1,1,A,-,01,23152,A,N,F,C,A,A,H,-,D,D,0,,,Y,,Y,Y,C,02,1,0,0,0,0,0,0,0,1,"- ","- ",34.289661407470703,-119.30697631835938,VENTURA,UNINCORPORATED,-119.30687713623047,34.289669036865234
94441063,2024,2024-10-22,9765,2024-10-01,1728,021999,,2,2,9,5600,0,3,5,,2,005,"ALMOND DRIVE","FRIEDRICH ROAD",252.00,S,N,B,-,N,,,,,,,,,,N,2,0,1,2,A,-,11,21950,B,N,G,1,D,A,H,-,A,D,0,Y,,,,Y,,N,60,1,0,0,0,1,0,0,0,0,"- ","- ",34.225711822509766,-119.12908935546875,VENTURA,UNINCORPORATED,-119.12911224365234,34.225677490234375
94489533,2024,2024-12-02,9770,2024-11-16,1430,021738,,6,2,9,5600,0,2,4,,1,087,"SANTA SUSANA PASS ROAD","SANTA SUSANA PASS ROAD AT KATHERINE ROAD",0.00,,Y,A,-,N,,,,,,,,,,Y,2,0,3,3,A,-,09,21804,A,N,D,C,A,A,H,-,A,D,0,,,,,Y,,A,01,1,1,1,0,0,0,0,0,0,"- ","- ",34.260608673095703,-118.66042327880859,VENTURA,UNINCORPORATED,-118.65943145751953,34.260208129882812
94586580,2024,2025-02-21,9770,2024-08-24,2350,023577,,6,3,9,5600,0,1,3,,1,044,"SR-126 W/B (EAST TELEGRAPH ROAD)","TRESTLE WAY",250.00,E,N,A,-,Y,VEN,,126," ",R,22.933,H,,L,Y,1,1,0,2,A,-,11,21954,A,N,G,B,E,A,H,-,D,D,0,Y,,,,Y,Y,N,60,0,0,0,1,0,0,0,0,0,"- ","- ",34.396381378173828,-118.88767242431641,VENTURA,UNINCORPORATED,-118.88767242431641,34.396369934082031
9465283,2022,2022-12-16,5604,2022-11-03,0805,5065,,4,5,6,5604,0,0,0,,0,011,"H ST","GLENWOOD DT",5.00,N,N,A,-,N,,,,,,,,,,N,2,0,1,2,A,-,10,21950,A,N,G,B,B,A,H,-,A,A,0,Y,,,,Y,,A,08,1,0,0,0,1,0,0,0,0,"- ","- ",34.214481353759766,-119.18795776367188,VENTURA,OXNARD,-119.18795776367188,34.214523315429688
94668632,2025,2025-04-29,9765,2025-04-18,"915 ",024278,,5,1,6,5604,0,1,2,,2,302,"US-101 N/B (VENTURA FREEWAY)","OXNARD BLVD.",686.00,S,N,A,-,Y,VEN,,101," "," ",22.575,H,,R,Y,2,0,3,4,A,-,01,23152,A,N,D,C,A,A,H,-,A,D,0,,,,Y,Y,Y,A,07,1,1,1,0,0,0,0,0,0,"- ","- ",34.238368988037109,-119.17887115478516,VENTURA,OXNARD,-119.17889404296875,34.238346099853516
94683559,2025,2025-05-12,9770,2025-05-03,1450,022318,,6,2,6,5607,0,1,2,,2,071,"US-101 S/B (VENTURA FREEWAY)","CAMARILLO SPRINGS ROAD",5280.00,S,N,B,-,Y,VEN,,101," "," ",9.679,H,,L,Y,2,0,2,1,A,-,08,22107,,N,E,I,A,B,H,-,A,D,0,,,,,Y,,A,01,1,1,0,0,0,0,0,0,0,"- ","- ",34.200851440429688,-118.96663665771484,VENTURA,"THOUSAND OAKS",-118.96662902832031,34.200965881347656
94694645,2025,2025-05-20,9770,2025-05-12,1555,021738,,1,2,6,5609,0,1,3,,2,082,"SR-118 W/B (RONALD REAGAN FREEWAY)","YOSEMITE AVE. OVERCROSSING",350.00,E,N,A,-,Y,VEN,,118," ",R,29.619,H,,L,Y,2,0,2,1,A,-,08,22107,,N,F,A,A,A,H,-,A,D,0,,,,,Y,,A,07,1,0,1,0,0,0,0,0,0,"- ","- ",34.281730651855469,-118.67759704589844,VENTURA,"SIMI VALLEY",-118.67759704589844,34.281734466552734
94712690,2025,2025-06-04,9770,2025-05-23,1650,023812,,5,2,9,5600,0,1,3,,1,057,"SR-23 (GRIMES CANYON ROAD)","3500 GRIMES CANYON ROAD",2006.00,S,N,A,-,Y,VEN,,23," "," ",19.741,H,,R,N,2,0,1,1,A,-,08,22107,,N,E,8,A,A,H,-,A,D,0,,,,,Y,,A,08,1,0,0,0,0,0,0,0,0,"- ","- ",34.344608306884766,-118.90689849853516,VENTURA,UNINCORPORATED,-118.9068603515625,34.344596862792969
94733815,2025,2025-06-20,9765,2025-03-26,1453,024186,,3,2,9,5600,0,1,3,,1,023,"SR-150 (OJAI ROAD)","SISAR ROAD",396.00,W,N,B,-,Y,VEN,,150," "," ",25.421,H,,R,Y,1,1,0,1,A,-,08,22107,,N,E,8,A,A,H,-,A,D,0,,,Y,,Y,,C,02,0,0,0,0,0,0,0,1,0,"- ","- ",34.436538696289062,-119.138671875,VENTURA,UNINCORPORATED,-119.13867950439453,34.436500549316406
94735639,2025,2025-06-23,9770,2025-06-12,1600,021738,,4,2,9,5600,0,2,4,,1,062,"POTRERO ROAD","THORTON RANCH ROAD",10.00,W,N,A,-,N,,,,,,,,,,Y,2,0,1,1,A,-,01,23152,A,N,F,8,A,A,H,-,A,D,0,,,Y,,Y,Y,C,02,1,0,0,0,0,0,0,0,1,"- ","- ",34.152259826660156,-118.90355682373047,VENTURA,UNINCORPORATED,,
9510915,2022,2023-01-06,5608,2022-11-19,2017,548,,6,5,6,5608,0,0,0,,0,004,"RAMELLI AV","RALSTON ST",0.00,,Y,A,-,N,,,,,,,,,,Y,2,0,3,2,A,-,01,23153,A,N,D,C,A,A,H,-,C,D,0,,,,,Y,Y,A,01,1,2,0,0,0,0,0,0,0,"- ","- ",,,VENTURA,VENTURA,-119.19222259521484,34.261856079101562
9521707,2022,2022-11-15,5604,2022-09-09,1620,5608,,5,5,6,5604,0,0,0,,0,024,"E BAY BL","VENTURA RD",0.00,,Y,A,-,N,,,,,,,,,,Y,2,0,1,2,A,-,09,21801,A,N,A,C,A,A,H,-,A,A,0,,,Y,,Y,,D,22,1,0,0,0,0,0,0,0,1,"- ","- ",34.178230285644531,-119.19496917724609,VENTURA,OXNARD,-119.19509124755859,34.178230285644531
9525261,2023,2023-02-24,5608,2023-01-27,1632,524,VENTU,5,5,6,5608,0,0,0,,0,003,"TELEPHONE RD","HOLLYHOCK AV",300.00,E,N,A,-,N,,,,,,,,,,N,2,0,1,2,A,-,17,21209,,N,C,G,A,A,H,-,A,A,0,,Y,,Y,Y,,F,26,1,0,0,0,0,0,1,0,0,"- ","- ",,,VENTURA,VENTURA,-119.15519714355469,34.281402587890625
9551957,2023,2023-04-13,5608,2023-02-26,"140 ",477,,7,5,6,5608,0,0,0,,0,003,"HOLLINGS ST","HUNTER ST",90.00,N,N,B,-,N,,,,,,,,,,Y,2,0,1,2,A,-,01,23152,A,N,E,I,A,B,H,-,C,A,0,,,,,Y,Y,A,01,1,0,0,0,0,0,0,0,0,"- ","- ",,,VENTURA,VENTURA,-119.22132110595703,34.277797698974609