CASE_ID,ACCIDENT_YEAR,PROC_DATE,JURIS,COLLISION_DATE,COLLISION_TIME,OFFICER_ID,REPORTING_DISTRICT,DAY_OF_WEEK,CHP_SHIFT,POPULATION,CNTY_CITY_LOC,SPECIAL_COND,BEAT_TYPE,CHP_BEAT_TYPE,CITY_DIVISION_LAPD,CHP_BEAT_CLASS,BEAT_NUMBER,PRIMARY_RD,SECONDARY_RD,DISTANCE,DIRECTION,INTERSECTION,WEATHER_1,WEATHER_2,STATE_HWY_IND,CALTRANS_COUNTY,CALTRANS_DISTRICT,STATE_ROUTE,ROUTE_SUFFIX,POSTMILE_PREFIX,POSTMILE,LOCATION_TYPE,RAMP_INTERSECTION,SIDE_OF_HWY,TOW_AWAY,COLLISION_SEVERITY,NUMBER_KILLED,NUMBER_INJURED,PARTY_COUNT,PRIMARY_COLL_FACTOR,PCF_CODE_OF_VIOL,PCF_VIOL_CATEGORY,PCF_VIOLATION,PCF_VIOL_SUBSECTION,HIT_AND_RUN,TYPE_OF_COLLISION,MVIW,PED_ACTION,ROAD_SURFACE,ROAD_COND_1,ROAD_COND_2,LIGHTING,CONTROL_DEVICE,CHP_ROAD_TYPE,PEDESTRIAN_ACCIDENT,BICYCLE_ACCIDENT,MOTORCYCLE_ACCIDENT,TRUCK_ACCIDENT,NOT_PRIVATE_PROPERTY,ALCOHOL_INVOLVED,STWD_VEHTYPE_AT_FAULT,CHP_VEHTYPE_AT_FAULT,COUNT_SEVERE_INJ,COUNT_VISIBLE_INJ,COUNT_COMPLAINT_PAIN,COUNT_PED_KILLED,COUNT_PED_INJURED,COUNT_BICYCLIST_KILLED,COUNT_BICYCLIST_INJURED,COUNT_MC_KILLED,COUNT_MC_INJURED,PRIMARY_RAMP,SECONDARY_RAMP,LATITUDE,LONGITUDE,COUNTY,CITY,POINT_X,POINT_Y
9571032,2023,2023-05-05,5604,2023-03-29,1957,5071,,3,5,6,5604,0,0,0,,0,031,"ROSE AV","5TH ST",0.00,,Y,C,-,N,,,,,,,,,,Y,2,0,7,2,A,-,12,21453,A,N,D,C,A,B,H,-,C,A,0,,,,,Y,Y,A,01,1,5,1,0,0,0,0,0,0,"- ","- ",34.203678131103516,-119.15602874755859,VENTURA,OXNARD,-119.15988922119141,34.197002410888672
9589526,2023,2023-06-20,5605,2023-05-13,"955 ",231,PATRO,6,5,3,5605,0,0,0,,0,002,"CHANNEL ISLANDS BL","MADERA CIR",190.00,E,N,A,-,N,,,,,,,,,,Y,2,0,1,1,A,-,08,22107,,N,E,I,A,A,H,-,A,D,0,,,,,Y,,A,01,1,0,0,0,0,0,0,0,0,"- ","- ",34.1756591796875,-119.19724273681641,VENTURA,"PORT HUENEME",-119.19680023193359,34.175899505615234
9598161,2023,2023-08-11,5608,2023-07-22,"240 ",523,,6,5,6,5608,0,0,0,,0,001,"CEDAR ST","E CENTER ST",56.00,N,N,A,-,N,,,,,,,,,,Y,2,0,1,4,A,-,08,22107,,N,A,E,A,A,H,-,C,A,0,,,,,Y,,A,01,1,0,0,0,0,0,0,0,0,"- ","- ",,,VENTURA,VENTURA,-119.29707336425781,34.287322998046875
9600568,2023,2023-08-03,5604,2023-06-16,1118,5737,,5,5,6,5604,0,0,0,,0,021,"WOOLEY RD","HARBOR BL",0.00,,Y,A,-,N,,,,,,,,,,Y,2,0,2,2,D,-,00,,,N,D,C,A,A,H,-,A,A,0,,,,,Y,,-,"- ",1,1,0,0,0,0,0,0,0,"- ","- ",34.19049072265625,-119.23872375488281,VENTURA,OXNARD,-119.23871612548828,34.190513610839844
9600939,2023,2023-08-04,5604,2023-06-17,1446,5650,,6,5,6,5604,0,0,0,,0,014,"VENTURA RD","WAGON WHEEL RD",574.00,S,N,A,-,N,,,,,,,,,,Y,2,0,1,1,A,-,03,22350,,N,E,I,A,A,H,-,A,D,0,,,Y,,Y,,C,02,1,0,0,0,0,0,0,0,1,"- ","- ",34.241069793701172,-119.18772125244141,VENTURA,OXNARD,-119.18878173828125,34.239742279052734
9627098,2023,2023-10-09,5604,2023-08-28,2338,5678,,1,5,6,5604,0,0,0,,0,021,"WEST 5TH ST","PATTERSON RD",0.00,,Y,A,-,N,,,,,,,,,,Y,2,0,1,2,A,-,11,21954,A,N,G,B,C,A,H,-,C,A,0,Y,,,,Y,,D,72,1,0,0,0,1,0,0,0,0,"- ","- ",34.197540283203125,-119.20793151855469,VENTURA,OXNARD,-119.20795440673828,34.197559356689453
9629968,2023,2023-12-11,5604,2023-10-10,1910,5672,,2,5,6,5604,0,0,0,,0,023,"E 4TH ST","OXNARD BL",215.00,S,N,A,-,N,,,,,,,,,,N,2,0,1,2,A,-,10,21950,A,N,G,B,C,A,H,-,C,D,0,Y,,,,Y,,A,07,1,0,0,0,1,0,0,0,0,"- ","- ",34.19921875,-119.17626953125,VENTURA,OXNARD,-119.17733001708984,34.199001312255859
9683649,2024,2024-07-01,5608,2024-02-14,2340,437,,3,5,6,5608,0,0,0,,0,002,"SPINNAKER DR","ANGLER CT",31.00,W,N,A,-,N,,,,,,,,,,Y,2,0,2,2,A,-,01,23152,A,F,B,C,A,A,H,-,C,D,0,,,Y,,Y,Y,-,"- ",2,0,0,0,0,0,0,0,2,"- ","- ",,,VENTURA,VENTURA,-119.26139068603516,34.240016937255859
9707271,2024,2024-07-29,5604,2024-05-01,1735,5407,,3,5,6,5604,0,0,0,,0,024,"S PIEDMONT ST","ONTARIO ST",250.00,S,N,A,-,N,,,,,,,,,,Y,2,0,1,1,A,-,03,22350,,N,H,J,A,A,H,-,A,D,0,,,Y,,Y,,C,03,1,0,0,0,0,0,0,0,1,"- ","- ",34.182338714599609,-119.19663238525391,VENTURA,OXNARD,-119.19664764404297,34.183242797851562
9717787,2024,2024-08-23,5604,2024-07-14,1911,4907,,7,5,6,5604,0,0,0,,0,032,"S ROSE AV","MOUNTAIN VIEW AV",0.00,,Y,A,-,N,,,,,,,,,,Y,2,0,2,2,A,-,09,21801,A,N,D,C,A,A,H,-,-,A,0,,,Y,Y,Y,,G,25,2,0,0,0,0,0,0,0,2,"- ","- ",34.19342041015625,-119.15982055664062,VENTURA,OXNARD,-119.15990447998047,34.193431854248047
9724476,2024,2024-08-15,5604,2024-06-23,"812 ",5681,,7,5,6,5604,0,0,0,,0,042,"W HUENEME RD","PERKINS RD",319.00,W,N,A,-,N,,,,,,,,,,Y,2,0,1,1,A,-,16,24002,A,N,E,I,A,A,H,-,A,D,0,,,,,Y,Y,A,01,1,0,0,0,0,0,0,0,0,"- ","- ",34.147480010986328,-119.18392944335938,VENTURA,OXNARD,-119.18498992919922,34.147449493408203
9748778,2024,2024-12-10,5604,2024-10-20,"100 ",5750,,7,5,6,5604,0,0,0,,0,042,"PLEASANT VALLEY RD","TERRACE AV",250.00,W,N,A,-,N,,,,,,,,,,Y,2,0,1,1,A,-,01,23152,A,N,E,I,A,A,H,-,B,D,0,,,Y,,Y,Y,C,02,1,0,0,0,0,0,0,0,1,"- ","- ",34.155109405517578,-119.16526794433594,VENTURA,OXNARD,-119.16605377197266,34.154895782470703
9751752,2024,2024-11-08,5604,2024-10-01,1836,5683,,2,5,6,5604,0,0,0,,0,012,"AUTO CENTER DR","PASEO MERCADO",0.00,,Y,-,-,N,,,,,,,,,,Y,2,0,2,3,A,-,09,21801,A,N,B,C,A,A,H,-,B,D,0,,,,,Y,,A,01,1,0,1,0,0,0,0,0,0,"- ","- ",34.226768493652344,-119.14910125732422,VENTURA,OXNARD,-119.14916229248047,34.226730346679688
9765344,2025,2025-02-12,5604,2025-01-05,"737 ",5778,,7,5,6,5604,0,0,0,,0,032,"E WOOLEY RD","S ROSE AV S",0.00,,Y,A,-,N,,,,,,,,,,Y,2,0,2,2,D,-,00,,,N,D,C,A,A,H,-,A,A,0,,,,,Y,,-,"- ",1,0,1,0,0,0,0,0,0,"- ","- ",34.189838409423828,-119.15985870361328,VENTURA,OXNARD,-119.15996551513672,34.189849853515625
6290430,2014,2014-05-09,9765,2014-02-10,1330,20540,,1,1,9,5600,0,1,3,,1,023,"RT 150","REEVES RD",1584.00,E,N,A,-,Y,VEN,7,150,-,-,20.230,H,-,W,N,1,1,0,1,A,-,03,22350,,N,H,A,A,A,H,-,A,A,0,,Y,,,Y,,L,04,0,0,0,0,0,1,0,0,0,"- ","- ",34.444980000000001,-119.19978999999999,VENTURA,UNINCORPORATED,-119.19980538,34.444914840000003
6290471,2014,2014-05-14,9770,2014-02-28,1015,14675,,5,1,6,5609,0,1,3,,2,082,"RT 118","SYCAMORE DR",102.00,W,N,B,C,Y,VEN,7,118,-,R,25.820,H,-,W,Y,1,1,2,2,A,-,03,22350,,N,D,C,A,B,H,-,A,D,1,,,,,Y,,A,01,0,0,2,0,0,0,0,0,0,"- ","- ",34.282400000000003,-118.74381,VENTURA,"SIMI VALLEY",-118.74395414999999,34.282438370000001
6290639,2014,2015-12-29,9770,2014-04-19,1600,20721,,6,2,9,5600,0,2,4,,2,048,"PIRU CANYON RD","LAKE PIRU ENTRANCE",2112.00,S,N,A,-,N,,,,,,,,,,Y,1,1,0,1,A,-,05,21650,,N,F,A,A,A,H,-,A,D,0,,,,,Y,Y,A,07,0,0,0,0,0,0,0,0,0,"- ","- ",34.473320000000001,-118.75798,VENTURA,UNINCORPORATED,,
6291431,2014,2016-01-08,9430,2014-08-08,1434,018416,,5,2,9,5600,0,2,4,,1,031,"LOCKWOOD VALLEY RD","GRADE VALLLEY RD",11088.00,W,N,A,-,N,,,,,,,,,,Y,1,1,0,1,A,-,08,22107,,N,E,I,A,A,H,-,A,A,0,,,Y,,Y,Y,C,02,0,0,0,0,0,0,0,1,0,"- ","- ",34.723010000000002,-119.14637,VENTURA,UNINCORPORATED,,
6291708,2014,2016-01-13,5600,2014-09-26,0053,1929,9158,5,5,6,5607,0,0,0,,0,09D,"RT 23","TOWNSGATE RD",395.00,S,N,A,-,Y,VEN,7,23,-,R,3.030,H,-,S,Y,1,1,0,2,A,-,11,21955,,N,G,B,D,A,H,-,C,D,0,Y,,,,Y,Y,N,60,0,0,0,1,0,0,0,0,0,"- ","- ",,,VENTURA,"THOUSAND OAKS",-118.82792344000001,34.153901789999999
6291974,2014,2015-03-10,5604,2014-03-22,0609,4591,,6,5,6,5604,0,0,0,,0,031,"RICE AV","CAMINO DEL SOL",0.00,,Y,A,-,N,,,,,,,,,,Y,1,1,2,3,A,-,09,21801,A,N,A,C,A,A,H,-,E,A,0,,,,,Y,,-,,2,0,0,0,0,0,0,0,0,"- ","- ",,,VENTURA,OXNARD,-119.14227009,34.206159999999997
6292977,2017,2017-10-30,5608,2017-02-19,0647,423,,7,5,6,5608,0,0,0,,0,004,"VICTORIA AV","TELEPHONE RD",0.00,,Y,B,-,N,,,,,,,,,,Y,1,1,1,2,A,-,01,23152,G,N,B,C,A,B,H,-,A,A,0,,,,,Y,Y,A,01,0,1,0,0,0,0,0,0,0,"- ","- ",,,VENTURA,VENTURA,-119.21255992,34.265460109999999
6293040,2017,2018-01-18,5600,2017-07-25,0559,3386,8203,2,5,5,5601,0,0,0,,0,8D01,"ADOLFO RD","TAHQUITZ DR",0.00,,Y,B,-,N,,,,,,,,,,Y,1,1,1,2,A,-,03,22349,A,N,D,C,A,A,H,-,B,A,0,,,,,Y,,D,22,0,0,1,0,0,0,0,0,0,"- ","- ",34.222760000000001,-119.10077,VENTURA,CAMARILLO,-119.01015011,34.222700060000001
6318272,2014,2015-11-09,9765,2014-01-01,0014,017483,,3,3,9,5600,0,1,3,,2,041,"RT 126","PECK RD",2112.00,W,N,A,-,Y,VEN,7,126,-,R,9.990,H,-,W,Y,2,0,2,1,A,-,01,23152,A,N,E,I,A,A,H,-,D,D,1,,,,,Y,Y,D,22,1,0,1,0,0,0,0,0,0,"- ","- ",34.333039999999997,-119.08828,VENTURA,UNINCORPORATED,-119.08782682,34.333420259999997
6337316,2014,2015-01-06,5600,2014-01-06,1204,3147,9126,1,5,6,5607,0,0,0,,0,9H01,"HILLCREST DR","LAWRENCE DR",442.00,E,N,A,-,N,,,,,,,,,,Y,2,0,1,2,A,-,09,21804,A,N,D,C,A,A,H,-,A,D,0,,,,,Y,,A,01,1,0,0,0,0,0,0,0,0,"- ","- ",,,VENTURA,"THOUSAND OAKS",-118.92844907999999,34.186502480000001
6367363,2014,2014-06-10,5608,2014-01-21,2007,417,,2,5,6,5608,0,0,0,,0,001,"THOMPSON BL","FIGUEROA ST",30.00,W,N,A,-,N,,,,,,,,,,N,2,0,1,2,A,-,11,21954,A,N,G,B,D,A,H,-,C,A,0,Y,,,,Y,Y,N,60,1,0,0,0,1,0,0,0,0,"- ","- ",,,VENTURA,VENTURA,-119.29782912,34.2782567
6424457,2014,2014-06-25,9765,2014-03-23,1011,016234,,7,1,9,5600,0,3,5,,2,005,"ORANGE DR","ALVARADO ST",557.00,E,N,A,-,N,,,,,,,,,,Y,2,0,3,2,A,-,09,21801,A,N,D,C,A,A,H,-,A,D,0,,,,,Y,,D,22,1,0,2,0,0,0,0,0,0,"- ","- ",34.233280000000001,-119.15736,VENTURA,UNINCORPORATED,-119.15747786999999,34.233369459999999
6432204,2014,2014-06-27,5609,2014-03-28,1707,389,,5,5,6,5609,0,0,0,,0,003,"DUNCAN ST","LOS ANGELES AV",10.00,S,N,A,-,N,,,,,,,,,,N,2,0,1,2,A,-,05,21650,1,N,D,G,A,A,H,-,A,A,0,,Y,,,Y,,L,04,1,0,0,0,0,0,1,0,0,"- ","- ",,,VENTURA,"SIMI VALLEY",-118.76685000000001,34.271772560000002
6438248,2014,2015-11-09,9770,2014-02-16,0920,18230,,7,1,9,5600,0,1,3,,1,052,"RT 118","GRIMES CANYON RD",2640.00,W,N,A,-,Y,VEN,7,118,-,-,14.070,H,-,W,N,2,0,2,2,A,-,03,22350,,N,H,G,A,A,H,-,A,D,5,,Y,,,Y,,L,04,2,0,0,0,0,0,2,0,0,"- ","- ",34.271389999999997,-118.94016999999999,VENTURA,UNINCORPORATED,-118.94044624999999,34.271379109999998
6438311,2014,2014-07-03,9770,2014-02-14,1105,14675,,5,1,9,5600,0,2,4,,1,088,"BOX CANYON RD","SANTA SUSANA PASS RD",528.00,S,N,A,-,N,,,,,,,,,,N,2,0,1,1,A,-,03,22350,,N,H,G,A,A,H,-,A,D,0,,Y,,,Y,,L,04,1,0,0,0,0,0,1,0,0,"- ","- ",34.262720000000002,-118.64507,VENTURA,UNINCORPORATED,-118.64493902,34.262983910000003
6439698,2014,2014-07-16,5609,2014-03-08,1321,374,,6,5,6,5609,0,0,0,,0,,"LOS ANGELES AV","EXECUTIVE WY",0.00,,Y,A,-,N,,,,,,,,,,Y,2,0,2,4,A,-,12,21453,A,N,D,C,F,A,H,-,A,A,0,Y,,,,Y,,A,01,2,0,0,0,2,0,0,0,0,"- ","- ",,,VENTURA,"SIMI VALLEY",-118.7720561,34.271740289999997
6448261,2014,2016-03-21,5600,2014-03-14,2334,3364,9180,5,5,6,5607,0,0,0,,0,09D,"RT 23","CARLISLE RD",2112.00,N,N,A,-,Y,VEN,7,23,-,-,0.400,H,-,N,Y,2,0,1,1,A,-,01,23152,A,N,E,I,A,A,H,-,D,D,0,,,Y,,Y,Y,C,02,1,0,0,0,0,0,0,0,1,"- ","- ",,,VENTURA,"THOUSAND OAKS",-118.8536635,34.131985090000001
6464149,2014,2015-11-09,9765,2014-03-22,1015,019034,,6,1,9,5600,0,1,3,,1,023,"RT 150","BLACK MOUNTAIN FIRE RD",3168.00,W,N,A,-,Y,VEN,7,150,-,-,20.870,H,-,W,N,2,0,1,1,A,-,08,22107,,N,F,A,A,A,H,-,A,D,0,,,Y,,Y,,C,02,1,0,0,0,0,0,0,0,1,"- ","- ",34.4407,-119.19771,VENTURA,UNINCORPORATED,-119.19871738000001,34.439925840000001
6466849,2014,2014-07-17,5600,2014-04-01,0737,4397,8205,2,5,5,5601,0,0,0,,0,08D,"MISSION OAKS BL","ANGUILA PL",379.00,W,N,A,-,N,,,,,,,,,,N,2,0,1,2,A,-,08,22107,,N,H,G,A,A,H,-,A,D,0,,Y,,,Y,,A,08,1,0,0,0,0,0,1,0,0,"- ","- ",34.218260000000001,-119.01052,VENTURA,CAMARILLO,-119.01052437,34.218424720000002
6486235,2014,2014-07-24,9765,2014-05-05,1720,016420,,1,2,9,5600,0,2,4,,2,064,"PLEASANT VALLEY RD","LAGUNA RD",1056.00,E,N,A,-,N,,,,,,,,,,Y,2,0,1,2,A,-,08,22107,,N,D,C,A,A,H,-,A,D,0,,,Y,,Y,,A,01,1,0,0,0,0,0,0,0,1,"- ","- ",34.178100000000001,-119.12172,VENTURA,UNINCORPORATED,-119.12107571999999,34.178868170000001
6491534,2014,2014-07-26,9430,2014-05-08,1213,18397,,4,1,9,5600,0,2,4,,1,031,"LOCKWOOD VALLEY RD","BOY SCOUT CAMP RD",15840.00,W,N,A,-,N,,,,,,,,,,N,2,0,1,1,A,-,03,22350,,N,F,A,A,A,H,-,A,D,0,,,Y,,Y,,C,02,1,0,0,0,0,0,0,0,1,"- ","- ",34.726410000000001,-119.21705,VENTURA,UNINCORPORATED,-119.12796401999999,34.715539999999997
6501703,2014,2014-07-29,9770,2014-05-20,1625,012133,,2,2,9,5600,0,2,4,,1,056,"GRIMES CANYON RD",TURFWAY,454.00,S,N,A,-,N,,,,,,,,,,Y,2,0,1,1,A,-,08,22107,,N,E,I,A,A,H,-,A,D,0,,,,,Y,,A,01,1,0,0,0,0,0,0,0,0,"- ","- ",34.294980000000002,-118.92162,VENTURA,UNINCORPORATED,-118.92151925,34.295012829999997
6501731,2014,2014-07-29,9770,2014-05-27,0540,018572,,2,3,9,5600,0,2,4,,2,079,"KANAN RD","CONIFER ST",339.00,N,N,B,-,N,,,,,,,,,,Y,2,0,1,1,A,-,08,22107,,N,E,I,A,B,H,-,B,D,0,,,,,Y,,A,01,1,0,0,0,0,0,0,0,0,"- ","- ",34.171889999999998,-118.75837,VENTURA,UNINCORPORATED,-118.75854633,34.171798649999999
6503196,2014,2014-07-29,5600,2014-05-24,1032,3890,9116,6,5,6,5607,0,0,0,,0,09C,"LYNN RD","WENDY DR",35.00,E,N,A,-,N,,,,,,,,,,N,2,0,1,2,A,-,04,21703,,N,C,C,A,A,H,-,A,D,0,,,Y,,Y,,C,02,1,0,0,0,0,0,0,0,1,"- ","- ",,,VENTURA,"THOUSAND OAKS",-118.94583255000001,34.161578409999997
6519358,2014,2014-07-31,5609,2014-05-22,0846,374,,4,5,6,5609,0,0,0,,0,,"CHAMBERS LN","1ST ST",432.00,W,N,A,-,N,,,,,,,,,,Y,2,0,1,2,A,-,09,21801,A,N,A,C,A,A,H,-,A,D,0,,,Y,,Y,,A,08,1,0,0,0,0,0,0,0,1,"- ","- ",,,VENTURA,"SIMI VALLEY",-118.78039726999999,34.277650909999998
6530502,2014,2014-08-19,5600,2014-06-19,1756,3364,9134,4,5,6,5607,0,0,0,,0,09S,"NEWBURY RD","MARCELLO AV",37.00,E,N,A,-,N,,,,,,,,,,N,2,0,1,2,A,-,17,22517,,N,H,G,A,A,H,-,A,D,0,,Y,,,Y,,A,01,1,0,0,0,0,0,1,0,0,"- ","- ",,,VENTURA,"THOUSAND OAKS",-118.90178389,34.181917319999997
6543391,2014,2014-08-21,9765,2014-07-01,1515,017395,,2,2,9,5600,0,3,5,,2,005,"W GREENTREE DR","BRADLEY RD",0.00,W,N,B,-,N,,,,,,,,,,Y,2,0,1,1,C,-,18,,,N,H,I,A,A,H,-,A,D,0,,,,,Y,,-,"- ",1,0,0,0,0,0,0,0,0,"- ","- ",34.28736,-119.00924999999999,VENTURA,UNINCORPORATED,-119.00848999999999,34.285530029999997
6547257,2014,2016-04-20,9765,2014-06-11,1325,014823,,3,1,9,5600,0,1,3,,1,046,"RT 118","RT 232",35.00,W,N,A,-,Y,VEN,7,118,-,-,2.190,H,-,E,Y,2,0,1,2,A,-,03,22350,,N,C,C,A,A,H,-,A,A,0,,,Y,,Y,,C,02,1,0,0,0,0,0,0,0,1,"- ","- ",34.274099999999997,-119.17555,VENTURA,UNINCORPORATED,-119.13544468000001,34.27410003
6585465,2014,2014-09-03,9765,2014-06-21,1814,020628,,6,2,9,5600,0,3,5,,2,004,"FOOTHILL RD","WHEELER CANYON RD",528.00,W,N,A,-,N,,,,,,,,,,Y,2,0,1,2,A,-,01,23152,A,N,B,C,A,A,H,-,A,D,0,,,Y,,Y,Y,C,02,1,0,0,0,0,0,0,0,1,"- ","- ",34.332419999999999,-119.14077,VENTURA,UNINCORPORATED,-119.14058858,34.333390979999997
6605542,2014,2014-09-11,5600,2014-08-13,2017,3364,9154,3,5,6,5607,0,0,0,,0,09G,"THOUSAND OAKS BL","OAKVIEW DR",14.00,E,N,A,-,N,,,,,,,,,,N,2,0,1,2,A,-,10,21950,A,N,G,B,B,A,H,-,C,A,0,Y,,,,Y,,A,01,1,0,0,0,1,0,0,0,0,"- ","- ",,,VENTURA,"THOUSAND OAKS",-118.84169473,34.173455179999998
6609087,2014,2016-06-09,9770,2014-08-10,1855,18942,,7,2,9,5600,0,1,3,,1,054,"RT 34","RICE ST",0.00,,Y,A,-,Y,VEN,7,34,-,-,17.202,I,5,E,Y,2,0,2,2,A,-,09,21801,A,N,D,C,A,A,H,-,A,D,0,,,Y,,Y,Y,D,22,1,1,0,0,0,0,0,0,2,"- ","- ",34.257440000000003,-118.99594,VENTURA,UNINCORPORATED,-118.99603633,34.25725284
6611821,2014,2014-09-18,5600,2014-08-25,1352,4045,9162,1,5,6,5607,0,0,0,,0,9G01,"THOUSAND OAKS BL","PIERCE ARROW AV",0.00,,Y,A,-,N,,,,,,,,,,Y,2,0,1,2,A,-,12,21453,A,N,H,C,A,A,H,-,A,A,0,,,Y,,Y,,C,02,1,0,0,0,0,0,0,0,1,"- ","- ",,,VENTURA,"THOUSAND OAKS",-118.82575011,34.162420050000001
6612446,2014,2016-06-09,9765,2014-08-28,1920,016714,,4,2,6,5608,0,1,3,,2,030,"RT 126","SATICOY AV",3326.00,W,N,A,-,Y,VEN,7,126,-,-,3.860,H,-,E,Y,2,0,2,1,A,-,08,22107,,N,F,A,A,A,H,-,B,D,1,,,,,Y,,A,01,2,0,0,0,0,0,0,0,0,"- ","- ",34.279249999999998,-119.1734,VENTURA,VENTURA,-119.17315177,34.279567489999998
6622817,2014,2014-11-04,5608,2014-09-04,1709,337,,4,5,6,5608,0,0,0,,0,002,"E MAIN ST","MILLS RD",11.00,W,N,A,-,N,,,,,,,,,,N,2,0,1,2,A,-,09,21453,C,F,-,B,B,A,H,-,-,A,0,Y,,,,Y,,-,,1,0,0,0,1,0,0,0,0,"- ","- ",,,VENTURA,VENTURA,-119.24608443,34.26506973
6640943,2014,2014-10-27,5600,2014-09-15,1330,4438,8205,1,5,5,5601,0,0,0,,0,8D1,"SANTA ROSA RD","VERDUGO WY",0.00,,Y,A,-,N,,,,,,,,,,N,2,0,1,2,A,-,11,21456,B,N,G,B,D,A,H,-,A,A,0,Y,,,,Y,,N,60,1,0,0,0,1,0,0,0,0,"- ","- ",34.216560000000001,-119.00629000000001,VENTURA,CAMARILLO,-119.00627009999999,34.216560100000002
6666258,2014,2014-12-16,5600,2014-10-07,1438,2913,9076,2,5,6,5607,0,0,0,,0,09H,"GAINSBOROUGH RD","WARWICK AV",360.00,W,N,A,-,N,,,,,,,,,,Y,2,0,2,1,A,-,01,23153,A,N,F,A,A,A,H,-,A,D,0,,,Y,,Y,Y,C,02,1,1,0,0,0,0,0,0,2,"- ","- ",,,VENTURA,"THOUSAND OAKS",-118.8738,34.195610000000002
6675081,2014,2016-07-08,9765,2014-10-19,1757,20358,,7,2,9,5600,0,1,3,,1,062,"RT 1","LA JOLLA CYN",5280.00,S,N,A,-,Y,VEN,7,1,-,-,4.870,H,-,N,Y,2,0,5,4,A,-,01,23152,E,N,B,C,A,A,H,-,A,D,0,,,,,Y,,A,01,2,0,3,0,0,0,0,0,0,"- ","- ",34.07535,-119.02189,VENTURA,UNINCORPORATED,-119.01948485,34.073595529999999
6678132,2015,2017-04-03,5600,2015-11-24,1730,4218,5100,2,5,4,5690,0,0,0,,0,02B,"RT 23","3RD ST",480.00,S,N,A,-,Y,VEN,7,23,-,R,12.900,I,6,S,Y,1,1,0,2,A,-,10,21950,A,N,G,B,C,A,H,-,C,D,0,Y,,,,Y,Y,D,22,0,0,0,1,0,0,0,0,0,"- ","- ",,,VENTURA,MOORPARK,-118.88214000000001,34.280524
6678347,2017,2019-04-05,5600,2017-08-10,1751,2110,9006,4,5,6,5607,0,0,0,,0,09A,"MOORPARK RD","CALLE CONTENTO",2087.00,N,N,A,-,N,,,,,,,,,,Y,1,1,0,2,A,-,01,23152,B,N,A,C,A,A,H,-,A,A,0,,,Y,,Y,Y,C,02,0,0,0,0,0,0,0,1,0,"- ","- ",,,VENTURA,"THOUSAND OAKS",-118.86031877000001,34.237785410000001
6679102,2014,2014-12-19,5608,2014-10-21,0619,428,VTA,2,5,6,5608,0,0,0,,0,,"E MAIN ST","LEMON GROVE AV",18.00,W,N,A,-,N,,,,,,,,,,Y,2,0,1,2,A,-,11,21456,B,N,G,B,-,A,H,-,C,A,0,Y,,,,Y,,N,60,1,0,0,0,1,0,0,0,0,"- ","- ",,,VENTURA,VENTURA,-119.24910611,34.266161230000002
6708136,2014,2014-12-24,5608,2014-10-01,1241,397,VENTU,3,5,6,5608,0,0,0,,0,001,"PARK ROW AV","GARDEN ST",0.00,,Y,A,-,N,,,,,,,,,,Y,2,0,1,2,A,-,03,22350,,N,A,C,A,A,H,-,A,D,0,,,,,Y,,-,,1,0,0,0,0,0,0,0,0,"- ","- ",,,VENTURA,VENTURA,-119.30143987,34.284850059999997
6714256,2014,2015-01-12,9770,2014-11-07,1505,018230,,5,2,9,5600,0,2,4,,1,088,"BOX CANYON RD","SANTA SUSANA PASS RD",1056.00,S,N,A,-,N,,,,,,,,,,Y,2,0,1,1,A,-,08,22107,,N,E,I,A,A,H,-,A,D,0,,,Y,,Y,,C,02,1,0,0,0,0,0,0,0,1,"- ","- ",,,VENTURA,UNINCORPORATED,-118.64487973,34.261641189999999
6727827,2014,2015-01-14,5600,2014-11-23,1454,2740,9046,7,5,6,5607,0,0,0,,0,09A,"MOORPARK RD","JANSS RD",0.00,,Y,A,-,N,,,,,,,,,,Y,2,0,1,3,A,-,12,21453,A,N,D,C,A,A,H,-,A,A,0,,,,,Y,,A,07,1,0,0,0,0,0,0,0,0,"- ","- ",,,VENTURA,"THOUSAND OAKS",-118.86856009,34.199760089999998
6746228,2014,2014-12-19,5606,2014-08-29,0128,1115,5606,5,5,4,5606,0,0,0,,0,001,"HARVARD BL","PECK RD",0.00,,Y,A,-,N,,,,,,,,,,N,2,0,1,2,A,-,10,21950,A,F,G,B,B,A,H,-,C,A,0,Y,,,,Y,,A,07,1,0,0,0,1,0,0,0,0,"- ","- ",,,VENTURA,"SANTA PAULA",-119.08504009000001,34.340290009999997
6754671,2014,2015-02-10,5608,2014-12-05,1344,390,5608,5,5,6,5608,0,0,0,,0,001,"SAN NICHOLAS",CHRISMAN,278.00,E,N,A,-,N,,,,,,,,,,N,2,0,1,2,A,-,11,21954,A,N,G,B,D,A,H,-,A,D,0,Y,,,,Y,,N,60,1,0,0,0,1,0,0,0,0,"- ","- ",,,VENTURA,VENTURA,-119.27718561,34.277621910000001
6771354,2014,2015-02-10,9765,2014-12-06,1037,020302,,6,1,5,5601,0,1,2,,2,504,"RT 101","CARMEN DR",1350.00,N,N,A,-,Y,,,101,,,,,,,Y,2,0,1,2,A,-,01,23152,A,N,E,I,A,A,H,-,A,D,0,,,,,Y,Y,A,01,1,0,0,0,0,0,0,0,0,"- ","- ",34.218200000000003,-119.05522000000001,VENTURA,CAMARILLO,-119.05522748,34.218113600000002