CASE_ID,ACCIDENT_YEAR,PROC_DATE,JURIS,COLLISION_DATE,COLLISION_TIME,OFFICER_ID,REPORTING_DISTRICT,DAY_OF_WEEK,CHP_SHIFT,POPULATION,CNTY_CITY_LOC,SPECIAL_COND,BEAT_TYPE,CHP_BEAT_TYPE,CITY_DIVISION_LAPD,CHP_BEAT_CLASS,BEAT_NUMBER,PRIMARY_RD,SECONDARY_RD,DISTANCE,DIRECTION,INTERSECTION,WEATHER_1,WEATHER_2,STATE_HWY_IND,CALTRANS_COUNTY,CALTRANS_DISTRICT,STATE_ROUTE,ROUTE_SUFFIX,POSTMILE_PREFIX,POSTMILE,LOCATION_TYPE,RAMP_INTERSECTION,SIDE_OF_HWY,TOW_AWAY,COLLISION_SEVERITY,NUMBER_KILLED,NUMBER_INJURED,PARTY_COUNT,PRIMARY_COLL_FACTOR,PCF_CODE_OF_VIOL,PCF_VIOL_CATEGORY,PCF_VIOLATION,PCF_VIOL_SUBSECTION,HIT_AND_RUN,TYPE_OF_COLLISION,MVIW,PED_ACTION,ROAD_SURFACE,ROAD_COND_1,ROAD_COND_2,LIGHTING,CONTROL_DEVICE,CHP_ROAD_TYPE,PEDESTRIAN_ACCIDENT,BICYCLE_ACCIDENT,MOTORCYCLE_ACCIDENT,TRUCK_ACCIDENT,NOT_PRIVATE_PROPERTY,ALCOHOL_INVOLVED,STWD_VEHTYPE_AT_FAULT,CHP_VEHTYPE_AT_FAULT,COUNT_SEVERE_INJ,COUNT_VISIBLE_INJ,COUNT_COMPLAINT_PAIN,COUNT_PED_KILLED,COUNT_PED_INJURED,COUNT_BICYCLIST_KILLED,COUNT_BICYCLIST_INJURED,COUNT_MC_KILLED,COUNT_MC_INJURED,PRIMARY_RAMP,SECONDARY_RAMP,LATITUDE,LONGITUDE,COUNTY,CITY,POINT_X,POINT_Y
6772084,2014,2015-02-06,9770,2014-12-22,0640,18230,,1,1,4,5690,0,1,3,,2,080,"RT 118","COLLINS DR",2640.00,E,N,A,-,Y,,,118,,,,,,,Y,2,0,1,1,A,-,08,22107,,N,E,I,A,A,H,-,A,D,0,,,,,Y,,A,01,1,0,0,0,0,0,0,0,0,"- ","- ",34.292749999999998,-118.83336,VENTURA,MOORPARK,-118.83334949,34.292802010000003
6773457,2014,2015-02-13,5600,2014-12-24,2319,3346,9060,3,5,6,5607,0,0,0,,0,09B,"JANSS RD","N PLEASANT OAK",290.00,E,N,A,-,N,,,,,,,,,,Y,2,0,2,1,A,-,03,22350,,N,E,I,A,A,H,-,C,D,0,,,,,Y,,A,07,1,1,0,0,0,0,0,0,0,"- ","- ",,,VENTURA,"THOUSAND OAKS",-118.84892527,34.1976753
6783793,2015,2016-11-05,9770,2015-02-24,1925,014454,,2,2,6,5607,0,1,2,,2,074,"RT 101","HAMPSHIRE RD",2640.00,S,N,A,-,Y,VEN,7,101,-,-,1.120,H,-,N,Y,2,0,1,3,A,-,01,23152,A,N,C,C,A,A,D,-,C,D,1,,,,,Y,Y,A,07,1,0,0,0,0,0,0,0,0,"- ","- ",34.160170000000001,-118.82948,VENTURA,"THOUSAND OAKS",-118.83078517,34.16153413
6783907,2016,2017-02-18,5600,2016-06-27,0745,4704,1005,1,5,2,5603,0,0,0,,0,01B,"RT 150","NORTH MONTGOMERY ST",0.00,,Y,A,-,Y,VEN,7,150,-,-,17.711,I,5,W,N,2,0,1,2,A,-,09,21801,A,N,D,G,A,A,-,-,A,D,0,,Y,,,Y,,A,01,1,0,0,0,0,0,1,0,0,"- ","- ",,,VENTURA,OJAI,-119.24147674,34.448063419999997
6791152,2015,2016-10-27,9770,2015-01-07,0643,17638,,3,1,6,5607,0,1,3,,1,050,"RT 118","LA CUMBRE RD",1138.00,W,N,A,-,Y,VEN,7,118,-,-,11.510,H,-,W,Y,2,0,1,2,A,-,03,22350,,N,C,C,A,A,H,-,B,D,5,,,,,Y,,A,01,1,0,0,0,0,0,0,0,0,"- ","- ",34.264470000000003,-118.98407,VENTURA,"THOUSAND OAKS",-118.98452806,34.26437851
6815897,2015,2016-10-18,9765,2015-02-02,1255,20917,,1,1,6,5608,0,1,2,,2,302,"RT 101","SEAWARD AV",4224.00,S,N,A,-,Y,VEN,7,101,-,-,27.780,H,-,N,Y,2,0,3,1,A,-,03,22350,,N,E,I,A,A,H,-,A,D,1,,,,,Y,,A,01,1,2,0,0,0,0,0,0,0,"- ","- ",34.260739999999998,-119.25887,VENTURA,VENTURA,-119.25909556000001,34.260750559999998
6841657,2015,2015-04-15,5609,2015-03-04,0958,374,,3,5,6,5609,0,0,0,,0,,"LOS ANGELES AV","GALT ST",117.00,W,N,A,-,N,,,,,,,,,,Y,2,0,1,2,A,-,08,22100,A,N,D,C,A,A,H,-,A,D,0,,,,,Y,,A,07,1,0,0,0,0,0,0,0,0,"- ","- ",,,VENTURA,"SIMI VALLEY",-118.76627668,34.271799999999999
6854275,2014,2016-01-13,5604,2014-06-03,1926,4591,,2,5,6,5604,0,0,0,,0,031,"RICE AV","RT 34",71.00,N,N,A,-,Y,VEN,7,34,-,-,6.270,I,6,W,Y,1,2,0,1,A,-,02,22526,C,N,D,F,A,A,H,-,A,A,0,,,,,Y,,-,,0,0,0,0,0,0,0,0,0,"- ","- ",,,VENTURA,OXNARD,-119.14230234999999,34.196834819999999
6854357,2014,2015-04-21,5604,2014-09-18,0707,4925,,4,5,6,5604,0,0,0,,0,024,"WOOLEY RD","NOVATO DR",0.00,,Y,A,-,N,,,,,,,,,,Y,1,1,0,2,A,-,"- ",,,N,G,B,B,A,H,-,A,A,0,Y,,,,Y,,-,,0,0,0,1,0,0,0,0,0,"- ","- ",,,VENTURA,OXNARD,-119.20354,34.190460090000002
6858033,2015,2015-04-08,5608,2015-03-26,1838,373,,4,5,6,5608,0,0,0,,0,004,"TELEPHONE RD","COUNTY SQUARE DR",180.00,W,N,A,-,N,,,,,,,,,,N,2,0,1,2,A,-,17,21209,A,N,C,G,A,A,H,-,A,D,0,,Y,,,Y,,-,,1,0,0,0,0,0,1,0,0,"- ","- ",,,VENTURA,VENTURA,-119.21486535,34.265081090000002
6863687,2015,2016-11-05,5600,2015-03-14,1239,3364,9074,6,5,6,5607,0,0,0,,0,09G,"RANCHO RD","RT 101",0.00,,Y,A,-,Y,VEN,7,101,-,-,3.169,R,4,N,Y,2,0,1,2,A,-,03,22350,,N,C,C,A,A,H,-,A,A,0,,,Y,,Y,,C,02,1,0,0,0,0,0,0,0,1,"- ",NO,,,VENTURA,"THOUSAND OAKS",-118.8607683,34.17629788
6866764,2015,2015-05-20,9770,2015-03-02,0505,18230,,1,3,6,5609,0,1,3,,2,082,"RT 118","KUEHNER DR",792.00,E,N,B,-,Y,VEN,7,118,-,R,30.600,H,-,W,Y,1,1,1,3,C,-,18,,,N,D,C,E,B,H,-,D,D,1,Y,,,,Y,,-,"- ",0,1,0,1,0,0,0,0,0,"- ","- ",34.27814,-118.65971999999999,VENTURA,"SIMI VALLEY",-118.66101628,34.27884572
6874221,2015,2015-08-22,5600,2015-02-05,0752,3924,5104,4,5,4,5690,0,0,0,,0,02B,"CAMPUS PARK DR","COLLINS DR",0.00,,Y,A,-,N,,,,,,,,,,N,2,0,1,2,A,-,08,22100,B,N,B,G,A,A,H,-,A,A,0,,Y,,,Y,,L,04,1,0,0,0,0,0,1,0,0,"- ","- ",,,VENTURA,MOORPARK,-118.84171012,34.296040050000002
6888502,2015,2015-04-27,9765,2015-04-04,1005,20924,,6,1,9,5600,0,2,4,,2,064,"PLEASANT VALLEY RD","WOLFF RD",1584.00,S,N,A,-,N,,,,,,,,,,Y,2,0,4,1,A,-,08,22107,,N,E,I,A,A,H,-,A,D,0,,,,,Y,,A,01,1,2,1,0,0,0,0,0,0,"- ","- ",34.181550000000001,-119.1187,VENTURA,UNINCORPORATED,-119.11741893999999,34.182813660000001
6896509,2015,2015-05-14,9765,2015-03-29,2204,020481,,7,3,9,5600,0,2,4,,1,290,"TICO RD","CRUZERO ST",150.00,N,N,A,-,N,,,,,,,,,,N,2,0,1,2,A,-,11,21954,A,F,G,B,E,A,H,-,C,D,0,Y,,,,Y,Y,N,60,1,0,0,0,1,0,0,0,0,"- ","- ",34.433979999999998,-119.28419,VENTURA,UNINCORPORATED,-119.28480651,34.43418157
6898239,2015,2016-12-06,9770,2015-04-17,1625,019849,,5,2,6,5607,0,1,2,,2,073,"RT 101","WENDY DR",528.00,S,N,A,-,Y,VEN,7,101,-,-,7.790,H,-,S,N,2,0,1,2,A,-,03,22350,,N,F,A,A,A,H,-,A,D,1,,,Y,,Y,,C,02,1,0,0,0,0,0,0,0,1,"- ","- ",34.188960000000002,-118.93751,VENTURA,"THOUSAND OAKS",-118.93791328,34.189082169999999
6902617,2015,2016-11-05,9765,2015-04-17,0140,020001,,5,3,9,5600,0,1,3,,1,062,"RT 1 NB PACIFC COAST HWY","POSAS RD",1370.00,S,N,A,-,Y,VEN,7,1,-,-,9.880,H,-,N,Y,2,0,1,1,A,-,01,23152,A,N,E,I,A,A,H,-,D,D,1,,,,,Y,Y,D,22,1,0,0,0,0,0,0,0,0,"- ","- ",34.113729999999997,-119.08257999999999,VENTURA,UNINCORPORATED,-119.08183024,34.11256599
6916804,2015,2015-06-04,5600,2015-05-02,0926,5128,9116,6,5,6,5607,0,0,0,,0,09C,"LYNN RD","WENDY DR",0.00,,Y,A,-,N,,,,,,,,,,Y,2,0,1,3,A,-,12,21453,A,N,D,C,A,A,H,-,A,A,0,,,,,Y,,-,"- ",1,0,0,0,0,0,0,0,0,"- ","- ",,,VENTURA,"THOUSAND OAKS",-118.94593003999999,34.161630049999999
6916808,2015,2015-05-29,5600,2015-05-02,1933,3364,9110,6,5,6,5607,0,0,0,,0,09C,"REINO RD","MAYFIELD ST",450.00,S,N,A,-,N,,,,,,,,,,Y,2,0,2,1,A,-,08,22107,,N,E,I,A,A,H,-,A,D,0,,,,,Y,,A,01,1,0,1,0,0,0,0,0,0,"- ","- ",,,VENTURA,"THOUSAND OAKS",-118.95419042,34.173882050000003
6922361,2015,2016-12-03,5600,2015-05-06,1137,2913,9085,3,5,6,5607,0,0,0,,0,09G,"HILLCREST DR","RT 23",0.00,,Y,B,-,Y,VEN,7,23,-,R,3.885,R,4,S,Y,2,0,1,2,A,-,09,21801,A,N,H,C,A,A,H,-,A,A,0,,,Y,,Y,,A,01,1,0,0,0,0,0,0,0,1,"- ",SF,,,VENTURA,"THOUSAND OAKS",-118.86107706999999,34.183790109999997
6925640,2015,2015-05-20,9770,2015-04-26,1640,20721,,7,2,9,5600,0,2,4,,1,088,"BOX CANYON RD","SANTA SUSANA PASS RD",2640.00,S,N,A,-,N,,,,,,,,,,Y,2,0,1,1,A,-,08,22107,,N,E,I,A,A,H,-,A,D,0,,,,,Y,,A,01,1,0,0,0,0,0,0,0,0,"- ","- ",34.259639999999997,-118.64774,VENTURA,UNINCORPORATED,-118.64859961000001,34.258758479999997
6942084,2015,2015-06-26,5600,2015-05-05,1718,3754,8010,2,5,5,5601,0,0,0,,0,08A,"LAS POSAS RD","ROSEWOOD DR",0.00,,Y,B,-,N,,,,,,,,,,Y,2,0,2,2,A,-,09,21802,A,N,D,C,A,A,H,-,A,A,0,,,,,Y,,A,01,1,0,1,0,0,0,0,0,0,"- ","- ",,,VENTURA,CAMARILLO,-119.06189003999999,34.231090039999998
6942088,2015,2015-06-26,5600,2015-05-02,0645,2900,8216,6,5,5,5601,0,0,0,,0,08D,"UPLAND RD","SAN ONOFRE DR",0.00,,Y,A,-,N,,,,,,,,,,Y,2,0,1,2,A,-,09,21802,A,N,D,C,A,A,H,-,A,A,0,,,Y,,Y,,A,01,1,0,0,0,0,0,0,0,1,"- ","- ",,,VENTURA,CAMARILLO,-118.9849401,34.24001011
6953941,2015,2015-07-11,5600,2015-06-06,0849,4615,8252,6,5,5,5601,0,0,0,,0,8C01,"PLEASANT VALLEY RD","VILLAGE COMMONS BL",86.00,E,N,A,-,N,,,,,,,,,,Y,2,0,2,2,A,-,01,23152,E,F,H,C,A,A,H,-,A,A,0,,,,,Y,,A,01,1,1,0,0,0,0,0,0,0,"- ","- ",34.205509999999997,-119.02477,VENTURA,CAMARILLO,-119.02478592999999,34.205489999999998
6986300,2015,2015-07-18,9770,2015-06-20,1020,018942,,6,1,9,5600,0,2,4,,1,031,"SANTA ROSA RD","APPLEWOOD LN",362.00,W,N,A,-,N,,,,,,,,,,N,2,0,2,3,A,-,03,22350,,N,H,G,A,A,H,-,A,D,0,,Y,,,Y,,L,04,1,1,0,0,0,0,2,0,0,"- ","- ",34.238370000000003,-118.905,VENTURA,UNINCORPORATED,-118.90550709,34.238398949999997
7033778,2015,2015-08-21,9770,2015-07-07,1312,020964,,2,1,9,5600,0,2,4,,2,079,"ROCKFIELD ST","TUSCANY DR",0.00,,Y,A,-,N,,,,,,,,,,N,2,0,1,2,A,-,08,22107,,N,H,G,A,A,H,-,A,D,0,,Y,,,Y,,L,04,1,0,0,0,0,0,1,0,0,"- ","- ",34.175460000000001,-118.78543999999999,VENTURA,UNINCORPORATED,-118.78540006999999,34.175520069999997
7043788,2015,2015-09-10,9770,2015-08-15,0255,021095,,6,3,9,5600,0,2,4,,1,088,"BOX CANYON RD","SANTA SUSANA PASS RD",2640.00,S,N,A,-,N,,,,,,,,,,Y,2,0,1,1,A,-,01,23152,A,N,E,I,A,A,H,-,D,D,0,,,Y,,Y,Y,C,02,1,0,0,0,0,0,0,0,1,"- ","- ",,,VENTURA,UNINCORPORATED,-118.64859961000001,34.258758479999997
7055333,2015,2016-07-19,5609,2015-09-15,1044,383,512,2,5,6,5609,0,0,0,,0,005,"E LOS ANGELES AV","TAPO ST",0.00,,Y,A,-,N,,,,,,,,,,Y,2,0,1,2,A,-,01,21200,5,N,D,G,A,B,H,-,A,A,0,,Y,,,Y,Y,L,04,1,0,0,0,0,0,1,0,0,"- ","- ",,,VENTURA,"SIMI VALLEY",-118.70895013000001,34.271700099999997
7056061,2015,2015-09-30,5609,2015-09-05,1239,374,,6,5,6,5609,0,0,0,,0,,"TAPO ST","EILEEN ST",0.00,,Y,A,-,N,,,,,,,,,,Y,2,0,7,2,A,-,12,21453,A,N,D,C,A,A,H,-,A,A,0,,,,,Y,,A,07,1,0,6,0,0,0,0,0,0,"- ","- ",,,VENTURA,"SIMI VALLEY",-118.70895003,34.27543009
7070752,2015,2015-09-19,5600,2015-08-07,2215,2277,8132,5,5,5,5601,0,0,0,,0,08C,"ESTON ST","SHARON DR",143.00,W,N,A,-,N,,,,,,,,,,Y,2,0,2,1,A,-,01,23152,A,N,E,I,A,A,H,-,C,D,0,,,,,Y,Y,A,01,1,1,0,0,0,0,0,0,0,"- ","- ",34.224299999999999,-119.02786999999999,VENTURA,CAMARILLO,-119.02787458,34.224388439999998
7093386,2015,2015-11-07,5609,2015-10-05,0746,310,517,1,5,6,5609,0,0,0,,0,005,"BUYERS ST","SHOPPING LN",132.00,S,N,A,-,N,,,,,,,,,,N,2,0,1,2,A,-,11,21950,B,N,G,B,D,A,H,-,A,D,0,Y,,,,Y,,N,60,1,0,0,0,1,0,0,0,0,"- ","- ",,,VENTURA,"SIMI VALLEY",-118.71196999999999,34.270447849999996
7123911,2015,2015-12-04,5608,2015-11-28,1203,337,,6,5,6,5608,0,0,0,,0,004,"TELEPHONE RD","PETIT AV",0.00,,Y,A,-,N,,,,,,,,,,Y,2,0,2,2,A,-,12,21453,A,N,D,C,A,A,H,-,A,A,0,,,,,Y,,-,,1,0,1,0,0,0,0,0,0,"- ","- ",,,VENTURA,VENTURA,-119.17057008,34.27224004
7125896,2015,2015-12-01,5600,2015-11-13,0909,4789,8110,5,5,5,5601,0,0,0,,0,8B01,"ANACAPA DR","LAS POSAS RD",11.00,N,N,A,-,N,,,,,,,,,,N,2,0,1,2,A,-,10,21950,A,N,G,B,B,A,H,-,A,A,0,Y,,,,Y,,A,01,1,0,0,0,1,0,0,0,0,"- ","- ",34.235489999999999,-119.04684,VENTURA,CAMARILLO,-119.0437707,34.235488850000003
7151495,2015,2016-01-11,5600,2015-12-18,1833,4455,8111,5,5,5,5601,0,0,0,,0,8B01,"LAS POSAS RD","EUCLID AV",0.00,,Y,A,-,N,,,,,,,,,,Y,2,0,1,2,A,-,09,21801,B,N,H,C,A,A,H,-,C,A,0,,,Y,,Y,,C,02,1,0,0,0,0,0,0,0,1,"- ","- ",34.235889999999998,-119.04154,VENTURA,CAMARILLO,-119.04155013,34.235940030000002
7190438,2016,2016-09-30,5609,2016-05-08,1039,437,,7,5,6,5609,0,0,0,,0,002,"LONG CANYON RD","BLUEGRASS ST",810.00,S,N,A,-,N,,,,,,,,,,N,1,1,1,2,A,-,01,23152,E,N,A,C,A,A,H,-,A,D,0,,,,,Y,,A,01,1,0,0,0,0,0,0,0,0,"- ","- ",34.240490000000001,-118.78100000000001,VENTURA,"SIMI VALLEY",-118.78102954000001,34.240547249999999
7192062,2015,2017-02-03,5600,2015-11-29,1510,2337,1000,7,5,2,5603,0,0,0,,0,01A,"VENTURA AV","VILLANOVA RD",1100.00,S,N,A,-,Y,VEN,7,150,-,-,15.700,H,-,W,Y,2,0,2,2,A,-,05,21460,A,N,A,C,A,A,H,-,A,D,0,,,,,Y,,A,01,1,1,0,0,0,0,0,0,0,"- ","- ",,,VENTURA,OJAI,-119.26829508,34.431943830000002
7200151,2016,2018-09-24,5608,2016-08-06,1821,435,VTA,6,5,6,5608,0,0,0,,0,003,"TELEPHONE RD","RAMELLI AV",0.00,,Y,A,-,N,,,,,,,,,,Y,1,1,0,2,A,-,10,21950,A,N,G,B,B,A,H,-,A,A,0,Y,,,,Y,Y,-,,0,0,0,1,0,0,0,0,0,"- ","- ",,,VENTURA,VENTURA,-119.19355012,34.268180059999999
7200185,2017,2017-06-21,5600,2017-03-30,1750,1929,9072,4,5,6,5607,0,0,0,,0,09G,"HILLCREST DR","RANCHO RD",215.00,E,N,A,-,N,,,,,,,,,,Y,1,2,2,2,A,-,01,23152,G,N,A,C,A,A,H,-,A,D,0,,,,,Y,Y,A,01,2,0,0,0,0,0,0,0,0,"- ","- ",,,VENTURA,"THOUSAND OAKS",-118.85783619,34.181375209999999
8024728,2016,2017-02-18,5600,2016-05-01,1905,4533,6007,7,5,3,5602,0,0,0,,0,6A01,"B ST","RT 126",232.00,S,N,A,-,Y,VEN,7,126,-,-,20.861,I,6,E,N,2,0,1,2,A,-,09,21804,A,N,A,C,A,A,H,-,A,D,0,,,Y,,Y,,D,22,1,0,0,0,0,0,0,0,1,"- ","- ",,,VENTURA,FILLMORE,-118.92252797,34.395537040000001
8025827,2016,2016-04-21,5600,2016-04-08,1921,4582,9072,5,5,6,5607,0,0,0,,0,09G,"THOUSAND OAKS BL","CUNNINGHAM RD",448.00,E,N,B,-,N,,,,,,,,,,Y,2,0,3,2,A,-,09,21804,A,N,D,C,A,B,H,-,C,D,0,,,,,Y,,A,07,1,0,2,0,0,0,0,0,0,"- ","- ",,,VENTURA,"THOUSAND OAKS",-118.85527562,34.178038479999998
8045540,2016,2016-05-26,5608,2016-05-13,1934,401,,5,5,6,5608,0,0,0,,0,004,"TELEPHONE RD","MONTGOMERY RD",18.00,W,N,A,-,N,,,,,,,,,,N,2,0,2,2,A,-,09,21801,A,N,D,C,A,A,H,-,A,A,0,,,,,Y,,-,,1,1,0,0,0,0,0,0,0,"- ","- ",,,VENTURA,VENTURA,-119.17941862000001,34.2701815
8045591,2016,2016-05-26,5608,2016-05-17,1509,483,VENTU,2,5,6,5608,0,0,0,,0,001,"MAIN ST","LIVE OAK",170.00,W,N,A,-,N,,,,,,,,,,Y,2,0,4,2,A,-,01,23152,A,N,C,E,A,A,H,-,A,A,0,,,,,Y,Y,-,,1,2,1,0,0,0,0,0,0,"- ","- ",,,VENTURA,VENTURA,-119.27534065,34.279297659999997
8054026,2016,2016-06-06,5608,2016-05-14,1648,482,,6,5,6,5608,0,0,0,,0,002,"CORONADO ST","THOMPSON BL",235.00,N,N,A,-,N,,,,,,,,,,Y,2,0,3,2,A,-,08,22100,5,N,D,C,A,A,H,-,A,D,0,,,,,Y,,-,,1,1,1,0,0,0,0,0,0,"- ","- ",,,VENTURA,VENTURA,-119.26792045000001,34.274549499999999
8080576,2016,2016-07-27,5600,2016-07-05,1554,4877,5600,2,5,2,5603,0,0,0,,0,1B01,"EAST OJAI AV","EDISON POLE #X5544E",121.00,W,N,A,-,N,,,,,,,,,,N,2,0,1,3,C,-,18,,,N,G,B,F,A,H,-,A,D,0,Y,,,,Y,,-,"- ",1,0,0,0,1,0,0,0,0,"- ","- ",,,VENTURA,OJAI,,
8097029,2016,2016-08-15,5600,2016-07-17,1445,4817,8128,7,5,5,5601,0,0,0,,0,08C,"PONDEROSA DR",TEMPLE,25.00,E,N,A,-,N,,,,,,,,,,Y,2,0,2,1,A,-,01,23153,A,N,E,I,A,A,H,-,A,A,0,,,,,Y,,D,22,2,0,0,0,0,0,0,0,0,"- ","- ",34.229500000000002,-119.03084,VENTURA,CAMARILLO,-119.0309663,34.229483680000001
8121591,2016,2016-09-15,5600,2016-09-02,1208,4615,8250,5,5,5,5601,0,0,0,,0,08C,"DAWSON DR","PETIT ST",114.00,N,N,A,-,N,,,,,,,,,,N,2,0,1,1,A,-,08,22107,,N,F,A,A,A,H,-,A,D,0,,,Y,,Y,,C,02,1,0,0,0,0,0,0,0,1,"- ","- ",34.215560000000004,-119.03352,VENTURA,CAMARILLO,-119.03360372,34.21552612
8129813,2016,2017-02-18,5609,2016-09-01,0922,374,,4,5,6,5609,0,0,0,,0,,"1ST ST","RT 118",0.00,,Y,A,-,Y,VEN,7,118,-,R,23.647,R,4,E,Y,2,0,1,2,A,-,12,21453,A,N,D,C,A,A,H,-,A,A,0,,,,,Y,,A,01,1,0,0,0,0,0,0,0,0,"- ",EF,,,VENTURA,"SIMI VALLEY",-118.78192418,34.282130549999998
81381915,2020,2021-01-06,5609,2020-06-10,1853,389,,3,5,6,5609,0,0,0,,0,004,"COCHRAN ST","SEQUOIA AVE",0.00,,Y,A,-,N,,,,,,,,,,Y,2,0,4,3,A,-,01,23152,A,N,D,C,A,A,H,-,A,A,0,,,,,Y,Y,A,01,4,0,0,0,0,0,0,0,0,"- ","- ",34.278469085693359,-118.73029327392578,VENTURA,"SIMI VALLEY",-118.73052215576172,34.279010772705078
81381927,2020,2021-01-06,5609,2020-06-15,1614,494,,1,5,6,5609,0,0,0,,0,002,"ROYAL AVE","FIRST ST",209.00,W,N,A,-,N,,,,,,,,,,Y,2,0,1,1,A,-,04,21703,,N,E,I,A,A,H,-,A,A,0,,,Y,,Y,,C,02,1,0,0,0,0,0,0,0,1,"- ","- ",34.264568328857422,-118.77890777587891,VENTURA,"SIMI VALLEY",-118.77970886230469,34.264438629150391
81382007,2020,2021-01-06,5609,2020-07-19,1328,310,201,7,5,6,5609,0,0,0,,0,002,"ELVADO DR","BONITA DR",177.00,S,N,A,-,N,,,,,,,,,,N,1,1,0,1,A,-,21,22106,,N,G,B,A,A,H,-,A,D,0,,,,,Y,,A,01,0,0,0,0,0,0,0,0,0,"- ","- ",,,VENTURA,"SIMI VALLEY",-118.79457092285156,34.267166137695312
81382235,2020,2021-01-06,5609,2020-10-16,2321,430,,5,5,6,5609,0,0,0,,0,006,"MOUNT SINAI DR","SUNFLOWER ST",125.00,E,N,A,-,N,,,,,,,,,,Y,2,0,1,1,A,-,08,22107,,N,E,I,A,A,H,-,C,D,0,,,Y,,Y,,C,02,1,0,0,0,0,0,0,0,1,"- ","- ",34.283561706542969,-118.67751312255859,VENTURA,"SIMI VALLEY",-118.67732238769531,34.283802032470703
8140566,2016,2017-03-04,5600,2016-09-18,1032,4550,9166,7,5,6,5607,0,0,0,,0,09D,"WESTLAKE BL","RT 101",0.00,,Y,A,-,Y,VEN,7,101,-,-,0.502,R,1,N,N,2,0,2,3,A,-,09,21453,B,N,G,B,B,A,H,-,A,A,0,Y,,,,Y,,A,07,1,1,0,0,2,0,0,0,0,"- ",NF,,,VENTURA,"THOUSAND OAKS",-118.82230860999999,34.15590211
81476992,2021,2021-05-19,5609,2021-04-04,2323,501,,7,5,6,5609,0,0,0,,0,005,"COCHRAN ST","VANESSA ST",142.00,E,N,A,-,N,,,,,,,,,,N,2,0,1,2,A,-,08,22107,,N,D,G,A,A,H,-,C,D,0,,Y,,,Y,,L,04,1,0,0,0,0,0,1,0,0,"- ","- ",34.278968811035156,-118.71499633789062,VENTURA,"SIMI VALLEY",-118.71453857421875,34.279071807861328
81487124,2021,2021-06-02,5609,2021-05-24,1602,498,122,1,5,6,5609,0,0,0,,0,001,"MADERA RD","EASY ST",0.00,,Y,A,-,N,,,,,,,,,,Y,2,0,1,1,A,-,03,22350,,N,F,A,A,A,H,-,A,A,0,,,Y,,Y,,C,02,1,0,0,0,0,0,0,0,1,"- ","- ",,,VENTURA,"SIMI VALLEY",-118.79647827148438,34.278247833251953
8151064,2016,2016-10-26,5600,2016-10-13,1839,3634,8004,4,5,5,5601,0,0,0,,0,08A,"CRESTVIEW AV","CALLE BELLA VISTA",0.00,,Y,A,-,N,,,,,,,,,,Y,2,0,1,2,A,-,09,21801,A,N,H,C,A,A,H,-,C,D,0,,,Y,,Y,,A,01,1,0,0,0,0,0,0,0,1,"- ","- ",34.231760000000001,-119.07352,VENTURA,CAMARILLO,-119.07355011,34.231800010000001
81567040,2021,2021-09-10,5600,2021-05-01,1902,4221,9180,6,5,6,5607,0,0,0,,0,9D01,"WESTLAKE BL","CARLISLE RD",1830.00,N,N,A,-,Y,,,,,,,,,,Y,1,1,0,1,A,-,03,22350,,N,E,I,A,A,H,-,B,D,0,,,,,Y,,A,01,0,0,0,0,0,0,0,0,0,"- ","- ",34.127048492431641,-118.85674285888672,VENTURA,"THOUSAND OAKS",-118.85427856445312,34.131389617919922
8158238,2016,2016-11-04,5608,2016-10-01,1021,474,,6,5,6,5608,0,0,0,,0,003,"TELEPHONE RD",MONTGOMERY,10.00,E,N,A,-,N,,,,,,,,,,Y,2,0,1,2,D,-,00,,,N,G,B,B,A,H,-,A,A,0,Y,,,,Y,,-,"- ",1,0,0,0,1,0,0,0,0,"- ","- ",,,VENTURA,VENTURA,-119.17932750999999,34.270195059999999
8166832,2016,2017-04-01,5608,2016-02-19,0002,435,VTA,5,5,6,5608,0,0,0,,0,003,"TELEGRAPH RD","SATICOY AV",0.00,,Y,A,-,N,,,,,,,,,,N,1,1,0,2,A,-,12,21453,A,F,D,G,A,A,H,-,C,A,0,,Y,,,Y,,L,04,0,0,0,0,0,1,0,0,0,"- ","- ",,,VENTURA,VENTURA,-119.16814001,34.290950100000003
81672258,2021,2022-01-06,5609,2021-01-15,1833,435,318,5,5,6,5609,0,0,0,,0,003,"FIRST ST","PACIFIC AVE",0.00,,Y,A,-,N,,,,,,,,,,Y,1,1,0,2,A,-,11,21954,A,N,G,B,D,A,H,-,C,D,0,Y,,,,Y,,N,60,0,0,0,1,0,0,0,0,0,"- ","- ",34.269561767578125,-118.77883148193359,VENTURA,"SIMI VALLEY",-118.77888488769531,34.269687652587891
81672455,2021,2022-01-06,5609,2021-09-26,1302,389,,7,5,6,5609,0,0,0,,0,001,"MADERA RD","ARISTOTLE ST",0.00,,Y,A,-,N,,,,,,,,,,Y,2,0,1,3,A,-,09,21801,A,N,D,C,A,A,H,-,A,D,0,,,Y,,Y,,C,02,1,0,0,0,0,0,0,0,1,"- ","- ",34.277271270751953,-118.79631042480469,VENTURA,"SIMI VALLEY",-118.79645538330078,34.277301788330078
81672584,2021,2022-01-06,5609,2021-11-28,1628,443,,7,5,6,5609,0,0,0,,0,003,"SYCAMORE DR","LOS ANGELES AVE",343.00,S,N,A,-,N,,,,,,,,,,Y,2,0,2,2,A,-,01,23152,A,N,A,C,A,A,H,-,A,D,0,,,,,Y,Y,A,07,1,1,0,0,0,0,0,0,0,"- ","- ",34.271770477294922,-118.74382781982422,VENTURA,"SIMI VALLEY",-118.74378204345703,34.270709991455078
8167937,2019,2020-01-07,5600,2019-08-27,0806,5126,1000,2,5,2,5603,0,0,0,,0,1A11,"RT 33","EL ROBLAR DR",815.00,S,N,A,-,Y,VEN,7,33,-,-,11.810,H,-,S,N,2,0,1,2,A,-,08,22107,,N,C,G,A,A,H,-,A,D,0,,Y,,,Y,,L,04,1,0,0,0,0,0,1,0,0,"- ","- ",,,VENTURA,OJAI,-119.26963806152344,34.444599151611328