CASE_ID,ACCIDENT_YEAR,PROC_DATE,JURIS,COLLISION_DATE,COLLISION_TIME,OFFICER_ID,REPORTING_DISTRICT,DAY_OF_WEEK,CHP_SHIFT,POPULATION,CNTY_CITY_LOC,SPECIAL_COND,BEAT_TYPE,CHP_BEAT_TYPE,CITY_DIVISION_LAPD,CHP_BEAT_CLASS,BEAT_NUMBER,PRIMARY_RD,SECONDARY_RD,DISTANCE,DIRECTION,INTERSECTION,WEATHER_1,WEATHER_2,STATE_HWY_IND,CALTRANS_COUNTY,CALTRANS_DISTRICT,STATE_ROUTE,ROUTE_SUFFIX,POSTMILE_PREFIX,POSTMILE,LOCATION_TYPE,RAMP_INTERSECTION,SIDE_OF_HWY,TOW_AWAY,COLLISION_SEVERITY,NUMBER_KILLED,NUMBER_INJURED,PARTY_COUNT,PRIMARY_COLL_FACTOR,PCF_CODE_OF_VIOL,PCF_VIOL_CATEGORY,PCF_VIOLATION,PCF_VIOL_SUBSECTION,HIT_AND_RUN,TYPE_OF_COLLISION,MVIW,PED_ACTION,ROAD_SURFACE,ROAD_COND_1,ROAD_COND_2,LIGHTING,CONTROL_DEVICE,CHP_ROAD_TYPE,PEDESTRIAN_ACCIDENT,BICYCLE_ACCIDENT,MOTORCYCLE_ACCIDENT,TRUCK_ACCIDENT,NOT_PRIVATE_PROPERTY,ALCOHOL_INVOLVED,STWD_VEHTYPE_AT_FAULT,CHP_VEHTYPE_AT_FAULT,COUNT_SEVERE_INJ,COUNT_VISIBLE_INJ,COUNT_COMPLAINT_PAIN,COUNT_PED_KILLED,COUNT_PED_INJURED,COUNT_BICYCLIST_KILLED,COUNT_BICYCLIST_INJURED,COUNT_MC_KILLED,COUNT_MC_INJURED,PRIMARY_RAMP,SECONDARY_RAMP,LATITUDE,LONGITUDE,COUNTY,CITY,POINT_X,POINT_Y
81825727,2021,2022-07-27,5609,2021-12-24,1907,499,,5,5,6,5609,0,0,0,,0,002,"ROYAL AVE","FIRST ST",52.00,W,N,A,-,N,,,,,,,,,,Y,1,1,0,2,A,-,03,22350,,N,D,G,A,A,H,-,C,A,0,,Y,,,Y,,D,22,0,0,0,0,0,1,0,0,0,"- ","- ",34.264568328857422,-118.77890777587891,VENTURA,"SIMI VALLEY",-118.77919006347656,34.264446258544922
81891119,2022,2022-10-17,5600,2022-04-29,1252,4615,8120,5,5,5,5601,0,0,0,,0,8B01,"LAS POSAS RD","TEMPLE AV",0.00,,Y,A,-,N,,,,,,,,,,Y,1,1,0,2,D,-,00,,,N,G,B,B,A,H,-,A,A,0,Y,,,,Y,,-,"- ",0,0,0,1,0,0,0,0,0,"- ","- ",34.237758636474609,-119.03370666503906,VENTURA,CAMARILLO,-119.03379821777344,34.23785400390625
81909394,2022,2022-11-04,5609,2022-08-29,1620,472,400,1,5,6,5609,0,0,0,,0,004,"LOST CANYONS DR","COPPERSTONE LN",230.00,E,N,A,-,N,,,,,,,,,,Y,1,1,0,1,A,-,01,23152,A,N,E,I,A,A,H,-,A,D,0,,,,,Y,Y,A,01,0,0,0,0,0,0,0,0,0,"- ","- ",34.309749603271484,-118.74279022216797,VENTURA,"SIMI VALLEY",-118.74240112304688,34.310043334960938
81922123,2022,2022-11-21,5600,2022-11-05,0110,5408,9014,6,5,6,5607,0,0,0,,0,9A01,"OLSEN RD","SUNSET HILLS BL",390.00,W,N,A,-,N,,,,,,,,,,Y,2,0,1,1,A,-,08,22107,,N,E,I,A,A,H,-,C,D,0,,,,,Y,Y,A,01,1,0,0,0,0,0,0,0,0,"- ","- ",34.232570648193359,-118.85901641845703,VENTURA,"THOUSAND OAKS",-118.85995483398438,34.231731414794922
81922657,2022,2022-11-21,5600,2022-10-11,1551,4637,5112,2,5,4,5690,0,0,0,,0,2A01,"TIERRA REJADA RD","PEACH HILL RD",0.00,,Y,A,-,N,,,,,,,,,,Y,2,0,3,2,A,-,12,21453,A,N,D,C,A,A,H,-,A,A,0,,,,,Y,,D,22,2,0,1,0,0,0,0,0,0,"- ","- ",34.263458251953125,-118.87872314453125,VENTURA,MOORPARK,-118.87865447998047,34.263423919677734
81922658,2022,2022-11-21,5600,2022-10-12,1921,4637,5103,3,5,4,5690,0,0,0,,0,2B01,"HIGH ST","MAGNOLIA ST",0.00,,Y,A,-,N,,,,,,,,,,Y,2,0,1,2,A,-,11,21953,,N,G,B,D,A,H,-,C,D,0,Y,,,,Y,,N,60,1,0,0,0,1,0,0,0,0,"- ","- ",34.285419464111328,-118.87773132324219,VENTURA,MOORPARK,-118.87775421142578,34.285411834716797
81926744,2022,2022-11-28,5600,2022-09-24,1709,5321,9000,6,5,6,5607,0,0,0,,0,9A01,"AVENIDA DE LAS FLORES","FLAMING STAR AV",113.00,E,N,A,-,N,,,,,,,,,,N,2,0,1,1,D,-,00,,,N,E,I,A,A,H,-,A,D,0,,Y,,,Y,,-,"- ",1,0,0,0,0,0,1,0,0,"- ","- ",34.212261199951172,-118.89161682128906,VENTURA,"THOUSAND OAKS",-118.89133453369141,34.212257385253906
81935812,2022,2022-12-07,5600,2022-11-13,1743,4045,,7,5,6,5607,0,0,0,,0,,"LYNN RD","WENDY DR",474.00,E,N,A,-,N,,,,,,,,,,Y,2,0,1,1,A,-,01,23152,A,N,E,I,A,A,H,-,C,D,0,,,,,Y,Y,D,22,1,0,0,0,0,0,0,0,0,"- ","- ",34.161701202392578,-118.94583892822266,VENTURA,"THOUSAND OAKS",-118.94451904296875,34.161087036132812
8197264,2016,2017-03-04,5600,2016-12-10,1158,4698,1000,6,5,2,5603,0,0,0,,0,1A01,"RT 150","NORTH BLANCHE ST",0.00,,Y,A,-,Y,VEN,7,150,-,-,17.411,I,5,W,N,2,0,1,2,A,-,10,21950,A,N,D,B,B,A,H,-,A,A,0,Y,,,,Y,,-,,1,0,0,0,1,0,0,0,0,"- ","- ",,,VENTURA,OJAI,-119.24630144,34.447740090000003
81976433,2022,2023-01-25,5600,2022-11-06,0039,4615,8050,7,5,5,5601,0,0,0,,0,8A01,"DAILY DR","CENTRAL AV",54.00,E,N,A,-,N,,,,,,,,,,Y,2,0,1,1,A,-,01,23152,A,N,F,J,A,A,H,-,C,D,0,,,,,Y,Y,A,07,1,0,0,0,0,0,0,0,0,"- ","- ",34.221458435058594,-119.10555267333984,VENTURA,CAMARILLO,-119.10205841064453,34.222709655761719
82007432,2023,2023-03-02,5609,2023-02-20,1340,5021,117,1,5,6,5609,0,0,0,,0,001,"MADERA RD","ARISTOTLE ST",113.00,N,N,A,-,N,,,,,,,,,,Y,2,0,1,2,A,-,09,21804,A,N,H,G,A,A,H,-,A,D,0,,Y,,,Y,,L,04,1,0,0,0,0,0,1,0,0,"- ","- ",34.277271270751953,-118.79631042480469,VENTURA,"SIMI VALLEY",-118.79646301269531,34.277610778808594
82031212,2023,2023-03-29,5609,2023-03-21,1900,5023,,2,5,6,5609,0,0,0,,0,003,"LOS ANGELES AVE","TAPO CANYON RD",0.00,,Y,B,C,N,,,,,,,,,,Y,2,0,2,2,A,-,01,23152,A,N,D,C,A,B,H,-,A,A,0,,,,,Y,Y,A,07,1,0,1,0,0,0,0,0,0,"- ","- ",34.271080017089844,-118.71711730957031,VENTURA,"SIMI VALLEY",-118.71733093261719,34.27166748046875
8204842,2016,2017-01-11,5600,2016-12-14,1518,4900,8213,3,5,5,5601,0,0,0,,0,08D,"MISSION OAKS BL","ALDER VIEW LN",535.00,N,N,A,-,N,,,,,,,,,,N,2,0,1,1,A,-,05,21202,A,N,E,I,A,A,H,-,A,D,0,,Y,,,Y,,L,04,1,0,0,0,0,0,1,0,0,"- ","- ",34.230589999999999,-118.99226,VENTURA,CAMARILLO,-118.99242135999999,34.230460610000002
82070504,2023,2023-05-17,5609,2023-05-04,"955 ",443,,4,5,6,5609,0,0,0,,0,002,"MADERA RD","LIGHT POLE #SV01463",30.00,N,N,B,C,N,,,,,,,,,,Y,2,0,3,3,A,-,09,21801,A,N,A,C,A,B,H,-,A,D,0,,,,,Y,,A,01,1,0,2,0,0,0,0,0,0,"- ","- ",,,VENTURA,"SIMI VALLEY",,
82096177,2023,2023-06-28,5609,2023-03-30,2006,464,,4,5,6,5609,0,0,0,,0,001,"COCHRAN ST","CALLAHAN AVE",460.00,E,N,A,-,N,,,,,,,,,,Y,1,1,2,4,A,-,05,21460,A,N,A,C,A,A,H,-,C,D,0,,,,,Y,,A,01,0,2,0,0,0,0,0,0,0,"- ","- ",34.278709411621094,-118.76766967773438,VENTURA,"SIMI VALLEY",-118.76638793945312,34.279018402099609
82120415,2023,2023-07-19,5609,2023-07-14,2147,5023,,5,5,6,5609,0,0,0,,0,003,"LOS ANGELES AVE","SYCAMORE DR",28.00,W,N,A,-,N,,,,,,,,,,Y,2,0,1,2,A,-,03,22350,,N,C,C,A,A,H,-,D,A,0,,,Y,,Y,,A,07,1,0,0,0,0,0,0,0,1,"- ","- ",34.271770477294922,-118.74382781982422,VENTURA,"SIMI VALLEY",-118.74387359619141,34.271652221679688
82126106,2023,2023-07-27,5600,2023-07-15,1259,5653,9072,6,5,6,5607,0,0,0,,0,9G01,"LOS FELIZ DR","CONEJO SCHOOL RD",315.00,W,N,A,-,N,,,,,,,,,,N,2,0,1,2,A,-,09,21804,A,N,D,G,A,A,H,-,A,D,0,,Y,,,Y,,L,04,1,0,0,0,0,0,1,0,0,"- ","- ",34.173698425292969,-118.84767150878906,VENTURA,"THOUSAND OAKS",-118.84470367431641,34.177089691162109
82133747,2023,2023-08-02,5609,2023-07-20,1435,464,,4,5,6,5609,0,0,0,,0,004,"TOWNSHIP AVE","LEMON DR",233.00,E,N,A,-,N,,,,,,,,,,Y,2,0,2,3,A,-,03,22350,,N,D,C,A,A,H,-,A,D,0,,,,,Y,,A,07,1,1,0,0,0,0,0,0,0,"- ","- ",34.293548583984375,-118.72653198242188,VENTURA,"SIMI VALLEY",-118.72576904296875,34.293514251708984
82150767,2023,2023-08-23,5600,2023-08-14,1842,4878,5110,1,5,4,5690,0,0,0,,0,2A01,"TIERRA REJADA RD","OFFRAMP NB 23 TIERRA REJADA",0.00,,Y,A,-,Y,,,,,,,,,,Y,2,0,2,2,A,-,12,21453,A,N,D,C,A,A,H,-,B,A,0,,,,,Y,,A,01,1,0,1,0,0,0,0,0,0,"- ","- ",34.267311096191406,-118.85018920898438,VENTURA,MOORPARK,,
82174249,2023,2023-10-13,5600,2023-08-29,"716 ",5302,8202,2,5,5,5601,0,0,0,,0,8C01,"MISSION OAKS BL","DAWSON DR (W)",644.00,E,N,A,-,N,,,,,,,,,,Y,2,0,4,2,A,-,09,21801,A,N,H,C,A,A,H,-,A,D,0,,,,,Y,,A,07,1,1,2,0,0,0,0,0,0,"- ","- ",34.21649169921875,-119.03288269042969,VENTURA,CAMARILLO,-119.03000640869141,34.216537475585938
82198097,2023,2023-10-24,5600,2023-10-10,1756,2833,9072,2,5,6,5607,0,0,0,,0,9G01,"HILLCREST DR","OFFRAMP SB 23 HILLCREST",0.00,,Y,A,-,Y,,,,,,,,,,Y,2,0,3,2,A,-,12,21453,A,N,D,C,A,A,H,-,A,A,0,,,,,Y,,A,01,1,1,1,0,0,0,0,0,0,"- ","- ",34.182968139648438,-118.85002136230469,VENTURA,"THOUSAND OAKS",-118.8333740234375,34.172370910644531
82206321,2023,2023-10-23,5608,2023-10-11,1615,498,,3,5,6,5608,0,0,0,,0,002,"SEAWARD AVE","PIERPONT ST",0.00,,Y,A,-,N,,,,,,,,,,Y,2,0,1,2,A,-,12,22450,A,N,B,C,A,A,H,-,A,D,0,,,Y,,Y,,C,02,1,0,0,0,0,0,0,0,1,"- ","- ",,,VENTURA,VENTURA,-119.27206420898438,34.264205932617188
82221034,2023,2023-10-27,5600,2023-10-24,"149 ",5368,9124,2,5,6,5607,0,0,0,,0,9C01,"BORCHARD RD","CAROB DR",20.00,E,N,A,-,N,,,,,,,,,,Y,2,0,1,1,A,-,08,22107,,N,E,I,A,A,H,-,C,D,0,,,,,Y,,A,07,1,0,0,0,0,0,0,0,0,"- ","- ",34.180629730224609,-118.92942047119141,VENTURA,"THOUSAND OAKS",-118.92922973632812,34.180599212646484
82226074,2023,2023-11-02,5609,2023-09-12,1430,5065,,2,5,6,5609,0,0,0,,0,005,"COTTONWOOD DR","HORIZON RIDGE CT",53.00,W,N,A,-,N,,,,,,,,,,Y,1,1,0,1,C,-,18,,,N,E,I,A,A,H,-,A,D,0,,,,,Y,,-,"- ",0,0,0,0,0,0,0,0,0,"- ","- ",34.302291870117188,-118.70548248291016,VENTURA,"SIMI VALLEY",-118.70571899414062,34.302272796630859
82250431,2023,2024-02-29,5609,2023-10-14,1256,5023,,6,5,6,5609,0,0,0,,0,003,"ROYAL AVE","HAVEN AVE",269.00,W,N,A,-,N,,,,,,,,,,Y,1,1,0,1,A,-,08,22107,,N,E,I,A,A,H,-,A,D,0,,,,,Y,,A,07,0,0,0,0,0,0,0,0,0,"- ","- ",34.260810852050781,-118.75627899169922,VENTURA,"SIMI VALLEY",-118.75713348388672,34.260883331298828
82263787,2023,2023-12-18,5609,2023-12-11,1416,5033,406,1,5,6,5609,0,0,0,,0,004,"GALENA AVE","ALAMO ST",22.00,S,N,A,-,N,,,,,,,,,,N,2,0,1,2,A,-,10,21950,A,N,G,B,B,A,H,-,A,A,0,Y,,,,Y,,A,07,1,0,0,0,1,0,0,0,0,"- ","- ",34.285881042480469,-118.73532867431641,VENTURA,"SIMI VALLEY",-118.73564147949219,34.286251068115234
82264288,2023,2024-03-21,5600,2023-09-14,1907,4045,9076,4,5,6,5607,0,0,0,,0,9H01,"LYNN RD","CAMINO MANZANAS",710.00,S,N,A,-,N,,,,,,,,,,Y,1,1,0,1,A,-,01,23152,A,N,E,I,A,A,H,-,B,D,0,,,Y,,Y,Y,C,02,0,0,0,0,0,0,0,1,0,"- ","- ",34.196300506591797,-118.89385223388672,VENTURA,"THOUSAND OAKS",-118.89039611816406,34.197364807128906
82268897,2023,2024-06-24,5609,2023-09-28,2000,5004,,4,5,6,5609,0,0,0,,0,002,"MADERA RD","MCCOY PL",62.00,N,N,A,-,N,,,,,,,,,,Y,1,1,0,1,A,-,08,22107,,N,E,J,A,A,H,-,C,D,0,,,Y,,Y,,C,02,0,0,0,0,0,0,0,1,0,"- ","- ",34.270259857177734,-118.79634857177734,VENTURA,"SIMI VALLEY",-118.79641723632812,34.270431518554688
82308601,2023,2024-02-08,5600,2023-11-04,"853 ",4973,8003,6,5,5,5601,0,0,0,,0,8A01,"CRESTVIEW AV","AVENIDA DE APRISA",705.00,S,N,A,-,N,,,,,,,,,,N,1,1,0,1,A,-,08,22107,,N,F,I,A,A,H,-,A,D,0,,Y,,,Y,,L,04,0,0,0,0,0,1,0,0,0,"- ","- ",34.231990814208984,-119.09889221191406,VENTURA,CAMARILLO,-119.09925842285156,34.230136871337891
82328065,2024,2024-03-04,5600,2024-02-02,2003,5528,5116,5,5,4,5690,0,0,0,,0,2A01,"PARK CREST LN","PARK LN",447.00,E,N,B,-,N,,,,,,,,,,Y,2,0,2,1,A,-,03,22350,,N,E,I,A,B,H,-,C,D,0,,,,,Y,,-,"- ",1,0,1,0,0,0,0,0,0,"- ","- ",34.277469635009766,-118.88543701171875,VENTURA,MOORPARK,-118.88394165039062,34.277427673339844
82338950,2024,2024-03-15,5600,2024-02-28,1738,5302,,3,5,5,5601,0,0,0,,0,8A01,"LAS POSAS RD","CRESTVIEW AV",235.00,E,N,-,-,N,,,,,,,,,,Y,2,0,2,2,A,-,01,23152,A,F,D,C,A,A,H,-,A,D,0,,,,,Y,Y,A,01,1,1,0,0,0,0,0,0,0,"- ","- ",34.229141235351562,-119.06976318359375,VENTURA,CAMARILLO,-119.06927490234375,34.229263305664062
82342445,2023,2024-03-20,5609,2023-12-28,1346,5033,,4,5,6,5609,0,0,0,,0,002,"ERRINGER RD","FITZGERALD RD",18.00,S,N,A,-,N,,,,,,,,,,Y,1,1,0,2,A,-,09,21802,A,N,H,G,A,A,H,-,A,A,0,,Y,,,Y,,A,07,0,0,0,0,0,1,0,0,0,"- ","- ",34.256839752197266,-118.76142883300781,VENTURA,"SIMI VALLEY",-118.76133728027344,34.256809234619141
82384478,2024,2024-05-09,5600,2024-04-27,1538,5495,,6,5,2,5603,0,0,0,,0,1B01,"GRAND AV","LION ST",48.00,E,N,A,-,N,,,,,,,,,,N,1,1,0,2,A,-,03,22350,,N,G,B,E,A,H,-,A,A,0,Y,,,,Y,,A,01,0,0,0,1,0,0,0,0,0,"- ","- ",34.453350067138672,-119.24411773681641,VENTURA,OJAI,-119.24411010742188,34.453338623046875
82390098,2024,2024-05-20,5600,2024-05-08,"742 ",4874,,3,5,2,5603,0,0,0,,0,1A01,"W. OJAI AVENUE/SR-150","DEL NORTE ROAD",0.00,,Y,A,-,Y,,,,,,,,,,N,2,0,1,2,A,-,09,21801,A,N,H,G,A,A,H,-,A,A,0,,Y,,,Y,,A,07,1,0,0,0,0,0,1,0,0,"- ","- ",,,VENTURA,OJAI,-119.26047515869141,34.441703796386719
82396327,2024,2024-05-22,5608,2024-05-05,1728,533,,7,5,6,5608,0,0,0,,0,003,"MADERA AVENUE","FREMONT STREET",0.00,,Y,A,-,N,,,,,,,,,,N,2,0,1,2,A,-,03,22350,,N,H,G,A,A,H,-,A,D,0,,Y,,,Y,,M,91,1,0,0,0,0,0,1,0,0,"- ","- ",,,VENTURA,VENTURA,-119.21453094482422,34.280216217041016
82401784,2024,2024-05-30,5600,2024-05-22,"618 ",5011,,3,5,6,5607,0,0,0,,0,9H01,"RANCHO CONEJO BL","LAWRENCE DR",0.00,,Y,B,-,N,,,,,,,,,,Y,2,0,2,2,A,-,12,21453,A,N,D,C,A,A,H,-,A,A,0,,,,,Y,,D,22,1,1,0,0,0,0,0,0,0,"- ","- ",34.199970245361328,-118.92379760742188,VENTURA,"THOUSAND OAKS",-118.92389678955078,34.199962615966797
82402782,2024,2024-06-03,5600,2024-05-21,1632,5011,,2,5,6,5607,0,0,0,,0,9G01,"THOUSAND OAKS BL","SKYLINE DR",30.00,E,N,A,-,N,,,,,,,,,,N,2,0,1,2,A,-,11,21954,A,N,G,B,D,A,H,-,A,A,0,Y,,,,Y,,-,"- ",1,0,0,0,1,0,0,0,0,"- ","- ",34.170711517333984,-118.83808135986328,VENTURA,"THOUSAND OAKS",-118.83800506591797,34.170661926269531
82420795,2024,2024-06-24,5609,2024-06-19,2026,388,,3,5,6,5609,0,0,0,,0,004,"ERRINGER RD","ALAMO ST",0.00,,Y,A,-,N,,,,,,,,,,Y,2,0,3,2,A,-,09,21801,A,N,A,C,A,A,H,-,C,A,0,,,,,Y,,A,01,1,2,0,0,0,0,0,0,0,"- ","- ",34.284679412841797,-118.76116180419922,VENTURA,"SIMI VALLEY",-118.76137542724609,34.284725189208984
8297218,2017,2017-03-06,5600,2017-01-27,1808,3366,6012,5,5,3,5602,0,0,0,,0,6A01,"GOODENOUGH RD","HINCKLEY LN",0.00,,Y,A,-,N,,,,,,,,,,N,2,0,1,2,A,-,03,22350,,N,C,C,A,A,H,-,C,A,0,,,Y,,Y,,C,02,1,0,0,0,0,0,0,0,1,"- ","- ",,,VENTURA,FILLMORE,-118.92791001000001,34.406500029999997
8297226,2017,2017-03-02,5600,2017-01-30,1806,4900,8215,1,5,5,5601,0,0,0,,0,8D01,"UPLAND RD","SANTA ROSA RD",27.00,W,N,A,-,N,,,,,,,,,,N,2,0,1,2,A,-,11,21954,A,N,G,B,D,A,H,-,B,A,0,Y,,,,Y,Y,N,60,1,0,0,0,1,0,0,0,0,"- ","- ",34.23321,-118.97331,VENTURA,CAMARILLO,-118.97334119999999,34.233210679999999
82996910,2024,2024-07-31,5609,2024-07-26,"719 ",5033,,5,5,6,5609,0,0,0,,0,003,"LOS ANGELES AVE","PATRICIA ST",15.00,W,N,A,-,N,,,,,,,,,,N,2,0,1,2,A,-,12,21453,A,N,D,G,A,A,H,-,A,A,0,,Y,,,Y,,D,22,1,0,0,0,0,0,1,0,0,"- ","- ",34.271488189697266,-118.77652740478516,VENTURA,"SIMI VALLEY",-118.77674102783203,34.271659851074219
8350447,2017,2017-04-25,5609,2017-04-05,2009,389,,3,5,6,5609,0,0,0,,0,002,"ARCANE ST","GIBSON AV",0.00,,Y,A,-,N,,,,,,,,,,Y,2,0,2,1,A,-,03,22350,,N,E,I,A,A,H,-,C,A,0,,,Y,,Y,,C,02,2,0,0,0,0,0,0,0,2,"- ","- ",34.260190000000001,-118.76535,VENTURA,"SIMI VALLEY",-118.76531002999999,34.26016001
8355352,2017,2017-05-09,5600,2017-04-07,0702,4615,8111,5,5,5,5601,0,0,0,,0,08B,"LAS POSAS RD","CHARTER OAK DR",299.00,W,N,A,-,N,,,,,,,,,,Y,2,0,1,2,A,-,08,22107,,N,B,C,A,A,H,-,A,D,0,,,Y,,Y,,A,01,1,0,0,0,0,0,0,0,1,"- ","- ",34.237020000000001,-119.03727000000001,VENTURA,CAMARILLO,-119.03716743,34.237037460000003
8363253,2017,2017-05-24,5608,2017-03-17,0110,423,VENTU,5,5,6,5608,0,0,0,,0,004,"WALKER ST","MOON DR",127.00,W,N,A,-,N,,,,,,,,,,Y,2,0,2,1,A,-,01,23152,A,N,E,I,A,A,H,-,C,D,0,,,,,Y,Y,D,22,2,0,0,0,0,0,0,0,0,"- ","- ",,,VENTURA,VENTURA,-119.21281263,34.254275020000001
8363937,2017,2017-05-18,5608,2017-04-06,0949,429,,4,5,6,5608,0,0,0,,0,002,"CHRISMAN AV","SANTA BARBARA ST",0.00,,Y,A,-,N,,,,,,,,,,N,2,0,1,2,A,-,21,22106,,N,G,B,E,A,H,-,A,-,0,Y,,,,Y,,-,,1,0,0,0,1,0,0,0,0,"- ","- ",,,VENTURA,VENTURA,-119.27784998999999,34.278640019999997
8387070,2017,2018-04-24,5600,2017-04-15,1430,4825,6033,6,5,3,5602,0,0,0,,0,06B,"RT 126","SESPE RAILROAD TRACKS",190.00,W,N,A,-,Y,VEN,7,126,-,-,22.500,H,-,E,Y,2,0,2,2,A,-,03,22350,,N,D,C,A,A,H,-,A,A,0,,,Y,,Y,,C,02,2,0,0,0,0,0,0,0,2,"- ","- ",,,VENTURA,FILLMORE,-118.89490292000001,34.39799833
8387086,2017,2018-04-10,5600,2017-06-02,1711,5005,6003,5,5,3,5602,0,0,0,,0,6A01,"RT 126","B ST",782.00,W,N,A,-,Y,VEN,7,126,-,-,20.861,I,5,E,Y,2,0,2,2,A,-,03,22350,,N,D,C,A,A,H,-,A,D,0,,,Y,,Y,,C,02,1,0,1,0,0,0,0,0,1,"- ","- ",,,VENTURA,FILLMORE,-118.92252797,34.395537040000001
8404958,2018,2020-05-22,5604,2018-03-29,2021,5231,,4,5,6,5604,0,0,0,,0,031,"COOPER RD","GRANT AV",0.00,,Y,A,-,N,,,,,,,,,,Y,1,1,0,2,A,-,01,23152,A,N,G,B,B,A,H,-,C,D,0,Y,,,,Y,Y,-,,0,0,0,1,0,0,0,0,0,"- ","- ",,,VENTURA,OXNARD,-119.17436981201172,34.204540252685547
8415302,2018,2018-07-19,5609,2018-06-04,0110,468,,1,5,6,5609,0,0,0,,0,003,"E LOS ANGELES AV","PATRICIA AV",0.00,,Y,A,-,N,,,,,,,,,,Y,2,0,2,2,A,-,12,21453,A,N,D,C,A,A,H,-,C,A,0,,,,,Y,,A,01,1,0,1,0,0,0,0,0,0,"- ","- ",,,VENTURA,"SIMI VALLEY",-118.77668762207031,34.27178955078125
8423275,2017,2017-08-10,5600,2017-07-26,0202,4589,8106,3,5,5,5601,0,0,0,,0,08B,"MOBIL AV","RAEMERE ST",210.00,N,N,A,-,N,,,,,,,,,,Y,2,0,1,5,A,-,01,23152,A,N,B,E,A,A,H,-,C,D,0,,,,,Y,Y,A,01,1,0,0,0,0,0,0,0,0,"- ","- ",34.219140000000003,-119.04303,VENTURA,CAMARILLO,-119.04298,34.219086320000002
8430029,2017,2017-08-22,5600,2017-07-18,1915,4901,1B01,2,5,2,5603,0,0,0,,0,1005,"EAST SUMMER ST","NORTH SIGNAL ST",206.00,W,N,A,-,N,,,,,,,,,,N,2,0,1,2,A,-,17,22517,,N,B,G,A,A,H,-,A,D,0,,Y,,,Y,,A,01,1,0,0,0,0,0,1,0,0,"- ","- ",,,VENTURA,OJAI,-119.24700052999999,34.452526450000001
8437996,2017,2017-08-25,5609,2017-07-27,1707,435,,4,5,6,5609,0,0,0,,0,,"ALAMO ST","KADOTA ST",0.00,,Y,A,-,N,,,,,,,,,,N,2,0,1,2,A,-,09,21804,A,N,D,G,A,A,H,-,A,D,0,,Y,,,Y,,A,01,1,0,0,0,0,0,1,0,0,"- ","- ",34.286189999999998,-118.70034,VENTURA,"SIMI VALLEY",-118.70028013,34.286260009999999
84485186,2024,2024-11-27,5600,2024-11-24,1424,3147,,7,5,6,5607,0,0,0,,0,9D01,"WESTLAKE BL","POTRERO RD",529.00,S,N,B,-,N,,,,,,,,,,Y,2,0,1,1,A,-,08,22107,,N,E,J,A,A,H,-,A,D,0,,,Y,,Y,,C,02,1,0,0,0,0,0,0,0,1,"- ","- ",34.139480590820312,-118.85427093505859,VENTURA,"THOUSAND OAKS",-118.85015106201172,34.141357421875
84491300,2024,2024-12-04,5609,2024-06-18,1722,447,,2,5,6,5609,0,0,0,,0,001,"ULYSSES ST","SOCRATES AVE",7.00,W,N,A,-,N,,,,,,,,,,N,1,1,0,2,A,-,10,21950,A,N,G,B,B,A,H,-,A,D,0,Y,,,,Y,,A,07,0,0,0,1,0,0,0,0,0,"- ","- ",34.272880554199219,-118.79096984863281,VENTURA,"SIMI VALLEY",-118.79100036621094,34.272941589355469
84497802,2024,2024-12-13,5600,2024-12-07,1930,5368,,6,5,6,5607,0,0,0,,0,9H01,"VENTU PARK RD","HILLCREST DR",110.00,S,N,A,-,N,,,,,,,,,,N,2,0,1,2,A,-,11,21954,A,N,G,B,D,A,H,-,E,A,0,Y,,,,Y,Y,N,60,1,0,0,0,1,0,0,0,0,"- ","- ",34.188240051269531,-118.91121673583984,VENTURA,"THOUSAND OAKS",-118.91134643554688,34.187999725341797
84511103,2024,2024-12-20,5600,2024-12-10,1345,5278,,2,5,4,5690,0,0,0,,0,2A01,"LOS ANGELES AV","TIERRA REJADA RD",0.00,,Y,G,-,Y,VEN,,118," "," ",16.463,H,,R,Y,2,0,3,2,A,-,09,21800,D,N,D,C,A,A,H,-,A,B,0,,,,,Y,,D,22,1,0,2,0,0,0,0,0,0,"- ","- ",34.278900146484375,-118.90088653564453,VENTURA,MOORPARK,-118.90088653564453,34.27886962890625
8456162,2017,2017-09-21,5608,2017-09-09,1725,488,VTA,6,5,6,5608,0,0,0,,0,004,"VICTORIA AV","RALSTON ST",196.00,S,N,A,-,N,,,,,,,,,,Y,2,0,2,2,A,-,03,22350,,N,C,C,A,A,H,-,A,A,0,,,,,Y,,-,,1,0,1,0,0,0,0,0,0,"- ","- ",,,VENTURA,VENTURA,-119.21153317,34.260530850000002
84563551,2024,2025-02-26,5600,2024-12-11,1908,5368,,3,5,6,5607,0,0,0,,0,9H01,"HILLCREST DR","CITATION WY",310.00,W,N,A,-,N,,,,,,,,,,Y,2,0,1,2,A,-,09,21804,A,N,D,G,A,A,H,-,C,D,0,,Y,,,Y,Y,L,04,1,0,0,0,0,0,1,0,0,"- ","- ",34.184940338134766,-118.90647888183594,VENTURA,"THOUSAND OAKS",-118.90732574462891,34.185356140136719
8459099,2017,2017-10-03,5600,2017-09-24,1729,2740,9180,7,5,6,5607,0,0,0,,0,09D,"TRIUNFO CANYON RD","GLASTONBURY RD",30.00,S,N,A,-,N,,,,,,,,,,Y,2,0,1,1,A,-,05,21651,B,N,E,I,A,A,H,-,A,D,0,,,,,Y,,A,01,1,0,0,0,0,0,0,0,0,"- ","- ",,,VENTURA,"THOUSAND OAKS",-118.83521330000001,34.144633550000002