CASE_ID,ACCIDENT_YEAR,PROC_DATE,JURIS,COLLISION_DATE,COLLISION_TIME,OFFICER_ID,REPORTING_DISTRICT,DAY_OF_WEEK,CHP_SHIFT,POPULATION,CNTY_CITY_LOC,SPECIAL_COND,BEAT_TYPE,CHP_BEAT_TYPE,CITY_DIVISION_LAPD,CHP_BEAT_CLASS,BEAT_NUMBER,PRIMARY_RD,SECONDARY_RD,DISTANCE,DIRECTION,INTERSECTION,WEATHER_1,WEATHER_2,STATE_HWY_IND,CALTRANS_COUNTY,CALTRANS_DISTRICT,STATE_ROUTE,ROUTE_SUFFIX,POSTMILE_PREFIX,POSTMILE,LOCATION_TYPE,RAMP_INTERSECTION,SIDE_OF_HWY,TOW_AWAY,COLLISION_SEVERITY,NUMBER_KILLED,NUMBER_INJURED,PARTY_COUNT,PRIMARY_COLL_FACTOR,PCF_CODE_OF_VIOL,PCF_VIOL_CATEGORY,PCF_VIOLATION,PCF_VIOL_SUBSECTION,HIT_AND_RUN,TYPE_OF_COLLISION,MVIW,PED_ACTION,ROAD_SURFACE,ROAD_COND_1,ROAD_COND_2,LIGHTING,CONTROL_DEVICE,CHP_ROAD_TYPE,PEDESTRIAN_ACCIDENT,BICYCLE_ACCIDENT,MOTORCYCLE_ACCIDENT,TRUCK_ACCIDENT,NOT_PRIVATE_PROPERTY,ALCOHOL_INVOLVED,STWD_VEHTYPE_AT_FAULT,CHP_VEHTYPE_AT_FAULT,COUNT_SEVERE_INJ,COUNT_VISIBLE_INJ,COUNT_COMPLAINT_PAIN,COUNT_PED_KILLED,COUNT_PED_INJURED,COUNT_BICYCLIST_KILLED,COUNT_BICYCLIST_INJURED,COUNT_MC_KILLED,COUNT_MC_INJURED,PRIMARY_RAMP,SECONDARY_RAMP,LATITUDE,LONGITUDE,COUNTY,CITY,POINT_X,POINT_Y
8462318,2017,2017-10-10,5608,2017-09-25,2054,497,,1,5,6,5608,0,0,0,,0,003,"FOOTHILL RD","HIGH POINT DR",105.00,W,-,A,-,N,,,,,,,,,,Y,2,0,2,2,A,-,05,21460,A,F,A,C,A,A,H,-,C,D,0,,,,,Y,,A,01,1,1,0,0,0,0,0,0,0,"- ","- ",,,VENTURA,VENTURA,-119.19952042,34.288073259999997
84637051,2025,2025-04-07,5600,2025-02-20,1947,5719,,4,5,6,5607,0,0,0,,0,9A01,"AVENIDA DE LOS ARBOLES","CALLE CASTANO",6.00,W,N,A,-,N,,,,,,,,,,N,2,0,1,2,A,-,10,21950,A,N,G,B,B,A,H,-,D,A,0,Y,,,,Y,,A,07,1,0,0,0,1,0,0,0,0,"- ","- ",34.216770172119141,-118.86402893066406,VENTURA,"THOUSAND OAKS",-118.86405181884766,34.216762542724609
8465955,2019,2019-07-25,5608,2019-03-24,0125,451,5608,7,5,6,5608,0,0,0,,0,004,"VICTORIA AV","TELEPHONE RD",0.00,,Y,A,-,N,,,,,,,,,,Y,1,1,0,2,A,-,11,21456,C,N,G,B,B,A,H,-,C,A,0,Y,,,,Y,Y,N,60,0,0,0,1,0,0,0,0,0,"- ","- ",,,VENTURA,VENTURA,-119.21256256103516,34.265460968017578
84710635,2025,2025-06-03,5600,2025-05-12,"805 ",5574,,1,5,5,5601,0,0,0,,0,8D01,"SANTA ROSA RD","LOS PUEBLOS DR",1076.00,N,N,-,-,N,,,,,,,,,,N,2,0,1,1,A,-,03,22350,,N,E,I,A,A,G,-,A,D,0,,Y,,,Y,,M,91,1,0,0,0,0,0,1,0,0,"- ","- ",34.221561431884766,-119.00089263916016,VENTURA,CAMARILLO,-118.99766540527344,34.222846984863281
84719234,2025,2025-06-10,5600,2025-06-05,1320,5251,,4,5,6,5607,0,0,0,,0,9D01,"TRIUNFO CANYON RD","FONT LN",0.00,,Y,A,-,N,,,,,,,,,,Y,2,0,2,2,A,-,08,22107,,N,D,C,A,A,H,-,A,A,0,,,,,Y,,A,01,1,1,0,0,0,0,0,0,0,"- ","- ",34.147388458251953,-118.83727264404297,VENTURA,"THOUSAND OAKS",-118.83731079101562,34.147369384765625
84738488,2025,2025-06-25,5600,2025-06-10,1404,4527,,2,5,6,5607,0,0,0,,0,9H01,"HILLCREST DR","CAMINO DOS RIOS (S)",530.00,S,N,A,-,N,,,,,,,,,,Y,2,0,1,2,A,-,09,21804,A,N,D,C,A,A,H,-,A,D,0,,,Y,,Y,,A,01,1,0,0,0,0,0,0,0,1,"- ","- ",34.189479827880859,-118.93517303466797,VENTURA,"THOUSAND OAKS",-118.93437957763672,34.188129425048828
84745171,2025,2025-09-05,5600,2025-05-06,1604,5150,,2,5,6,5607,0,0,0,,0,9C01,"VIA LAS BRISAS","CALLE DEL PRADO",0.00,,Y,A,-,N,,,,,,,,,,Y,1,2,1,2,A,-,00,23103,A,N,A,C,A,A,H,-,A,A,0,,,,,Y,,A,07,0,1,0,0,0,0,0,0,0,"- ","- ",34.168979644775391,-118.97260284423828,VENTURA,"THOUSAND OAKS",,
84759462,2025,2025-07-14,5600,2025-06-22,1447,5015,,7,5,3,5602,0,0,0,,0,6A01,"SR126 (VENTURA ST.)","A ST",444.00,W,N,A,-,Y,,,,,,,,,,N,2,0,1,2,A,-,09,21801,A,N,D,C,A,A,H,-,A,A,0,,,Y,,Y,,A,07,1,0,0,0,0,0,0,0,1,"- ","- ",34.39337158203125,-118.91844177246094,VENTURA,FILLMORE,-118.91923522949219,34.396015167236328
8498543,2017,2017-12-08,5600,2017-11-19,1100,3927,8067,7,5,5,5601,0,0,0,,0,08A,"LAS POSAS RD","PLEASANT VALLEY RD",0.00,,Y,A,-,N,,,,,,,,,,Y,2,0,1,2,A,-,09,21801,A,N,H,C,A,A,H,-,A,A,0,,,Y,,Y,,C,02,1,0,0,0,0,0,0,0,1,"- ","- ",34.205550000000002,-119.06973000000001,VENTURA,CAMARILLO,-119.06968006,34.205590100000002
8513489,2017,2018-02-15,5608,2017-12-18,1724,492,,1,5,6,5608,0,0,0,,0,001,"EAST THOMPSON BL","FIR ST",0.00,,-,A,-,N,,,,,,,,,,N,2,0,1,2,A,-,00,21954,,N,-,B,D,A,H,-,C,D,0,Y,,,,Y,,N,60,1,0,0,0,1,0,0,0,0,"- ","- ",34.278399999999998,-119.2901,VENTURA,VENTURA,-119.29001993999999,34.278280090000003
8532713,2018,2018-07-23,5604,2018-06-22,0110,5405,,5,5,6,5604,0,0,0,,0,031,"CAMINO DEL SOL","GOTITA WY",50.00,W,N,A,-,N,,,,,,,,,,N,2,0,1,2,A,-,11,21954,A,N,G,B,D,A,H,-,C,D,0,Y,,,,Y,Y,N,60,1,0,0,0,1,0,0,0,0,"- ","- ",34.207328796386719,-119.16352081298828,VENTURA,OXNARD,-119.16442108154297,34.207695007324219
8540296,2018,2018-04-25,5604,2018-04-10,0640,4907,,2,5,6,5604,0,0,0,,0,042,"SAVIERS RD","PLEASANT VALLEY RD",50.00,N,N,A,-,N,,,,,,,,,,Y,2,0,4,4,C,-,18,,,N,C,C,A,A,H,-,A,A,0,,,,,Y,,-,"- ",1,1,2,0,0,0,0,0,0,"- ","- ",34.154701232910156,-119.17769622802734,VENTURA,OXNARD,-119.17784881591797,34.154869079589844
8545184,2018,2018-02-08,5608,2018-01-17,1711,379,,3,5,6,5608,0,0,0,,0,004,"MAIN ST","TELEPHONE RD",0.00,,Y,A,-,N,,,,,,,,,,N,2,0,1,1,A,-,08,22107,,N,F,I,A,A,H,-,A,A,0,,,Y,,Y,,C,02,1,0,0,0,0,0,0,0,1,"- ","- ",,,VENTURA,VENTURA,-119.23184967041016,34.261920928955078
8550490,2018,2018-06-28,5600,2018-01-20,0045,4864,9112,6,5,6,5607,0,0,0,,0,9C01,"POTRERO RD","SYCAMORE CANYON RD",187.00,E,N,A,-,N,,,,,,,,,,Y,2,0,1,1,A,-,03,22350,,M,E,I,A,A,H,-,C,D,0,,,,,Y,Y,A,07,1,0,0,0,0,0,0,0,0,"- ","- ",34.823978424072266,-118.57444763183594,VENTURA,"THOUSAND OAKS",-118.96244812011719,34.156719207763672
8554778,2016,2018-04-23,5604,2016-02-16,1340,5473,4031,2,5,6,5604,0,0,0,,0,031,"CAMPTON DR","MORRIS ST",30.00,N,N,A,-,N,,,,,,,,,,N,2,0,1,2,A,-,11,21954,A,N,G,B,E,A,H,-,A,D,0,Y,,,,Y,,N,60,1,0,0,0,1,0,0,0,0,"- ","- ",34.202219999999997,-119.16467,VENTURA,OXNARD,-119.16442865,34.202132329999998
8554903,2016,2018-04-23,5604,2016-11-07,1626,4591,,1,5,6,5604,0,0,0,,0,032,"ELM ST","CALIFORNIA ST",0.00,,Y,A,-,N,,,,,,,,,,Y,2,0,4,4,A,-,01,23152,A,N,E,I,A,A,H,-,A,A,0,,,,,Y,Y,-,,2,2,0,0,0,0,0,0,0,"- ","- ",,,VENTURA,OXNARD,-119.17132008999999,34.182730069999998
8555044,2016,2018-04-26,5604,2016-03-17,2057,4751,,4,5,6,5604,0,0,0,,0,032,"LAUREL ST","SAVIERS RD",0.00,,Y,A,-,N,,,,,,,,,,N,2,0,1,2,A,-,10,21950,A,N,G,B,B,A,A,H,C,A,0,Y,,,,Y,,A,01,1,0,0,0,1,0,0,0,0,"- ","- ",34.177329999999998,-119.17752,VENTURA,OXNARD,-119.1776,34.17735004
8557628,2016,2018-05-03,5604,2016-09-08,2147,5392,,4,5,6,5604,0,0,0,,0,032,"OXNARD BL","ASH ST",100.00,S,N,A,-,N,,,1,,,,,,,N,2,0,1,2,A,-,11,21954,A,N,G,B,D,A,H,-,C,D,0,Y,,,,Y,,N,60,1,0,0,0,1,0,0,0,0,"- ","- ",34.186549999999997,-119.17336,VENTURA,OXNARD,-119.17333254,34.186585270000002
8557656,2016,2018-04-27,5604,2016-04-09,2005,4834,,6,5,6,5604,0,0,0,,0,014,"RT 232","OLIVE ST",37.00,S,N,A,-,Y,VEN,7,232,-,-,0.660,H,-,N,Y,2,0,1,2,A,-,11,21954,A,N,G,B,D,A,H,-,C,-,0,Y,,,,Y,Y,N,60,1,0,0,0,1,0,0,0,0,"- ","- ",,,VENTURA,OXNARD,-119.17131861999999,34.234528349999998
8557735,2016,2018-05-03,5604,2016-07-28,2143,5422,,4,5,6,5604,0,0,0,,0,024,"WOOLEY RD","J ST",13.00,E,N,A,-,N,,,,,,,,,,N,2,0,1,2,A,-,05,21650,1,N,A,G,A,A,H,-,C,A,0,,Y,,,Y,Y,L,04,1,0,0,0,0,0,1,0,0,"- ","- ",34.19023,-119.18951,VENTURA,OXNARD,-119.18947707,34.190039229999996
8565633,2018,2018-03-08,5600,2018-02-19,2138,2913,9080,1,5,6,5607,0,0,0,,0,09H,"HILLCREST DR","MCCLOUD AV",15.00,W,N,A,-,N,,,,,,,,,,N,2,0,1,2,A,-,10,21950,A,N,G,B,B,A,H,-,C,A,0,Y,,,,Y,,A,01,1,0,0,0,1,0,0,0,0,"- ","- ",,,VENTURA,"THOUSAND OAKS",-118.88739776611328,34.187004089355469
8566085,2018,2018-04-03,5605,2018-02-16,1207,139,PARTO,5,5,3,5605,0,0,0,,0,001,"CHANNEL ISLANDS BL","WHEELHOUSE AV",634.00,W,N,A,-,N,,,,,,,,,,Y,2,0,2,3,A,-,04,21703,,N,C,C,A,A,H,-,A,D,0,,,,,Y,,D,22,1,0,1,0,0,0,0,0,0,"- ","- ",,,VENTURA,"PORT HUENEME",-119.21481323242188,34.176040649414062
8571078,2016,2018-05-16,5604,2016-10-16,2100,5648,,7,5,6,5604,0,0,0,,0,031,"CAMINO DEL SOL","ROSE AV",300.00,E,N,A,-,N,,,,,,,,,,Y,2,0,1,3,A,-,01,23152,A,N,C,E,A,A,H,-,C,D,0,,,,,Y,Y,A,01,1,0,0,0,0,0,0,0,0,"- ","- ",34.206330000000001,-119.15967000000001,VENTURA,OXNARD,-119.15869902999999,34.206340130000001
8571253,2016,2018-05-02,5604,2016-07-04,1929,5435,,1,5,6,5604,0,0,0,,0,011,"IVANHOE AV","OXFORD DR",100.00,W,N,A,-,N,,,,,,,,,,N,2,0,1,1,A,-,03,22350,,N,A,A,A,A,H,-,A,D,0,,,Y,,Y,,C,03,1,0,0,0,0,0,0,0,1,"- ","- ",34.2087,-119.19835,VENTURA,OXNARD,-119.19751032000001,34.208934589999998
8571268,2016,2018-05-02,5604,2016-06-26,0018,5475,,7,5,6,5604,0,0,0,,0,011,"GONZALES RD","BERYL AV",0.00,,Y,A,-,N,,,,,,,,,,Y,2,0,1,2,A,-,01,23152,A,N,D,C,A,A,H,-,C,D,0,,,,,Y,Y,A,01,1,0,0,0,0,0,0,0,0,"- ","- ",34.219349999999999,-119.20473,VENTURA,OXNARD,-119.20473010000001,34.219430060000001
8580294,2018,2018-03-26,5600,2018-02-18,0930,4803,9086,7,5,6,5607,0,0,0,,0,09H,"LYNN RD","HILLCREST DR",100.00,S,N,A,-,N,,,,,,,,,,N,2,0,1,2,A,-,07,21658,A,N,H,G,A,A,H,-,A,D,0,,Y,,,Y,,L,04,1,0,0,0,0,0,1,0,0,"- ","- ",,,VENTURA,"THOUSAND OAKS",-118.89206695556641,34.185520172119141
8592214,2018,2018-04-19,5604,2018-03-31,0130,5359,,6,5,6,5604,0,0,0,,0,041,"CHANNEL ISLANDS BL","C ST",0.00,,Y,A,-,N,,,,,,,,,,N,2,0,1,1,A,-,01,23152,A,N,E,I,A,A,H,-,C,A,0,,,,Y,Y,Y,F,26,1,0,0,0,0,0,0,0,0,"- ","- ",34.173679351806641,-119.18110656738281,VENTURA,OXNARD,-119.18112945556641,34.173698425292969
8596098,2017,2018-05-08,5604,2017-04-27,1616,4591,,4,5,6,5604,0,0,0,,0,031,"WOOLEY RD","COMMERCIAL AV",0.00,,Y,A,-,N,,,,,,,,,,Y,2,0,1,3,A,-,03,22350,,N,B,C,F,A,H,-,A,A,0,Y,,,,Y,,-,,1,0,0,0,1,0,0,0,0,"- ","- ",,,VENTURA,OXNARD,-119.17108003,34.189970109999997
8597184,2017,2018-04-20,5604,2017-03-10,0253,4759,,5,5,6,5604,0,0,0,,0,021,"HARBOR BL","5TH ST",0.00,,Y,A,-,N,,,,,,,,,,Y,2,0,2,2,D,-,00,,,N,D,C,A,A,H,-,C,A,0,,,,,Y,Y,-,"- ",2,0,0,0,0,0,0,0,0,"- ","- ",34.197789999999998,-119.24247,VENTURA,OXNARD,-119.24249986,34.19780007
8599136,2018,2018-05-02,5604,2018-01-31,0445,5521,,3,5,6,5604,0,0,0,,0,042,"PLEASANT VALLEY RD","BEAUMONT AV",0.00,,Y,A,-,N,,,,,,,,,,Y,2,0,1,2,A,-,09,21801,B,N,F,C,A,A,H,-,C,A,0,,,,,Y,,A,01,1,0,0,0,0,0,0,0,0,"- ","- ",34.161098480224609,-119.15206146240234,VENTURA,OXNARD,-119.15299987792969,34.161201477050781
8600038,2017,2018-04-23,5604,2017-04-29,2158,4577,,6,5,6,5604,0,0,0,,0,031,"OXNARD BL","1ST ST",33.00,N,N,A,-,N,,,,,,,,,,Y,2,0,3,3,A,-,11,21461,5,N,G,B,E,A,H,-,C,A,0,Y,,,,Y,,N,60,1,0,2,0,1,0,0,0,0,"- ","- ",,,VENTURA,OXNARD,-119.17742371999999,34.203049110000002
8600192,2017,2018-04-23,5604,2017-02-18,1740,5231,,6,5,6,5604,0,0,0,,0,041,"SAVIERS RD","HUGHES DR",0.00,,Y,A,-,N,,,,,,,,,,Y,2,0,2,2,A,-,09,21801,A,N,D,C,A,A,H,-,A,D,0,,,Y,,Y,,A,01,1,1,0,0,0,0,0,0,1,"- ","- ",34.170479999999998,-119.17758000000001,VENTURA,OXNARD,-119.17768,34.170510059999998
8600357,2017,2018-05-01,5604,2017-11-20,1710,5501,,1,5,6,5604,0,0,0,,0,042,"EAST PLEASANT VALLEY RD","SQUIRES DR",0.00,,Y,A,-,N,,,,,,,,,,,2,0,2,3,A,-,12,21453,A,N,D,C,A,A,H,-,A,A,0,,,Y,,Y,,C,02,1,0,1,0,0,0,0,0,1,"- ","- ",34.154649999999997,-119.1704,VENTURA,OXNARD,-119.17040009999999,34.154700030000001
8600486,2017,2018-05-02,5604,2017-09-22,2312,5418,,5,5,6,5604,0,0,0,,0,024,"VENTURA RD","CHANNEL ISLANDS AV",10.00,N,N,A,-,N,,,,,,,,,,Y,2,0,1,2,A,-,03,22350,,N,B,C,A,A,H,-,C,A,0,,,Y,,Y,,C,02,1,0,0,0,0,0,0,0,1,"- ","- ",,,VENTURA,OXNARD,-119.19490999999999,34.175727449999997
8600554,2017,2018-05-01,5604,2017-08-12,0721,5392,,6,5,6,5604,0,0,0,,0,041,"CHANNEL ISLANDS BL","C ST",150.00,W,N,B,-,N,,,,,,,,,,Y,2,0,1,1,A,-,03,22350,,N,A,I,A,B,H,-,A,A,0,,,,,Y,,-,,1,0,0,0,0,0,0,0,0,"- ","- ",34.173679999999997,-119.18111,VENTURA,OXNARD,-119.18162357999999,34.1737167
8600725,2017,2018-05-03,5604,2017-10-08,1316,4734,,7,5,6,5604,0,0,0,,0,031,"HAYES AV","COOPER RD",300.00,N,N,A,-,N,,,,,,,,,,Y,2,0,1,2,A,-,11,21954,A,N,G,B,D,A,H,-,A,D,0,Y,,,,Y,,N,60,1,0,0,0,1,0,0,0,0,"- ","- ",34.205330000000004,-119.17552999999999,VENTURA,OXNARD,-119.17534426,34.205373369999997
8601330,2017,2018-04-26,5604,2017-10-22,2033,5459,,7,5,6,5604,0,0,0,,0,022,"9TH ST","E ST",32.00,W,N,A,-,N,,,,,,,,,,Y,2,0,1,2,A,-,01,23152,A,N,C,E,A,A,H,-,C,C,0,,,,,Y,Y,B,01,1,0,0,0,0,0,0,0,0,"- ","- ",34.192410000000002,-119.1849,VENTURA,OXNARD,-119.18733569,34.192441199999998
8607501,2016,2018-05-11,5604,2016-09-13,1611,5181,,2,5,6,5604,0,0,0,,0,042,"BARD RD","TERRACE AV",0.00,,Y,A,-,N,,,,,,,,,,Y,2,0,1,2,A,-,09,21802,A,F,D,A,A,A,H,-,A,A,0,,,Y,,Y,,-,,1,0,0,0,0,0,0,0,1,"- ","- ",34.162260000000003,-119.16547,VENTURA,OXNARD,-119.16550002,34.162289999999999
8609567,2018,2018-04-30,5609,2018-03-24,2355,389,,6,5,6,5609,0,0,0,,0,004,"ELMDALE AV","COCHRAN ST",2.00,S,N,A,-,N,,,,,,,,,,Y,2,0,1,1,A,-,01,23152,A,N,E,I,A,A,H,-,C,D,0,,,,,Y,Y,A,01,1,0,0,0,0,0,0,0,0,"- ","- ",34.279129028320312,-118.75087738037109,VENTURA,"SIMI VALLEY",-118.75090789794922,34.279014587402344
8614422,2018,2018-04-27,5606,2018-02-23,1723,1096,5606,5,5,4,5606,0,0,0,,0,001,"MAIN ST","STECKEL DR",0.00,,Y,A,-,N,,,,,,,,,,N,2,0,1,2,A,-,10,21950,A,N,G,B,B,A,H,-,A,D,0,Y,,,,Y,,A,01,1,0,0,0,1,0,0,0,0,"- ","- ",,,VENTURA,"SANTA PAULA",-119.08061981201172,34.347389221191406
8617259,2018,2018-05-22,5608,2018-05-06,1701,403,,7,5,6,5608,0,0,0,,0,,"HARBOR BL","BEACHMONT ST",400.00,W,N,A,-,N,,,,,,,,,,Y,2,0,2,4,A,-,01,23153,A,N,B,E,A,A,H,-,A,A,0,,,,,Y,,-,,1,0,1,0,0,0,0,0,0,"- ","- ",,,VENTURA,VENTURA,-119.25998687744141,34.255138397216797
8626446,2018,2018-06-05,5600,2018-04-26,2154,4964,8104,4,5,5,5601,0,0,0,,0,08B,"CARMEN DR","RT 101",0.00,,Y,A,-,N,,,,,,,,,,N,2,0,1,2,A,-,05,21650,,N,D,G,A,A,H,-,C,A,0,,Y,,,Y,,L,04,1,0,0,0,0,0,1,0,0,"- ",NF,34.218269348144531,-119.05059051513672,VENTURA,CAMARILLO,-119.05055999755859,34.217750549316406
8643269,2018,2018-06-28,5604,2018-05-29,0610,4578,,2,5,6,5604,0,0,0,,0,042,"SAVIERS RD","BARD RD",150.00,S,N,A,-,N,,,,,,,,,,Y,2,0,1,3,A,-,08,22107,,N,C,E,A,A,H,-,B,A,0,,,,Y,Y,,A,01,1,0,0,0,0,0,0,0,0,"- ","- ",,,VENTURA,OXNARD,-119.17778778076172,34.160587310791016
8648053,2018,2020-05-26,5606,2018-04-25,0536,1110,5606,3,5,4,5606,0,0,0,,0,002,"RICHMOND RD","ERNEST DR",53.00,W,N,A,-,N,,,,,,,,,,Y,1,1,0,2,A,-,11,21954,A,N,G,B,C,A,H,-,C,D,0,Y,,,,Y,Y,N,60,0,0,0,1,0,0,0,0,0,"- ","- ",,,VENTURA,"SANTA PAULA",-119.05771636962891,34.365444183349609
8648070,2018,2020-05-26,5609,2018-06-25,0826,437,,1,5,6,5609,0,0,0,,0,005,"TAPO ST","COCHRAN ST",651.00,S,N,A,-,N,,,,,,,,,,Y,1,1,0,2,A,-,09,21801,A,F,D,C,A,A,H,-,A,D,0,,,Y,,Y,Y,A,07,0,0,0,0,0,0,0,1,0,"- ","- ",34.278999328613281,-118.70906829833984,VENTURA,"SIMI VALLEY",-118.70896148681641,34.277225494384766
8648206,2018,2020-05-21,5608,2018-08-10,2037,499,,5,5,6,5608,0,0,0,,0,001,"NORTH VENTURA AV","W PROSPECT ST",0.00,,Y,A,-,N,,,,,,,,,,N,1,1,0,2,A,-,11,21954,A,F,G,B,D,A,H,-,C,D,0,Y,,,,Y,,N,60,0,0,0,1,0,0,0,0,0,"- ","- ",,,VENTURA,VENTURA,-119.29911804199219,34.286998748779297
8648348,2018,2018-11-27,5604,2018-02-10,2349,5243,,6,5,6,5604,0,0,0,,0,014,"OXNARD BL","ESPLANADE DR",300.00,N,N,A,-,N,,,1,,,,,,,Y,1,1,0,2,A,-,11,21954,A,N,G,B,D,A,H,-,C,D,0,Y,,,,Y,,N,60,0,0,0,1,0,0,0,0,0,"- ","- ",34.238998413085938,-119.18084716796875,VENTURA,OXNARD,-119.18091583251953,34.239002227783203
8648353,2018,2020-05-26,5600,2018-10-19,2237,4550,9128,5,5,6,5607,0,0,0,,0,09H,"VENTU PARK RD","RT 101",95.00,S,N,A,-,Y,VEN,7,101,-,-,5.989,R,4,N,Y,1,1,0,2,A,-,11,21954,A,N,G,B,D,A,H,-,C,A,0,Y,,,,Y,Y,N,60,0,0,0,1,0,0,0,0,0,"- ",NF,,,VENTURA,"THOUSAND OAKS",-118.90773010253906,34.18450927734375
8672724,2018,2018-08-09,5608,2018-07-13,1731,275,,5,5,6,5608,0,0,0,,0,004,"JOHNSON DR","NORTH BANK DR",0.00,,-,A,-,N,,,,,,,,,,Y,2,0,1,2,A,-,09,21804,A,N,D,C,A,A,H,-,A,-,0,,,Y,,Y,,-,,1,0,0,0,0,0,0,0,1,"- ","- ",34.248100280761719,-119.19599914550781,VENTURA,VENTURA,-119.19489288330078,34.2469482421875
8680084,2018,2018-10-09,5608,2018-07-30,0224,308,,1,5,6,5608,0,0,0,,0,004,"OLIVAS PARK DR","SOUTH VICTORIA AV",0.00,,Y,A,-,N,,,,,,,,,,Y,2,0,2,1,A,-,01,23153,,N,E,I,A,A,H,-,C,A,0,,,,,Y,Y,A,08,2,0,0,0,0,0,0,0,0,"- ","- ",,,VENTURA,VENTURA,-119.215087890625,34.244140625
8682673,2018,2018-10-08,5600,2018-08-28,1520,2110,9032,2,5,6,5607,0,0,0,,0,09A,"N MOORPARK RD","LANCER WY",233.00,S,N,A,-,N,,,,,,,,,,Y,2,0,3,3,A,-,03,22350,,N,C,C,A,A,H,-,A,A,0,,,,,Y,,A,07,1,0,2,0,0,0,0,0,0,"- ","- ",,,VENTURA,"THOUSAND OAKS",-118.86929321289062,34.227085113525391
8700203,2018,2018-09-24,5604,2018-08-18,1620,5378,,6,5,6,5604,0,0,0,,0,022,"NORTH A ST","MAGNOLIA AV",50.00,,N,A,-,N,,,,,,,,,,N,2,0,1,2,A,-,03,22350,,F,G,B,D,A,H,-,A,D,0,Y,,,,Y,,A,01,1,0,0,0,1,0,0,0,0,"- ","- ",34.204788208007812,-119.17822265625,VENTURA,OXNARD,-119.17852783203125,34.203998565673828
8705600,2018,2018-11-13,5608,2018-09-21,0753,491,,5,5,6,5608,0,0,0,,0,004,"RALSTON ST","SWIFT AV",0.00,,Y,A,-,N,,,,,,,,,,Y,2,0,2,2,A,-,09,21802,A,N,D,C,A,A,H,-,A,D,0,,,,,Y,,A,01,1,1,0,0,0,0,0,0,0,"- ","- ",,,VENTURA,VENTURA,-119.20456695556641,34.261959075927734
8715653,2018,2018-11-13,5609,2018-10-12,0728,389,207,5,5,6,5609,0,0,0,,0,002,"ROYAL AV","VAQUERO DR",10.00,W,N,A,-,N,,,,,,,,,,Y,2,0,1,2,A,-,12,21453,A,N,G,B,B,A,H,-,A,A,0,Y,,,,Y,,A,07,1,0,0,0,1,0,0,0,0,"- ","- ",34.264389038085938,-118.79355621337891,VENTURA,"SIMI VALLEY",-118.79350280761719,34.264419555664062
8723846,2018,2018-11-20,5604,2018-10-14,1637,4925,,7,5,6,5604,0,0,0,,0,023,"A WEST ALLEY ST","6TH ST",60.00,S,N,A,-,N,,,,,,,,,,N,2,0,1,2,A,-,03,22350,,N,E,I,A,A,H,-,A,D,0,,,Y,,Y,,C,02,1,0,0,0,0,0,0,0,1,"- ","- ",34.196208953857422,-119.17899322509766,VENTURA,OXNARD,-119.17861175537109,34.196208953857422
8747812,2018,2018-12-12,5600,2018-10-31,1500,2740,9106,3,5,6,5607,0,0,0,,0,09C,"REINO RD","CABRILLO AV",239.00,N,N,A,-,N,,,,,,,,,,Y,2,0,1,3,A,-,07,21658,A,F,C,E,A,A,H,-,A,D,0,,,Y,,Y,,A,01,1,0,0,0,0,0,0,0,1,"- ","- ",,,VENTURA,"THOUSAND OAKS",-118.95380401611328,34.183734893798828
8752907,2018,2018-12-24,5604,2018-11-02,1937,5396,,5,5,6,5604,0,0,0,,0,032,"COMMERCIAL AV","WOOLEY RD",0.00,,Y,A,-,N,,,,,,,,,,Y,2,0,5,2,A,-,09,21801,A,N,A,C,A,A,H,-,C,A,0,,,,,Y,,A,01,1,0,4,0,0,0,0,0,0,"- ","- ",34.189960479736328,-119.17105865478516,VENTURA,OXNARD,-119.17108154296875,34.189971923828125
8753625,2018,2019-01-11,5600,2018-12-14,1206,4722,9170,5,5,6,5607,0,0,0,,0,09D,"TOWNSGATE RD","RT 23",581.00,E,N,A,-,N,,,,,,,,,,Y,2,0,2,2,A,-,09,21804,A,N,D,C,A,A,H,-,A,D,0,,,,,Y,,A,01,1,1,0,0,0,0,0,0,0,"- ","- ",,,VENTURA,"THOUSAND OAKS",-118.82556915283203,34.153926849365234
8753744,2018,2019-01-31,5600,2018-12-10,2127,2740,9072,1,5,6,5607,0,0,0,,0,09G,"THOUSAND OAKS BL","FAIRVIEW RD",176.00,E,N,A,-,N,,,,,,,,,,Y,2,0,1,2,A,-,08,22107,,N,C,E,A,A,H,-,C,D,0,,,,,Y,,A,07,1,0,0,0,0,0,0,0,0,"- ","- ",,,VENTURA,"THOUSAND OAKS",-118.83712768554688,34.169986724853516
8766439,2018,2019-01-03,5608,2018-12-24,1606,446,,1,5,6,5608,0,0,0,,0,004,"TELEGRAPH RD","SATICOY AV",0.00,,Y,A,-,N,,,,,,,,,,Y,2,0,2,4,A,-,12,21453,A,N,D,C,A,A,H,-,B,A,0,,,,,Y,,-,,2,0,0,0,0,0,0,0,0,"- ","- ",,,VENTURA,VENTURA,-119.16813659667969,34.290950775146484
8779353,2019,2019-03-07,5608,2019-01-26,1957,517,,6,5,6,5608,0,0,0,,0,001,"E MAIN ST","ALISO LN",148.00,W,N,A,-,N,,,,,,,,,,Y,2,0,1,4,A,-,08,22107,,N,B,E,A,A,H,-,C,D,0,,,,,Y,,A,01,1,0,0,0,0,0,0,0,0,"- ","- ",,,VENTURA,VENTURA,-119.27955627441406,34.280380249023438
8789805,2019,2019-02-07,5604,2019-01-14,0202,5243,,1,5,6,5604,0,0,0,,0,042,"PLEASANT VALLEY RD","LONGFELLOW WY",100.00,W,N,B,-,N,,,,,,,,,,Y,2,0,3,1,A,-,01,23152,A,N,E,I,A,B,H,-,C,D,0,,,,,Y,Y,A,01,2,1,0,0,0,0,0,0,0,"- ","- ",,,VENTURA,OXNARD,-119.16813659667969,34.154747009277344