CASE_ID,ACCIDENT_YEAR,PROC_DATE,JURIS,COLLISION_DATE,COLLISION_TIME,OFFICER_ID,REPORTING_DISTRICT,DAY_OF_WEEK,CHP_SHIFT,POPULATION,CNTY_CITY_LOC,SPECIAL_COND,BEAT_TYPE,CHP_BEAT_TYPE,CITY_DIVISION_LAPD,CHP_BEAT_CLASS,BEAT_NUMBER,PRIMARY_RD,SECONDARY_RD,DISTANCE,DIRECTION,INTERSECTION,WEATHER_1,WEATHER_2,STATE_HWY_IND,CALTRANS_COUNTY,CALTRANS_DISTRICT,STATE_ROUTE,ROUTE_SUFFIX,POSTMILE_PREFIX,POSTMILE,LOCATION_TYPE,RAMP_INTERSECTION,SIDE_OF_HWY,TOW_AWAY,COLLISION_SEVERITY,NUMBER_KILLED,NUMBER_INJURED,PARTY_COUNT,PRIMARY_COLL_FACTOR,PCF_CODE_OF_VIOL,PCF_VIOL_CATEGORY,PCF_VIOLATION,PCF_VIOL_SUBSECTION,HIT_AND_RUN,TYPE_OF_COLLISION,MVIW,PED_ACTION,ROAD_SURFACE,ROAD_COND_1,ROAD_COND_2,LIGHTING,CONTROL_DEVICE,CHP_ROAD_TYPE,PEDESTRIAN_ACCIDENT,BICYCLE_ACCIDENT,MOTORCYCLE_ACCIDENT,TRUCK_ACCIDENT,NOT_PRIVATE_PROPERTY,ALCOHOL_INVOLVED,STWD_VEHTYPE_AT_FAULT,CHP_VEHTYPE_AT_FAULT,COUNT_SEVERE_INJ,COUNT_VISIBLE_INJ,COUNT_COMPLAINT_PAIN,COUNT_PED_KILLED,COUNT_PED_INJURED,COUNT_BICYCLIST_KILLED,COUNT_BICYCLIST_INJURED,COUNT_MC_KILLED,COUNT_MC_INJURED,PRIMARY_RAMP,SECONDARY_RAMP,LATITUDE,LONGITUDE,COUNTY,CITY,POINT_X,POINT_Y
8808003,2018,2019-03-20,5606,2018-10-20,2230,1110,5606,6,5,4,5606,0,0,0,,0,001,"SANTA PAULA ST","BRADLEY ST",0.00,,Y,A,-,N,,,,,,,,,,Y,1,2,2,3,A,-,01,23152,A,N,D,C,A,A,H,-,C,D,0,,,,,Y,Y,A,01,2,0,0,0,0,0,0,0,0,"- ","- ",,,VENTURA,"SANTA PAULA",-119.07630920410156,34.352638244628906
8812900,2019,2019-03-12,5604,2019-02-26,1146,4879,3,2,5,6,5604,0,0,0,,0,032,"SAVIERS RD","W GUAVA ST W",0.00,,Y,A,-,N,,,,,,,,,,Y,2,0,2,2,A,-,09,21800,A,N,D,C,A,A,H,-,A,D,0,,,,,Y,,A,01,1,1,0,0,0,0,0,0,0,"- ","- ",34.181381225585938,-119.17704010009766,VENTURA,OXNARD,-119.17755889892578,34.181140899658203
8815670,2019,2019-04-11,5600,2019-02-20,0812,4501,8152,3,5,5,5601,0,0,0,,0,08B,"PLEASANT VALLEY RD","TELEPHONE POLE (900337E)",44.00,E,N,A,-,N,,,,,,,,,,Y,2,0,1,2,A,-,05,21650,,N,G,B,E,A,H,-,A,D,0,Y,,,,Y,,A,07,1,0,0,0,1,0,0,0,0,"- ","- ",34.122001647949219,-119.41100311279297,VENTURA,CAMARILLO,,
8819478,2019,2019-04-15,5604,2019-02-20,0753,5569,,3,5,6,5604,0,0,0,,0,014,"RT 232","THAMES RIVER DR",0.00,,Y,A,-,Y,VEN,7,232,-,-,1.434,I,5,S,Y,2,0,1,3,A,-,12,21453,A,N,D,C,A,A,H,-,A,A,0,,,,,Y,,D,22,1,0,0,0,0,0,0,0,0,"- ","- ",34.244060516357422,-119.1640625,VENTURA,OXNARD,-119.16410064697266,34.244026184082031
8831882,2019,2019-05-01,5606,2019-02-15,2015,1024,5606,5,5,4,5606,0,0,0,,0,001,"SANTA MARIA W ST","PALM S AV",570.00,W,N,A,-,N,,,,,,,,,,Y,2,0,2,1,A,-,03,22350,,F,E,I,A,A,H,-,C,D,0,,,,,Y,Y,A,01,1,0,1,0,0,0,0,0,0,"- ","- ",,,VENTURA,"SANTA PAULA",-119.06947326660156,34.344169616699219
8852373,2019,2019-05-14,5600,2019-03-11,0207,5142,811,1,5,5,5601,0,0,0,,0,08B,"EAST PONDEROSA DR","MOBIL AV",174.00,W,N,A,-,N,,,,,,,,,,Y,2,0,2,1,A,-,01,23153,A,N,A,I,A,A,H,-,C,A,0,,,,,Y,Y,D,22,1,1,0,0,0,0,0,0,0,"- ","- ",34.223720550537109,-119.04351043701172,VENTURA,CAMARILLO,-119.04337310791016,34.223609924316406
8852415,2019,2019-05-07,5609,2019-04-04,1913,435,,4,5,6,5609,0,0,0,,0,,"WOOD RANCH PKWY","VISTA CREEK CIR",302.00,S,N,C,-,N,,,,,,,,,,Y,2,0,1,1,A,-,01,23152,A,N,F,I,A,B,H,-,B,D,0,,,,,Y,Y,A,01,1,0,0,0,0,0,0,0,0,"- ","- ",34.241291046142578,-118.80898284912109,VENTURA,"SIMI VALLEY",-118.80789947509766,34.240867614746094
8871695,2019,2019-07-11,5608,2019-06-16,1254,511,VENTU,7,5,6,5608,0,0,0,,0,001,"W MAIN ST","PEAKING ST",800.00,W,N,A,-,N,,,,,,,,,,N,2,0,1,1,A,-,08,22107,,N,E,I,A,A,H,-,A,A,0,,Y,,,Y,,L,04,1,0,0,0,0,0,1,0,0,"- ","- ",,,VENTURA,VENTURA,-119.30863189697266,34.281974792480469
8885193,2019,2019-08-05,5604,2019-06-10,1640,5005,,1,5,6,5604,0,0,0,,0,042,"PLEASANT VALLEY RD","REFSING PL",0.00,,Y,A,-,N,,,,,,,,,,Y,2,0,1,2,A,-,03,22350,,N,C,C,A,A,-,-,A,D,0,,,Y,,Y,,C,02,1,0,0,0,0,0,0,0,1,"- ","- ",34.154701232910156,-119.17678070068359,VENTURA,OXNARD,-119.17680358886719,34.154731750488281
8886273,2019,2019-07-23,5609,2019-06-23,2030,447,201,7,5,6,5609,0,0,0,,0,002,"MADERA RD","ROYAL AV",421.00,S,N,A,-,N,,,,,,,,,,Y,2,0,1,1,A,-,01,23152,A,N,F,A,A,A,H,-,C,D,0,,,Y,,Y,Y,C,02,1,0,0,0,0,0,0,0,1,"- ","- ",34.264419555664062,-118.79635620117188,VENTURA,"SIMI VALLEY",-118.79638671875,34.263263702392578
8893503,2019,2019-08-14,5609,2019-07-10,1710,389,,3,5,6,5609,0,0,0,,0,005,"COCHRAN ST","REBECCA ST",0.00,,Y,A,-,N,,,,,,,,,,Y,2,0,1,2,A,-,09,21802,A,N,D,C,A,A,H,-,A,A,0,,,Y,,Y,,A,07,1,0,0,0,0,0,0,0,1,"- ","- ",34.278968811035156,-118.71705627441406,VENTURA,"SIMI VALLEY",-118.71707153320312,34.279071807861328
8893530,2019,2019-08-12,5609,2019-06-28,2043,437,,5,5,6,5609,0,0,0,,0,005,"VALLEY FAIR ST","VANESSA ST",185.00,W,N,A,-,N,,,,,,,,,,Y,2,0,1,2,A,-,03,22350,,N,D,E,A,A,H,-,C,D,0,,,Y,,Y,,C,02,1,0,0,0,0,0,0,0,1,"- ","- ",34.272388458251953,-118.71505737304688,VENTURA,"SIMI VALLEY",-118.71562194824219,34.272510528564453
8905480,2019,2019-08-02,5600,2019-07-13,1120,2877,8003,6,5,5,5601,0,0,0,,0,8A01,"CRESTVIEW AV","AVENIDA DE APRISA",194.00,E,N,A,-,N,,,,,,,,,,,2,0,1,1,A,-,08,22107,,N,E,I,A,A,H,-,A,A,0,,Y,,,Y,,L,04,1,0,0,0,0,0,1,0,0,"- ","- ",34.231349945068359,-119.09851837158203,VENTURA,CAMARILLO,-119.09859466552734,34.231376647949219
8911908,2019,2020-12-18,5604,2019-10-10,1130,5357,,4,5,6,5604,0,0,0,,0,032,"WOOLEY RD","INDUSTRIAL AV",127.00,E,N,A,G,N,,,,,,,,,,Y,1,1,0,2,A,-,05,21650,1,N,B,G,A,A,H,-,A,D,0,,Y,,Y,Y,,L,04,0,0,0,0,0,1,0,0,0,"- ","- ",,,VENTURA,OXNARD,-119.17299652099609,34.190128326416016
8911978,2020,2022-06-14,5604,2020-03-04,2316,5317,,3,5,6,5604,0,0,0,,0,021,"VICTORIA AV","TEAL CLUB RD",0.00,,Y,A,-,N,,,,,,,,,,Y,1,1,0,2,D,-,00,,,N,D,C,A,A,H,-,C,D,0,,,Y,,Y,Y,-,"- ",0,0,0,0,0,0,0,1,0,"- ","- ",,,VENTURA,OXNARD,-119.22109222412109,34.203079223632812
8915072,2019,2019-10-03,5604,2019-07-13,2122,5569,,6,5,6,5604,0,0,0,,0,011,"N VENTURA RD","BEVRA AV",0.00,,Y,B,-,N,,,,,,,,,,Y,2,0,1,2,A,-,09,21801,A,N,B,C,A,A,H,-,C,A,0,,,,,Y,,A,08,1,0,0,0,0,0,0,0,0,"- ","- ",34.223438262939453,-119.19450378417969,VENTURA,OXNARD,-119.19464111328125,34.223468780517578
8940972,2019,2019-10-10,5600,2019-09-07,0049,2423,9080,6,5,6,5607,0,0,0,,0,09H,"LYNN RD","CALLE LAREDO",240.00,S,N,A,-,N,,,,,,,,,,Y,2,0,1,1,A,-,08,22107,,N,E,I,A,A,H,-,C,D,0,,,,,Y,,A,01,1,0,0,0,0,0,0,0,0,"- ","- ",,,VENTURA,"THOUSAND OAKS",-118.89403533935547,34.189224243164062
8943123,2019,2019-09-20,5609,2019-08-28,2328,437,,3,5,6,5609,0,0,0,,0,004,"LOST CANYONS DR","COPPERSTONE LN",309.00,W,N,A,-,N,,,,,,,,,,Y,2,0,1,1,A,-,03,22350,,M,E,I,A,A,H,-,C,D,0,,,,,Y,,A,01,1,0,0,0,0,0,0,0,0,"- ","- ",34.309749603271484,-118.74279022216797,VENTURA,"SIMI VALLEY",-118.74384307861328,34.3092041015625
8944952,2019,2019-12-02,5608,2019-09-16,1645,511,VEBTU,1,5,6,5608,0,0,0,,0,003,"TELEPHONE RD","SCANDIA AV",0.00,,Y,A,-,N,,,,,,,,,,Y,2,0,2,2,A,-,09,21801,A,N,D,C,A,-,H,-,A,A,0,,,Y,,Y,,D,22,1,1,0,0,0,0,0,0,1,"- ","- ",,,VENTURA,VENTURA,-119.16039276123047,34.278301239013672
8947276,2019,2019-12-09,5606,2019-08-21,0603,1129,1129,3,5,4,5606,0,0,0,,0,5606,"RT 126","HALLOCK DR",0.00,,Y,A,-,Y,VEN,7,126,-,R,13.248,I,5,W,Y,2,0,2,2,A,-,12,21453,A,N,D,C,A,A,H,-,A,A,0,,,,,Y,,A,01,1,0,1,0,0,0,0,0,0,"- ","- ",,,VENTURA,"SANTA PAULA",-119.04154205322266,34.360221862792969
8966576,2019,2019-10-31,5600,2019-10-08,1429,4877,1000,2,5,2,5603,0,0,0,,0,1A01,"EL PASEO RD","FOOTHILL RD",135.00,W,N,A,-,N,,,,,,,,,,N,2,0,1,2,A,-,03,22350,,N,C,G,A,A,H,-,A,D,0,,Y,,,Y,,L,04,1,0,0,0,0,0,1,0,0,"- ","- ",,,VENTURA,OJAI,-119.25179290771484,34.447055816650391
8996684,2019,2020-02-19,5608,2019-12-11,1701,522,,3,5,6,5608,0,0,0,,0,004,"RALSTON ST","SARATOGA AV",3.00,E,N,A,-,N,,,,,,,,,,N,2,0,1,2,A,-,10,21950,A,N,H,B,B,A,H,-,C,A,0,Y,,,,Y,,-,"- ",1,0,0,0,1,0,0,0,0,"- ","- ",,,VENTURA,VENTURA,-119.21894073486328,34.259620666503906
90013030,2015,2015-10-19,9765,2015-08-18,1905,020924,,2,2,6,5604,0,1,2,,2,501,"US-101 SB","RICE AVENUE",1985.00,S,N,A,-,Y,,,101,,,,,,S,N,2,0,1,2,A,-,01,23152,A,N,G,B,E,A,H,-,B,D,0,Y,,,,Y,Y,D,22,1,0,0,0,1,0,0,0,0,"- ","- ",34.222020000000001,-119.13623,VENTURA,OXNARD,-119.13621996000001,34.222217950000001
90037044,2015,2015-10-23,9765,2015-10-17,1745,020924,,6,2,6,5608,0,1,3,,1,020,SR-33,"RANCH ROAD",84.00,S,N,A,-,Y,,,33,,,,,,,Y,2,0,1,2,A,-,01,23152,A,N,C,C,A,A,H,-,A,D,0,,,Y,,Y,Y,C,02,1,0,0,0,0,0,0,0,1,"- ","- ",34.366329999999998,-119.30638999999999,VENTURA,VENTURA,-119.30639673,34.366329010000001
90039841,2015,2015-12-09,9765,2015-10-07,1728,020423,,3,2,9,5600,0,3,5,,2,004,"FOOTHILL ROAD","BRIGGS ROAD",2112.00,E,N,A,-,Y,,,,,,,,,,Y,2,0,1,1,A,-,01,23152,A,N,E,I,A,A,H,-,A,D,0,,,,,Y,Y,A,01,1,0,0,0,0,0,0,0,0,"- ","- ",34.34348,-119.10992,VENTURA,UNINCORPORATED,-119.11059966000001,34.343155039999999
90042767,2015,2015-11-02,9765,2015-07-08,1415,017675,,3,2,6,5608,0,1,3,,2,030,"SR-126 E/B","SR-118  (WELLS ROAD)",287.00,W,N,A,-,Y,,,126,,,,,,E,Y,1,1,1,2,A,-,08,22107,,N,B,C,A,A,H,-,A,D,0,,,,Y,Y,,F,26,0,0,1,0,0,0,0,0,0,"- ","- ",34.289160000000003,-119.15693,VENTURA,VENTURA,-119.15695809,34.28920651
90058103,2015,2015-11-24,9765,2015-08-16,1035,020302,,7,1,9,5600,0,1,3,,1,021,SR-33,"CHORRO GRANDE TRAIL",264.00,N,N,A,-,Y,,,33,,,,,,,Y,1,1,0,1,A,-,03,22350,,N,F,A,A,A,H,-,A,D,0,,,Y,,Y,,C,02,0,0,0,0,0,0,0,1,0,"- ","- ",34.601999999999997,-119.33799999999999,VENTURA,UNINCORPORATED,-119.33821390999999,34.601814900000001
90069369,2015,2015-12-10,9765,2015-10-03,0925,020358,,6,1,9,5600,0,1,3,,1,062,"SR-1 (PACIFIC COAST HIGHWAY)","DEER CREEK ROAD",0.00,,Y,A,-,Y,,,1,,,,,,,Y,1,1,0,3,A,-,03,22350,,N,C,C,A,A,H,-,A,D,0,,,Y,,Y,,C,02,0,0,0,0,0,0,0,1,0,"- ","- ",34.062179999999998,-118.98558,VENTURA,UNINCORPORATED,-118.98556854,34.062203410000002
90083980,2015,2015-12-29,9770,2015-12-20,1700,020998,,7,2,9,5600,0,2,4,,1,062,"POTRERO ROAD","WHITE STALLION ROAD (WEST)",1584.00,E,N,A,-,Y,,,,,,,,,,Y,2,0,1,1,A,-,08,22107,,N,E,I,A,A,H,-,B,D,0,,,,,Y,,A,01,1,0,0,0,0,0,0,0,0,"- ","- ",34.156640000000003,-118.93337,VENTURA,UNINCORPORATED,-118.93200344,34.15624193
90087429,2015,2016-01-04,9765,2015-06-22,0125,020585,,1,3,9,5600,0,1,2,,1,104,"US-101 NB (VENTURA FREEWAY)","SR-1 (STATE BEACHES)",2596.00,N,N,A,-,Y,,,101,,,,,,N,Y,1,2,2,2,A,-,08,22107,,N,C,E,A,A,H,-,D,D,0,,,,Y,Y,,A,01,2,0,0,0,0,0,0,0,0,"- ","- ",34.293959999999998,-119.33847,VENTURA,UNINCORPORATED,-119.33858712,34.293870570000003
9008855,2019,2020-02-26,5608,2019-12-19,1746,282,VENTU,4,5,6,5608,0,0,0,,0,003,"VICTORIA AV","CLOVERLY ST",7.00,N,N,A,-,N,,,,,,,,,,Y,2,0,1,3,A,-,07,21658,A,N,D,C,A,A,H,-,C,D,0,,,,,Y,,-,,1,0,0,0,0,0,0,0,0,"- ","- ",,,VENTURA,VENTURA,-119.21430206298828,34.274929046630859
9009821,2019,2020-03-12,5604,2019-11-17,1829,5501,,7,5,6,5604,0,0,0,,0,042,"E PLEASANT VALLEY RD","CYPRESS ST",0.00,,Y,A,-,N,,,,,,,,,,N,2,0,2,2,A,-,09,21801,A,N,D,C,A,A,H,-,B,A,0,,,,,Y,,A,01,1,0,1,0,0,0,0,0,0,"- ","- ",34.154670715332031,-119.17298126220703,VENTURA,OXNARD,-119.17299652099609,34.154720306396484
90106254,2016,2016-02-01,9770,2016-01-18,2030,020549,,1,2,9,5600,0,2,4,,1,062,"POTRERO ROAD","HIDDEN VALLEY ROAD",4224.00,E,N,B,-,Y,,,,,,,,,,Y,2,0,1,1,A,-,01,23152,A,N,E,I,A,B,H,-,D,D,0,,,,,Y,Y,D,22,1,0,0,0,0,0,0,0,0,"- ","- ",34.153309999999998,-118.19038999999999,VENTURA,UNINCORPORATED,-118.90945077000001,34.153300000000002
90112193,2016,2016-02-09,9770,2016-02-06,1243,017638,,6,1,6,5607,0,1,2,,2,074,"US-101 N/B (VENTURA FREEWAY)","RANCHO ROAD",1217.00,S,N,A,-,Y,,,101,,,,,,N,Y,2,0,1,1,A,-,08,22107,,N,E,I,A,A,D,-,A,D,0,,,Y,,Y,,C,02,1,0,0,0,0,0,0,0,1,"- ","- ",34.175759999999997,-118.85476,VENTURA,"THOUSAND OAKS",-118.85474476,34.175857739999998
90130755,2015,2016-04-05,9765,2015-11-10,1600,017395,,2,2,9,5600,0,2,4,,2,064,"PLEASANT VALLEY ROAD","HAILES RD",0.00,,Y,A,-,N,,,,,,,,,,Y,1,1,2,2,A,-,09,21801,A,N,D,C,A,A,H,-,B,D,0,,,Y,,Y,,A,07,1,1,0,0,0,0,0,1,0,"- ","- ",34.174950000000003,-119.12488999999999,VENTURA,UNINCORPORATED,-119.12492007,34.17493004
90138257,2016,2016-03-16,9770,2016-03-10,0630,016383,,4,1,6,5607,0,1,2,,2,075,"US-101 S/B (VENTURA FREEWAY)","RANCHO ROAD",1500.00,S,N,A,-,Y,,,101,,,,,,S,Y,2,0,1,5,A,-,03,22350,,N,C,C,A,A,D,-,A,D,0,,,Y,,Y,,C,02,1,0,0,0,0,0,0,0,1,"- ","- ",34.175640000000001,-118.85550000000001,VENTURA,"THOUSAND OAKS",-118.85549392999999,34.175728669999998
90140065,2016,2016-03-21,9765,2016-03-10,0830,015696,,4,1,9,5600,0,1,3,,1,022,"SR-150 (BALDWIN ROAD)","DE LA GARRIGUE ROAD",0.00,,Y,A,-,Y,,,150,,,,,,,Y,2,0,1,2,A,-,09,21804,A,N,D,C,A,A,H,-,A,D,0,,,,,Y,,A,01,1,0,0,0,0,0,0,0,0,"- ","- ",34.426360000000003,-119.32552,VENTURA,UNINCORPORATED,-119.32552498,34.42636924
90141724,2016,2016-03-23,9765,2016-02-07,1125,020924,,7,1,9,5600,0,1,3,,1,021,SR-33,"CHORRO GRANDE CANYON",3696.00,S,N,A,-,Y,,,33,,,,,,,Y,1,1,0,1,A,-,08,22107,,N,E,I,A,A,H,-,A,D,0,,,Y,,Y,,C,02,0,0,0,0,0,0,0,1,0,"- ","- ",34.594630000000002,-119.31571,VENTURA,UNINCORPORATED,-119.3157209,34.594612820000002
90146657,2016,2016-03-29,9765,2016-03-19,0225,020850,,6,3,9,5600,0,2,4,,1,290,"CREEK RD","HERMOSA RD.",1584.00,S,N,A,-,N,,,,,,,,,,Y,2,0,1,1,A,-,01,23152,A,N,E,I,A,A,H,-,D,D,0,,,,,Y,Y,D,22,1,0,0,0,0,0,0,0,0,"- ","- ",34.42342,-119.26562,VENTURA,UNINCORPORATED,-119.26315762,34.425461939999998
90159870,2016,2016-04-18,9770,2016-04-07,0820,016561,,4,1,9,5600,0,2,4,,1,032,"MOORPARK ROAD","READ ROAD",571.00,N,N,B,-,N,,,,,,,,,,Y,2,0,2,2,A,-,05,21460,A,N,B,C,A,A,H,-,A,D,0,,,,Y,Y,,A,01,1,1,0,0,0,0,0,0,0,"- ","- ",34.257370000000002,-118.864,VENTURA,UNINCORPORATED,-118.86404813999999,34.251830120000001
90166462,2016,2016-04-27,9765,2016-04-14,0640,014823,,4,1,9,5600,0,1,3,,1,055,"SR-118 (LOS ANGELES AVE.)","CLUB HOUSE DR.",435.00,E,N,A,-,Y,,,118,,,,,,,Y,2,0,3,2,A,-,05,21460,A,N,A,C,A,A,H,-,A,D,0,,,,,Y,,A,07,1,2,0,0,0,0,0,0,0,"- ","- ",34.259079999999997,-119.11356000000001,VENTURA,UNINCORPORATED,-119.11357228,34.259062100000001
90171425,2016,2016-05-03,9770,2016-04-29,1605,016383,,5,2,6,5607,0,1,2,,2,072,"US-101 N/B (VENTURA FREEWAY)","LYNN ROAD",1000.00,S,N,A,-,Y,,,101,,,,,,N,Y,2,0,1,2,A,-,07,21658,A,N,B,C,A,A,D,-,A,D,0,,,Y,,Y,,A,01,1,0,0,0,0,0,0,0,1,"- ","- ",34.179960000000001,-118.88442000000001,VENTURA,"THOUSAND OAKS",-118.8843651,34.180069250000003
90175064,2016,2016-05-09,9765,2016-04-23,1712,020917,,6,2,9,5600,0,1,3,,1,022,SR-150,"BALDWIN ROAD",240.00,E,N,A,-,Y,,,,,,,,,,Y,2,0,3,4,A,-,01,23152,A,N,C,C,A,A,H,-,A,A,0,,,,,Y,Y,A,01,1,0,2,0,0,0,0,0,0,"- ","- ",34.340200000000003,-119.2881,VENTURA,UNINCORPORATED,,
9017612,2020,2020-03-03,5604,2020-01-23,1342,5401,,4,5,6,5604,0,0,0,,0,023,"OXNARD BL","8TH ST",10.00,S,N,A,-,N,,,1,,,,,,,Y,2,0,1,2,A,-,11,21954,A,N,G,B,D,A,H,-,A,D,0,Y,,,,Y,,N,60,1,0,0,0,1,0,0,0,0,"- ","- ",34.193698883056641,-119.17742156982422,VENTURA,OXNARD,-119.17739105224609,34.193698883056641
90179597,2016,2016-05-16,9765,2016-04-29,1545,019057,,5,2,9,5600,0,2,4,,2,064,"LAS POSAS RD.",SR-1,75.00,S,N,A,-,N,,,,,,,,,,Y,2,0,1,2,A,-,09,21801,A,N,D,C,A,A,H,-,A,D,0,,,Y,,Y,,A,08,1,0,0,0,0,0,0,0,1,"- ","- ",34.11656,-119.0859,VENTURA,UNINCORPORATED,-119.08566211,34.116643949999997
90215581,2016,2016-07-05,9765,2016-06-23,1644,017599,,4,2,9,5600,0,3,5,,2,006,"HUENEME RD","RAYTHEON RD",63.00,W,N,A,-,N,,,,,,,,,,Y,2,0,1,2,A,-,03,22350,,N,C,C,A,A,H,-,A,D,0,,,Y,,Y,,C,02,1,0,0,0,0,0,0,0,1,"- ","- ",34.147030000000001,-119.1058,VENTURA,UNINCORPORATED,-119.11033795,34.146952079999998
90223613,2016,2016-07-15,9765,2016-07-09,0420,018884,,6,3,6,5604,0,1,2,,2,301,"US-101 S/B TO SR-232 (VINEYARD AVE)","SR-232 (VINEYARD AVE)",121.00,S,N,A,-,Y,,,101,,,,R,,S,Y,2,0,1,1,A,-,01,23152,A,N,E,I,A,A,H,-,C,D,0,,,,,Y,Y,A,01,1,0,0,0,0,0,0,0,0,"- ","- ",34.23113,-119.17413000000001,VENTURA,OXNARD,-119.17413000000001,34.23113
90229124,2016,2016-07-25,9765,2016-07-14,1903,020866,,4,2,6,5608,0,1,3,,2,030,"SR-126 E/B TO WELLS ROAD","WELLS ROAD",530.00,W,N,A,-,Y,,,126,,,,R,,E,Y,2,0,2,1,A,-,01,23152,A,N,E,I,A,A,H,-,A,D,0,,,,,Y,Y,A,01,2,0,0,0,0,0,0,0,0,"- ","- ",34.288359999999997,-119.15801999999999,VENTURA,VENTURA,-119.15801999999999,34.288359999999997
90245623,2016,2016-08-16,9770,2016-08-05,1240,019930,,5,1,5,5601,0,1,2,,2,071,"US-101 S/B (VENTURA FREEWAY)","CAMARILLO SPRINGS ROAD",4646.00,S,N,A,-,Y,,,101,,,,,,S,Y,2,0,1,2,A,-,03,22350,,N,C,C,A,A,H,-,A,D,0,,,,,Y,,A,01,1,0,0,0,0,0,0,0,0,"- ","- ",34.200859999999999,-118.96923,VENTURA,CAMARILLO,-118.96921745,34.201103459999999
90245776,2016,2016-08-16,9765,2016-03-22,2358,020497,,2,3,9,5600,0,2,4,,2,590,"ROSE AVENUE","CENTRAL AVENUE",2700.00,S,N,A,-,N,,,,,,,,,,Y,1,1,0,1,A,-,08,22107,,N,E,I,A,A,H,-,D,D,0,,,,,Y,,A,01,0,0,0,0,0,0,0,0,0,"- ","- ",34.24521,-119.14843999999999,VENTURA,UNINCORPORATED,-119.14868078000001,34.245302899999999
90248230,2016,2016-08-19,9765,2016-08-10,2230,020850,,3,3,6,5608,0,1,3,,2,040,"SR-126 E/B","WELLS ROAD",2000.00,E,N,A,-,Y,,,126,,,,,,E,Y,2,0,2,1,A,-,01,23152,A,N,E,I,A,A,H,-,D,D,0,,,,,Y,Y,A,01,1,1,0,0,0,0,0,0,0,"- ","- ",34.292850000000001,-119.1507,VENTURA,VENTURA,-119.15072216,34.292887280000002
90257578,2016,2016-08-31,9765,2016-08-12,1755,020866,,5,2,6,5608,0,1,2,,2,302,"US-101 N/B","SEAWARD AVENUE",2640.00,S,N,A,-,Y,,,101,,,,,,N,N,2,0,1,3,A,-,03,22350,,N,B,C,A,A,H,-,A,D,0,,,Y,,Y,,C,02,1,0,0,0,0,0,0,0,1,"- ","- ",34.260469999999998,-119.25843999999999,VENTURA,VENTURA,-119.25842582,34.260509380000002
90263703,2016,2016-09-08,9765,2016-08-29,1600,020423,,1,2,9,5600,0,1,3,,1,062,SR-1,"SYCAMORE CANYON ROAD",2640.00,S,N,A,-,Y,,,1,,,,,,,Y,2,0,3,3,A,-,05,21460,A,N,B,C,A,A,H,-,A,D,0,,,,,Y,,D,22,1,0,2,0,0,0,0,0,0,"- ","- ",34.06617,-119.00581,VENTURA,UNINCORPORATED,-119.00581133999999,34.066212100000001
90266353,2016,2016-09-13,9765,2016-09-10,0455,020497,,6,3,9,5600,0,1,3,,1,055,"SR-118 (LOS ANGELES AVENUE)","PRICE ROAD",3168.00,E,N,E,-,Y,,,118,,,,,,,Y,2,0,4,2,A,-,01,23152,A,N,A,C,A,A,H,-,D,D,0,,,,,Y,Y,A,01,1,2,1,0,0,0,0,0,0,"- ","- ",34.2637,-119.0397,VENTURA,UNINCORPORATED,-119.03970029,34.263740370000001
90275992,2016,2016-09-26,9765,2016-09-09,0503,013206,,5,3,9,5600,0,3,5,,2,004,"SOUTH MOUNTAIN ROAD","LOFTUS CANYON ROAD",332.00,W,N,B,-,N,,,,,,,,,,Y,1,1,0,1,A,-,08,22107,,N,F,A,A,A,H,-,D,D,0,,,,,Y,,A,01,0,0,0,0,0,0,0,0,0,"- ","- ",34.354170000000003,-119.00379,VENTURA,UNINCORPORATED,-119.00379,34.354170000000003
90298238,2016,2016-10-21,9765,2016-04-08,1420,020302,,5,2,9,5600,0,2,4,,2,190,"VENTURA AVENUE","DAKOTA DRIVE",578.00,N,N,C,-,N,,,,,,,,,,N,2,0,2,1,A,-,01,23152,E,F,E,I,A,B,H,-,A,D,0,,,,,Y,,A,01,2,0,0,0,0,0,0,0,0,"- ","- ",34.310609999999997,-119.29222,VENTURA,UNINCORPORATED,-119.29224419000001,34.310748500000003
90301912,2016,2016-12-01,9770,2016-05-18,0705,017435,,3,1,9,5600,0,1,3,,1,052,"S/R 118 (LOS ANGELES AVENUE)","BALCOM CANYON ROAD",2112.00,E,N,B,-,Y,,,,,,,,,,Y,1,1,0,2,A,-,08,22107,,N,A,C,A,A,H,-,A,D,0,,,,Y,Y,,A,01,0,0,0,0,0,0,0,0,0,"- ","- ",34.269979999999997,-118.94834,VENTURA,UNINCORPORATED,,
90320769,2016,2016-11-16,9765,2016-11-12,2206,020880,,6,3,6,5604,0,1,2,,2,301,"SB US-101 TO VENTURA ROAD","WAGON WHEEL ROAD",25.00,N,N,A,-,Y,,,101,,,,R,,,Y,2,0,2,1,A,-,08,22107,,N,E,I,A,A,H,-,C,A,0,,,Y,,Y,,C,02,1,1,0,0,0,0,0,0,2,"- ","- ",34.240789999999997,-119.18625,VENTURA,OXNARD,-119.18625,34.240789999999997