CASE_ID,ACCIDENT_YEAR,PROC_DATE,JURIS,COLLISION_DATE,COLLISION_TIME,OFFICER_ID,REPORTING_DISTRICT,DAY_OF_WEEK,CHP_SHIFT,POPULATION,CNTY_CITY_LOC,SPECIAL_COND,BEAT_TYPE,CHP_BEAT_TYPE,CITY_DIVISION_LAPD,CHP_BEAT_CLASS,BEAT_NUMBER,PRIMARY_RD,SECONDARY_RD,DISTANCE,DIRECTION,INTERSECTION,WEATHER_1,WEATHER_2,STATE_HWY_IND,CALTRANS_COUNTY,CALTRANS_DISTRICT,STATE_ROUTE,ROUTE_SUFFIX,POSTMILE_PREFIX,POSTMILE,LOCATION_TYPE,RAMP_INTERSECTION,SIDE_OF_HWY,TOW_AWAY,COLLISION_SEVERITY,NUMBER_KILLED,NUMBER_INJURED,PARTY_COUNT,PRIMARY_COLL_FACTOR,PCF_CODE_OF_VIOL,PCF_VIOL_CATEGORY,PCF_VIOLATION,PCF_VIOL_SUBSECTION,HIT_AND_RUN,TYPE_OF_COLLISION,MVIW,PED_ACTION,ROAD_SURFACE,ROAD_COND_1,ROAD_COND_2,LIGHTING,CONTROL_DEVICE,CHP_ROAD_TYPE,PEDESTRIAN_ACCIDENT,BICYCLE_ACCIDENT,MOTORCYCLE_ACCIDENT,TRUCK_ACCIDENT,NOT_PRIVATE_PROPERTY,ALCOHOL_INVOLVED,STWD_VEHTYPE_AT_FAULT,CHP_VEHTYPE_AT_FAULT,COUNT_SEVERE_INJ,COUNT_VISIBLE_INJ,COUNT_COMPLAINT_PAIN,COUNT_PED_KILLED,COUNT_PED_INJURED,COUNT_BICYCLIST_KILLED,COUNT_BICYCLIST_INJURED,COUNT_MC_KILLED,COUNT_MC_INJURED,PRIMARY_RAMP,SECONDARY_RAMP,LATITUDE,LONGITUDE,COUNTY,CITY,POINT_X,POINT_Y
9034500,2019,2020-02-01,5600,2019-12-13,0858,2110,9116,5,5,6,5607,0,0,0,,0,9C01,"LYNN RD","WENDY DR",27.00,E,N,A,-,N,,,,,,,,,,Y,2,0,1,2,A,-,10,21950,A,N,G,B,B,A,H,-,A,A,0,Y,,,,Y,,A,01,1,0,0,0,1,0,0,0,0,"- ","- ",34.161701202392578,-118.94583892822266,VENTURA,"THOUSAND OAKS",-118.94585418701172,34.161590576171875
90353868,2016,2016-12-27,9770,2016-12-15,1900,020998,,4,2,6,5609,0,1,3,,2,080,"SR-118 W/B (RONALD REAGAN FREEWAY)","LOS ALAMOS CANYON ROAD",400.00,E,N,C,-,Y,,,118,,,,,,W,Y,2,0,1,1,A,-,08,22107,,N,E,I,A,B,H,-,D,D,0,,,,,Y,,A,07,1,0,0,0,0,0,0,0,0,"- ","- ",34.291080000000001,-118.81009,VENTURA,"SIMI VALLEY",-118.81009327,34.29103903
90365563,2017,2017-01-10,9765,2017-01-07,2135,020087,,6,2,9,5600,0,1,3,,1,020,"SR-33 (VENTURA AVE.)","CREEK ROAD",19.00,N,N,B,-,Y,,,33,,,,,,,Y,2,0,1,1,A,-,01,23152,A,N,E,I,A,A,H,-,C,D,0,,,,,Y,Y,A,01,1,0,0,0,0,0,0,0,0,"- ","- ",34.3857,-119.3019,VENTURA,UNINCORPORATED,-119.30199768999999,34.385788920000003
9036742,2019,2020-01-31,5604,2019-11-15,2200,5566,,5,5,6,5604,0,0,0,,0,031,"N OXNARD AV","1ST ST",10.00,S,N,A,-,N,,,,,,,,,,N,2,0,1,2,A,-,03,22350,,F,C,B,A,A,H,-,C,A,0,,Y,,,Y,,-,99,1,0,0,0,0,0,1,0,0,"- ","- ",34.202949523925781,-119.17730712890625,VENTURA,OXNARD,-119.17739868164062,34.202960968017578
90367560,2016,2017-01-12,9765,2016-12-17,1200,018490,,6,1,9,5600,0,3,5,,2,006,"POTRERO RD.","VIA ACOSTA",5280.00,W,N,A,-,N,,,,,,,,,,N,2,0,1,1,D,-,00,,,N,F,A,A,A,H,-,A,D,0,,Y,,,Y,,-,"- ",1,0,0,0,0,0,1,0,0,"- ","- ",34.158670000000001,-119.00801,VENTURA,UNINCORPORATED,-119.00422883,34.158243939999998
90372141,2017,2017-03-31,9765,2017-01-06,1835,017253,,5,2,9,5600,0,1,3,,1,044,"SR-150 (SANTA PAULA OJAI ROAD)","MISTLETOE ROAD",2835.00,E,N,A,-,Y,,,150,,,,,,,Y,2,0,3,2,A,-,05,21460,A,N,A,C,A,A,H,-,D,D,0,,,,,Y,,A,01,1,0,2,0,0,0,0,0,0,"- ","- ",34.401539999999997,-119.08064,VENTURA,UNINCORPORATED,-119.08063977,34.40154003
90373455,2016,2017-01-20,9765,2016-10-29,1445,020302,,6,2,9,5600,0,1,3,,1,022,SR-150,"ORGANIC BERRY FARM",7920.00,W,N,B,-,Y,,,150,,,,,,,Y,1,1,1,1,A,-,08,22107,,N,E,I,A,A,H,-,A,D,0,,,Y,,Y,,C,02,0,1,0,0,0,0,0,1,1,"- ","- ",34.392899999999997,-119.425,VENTURA,UNINCORPORATED,-119.42506258,34.392970239999997
90390574,2016,2017-02-10,9765,2016-09-23,2324,020850,,5,3,9,5600,0,1,2,,1,104,"US-101 N/B  (VENTURA FREEWAY)","SR-1  (STATE BEACHES)",3168.00,S,N,A,-,Y,,,101,,,,,,N,Y,1,1,1,2,A,-,01,23152,E,N,A,C,A,A,H,-,D,A,0,,,,,Y,,A,07,0,1,0,0,0,0,0,0,0,"- ","- ",34.286110000000001,-119.32411,VENTURA,UNINCORPORATED,-119.32412041000001,34.286085839999998
9039435,2019,2020-03-04,5604,2019-12-22,2339,5563,,7,5,6,5604,0,0,0,,0,011,"N VICTORIA AV","GONZALES RD",300.00,N,N,A,-,N,,,,,,,,,,N,2,0,1,1,A,-,08,22107,,N,F,I,A,A,H,-,C,D,0,,,,,Y,,D,22,1,0,0,0,0,0,0,0,0,"- ","- ",34.219440460205078,-119.22109985351562,VENTURA,OXNARD,-119.22128295898438,34.220272064208984
90398902,2017,2017-02-23,9765,2017-02-19,1235,016234,,7,1,9,5600,0,3,5,,2,005,"EAST LOOP DRIVE","ALOSTA DRIVE",90.00,N,N,A,-,N,,,,,,,,,,Y,2,0,1,1,A,-,03,22350,,N,F,A,A,A,H,-,A,D,0,,,Y,,Y,,C,02,1,0,0,0,0,0,0,0,1,"- ","- ",34.243740000000003,-119.02825,VENTURA,UNINCORPORATED,-119.02818311,34.24361622
90401125,2017,2017-02-27,9770,2017-02-17,0550,017662,,5,3,6,5607,0,1,3,,2,077,"SR-23 S/B TO US-101 S/B","THOUSAND OAKS BOULEVARD",60.00,N,N,B,C,Y,,,23,,,,R,,S,Y,2,0,1,1,A,-,08,22107,,N,E,I,A,B,H,-,B,D,0,,,,,Y,,A,01,1,0,0,0,0,0,0,0,0,"- ","- ",34.179569999999998,-118.86058,VENTURA,"THOUSAND OAKS",-118.86058,34.179569999999998
90407465,2017,2017-03-07,9765,2017-02-10,2140,018001,,5,2,5,5601,0,1,2,,2,503,"US-101 S/B","SR-34 (LEWIS ROAD)",387.00,N,N,B,-,Y,,,101,,,,,,S,Y,2,0,4,3,A,-,08,22107,,N,D,C,A,A,H,-,C,D,0,,,,,Y,,A,01,1,0,3,0,0,0,0,0,0,"- ","- ",34.216830000000002,-119.03509,VENTURA,CAMARILLO,-119.03506178000001,34.21694832
90431007,2017,2017-04-10,9770,2017-03-31,1752,019930,,5,2,6,5607,0,1,2,,2,074,"US-101 N/B TO MOORPARK ROAD","MOORPARK ROAD",1000.00,S,N,A,-,Y,,,101,,,,R,,N,Y,2,0,1,1,A,-,03,22350,,N,F,A,A,A,H,-,A,A,0,,,Y,,Y,,C,02,1,0,0,0,0,0,0,0,1,"- ","- ",34.177280000000003,-118.87336999999999,VENTURA,"THOUSAND OAKS",-118.87336999999999,34.177280000000003
90443350,2017,2017-04-27,9770,2017-04-23,1130,018942,,7,1,6,5607,0,1,2,,2,073,"US-101 S/B (VENTURA FREEWAY)","WENDY DRIVE",1056.00,N,N,A,-,Y,,,101,,,,,,S,Y,2,0,1,1,A,-,03,22350,,N,E,I,A,A,H,-,A,D,0,,,Y,,Y,,C,02,1,0,0,0,0,0,0,0,1,"- ","- ",34.19191,-118.94441,VENTURA,"THOUSAND OAKS",-118.94439401,34.191944669999998
90452895,2017,2017-05-10,9765,2017-04-30,1453,020866,,7,2,9,5600,0,1,3,,2,061,"SR-1  (PACIFIC COAST HIGHWAY)","DEER CREEK ROAD",2112.00,S,N,A,-,Y,,,1,,,,,,,Y,2,0,3,2,A,-,08,22107,,N,A,C,A,A,H,-,A,D,0,,,,,Y,,D,22,1,1,1,0,0,0,0,0,0,"- ","- ",34.061039999999998,-118.98013,VENTURA,UNINCORPORATED,-118.98012794,34.061016739999999
90467327,2017,2017-05-30,9765,2017-05-17,0955,014823,,3,1,6,5604,0,1,2,,2,502,"US-101 N/B","SR-232  (VINEYARD AVE.)",44.00,S,N,A,-,Y,,,101,,,,,,N,Y,2,0,1,2,A,-,08,22107,,F,D,C,A,A,H,-,A,D,0,,,Y,,Y,,C,02,1,0,0,0,0,0,0,0,1,"- ","- ",34.231769999999997,-119.17289,VENTURA,OXNARD,-119.17291668,34.231749979999996
90499432,2017,2017-07-12,9430,2017-07-04,1330,018627,,2,1,9,5600,0,1,3,,1,030,"SR-33 S/B","POTRERO SECO ROAD",1056.00,S,N,A,-,Y,,,33,,,,,,S,Y,2,0,2,1,A,-,03,22350,,N,H,A,A,A,H,-,A,D,0,,,Y,,Y,,C,02,1,1,0,0,0,0,0,0,2,"- ","- ",34.648330000000001,-119.38431,VENTURA,UNINCORPORATED,-119.38429917000001,34.648380920000001
90503795,2017,2017-07-19,9765,2017-07-10,1913,018754,,1,2,9,5600,0,1,3,,1,023,SR-150,"REEVES RD.",2640.00,E,N,A,-,Y,,,150,,,,,,,N,2,0,1,1,A,-,03,22350,,N,F,A,A,A,H,-,A,D,0,,,Y,,Y,,C,02,1,0,0,0,0,0,0,0,1,"- ","- ",34.443550000000002,-119.20187,VENTURA,UNINCORPORATED,-119.20180037999999,34.44352584
90508067,2017,2017-07-25,9765,2017-07-17,1430,018754,,1,2,9,5600,0,3,5,,2,004,"TELEGRAPH ROAD","TODD ROAD",1584.00,E,N,A,-,N,,,,,,,,,,Y,2,0,1,1,A,-,08,22107,,N,E,I,A,A,H,-,A,D,0,,,,,Y,,A,01,1,0,0,0,0,0,0,0,0,"- ","- ",34.321599999999997,-119.11673999999999,VENTURA,UNINCORPORATED,-119.11656778,34.321631109999998
90513022,2017,2017-07-31,9770,2017-07-04,0207,021420,,2,3,6,5609,0,1,3,,2,083,"SR-118 E/B (RONALD REAGAN FREEWAY)","ROCKY PEAK ROAD",3168.00,W,N,A,-,Y,,,118,,,,,,E,Y,2,0,2,2,A,-,01,23152,A,N,A,C,A,A,H,-,D,D,0,,,,,Y,Y,A,01,1,1,0,0,0,0,0,0,0,"- ","- ",34.26905,-118.64635,VENTURA,"SIMI VALLEY",-118.64633462,34.269073939999998
90522144,2017,2017-08-14,9765,2017-07-21,0720,018490,,5,1,9,5600,0,1,3,,1,020,SR-33,"PARKVIEW DRIVE",600.00,S,N,A,-,Y,,,,,,,,,,Y,2,0,2,5,A,-,01,23152,F,N,B,C,A,A,H,-,A,D,0,,,Y,,Y,,D,22,1,1,0,0,0,0,0,0,1,"- ","- ",34.214100000000002,-119.1835,VENTURA,UNINCORPORATED,,
90537964,2017,2017-08-31,9765,2017-08-06,0734,018490,,7,1,9,5600,0,3,5,,2,004,"FOOTHILL ROAD","WELLS ROAD",1584.00,E,N,A,-,N,,,,,,,,,,Y,2,0,4,4,A,-,08,22107,,N,C,G,A,A,H,-,A,D,0,,Y,,,Y,,A,01,1,2,1,0,0,0,3,0,0,"- ","- ",34.188000000000002,-119.94499999999999,VENTURA,UNINCORPORATED,-119.16159516,34.302729030000002
90546330,2017,2017-09-13,9765,2017-09-01,2320,019277,,5,3,9,5600,0,1,3,,1,023,"SR-150 (OJAI SANTA PAULA ROAD)","REEVES RD.",79.00,E,N,A,-,Y,,,150,,,,,,,Y,2,0,1,1,A,-,01,23152,A,N,E,I,A,A,H,-,D,D,0,,,,,Y,Y,A,01,1,0,0,0,0,0,0,0,0,"- ","- ",34.445990000000002,-119.20421,VENTURA,UNINCORPORATED,-119.20424638999999,34.445938660000003
90555523,2017,2017-09-26,9770,2017-09-18,1733,021738,,1,2,6,5607,0,1,3,,2,076,"SR-23 N/B (MOORPARK FREEWAY)","HILLCREST DRIVE",1750.00,N,N,A,-,Y,,,23,,,,,,N,Y,2,0,1,2,A,-,07,21658,A,N,B,C,A,A,H,-,A,D,0,,,Y,,Y,,A,01,1,0,0,0,0,0,0,0,1,"- ","- ",34.186430000000001,-118.86183,VENTURA,"THOUSAND OAKS",-118.86167996,34.186490050000003
90562159,2017,2017-10-03,9765,2017-09-20,0709,014823,,3,1,6,5604,0,1,2,,2,501,"US-101 S/B","RICE AVE.",2150.00,N,N,A,-,Y,,,101,,,,,,S,Y,2,0,1,3,A,-,07,21658,A,N,B,C,A,A,H,-,A,D,0,,,Y,,Y,,A,01,1,0,0,0,0,0,0,0,1,"- ","- ",34.222880000000004,-119.14869,VENTURA,OXNARD,-119.14866244,34.223150330000003
90570991,2017,2017-10-16,9770,2017-10-08,0045,020238,,7,3,4,5690,0,1,3,,2,085,"SR-23 S/B (MOORPARK FREEWAY)","LOS ANGELES AVENUE",600.00,S,N,A,-,Y,,,23,,,,,,S,Y,2,0,1,1,A,-,01,23152,A,N,F,A,A,A,H,-,D,D,0,,,,,Y,Y,A,07,1,0,0,0,0,0,0,0,0,"- ","- ",34.280520000000003,-118.86218,VENTURA,MOORPARK,-118.86240819,34.280365269999997
90591150,2017,2017-11-09,9765,2017-10-31,0400,020906,,2,3,6,5608,0,1,2,,2,103,"US-101 S/B","CALIFORNIA STREET",1320.00,N,N,A,-,Y,,,101,,,,,,S,Y,2,0,1,1,A,-,08,22107,,N,F,A,A,A,H,-,C,D,0,,,Y,,Y,,C,02,1,0,0,0,0,0,0,0,1,"- ","- ",34.27731,-119.29797000000001,VENTURA,VENTURA,-119.29796992,34.277336419999997
90593542,2017,2017-11-14,9770,2017-11-11,2145,021306,,6,2,6,5609,0,1,3,,2,082,"SR-118 W/B (RONALD REAGAN FREEWAY)","SYCAMORE DRIVE",1000.00,E,N,A,-,Y,,,118,,,,,,W,Y,2,0,2,1,A,-,01,23152,A,N,E,I,A,A,H,-,D,D,0,,,,,Y,Y,A,01,1,0,1,0,0,0,0,0,0,"- ","- ",34.282490000000003,-118.73685999999999,VENTURA,"SIMI VALLEY",-118.73686006,34.282419169999997
90616785,2017,2017-12-13,9770,2017-12-01,1750,019819,,5,2,6,5607,0,1,2,,2,072,"US-101 N/B (VENTURA FREEWAY)","BORCHARD ROAD",1056.00,N,N,A,-,Y,,,101,,,,,,N,Y,2,0,1,2,A,-,03,22350,,N,C,C,A,A,H,-,C,D,0,,,Y,,Y,,C,02,1,0,0,0,0,0,0,0,1,"- ","- ",34.185490000000001,-118.92873,VENTURA,"THOUSAND OAKS",-118.92874952,34.185442340000002
90631815,2017,2018-01-03,9770,2017-12-22,1000,017409,,5,1,9,5600,0,2,4,,2,079,"LINDERO CANYON ROAD","BROMELY DRIVE",0.00,,Y,A,-,N,,,,,,,,,,Y,2,0,1,2,A,-,09,21802,A,N,H,G,A,A,H,-,A,D,0,,Y,,,Y,,D,22,1,0,0,0,0,0,1,0,0,"- ","- ",34.19258,-118.77315,VENTURA,UNINCORPORATED,-118.78025004,34.192940069999999
90633269,2017,2018-01-04,9765,2017-12-22,2115,017395,,5,2,6,5604,0,1,2,,2,502,"US-101 N/B TO RICE AVENUE","RICE AVENUE",368.00,S,N,A,-,Y,,,101,,,,R,,N,Y,2,0,1,1,A,-,01,23152,A,N,E,I,A,A,H,-,C,D,0,,,,,Y,Y,A,07,1,0,0,0,0,0,0,0,0,"- ","- ",34.223120000000002,-119.1404,VENTURA,OXNARD,-119.1404,34.223120000000002
90635789,2018,2018-01-09,9765,2018-01-02,0744,020497,,2,1,9,5600,0,1,3,,1,023,"SR-150 (OJAI-SANTA PAULA RD)","HAPPY VALLEY SCHOOL RD",1650.00,E,N,A,-,Y,,,150,,,,,,,Y,2,0,2,2,A,-,03,22350,,N,A,C,A,A,H,-,A,D,0,,,,,Y,,A,01,1,0,1,0,0,0,0,0,0,"- ","- ",34.435588836669922,-119.18250274658203,VENTURA,UNINCORPORATED,-119.18245697021484,34.4356689453125
90639817,2018,2018-01-15,9765,2018-01-06,1415,020187,,6,2,9,5600,0,3,5,,2,006,"DEER CREEK ROAD",SR-1,5280.00,N,N,A,-,N,,,,,,,,,,Y,2,0,1,1,A,-,08,22107,,N,E,I,A,A,H,-,A,D,0,,,,,Y,,A,01,1,0,0,0,0,0,0,0,0,"- ","- ",34.068809509277344,-118.99183654785156,VENTURA,UNINCORPORATED,-118.99307250976562,34.069225311279297
90645326,2018,2018-01-23,9765,2018-01-09,1707,017469,,2,2,6,5608,0,1,2,,2,103,"US-101 N/B","MONTALVO OVERHEAD",350.00,N,N,A,-,Y,,,101,,,,,,N,Y,2,0,1,3,A,-,03,22350,,N,C,C,A,A,H,-,A,D,0,,,,,Y,,A,01,1,0,0,0,0,0,0,0,0,"- ","- ",34.250801086425781,-119.20783233642578,VENTURA,VENTURA,-119.20786285400391,34.250732421875
90651898,2018,2018-01-31,9765,2018-01-27,1052,017603,,6,1,9,5600,0,3,5,,2,005,"WRIGHT ROAD","BEARDSLEY ROAD",2112.00,W,N,A,-,N,,,,,,,,,,N,2,0,1,1,A,-,08,22107,,N,F,A,A,A,H,-,A,D,0,,Y,,,Y,,L,04,1,0,0,0,0,0,1,0,0,"- ","- ",34.246681213378906,-119.10600280761719,VENTURA,UNINCORPORATED,-119.10406494140625,34.245361328125
90661806,2018,2018-02-15,9770,2018-02-06,1835,019276,,2,2,9,5600,0,1,3,,1,052,"SR-118 W/B (LOS ANGELES AVENUE)","MONTERO STREET",1489.00,W,N,A,-,Y,,,118,,,,,,W,Y,2,0,4,2,A,-,03,22350,,N,E,J,A,A,H,-,B,D,0,,,,,Y,,D,22,1,2,1,0,0,0,0,0,0,"- ","- ",34.278488159179688,-118.92098236083984,VENTURA,UNINCORPORATED,-118.92103576660156,34.278598785400391
9067936,2020,2020-05-26,5600,2020-02-27,1148,5255,9041,4,5,6,5607,0,0,0,,0,09B,"EAST AVENIDA DE LOS ARBOLES","VISTA WOOD CIR",0.00,,Y,A,-,N,,,,,,,,,,Y,2,0,2,2,A,-,09,21801,A,N,H,C,A,A,H,-,A,D,0,,,,,Y,,A,01,1,1,0,0,0,0,0,0,0,"- ","- ",,,VENTURA,"THOUSAND OAKS",-118.82663726806641,34.214111328125
90686034,2018,2018-03-20,9765,2018-03-08,0900,016198,,4,1,6,5608,0,1,2,,2,302,"US-101 N/B","VICTORIA AVENUE",3696.00,S,N,A,-,Y,,,101,,,,,,N,Y,2,0,4,3,A,-,03,22350,,N,C,C,A,A,H,-,A,D,0,,,,Y,Y,,A,07,1,0,3,0,0,0,0,0,0,"- ","- ",34.249061584472656,-119.20398712158203,VENTURA,VENTURA,-119.20400238037109,34.249034881591797
90686708,2017,2018-03-21,9765,2017-10-13,1919,017469,,5,2,9,5600,0,1,3,,1,042,"SR-126  (WEST TELEGRAPH ROAD)","PYLE ROAD",350.00,E,N,A,-,Y,,,126,,,,,,,Y,1,1,5,3,A,-,01,23152,A,N,A,C,A,A,H,-,D,D,0,,,,,Y,Y,A,01,2,2,1,0,0,0,0,0,0,"- ","- ",34.382219999999997,-118.97154,VENTURA,UNINCORPORATED,-118.97154042,34.382221970000003
90689968,2018,2018-03-26,9765,2018-03-08,1742,016592,,4,2,9,5600,0,3,5,,2,006,"PLEASANT VALLEY ROAD","WOLLF ROAD",719.00,S,N,A,-,N,,,,,,,,,,Y,2,0,2,2,A,-,08,22107,,N,B,C,A,A,H,-,A,D,0,,,,,Y,,A,08,1,0,1,0,0,0,0,0,0,"- ","- ",34.184608459472656,-119.11569213867188,VENTURA,UNINCORPORATED,-119.11565399169922,34.184677124023438
9069282,2020,2020-08-11,5608,2020-05-07,1500,530,,4,5,6,5608,0,0,0,,0,004,"TELEPHONE RD","S SATICOY AV",0.00,,Y,A,-,N,,,,,,,,,,Y,2,0,1,2,A,-,09,21801,A,N,D,C,A,A,H,-,A,A,0,,,Y,,Y,,A,01,1,0,0,0,0,0,0,0,1,"- ","- ",,,VENTURA,VENTURA,-119.15834045410156,34.279510498046875
90696823,2018,2018-04-02,9765,2018-03-25,0539,016198,,7,3,9,5600,0,3,5,,2,003,"OLIVAS PARK DRIVE","PALMA DRIVE",528.00,E,N,A,-,N,,,,,,,,,,Y,2,0,1,1,A,-,01,23152,F,M,F,A,A,A,H,-,D,D,0,,,,,Y,,D,22,1,0,0,0,0,0,0,0,0,"- ","- ",34.245121002197266,-119.22518157958984,VENTURA,UNINCORPORATED,-119.22506713867188,34.245189666748047
90702130,2018,2018-04-10,9765,2018-04-01,2030,019988,,7,2,4,5606,0,1,3,,2,040,"SR-126 E/B","PECK ROAD",1090.00,W,N,A,-,Y,,,126,,,,,,E,Y,2,0,2,1,A,-,01,23152,A,N,E,I,A,A,H,-,C,D,0,,,,,Y,Y,A,07,2,0,0,0,0,0,0,0,0,"- ","- ",34.335060119628906,-119.08547973632812,VENTURA,"SANTA PAULA",-119.08557891845703,34.335182189941406
90705937,2018,2018-04-16,9765,2018-04-05,1826,016592,,4,2,9,5600,0,1,3,,1,062,SR-1,"SYCAMORE CANYON ROAD",2252.00,N,N,A,-,Y,,,1,,,,,,,N,2,0,1,2,A,-,11,21954,A,N,G,B,D,A,H,-,A,D,0,Y,,,,Y,,N,60,1,0,0,0,1,0,0,0,0,"- ","- ",34.074321746826172,-119.02053070068359,VENTURA,UNINCORPORATED,-119.02051544189453,34.074337005615234
90708686,2018,2018-04-19,9765,2018-04-11,0634,016234,,3,1,6,5604,0,1,2,,2,502,"US-101 N/B","SR-232 (VINEYARD AVENUE)",279.00,S,N,A,-,Y,,,101,,,,,,N,Y,2,0,1,1,A,-,08,22107,,N,E,I,A,A,H,-,B,D,0,,,,,Y,,A,01,1,0,0,0,0,0,0,0,0,"- ","- ",34.231300354003906,-119.17243194580078,VENTURA,OXNARD,-119.17251586914062,34.231227874755859
90709428,2018,2018-04-19,9430,2018-04-15,1150,013402,,7,1,9,5600,0,1,3,,1,030,SR-33,"APACHE CANYON CR",696.00,S,N,A,-,Y,,,33,,,,,,,Y,2,0,1,1,A,-,01,23152,A,N,E,I,A,A,H,-,A,D,0,,,,,Y,Y,D,22,1,0,0,0,0,0,0,0,0,"- ","- ",34.747699737548828,-119.40808868408203,VENTURA,UNINCORPORATED,-119.40806579589844,34.747722625732422
90731400,2017,2019-07-15,9770,2017-12-16,1420,020169,,6,2,9,5600,0,2,4,,1,030,"SANTA ROSA ROAD","EAST LAS POSAS ROAD",0.00,,Y,A,-,N,,,,,,,,,,Y,1,1,1,2,A,-,12,21453,A,N,D,C,A,A,H,-,A,A,0,,,,Y,Y,,F,26,0,0,1,0,0,0,0,0,0,"- ","- ",34.239100000000001,-118.89919999999999,VENTURA,UNINCORPORATED,-118.89927,34.239080090000002
90732804,2018,2018-05-24,9765,2018-05-18,0648,016712,,5,1,9,5600,0,3,5,,2,002,"CARNE ROAD (900 BLOCK)","FORDYCE ROAD",26.00,N,N,A,-,N,,,,,,,,,,Y,2,0,1,1,A,-,08,22107,,N,E,I,A,A,H,-,A,D,0,,,,,Y,,A,01,1,0,0,0,0,0,0,0,0,"- ","- ",34.4593505859375,-119.20619201660156,VENTURA,UNINCORPORATED,-119.20610809326172,34.459320068359375
90740953,2018,2018-06-05,9765,2018-06-02,0905,018754,,6,1,9,5600,0,1,3,,1,022,SR-150,"RED MOUNTAIN FIRE ROAD",3696.00,W,N,A,-,Y,,,150,,,,,,,N,2,0,2,2,A,-,03,22350,,N,H,G,A,A,H,-,A,D,0,,Y,,,Y,,L,04,1,1,0,0,0,0,2,0,0,"- ","- ",34.384269714355469,-119.38993072509766,VENTURA,UNINCORPORATED,-119.38990020751953,34.384258270263672
90747244,2018,2018-06-13,9770,2018-05-31,0950,018572,,4,1,9,5600,0,2,4,,2,048,"PIRU CANYON ROAD","LAKE PIRU CAMPGROUND",1450.00,S,N,B,-,N,,,,,,,,,,Y,2,0,2,1,A,-,01,23152,A,N,F,A,A,A,H,-,A,D,0,,,,,Y,Y,A,01,1,1,0,0,0,0,0,0,0,"- ","- ",34.472831726074219,-118.75791168212891,VENTURA,UNINCORPORATED,,
90749932,2018,2018-06-18,9770,2018-06-07,2220,021082,,4,3,6,5609,0,1,3,,2,083,"SR-118 E/B (RONALD REAGAN FREEWAY)","ERRINGER ROAD",3340.00,W,N,A,-,Y,,,118,,,,,,E,Y,2,0,2,2,A,-,01,23152,A,N,C,C,A,A,H,-,C,D,0,,,,,Y,Y,A,01,1,1,0,0,0,0,0,0,0,"- ","- ",34.282081604003906,-118.77207946777344,VENTURA,"SIMI VALLEY",-118.77207946777344,34.282119750976562
90756922,2018,2018-06-27,9765,2018-06-21,1325,013206,,4,1,9,5600,0,1,3,,2,041,"SR-126 W/B","SR-118 (WELLS ROAD)",3168.00,E,N,A,-,Y,,,126,,,,,,W,Y,2,0,1,1,A,-,08,22107,,N,E,I,A,A,H,-,A,D,0,,,,,Y,,A,07,1,0,0,0,0,0,0,0,0,"- ","- ",34.294998168945312,-119.14759826660156,VENTURA,UNINCORPORATED,-119.14756011962891,34.294937133789062
90758108,2018,2018-06-28,9765,2018-06-24,1058,020585,,7,1,9,5600,0,1,3,,1,021,SR-33,"ROSE VALLEY ROAD",5280.00,N,N,A,-,Y,,,33,,,,,,,Y,2,0,1,1,A,-,03,22350,,N,E,I,A,A,H,-,A,D,0,,,Y,,Y,,C,02,1,0,0,0,0,0,0,0,1,"- ","- ",34.541770935058594,-119.24169158935547,VENTURA,UNINCORPORATED,-119.24143981933594,34.541820526123047
9076315,2019,2020-05-12,5604,2019-12-19,1615,5064,,4,5,6,5604,0,0,0,,0,024,"LAUREL ST","C ST",0.00,,Y,A,-,N,,,,,,,,,,N,2,0,1,2,A,-,11,21954,A,N,G,B,D,A,H,-,B,A,0,Y,,,,Y,,N,60,1,0,0,0,1,0,0,0,0,"- ","- ",34.177391052246094,-119.18132019042969,VENTURA,OXNARD,-119.18134307861328,34.177421569824219
90765724,2017,2018-07-11,9770,2017-07-29,0408,020721,,6,3,6,5609,0,1,3,,2,082,"SR-118 W/B (RONALD REAGAN FREEWAY)","KADOTA STREET",3.00,E,N,A,-,Y,,,,,,,,,,Y,1,2,0,4,A,-,03,22350,,N,G,B,E,A,H,-,D,D,0,Y,,,,Y,Y,A,01,0,0,0,2,0,0,0,0,0,"- ","- ",34.23874,-118.90192999999999,VENTURA,"SIMI VALLEY",-118.70024008999999,34.281769969999999
90782237,2018,2018-08-01,9765,2018-07-26,1720,018583,,4,2,9,5600,0,1,3,,2,040,"SR-126 E/B","TODD ROAD",2112.00,E,N,A,-,Y,,,126,,,,,,E,Y,2,0,1,3,A,-,03,22350,,N,C,C,A,A,H,-,A,D,0,,,,,Y,,A,01,1,0,0,0,0,0,0,0,0,"- ","- ",34.314369201660156,-119.11466217041016,VENTURA,UNINCORPORATED,-119.11463928222656,34.314334869384766