CASE_ID,ACCIDENT_YEAR,PROC_DATE,JURIS,COLLISION_DATE,COLLISION_TIME,OFFICER_ID,REPORTING_DISTRICT,DAY_OF_WEEK,CHP_SHIFT,POPULATION,CNTY_CITY_LOC,SPECIAL_COND,BEAT_TYPE,CHP_BEAT_TYPE,CITY_DIVISION_LAPD,CHP_BEAT_CLASS,BEAT_NUMBER,PRIMARY_RD,SECONDARY_RD,DISTANCE,DIRECTION,INTERSECTION,WEATHER_1,WEATHER_2,STATE_HWY_IND,CALTRANS_COUNTY,CALTRANS_DISTRICT,STATE_ROUTE,ROUTE_SUFFIX,POSTMILE_PREFIX,POSTMILE,LOCATION_TYPE,RAMP_INTERSECTION,SIDE_OF_HWY,TOW_AWAY,COLLISION_SEVERITY,NUMBER_KILLED,NUMBER_INJURED,PARTY_COUNT,PRIMARY_COLL_FACTOR,PCF_CODE_OF_VIOL,PCF_VIOL_CATEGORY,PCF_VIOLATION,PCF_VIOL_SUBSECTION,HIT_AND_RUN,TYPE_OF_COLLISION,MVIW,PED_ACTION,ROAD_SURFACE,ROAD_COND_1,ROAD_COND_2,LIGHTING,CONTROL_DEVICE,CHP_ROAD_TYPE,PEDESTRIAN_ACCIDENT,BICYCLE_ACCIDENT,MOTORCYCLE_ACCIDENT,TRUCK_ACCIDENT,NOT_PRIVATE_PROPERTY,ALCOHOL_INVOLVED,STWD_VEHTYPE_AT_FAULT,CHP_VEHTYPE_AT_FAULT,COUNT_SEVERE_INJ,COUNT_VISIBLE_INJ,COUNT_COMPLAINT_PAIN,COUNT_PED_KILLED,COUNT_PED_INJURED,COUNT_BICYCLIST_KILLED,COUNT_BICYCLIST_INJURED,COUNT_MC_KILLED,COUNT_MC_INJURED,PRIMARY_RAMP,SECONDARY_RAMP,LATITUDE,LONGITUDE,COUNTY,CITY,POINT_X,POINT_Y
90805742,2018,2018-09-05,9765,2018-08-26,1220,019988,,7,1,9,5600,0,1,3,,1,044,SR-150,"TAPO VISTA ROAD",2100.00,E,N,A,-,Y,,,150,,,,,,,N,2,0,1,1,A,-,03,22350,,N,E,I,A,A,H,-,A,D,0,,,Y,,Y,,C,02,1,0,0,0,0,0,0,0,1,"- ","- ",34.434898376464844,-119.12905120849609,VENTURA,UNINCORPORATED,-119.12903594970703,34.434833526611328
90808559,2018,2018-09-10,9765,2018-08-29,2135,019277,,3,2,9,5600,0,3,5,,2,006,"POTRERO ROAD","LEWIS ROAD",19008.00,E,N,A,-,N,,,,,,,,,,Y,2,0,1,1,A,-,08,22107,,N,E,I,A,A,H,-,D,D,0,,,Y,,Y,,C,02,1,0,0,0,0,0,0,0,1,"- ","- ",34.158470153808594,-119.00869750976562,VENTURA,UNINCORPORATED,-119.00908660888672,34.1583251953125
90818810,2018,2019-02-22,9765,2018-09-07,2110,020708,,5,2,9,5600,0,3,5,,2,004,"SANTA PAULA STREET","BRIGGS ROAD",0.00,,Y,A,-,N,,,,,,,,,,Y,1,1,2,2,A,-,01,23152,A,N,D,C,A,A,H,-,D,A,0,,,,,Y,Y,A,01,1,1,0,0,0,0,0,0,0,"- ","- ",34.333648681640625,-119.11087036132812,VENTURA,UNINCORPORATED,-119.11087036132812,34.333660125732422
90820361,2018,2018-09-25,9765,2018-09-16,1655,019988,,7,2,9,5600,0,3,5,,2,004,"4545 WHEELER CANYON ROAD","FOOTHILL ROAD",8131.00,N,N,A,-,N,,,,,,,,,,Y,2,0,2,1,A,-,03,22350,,N,E,I,A,A,H,-,A,D,0,,,,,Y,,A,01,1,1,0,0,0,0,0,0,0,"- ","- ",34.354801177978516,-119.14739990234375,VENTURA,UNINCORPORATED,-119.14743041992188,34.354518890380859
90826067,2018,2018-10-02,9765,2018-09-22,1640,020708,,6,2,9,5600,0,1,3,,1,023,SR-150,"GORHAM ROAD",0.00,,Y,A,-,Y,,,150,,,,,,,Y,2,0,1,2,A,-,05,21460,A,N,D,C,A,A,H,-,A,D,0,,,,,Y,,D,22,1,0,0,0,0,0,0,0,0,"- ","- ",34.448421478271484,-119.22015380859375,VENTURA,UNINCORPORATED,-119.22014617919922,34.448436737060547
90863149,2018,2018-11-19,9765,2018-11-06,1910,020708,,2,2,9,5600,0,1,3,,1,055,SR-118,"WALNUT AVENUE",0.00,,Y,A,-,Y,,,118,,,,,,,Y,2,0,2,2,A,-,12,22450,A,N,D,C,A,A,H,-,D,A,0,,,,Y,Y,,A,01,1,1,0,0,0,0,0,0,0,"- ","- ",34.263660430908203,-119.07672119140625,VENTURA,UNINCORPORATED,-119.07672119140625,34.263675689697266
90879550,2018,2018-12-10,9765,2018-11-30,0008,019034,,5,3,9,5600,0,1,3,,1,062,SR-1,"SYCAMORE CANYON ROAD",1300.00,N,N,A,-,Y,,,1,,,,,,,Y,2,0,1,1,A,-,03,22350,,N,E,I,A,B,H,-,D,D,0,,,,,Y,,A,08,1,0,0,0,0,0,0,0,0,"- ","- ",34.071338653564453,-119.01664733886719,VENTURA,UNINCORPORATED,-119.01663970947266,34.071365356445312
90904091,2018,2019-01-14,9765,2018-12-04,0845,016549,,2,1,9,5600,0,3,5,,2,004,"BALCOM CANYON ROAD","SOUTH MOUNTAIN ROAD",3696.00,S,N,A,-,N,,,,,,,,,,Y,2,0,2,3,A,-,05,21460,A,F,A,C,A,A,H,-,A,D,0,,,,,Y,,D,22,1,0,1,0,0,0,0,0,0,"- ","- ",34.344871520996094,-119.24330139160156,VENTURA,UNINCORPORATED,-118.97882080078125,34.345024108886719
90913846,2019,2019-01-28,9765,2019-01-20,1630,020729,,7,2,9,5600,0,3,5,,2,005,"AVOCADO PLACE","RAMONA PLACE",75.00,S,N,A,-,N,,,,,,,,,,N,2,0,1,1,B,-,22,,,N,F,A,A,A,H,-,B,D,0,,,Y,,Y,,C,02,1,0,0,0,0,0,0,0,1,"- ","- ",34.236759185791016,-119.08351898193359,VENTURA,UNINCORPORATED,-119.08367919921875,34.236839294433594
90934466,2019,2019-04-16,9765,2019-01-07,0620,014967,,1,1,9,5600,0,3,5,,2,006,"SR-34 (EAST FIFTH STREET)","PLEASANT VALLEY ROAD",884.00,E,N,B,C,Y,,,34,,,,,,,Y,1,1,1,2,A,-,05,21460,A,N,A,C,A,B,H,-,D,A,0,,,,,Y,,D,22,0,1,0,0,0,0,0,0,0,"- ","- ",34.196590423583984,-119.10128021240234,VENTURA,UNINCORPORATED,-119.10128021240234,34.196605682373047
90952061,2019,2019-03-25,9765,2019-03-15,1935,016592,,5,2,9,5600,0,3,5,,2,004,"TELEGRAPH ROAD","OLIVE ROAD",368.00,E,N,A,-,N,,,,,,,,,,Y,2,0,2,2,A,-,01,23152,A,N,C,C,A,A,H,-,D,D,0,,,,,Y,Y,D,22,1,0,1,0,0,0,0,0,0,"- ","- ",34.312030792236328,-119.13265228271484,VENTURA,UNINCORPORATED,-119.13266754150391,34.312023162841797
90952095,2019,2019-03-25,9765,2019-03-14,1355,017253,,4,1,9,5600,0,3,5,,2,004,"BALCOM CANYON ROAD","SOUTH MOUNTAIN ROAD",5808.00,S,N,A,-,N,,,,,,,,,,Y,2,0,1,2,A,-,05,21460,A,N,A,C,A,A,H,-,A,D,0,,,,Y,Y,,A,01,1,0,0,0,0,0,0,0,0,"- ","- ",34.338401794433594,-118.97637176513672,VENTURA,UNINCORPORATED,-118.97688293457031,34.339649200439453
90967549,2019,2019-04-15,9765,2019-04-09,1143,016549,,2,1,9,5600,0,3,5,,2,002,"CREEK ROAD","CREEK LANE",2112.00,N,N,A,-,N,,,,,,,,,,Y,2,0,1,2,A,-,08,22107,,N,B,G,A,A,H,-,A,D,0,,Y,,,Y,,L,04,1,0,0,0,0,0,1,0,0,"- ","- ",34.390968322753906,-119.2969970703125,VENTURA,UNINCORPORATED,-119.29693603515625,34.390945434570312
90991403,2019,2019-05-20,9770,2019-05-08,1540,022221,,3,2,4,5690,0,1,3,,2,081,"SR-118 E/B (LOS ANGELES AVENUE)","LOS ANGELES AVENUE",950.00,N,N,B,-,Y,,,118,,,,,,E,N,2,0,1,2,A,-,03,22350,,N,C,C,A,A,H,-,A,D,0,,,Y,,Y,,C,02,1,0,0,0,0,0,0,0,1,"- ","- ",34.284900665283203,-118.86399841308594,VENTURA,MOORPARK,-118.864013671875,34.284893035888672
90991945,2019,2019-05-20,9765,2019-05-16,2040,020708,,4,2,9,5600,0,1,2,,2,103,"US-101 S/B",SR-33,930.00,N,N,B,-,Y,,,,,,,,,,Y,2,0,2,2,A,-,03,22350,,N,C,C,A,A,H,-,B,D,0,,,,,Y,,A,01,1,0,1,0,0,0,0,0,0,"- ","- ",34.279819488525391,-119.30899047851562,VENTURA,UNINCORPORATED,,
90994945,2019,2019-05-23,9770,2019-05-14,0910,017409,,2,1,6,5607,0,1,2,,2,072,"US-101 N/B (VENTURA FREEWAY)","VENTU PARK ROAD",690.00,N,N,A,-,Y,,,101,,,,,,N,Y,2,0,1,3,A,-,03,22350,,N,B,C,A,A,H,-,A,D,0,,,Y,,Y,,C,02,1,0,0,0,0,0,0,0,1,"- ","- ",34.184440612792969,-118.91351318359375,VENTURA,"THOUSAND OAKS",-118.91351318359375,34.184444427490234
9100333,2020,2020-07-20,5606,2020-03-13,1918,1131,5606,5,5,4,5606,0,0,0,,0,002,"MAIN E ST","OLIVE N ST",0.00,,Y,B,C,N,,,,,,,,,,Y,2,0,1,2,A,-,09,21802,A,N,D,C,A,B,G,-,C,A,0,,,,,Y,Y,A,01,1,0,0,0,0,0,0,0,0,"- ","- ",,,VENTURA,"SANTA PAULA",-119.07057952880859,34.350620269775391
91005442,2019,2019-06-07,9765,2019-05-25,1410,020585,,6,2,9,5600,0,1,3,,1,021,SR-33,"NORDHOFF RIDGE RD.",13728.00,N,N,A,-,Y,,,33,,,,,,,N,2,0,1,1,A,-,03,22350,,N,E,I,A,A,H,-,A,D,0,,,Y,,Y,,C,02,1,0,0,0,0,0,0,0,1,"- ","- ",34.528411865234375,-119.26743316650391,VENTURA,UNINCORPORATED,-119.26741027832031,34.528450012207031
91014519,2019,2019-11-04,9765,2019-04-07,1935,019057,,7,2,9,5600,0,1,3,,1,062,"SR-1 N/B","SYCAMORE CANYON ROAD",3168.00,S,N,A,-,Y,,,1,,,,,,N,Y,1,1,0,1,C,-,18,,,N,F,A,A,A,H,-,B,D,0,,,,,Y,,-,"- ",0,0,0,0,0,0,0,0,0,"- ","- ",34.066570281982422,-119.00376129150391,VENTURA,UNINCORPORATED,-119.00376129150391,34.066619873046875
91018625,2019,2019-06-27,9765,2019-05-29,2309,018884,,3,3,9,5600,0,3,5,,2,005,"BRADLEY ROAD","GREENTREE DRIVE",430.00,N,N,A,-,N,,,,,,,,,,Y,2,0,3,1,A,-,01,23152,A,N,F,A,A,A,H,-,D,D,0,,,,,Y,Y,A,01,3,0,0,0,0,0,0,0,0,"- ","- ",34.286720275878906,-119.00798034667969,VENTURA,UNINCORPORATED,-119.00794219970703,34.28662109375
91022397,2019,2019-07-01,9765,2019-06-22,1300,016712,,6,1,9,5600,0,3,5,,2,006,"COTHARIN ROAD","YERBA BUENA ROAD",900.00,N,N,A,-,N,,,,,,,,,,N,2,0,1,1,A,-,03,22350,,N,H,A,A,A,H,-,A,D,0,,,Y,,Y,,C,06,1,0,0,0,0,0,0,0,1,"- ","- ",34.09088134765625,-118.94821929931641,VENTURA,UNINCORPORATED,-118.94970703125,34.091747283935547
91027249,2019,2019-07-09,9765,2019-06-28,1003,015117,,5,1,9,5600,0,3,5,,2,006,"WOOD ROAD","ETTING ROAD",0.00,,Y,A,-,N,,,,,,,,,,Y,2,0,3,2,A,-,12,22450,A,N,D,C,A,A,H,-,A,A,0,,,,,Y,,A,01,1,1,1,0,0,0,0,0,0,"- ","- ",34.161460876464844,-119.09648895263672,VENTURA,UNINCORPORATED,-119.09652709960938,34.161430358886719
91032864,2019,2019-07-17,9430,2019-05-29,1200,017187,,3,1,9,5600,0,1,3,,1,030,"STATE ROUTE 33 (MARICOPA HIGHWAY)","LOCKWOOD VALLEY ROAD",6864.00,N,N,A,-,N,,,33,,,,,,,Y,1,1,0,1,A,-,03,22350,,N,E,I,A,A,H,-,A,A,0,,,Y,,Y,,C,02,0,0,0,0,0,0,0,1,0,"- ","- ",34.699729919433594,-119.37416839599609,VENTURA,UNINCORPORATED,-119.37416076660156,34.699741363525391
91050751,2019,2019-08-13,9765,2019-08-01,0535,018019,,4,3,9,5600,0,3,5,,2,006,"HUENEME ROAD","WOOD ROAD",2037.00,E,N,A,-,N,,,,,,,,,,Y,2,0,2,2,A,-,05,21460,A,N,A,C,A,A,H,-,D,D,0,,,,,Y,,A,01,1,1,0,0,0,0,0,0,0,"- ","- ",34.149929046630859,-119.09081268310547,VENTURA,UNINCORPORATED,-119.09088897705078,34.149906158447266
91052102,2019,2019-08-14,9765,2019-05-22,2500,020187,,3,4,9,5600,0,1,3,,1,021,SR-33,"NORDHOFF RIDGE ROAD",3590.00,N,N,B,-,Y,,,33,,,,,,,Y,1,2,0,1,A,-,03,22350,,N,F,A,A,B,H,-,A,A,0,,,,,Y,Y,A,01,0,0,0,0,0,0,0,0,0,"- ","- ",34.506179809570312,-119.28269958496094,VENTURA,UNINCORPORATED,-119.28272247314453,34.506103515625
91055217,2019,2019-08-20,9770,2019-08-09,1530,021420,,5,2,9,5600,0,1,3,,1,043,"SR-126 E/B (EAST TELEGRAPH ROAD)","CAVIN ROAD",1000.00,E,N,A,-,Y,,,126,,,,,,E,Y,2,0,1,1,A,-,03,22350,,N,F,A,A,A,H,-,A,D,0,,,,,Y,,D,22,1,0,0,0,0,0,0,0,0,"- ","- ",34.397651672363281,-118.84645080566406,VENTURA,UNINCORPORATED,-118.84648132324219,34.397857666015625
91055878,2019,2019-08-20,9765,2019-08-10,1051,022272,,6,1,9,5600,0,1,3,,1,021,"SR-33 N/B","20410 SR-33",14784.00,S,N,A,-,Y,,,33,,,,,,N,Y,2,0,2,1,A,-,03,22350,,N,E,I,A,A,H,-,A,D,0,,,,,Y,,A,01,2,0,0,0,0,0,0,0,0,"- ","- ",34.561378479003906,-119.26502990722656,VENTURA,UNINCORPORATED,-119.26507568359375,34.561416625976562
91066460,2019,2019-09-03,9765,2019-08-24,1600,022318,,6,2,9,5600,0,1,3,,2,060,"SR-1 N/B","DEER CREEK ROAD",2200.00,S,N,A,-,Y,,,1,,,,,,N,Y,2,0,1,1,A,-,01,23152,A,N,E,I,A,A,H,-,A,D,0,,,Y,,Y,Y,C,02,1,0,0,0,0,0,0,0,1,"- ","- ",34.061298370361328,-118.97824859619141,VENTURA,UNINCORPORATED,-118.97826385498047,34.061206817626953
9107245,2020,2020-09-01,5600,2020-05-20,1635,4674,6014,3,5,3,5602,0,0,0,,0,6B01,"RT 23","RT 126",266.00,S,N,A,-,Y,VEN,7,23,-,R,24.110,H,-,N,Y,2,0,1,2,A,-,03,22350,,F,C,C,A,A,H,-,A,A,0,,,Y,,Y,,A,01,1,0,0,0,0,0,0,0,1,"- ","- ",,,VENTURA,FILLMORE,-118.91763305664062,34.395420074462891
91083161,2019,2019-09-25,9765,2019-09-24,1045,014967,,2,1,9,5600,0,3,5,,2,005,"CENTRAL AVENUE","ROSE AVENUE",1584.00,S,N,A,-,N,,,,,,,,,,Y,2,0,2,2,A,-,03,22350,,N,C,C,A,A,H,-,A,D,0,,,Y,,Y,,D,22,1,1,0,0,0,0,0,0,1,"- ","- ",34.248748779296875,-119.13974761962891,VENTURA,UNINCORPORATED,-119.13862609863281,34.248020172119141
91087164,2019,2019-09-30,9765,2019-09-20,1040,022296,,5,1,9,5600,0,1,3,,1,021,"SR-33  N/B (MARICOPA HIGHWAY)","POTRERO JOHN TRAIL",2640.00,S,N,A,-,Y,,,33,,,,,,N,Y,2,0,1,1,A,-,03,22350,,N,E,A,A,A,H,-,A,D,0,,,,,Y,,A,01,1,0,0,0,0,0,0,0,0,"- ","- ",34.584499359130859,-119.26509857177734,VENTURA,UNINCORPORATED,-119.26514434814453,34.584609985351562
91104825,2019,2019-10-24,9765,2019-10-14,0948,013555,,1,1,9,5600,0,1,3,,1,062,SR-1,"DEER CREEK ROAD",167.00,N,N,A,-,Y,,,1,,,,,,,Y,2,0,2,1,C,-,18,,,N,E,I,A,A,H,-,A,D,0,,,,,Y,,-,"- ",2,0,0,0,0,0,0,0,0,"- ","- ",34.0625,-118.98596954345703,VENTURA,UNINCORPORATED,-118.98600769042969,34.062419891357422
91115911,2019,2019-11-07,9770,2019-11-02,1600,020169,,6,2,6,5609,0,1,3,,2,083,"SR-118 E/B (RONALD REAGAN FREEWAY)","KUEHNER DRIVE",600.00,E,N,A,-,Y,,,118,,,,,,E,Y,2,0,1,1,A,-,08,22107,,N,F,I,A,A,H,-,A,D,0,,,,,Y,,A,01,1,0,0,0,0,0,0,0,0,"- ","- ",34.278301239013672,-118.66091156005859,VENTURA,"SIMI VALLEY",-118.66082000732422,34.278507232666016
91124057,2019,2019-11-19,9765,2019-11-07,1738,022408,,4,2,9,5600,0,1,3,,1,020,"SR-33 (NORTH VENTURA AVENUE)","RANCH ROAD",1810.00,N,N,A,-,Y,,,33,,,,,,,N,2,0,1,2,A,-,11,21954,A,F,G,B,D,A,H,-,D,D,0,Y,,,,Y,Y,N,60,1,0,0,0,1,0,0,0,0,"- ","- ",34.370571136474609,-119.30668640136719,VENTURA,UNINCORPORATED,-119.30680847167969,34.370574951171875
91125689,2019,2019-11-21,9770,2019-11-16,1215,018659,,6,1,9,5600,0,3,5,,2,005,"HAPPY CAMP ROAD","SR-23 (BROADWAY ROAD)",1400.00,N,N,A,-,N,,,,,,,,,,Y,2,0,2,1,A,-,08,22107,,N,E,I,A,A,H,-,A,D,0,,,,,Y,Y,A,01,1,1,0,0,0,0,0,0,0,"- ","- ",34.320350646972656,-118.88021850585938,VENTURA,UNINCORPORATED,-118.88015747070312,34.318321228027344
91157534,2019,2020-01-02,9765,2019-12-13,1310,020334,,5,1,9,5600,0,1,3,,2,060,"SR-1 PACIFIC COAST HIGHWAY (PCH)","YELLOW HILL RD",1000.00,W,N,A,-,Y,,,1,,,,,,,Y,2,0,2,2,A,-,08,22107,,N,C,E,A,A,H,-,A,D,0,,,,,Y,,A,01,2,0,0,0,0,0,0,0,0,"- ","- ",34.047660827636719,-118.94824981689453,VENTURA,UNINCORPORATED,-118.94823455810547,34.047702789306641
91159137,2019,2020-01-06,9765,2019-12-15,1507,022318,,7,2,6,5604,0,1,2,,2,502,"US-101 N/B TO ROSE AVENUE","ROSE AVENUE",706.00,S,N,A,-,Y,,,101,,,,R,,N,Y,2,0,1,1,A,-,08,22107,,N,E,I,A,A,H,-,A,D,0,,,,,Y,,A,07,1,0,0,0,0,0,0,0,0,"- ","- ",34.225101470947266,-119.15640258789062,VENTURA,OXNARD,-119.15640258789062,34.225101470947266
91184758,2020,2020-02-11,9770,2020-02-05,1925,020721,,3,2,6,5607,0,1,2,,2,071,"US-101 S/B (VENTURA FREEWAY)","WENDY DRIVE",5808.00,N,N,A,-,Y,,,101,,,,,,S,Y,2,0,3,4,A,-,03,22350,,N,C,C,A,A,H,-,C,D,0,,,,,Y,,A,01,1,0,2,0,0,0,0,0,0,"- ","- ",34.198940277099609,-118.95572662353516,VENTURA,"THOUSAND OAKS",-118.95573425292969,34.198932647705078
91189151,2020,2020-02-19,9770,2020-02-13,1055,017409,,4,1,6,5607,0,1,3,,2,085,"SR-23 S/B (MOORPARK FREEWAY)","TIERRA REJADA ROAD",2587.00,S,N,A,-,Y,,,,,,,,,,Y,2,0,1,1,A,-,08,22107,,N,F,A,A,A,H,-,A,D,0,,,,,Y,,A,07,1,0,0,0,0,0,0,0,0,"- ","- ",34.261001586914062,-118.84583282470703,VENTURA,"THOUSAND OAKS",,
91194359,2020,2020-02-26,9765,2020-02-16,0940,022488,,7,1,9,5600,0,1,3,,1,022,"SR-150 (CASITAS PASS RD.)","RAMELI RANCH ROAD",6040.00,E,N,A,-,Y,,,150,,,,,,,Y,2,0,1,1,A,-,08,22107,,N,H,A,A,A,H,-,A,D,0,,,Y,,Y,,C,02,1,0,0,0,0,0,0,0,1,"- ","- ",34.384258270263672,-119.393798828125,VENTURA,UNINCORPORATED,-119.39380645751953,34.38427734375
91218113,2020,2020-03-30,9770,2020-03-23,1335,018659,,1,1,9,5600,0,1,3,,1,043,"SR-126 E/B (EAST TELEGRAPH ROAD)","FISH HATCHERY",5808.00,E,N,A,-,Y,,,126,,,,,,E,Y,2,0,2,1,A,-,08,22107,,N,E,I,A,A,H,-,A,D,0,,,,,Y,,A,01,1,1,0,0,0,0,0,0,0,"- ","- ",34.396251678466797,-118.86396026611328,VENTURA,UNINCORPORATED,-118.86395263671875,34.396121978759766
91224739,2019,2020-04-13,9765,2019-05-17,1854,017395,,5,2,9,5600,0,1,3,,2,060,"SR-1 N/B (PACIFIC COAST HIGHWAY)","HUENEME ROAD",2640.00,S,N,A,-,Y,,,1,,,,,,N,Y,1,2,0,1,A,-,01,23152,A,N,E,I,A,A,H,-,A,D,0,,,,,Y,Y,A,01,0,0,0,0,0,0,0,0,0,"- ","- ",34.141288757324219,-119.10492706298828,VENTURA,UNINCORPORATED,-119.10499572753906,34.141216278076172
91236863,2020,2020-05-12,9770,2020-05-05,1626,019930,,2,2,6,5607,0,1,2,,2,073,"US-101 S/B (VENTURA FREEWAY)","VENTU PARK ROAD",1500.00,S,N,A,-,Y,,,101,,,,,,S,Y,2,0,3,3,A,-,03,22350,,N,C,C,A,A,H,-,A,D,0,,,,,Y,,A,07,2,0,1,0,0,0,0,0,0,"- ","- ",34.184291839599609,-118.90531921386719,VENTURA,"THOUSAND OAKS",-118.90531921386719,34.184314727783203
9125091,2020,2020-09-10,5604,2020-06-22,0545,5614,,1,5,6,5604,0,0,0,,0,032,"S OXNARD BL","S ROSE AV",0.00,,Y,B,-,N,,,,,,,,,,N,2,0,1,2,A,-,17,21451,A,N,C,G,A,A,H,-,C,A,0,,Y,,,Y,,A,01,1,0,0,0,0,0,1,0,0,"- ","- ",34.175228118896484,-119.15998077392578,VENTURA,OXNARD,,
91251483,2020,2020-10-05,9765,2020-05-01,1138,020334,,5,1,9,5600,0,1,3,,1,062,"STATE ROUTE 1 (PACIFIC COAST HIGHWAY)","DEER CREEK ROAD",30.00,N,N,A,-,Y,,,1,,,,,,,Y,1,1,2,3,A,-,01,23152,F,N,C,C,A,A,H,-,A,D,0,,,,Y,Y,,F,26,0,2,0,0,0,0,0,0,0,"- ","- ",34.062271118164062,-118.9857177734375,VENTURA,UNINCORPORATED,-118.9857177734375,34.062274932861328
91253375,2020,2020-06-17,9765,2020-06-07,1300,022488,,7,1,9,5600,0,1,3,,1,044,"SR-150 (SANTA PAULA-OJAI ROAD)","MUPU ROAD",12.00,S,N,A,-,Y,,,150,,,,,,,Y,2,0,2,2,A,-,03,22350,,N,C,C,A,A,H,-,A,D,0,,,Y,,Y,,C,02,2,0,0,0,0,0,0,0,2,"- ","- ",34.409969329833984,-119.08432006835938,VENTURA,UNINCORPORATED,-119.08432769775391,34.409965515136719
91257039,2020,2020-06-24,9765,2020-06-13,1845,22464,,6,2,9,5600,0,1,3,,1,042,SR-126,"ATMORE ROAD",833.00,E,N,A,-,Y,,,126,,,,,,,Y,2,0,3,2,A,-,09,21804,A,N,D,C,A,A,H,-,A,D,0,,,,,Y,,A,01,2,1,0,0,0,0,0,0,0,"- ","- ",34.387001037597656,-118.95993804931641,VENTURA,UNINCORPORATED,-118.95991516113281,34.386981964111328
91265040,2020,2020-07-08,9765,2020-06-26,0024,019034,,5,3,9,5600,0,3,5,,2,004,"TELEGRAPH ROAD","CLOW ROAD",1056.00,E,N,A,-,N,,,,,,,,,,N,2,0,1,2,A,-,11,21954,A,N,G,B,E,A,H,-,D,D,0,Y,,,,Y,Y,N,60,1,0,0,0,1,0,0,0,0,"- ","- ",34.333789825439453,-119.09602355957031,VENTURA,UNINCORPORATED,-119.09620666503906,34.333713531494141
91274243,2020,2020-08-12,9430,2020-07-18,1410,020255,,6,2,9,5600,0,1,3,,1,030,"SR-33 (MARICOPA HWY)","LOCKWOOD VALLEY RD",10666.00,S,N,A,-,N,,,33,,,,,,,Y,2,0,1,1,A,-,03,22350,,N,E,I,A,A,H,-,A,D,0,,,Y,,Y,,C,02,1,0,0,0,0,0,0,0,1,"- ","- ",34.660190582275391,-119.37116241455078,VENTURA,UNINCORPORATED,-119.37114715576172,34.660160064697266
91320405,2020,2020-10-08,9765,2020-09-28,1905,022488,,1,2,9,5600,0,3,5,,2,004,"TELEGRAPH ROAD","TODD ROAD",18.00,N,N,A,-,N,,,,,,,,,,Y,2,0,1,2,A,-,01,23152,A,N,D,C,A,A,H,-,D,D,0,,,,Y,Y,Y,D,22,1,0,0,0,0,0,0,0,0,"- ","- ",34.319091796875,-119.12078857421875,VENTURA,UNINCORPORATED,-119.12076568603516,34.319110870361328
91340050,2020,2020-11-05,9770,2020-05-26,0840,020169,,2,1,9,5600,0,1,3,,1,050,"SR-118 (LOS ANGELES AVENUE)","LA CUMBRE ROAD",1584.00,W,N,A,-,Y,,,118,,,,,,,Y,1,1,0,4,A,-,01,23152,F,N,B,C,A,A,H,-,A,A,0,,,,Y,Y,,A,01,0,0,0,0,0,0,0,0,0,"- ","- ",34.264171600341797,-118.98587799072266,VENTURA,UNINCORPORATED,-118.98587799072266,34.264171600341797
91351190,2020,2020-11-23,9765,2020-06-22,2110,020729,,1,2,9,5600,0,3,5,,2,006,"PLEASANT VALLEY ROAD","HAILES ROAD",270.00,W,N,A,-,N,,,,,,,,,,Y,1,2,1,2,A,-,01,23152,F,N,A,C,A,A,H,-,D,D,0,,,Y,,Y,,A,01,0,1,0,0,0,0,0,2,0,"- ","- ",34.174358367919922,-119.12574768066406,VENTURA,UNINCORPORATED,-119.12561798095703,34.174468994140625
91354095,2020,2020-11-25,9765,2020-11-15,0125,020873,,7,3,6,5608,0,1,3,,2,011,"SR-33 S/B","STANLEY AVENUE",4606.00,S,N,A,-,Y,,,33,,,,,,S,Y,2,0,1,1,A,-,01,23152,A,N,F,J,A,A,H,-,D,D,0,,,Y,,Y,Y,C,02,1,0,0,0,0,0,0,0,1,"- ","- ",34.289020538330078,-119.30692291259766,VENTURA,VENTURA,-119.30678558349609,34.289039611816406
91354956,2020,2020-11-30,9765,2020-11-18,2235,020850,,3,3,6,5604,0,3,5,,2,003,"WEST GONZALES ROAD","VICTORIA AVENUE",5280.00,W,N,A,-,N,,,,,,,,,,Y,2,0,2,1,A,-,08,22107,,N,E,I,A,A,H,-,D,D,0,,,,,Y,,A,01,1,0,1,0,0,0,0,0,0,"- ","- ",34.219619750976562,-119.23950958251953,VENTURA,OXNARD,-119.23873901367188,34.219516754150391
91357228,2020,2020-12-02,9765,2020-11-20,1610,017483,,5,2,9,5600,0,3,5,,2,002,"THACHER ROAD","MCANDREW ROAD",230.00,W,N,A,-,N,,,,,,,,,,N,2,0,1,1,A,-,08,22107,,N,F,A,A,A,H,-,A,D,0,,Y,,,Y,,L,04,1,0,0,0,0,0,1,0,0,"- ","- ",34.462749481201172,-119.18424224853516,VENTURA,UNINCORPORATED,-119.18417358398438,34.462764739990234