CASE_ID,ACCIDENT_YEAR,PROC_DATE,JURIS,COLLISION_DATE,COLLISION_TIME,OFFICER_ID,REPORTING_DISTRICT,DAY_OF_WEEK,CHP_SHIFT,POPULATION,CNTY_CITY_LOC,SPECIAL_COND,BEAT_TYPE,CHP_BEAT_TYPE,CITY_DIVISION_LAPD,CHP_BEAT_CLASS,BEAT_NUMBER,PRIMARY_RD,SECONDARY_RD,DISTANCE,DIRECTION,INTERSECTION,WEATHER_1,WEATHER_2,STATE_HWY_IND,CALTRANS_COUNTY,CALTRANS_DISTRICT,STATE_ROUTE,ROUTE_SUFFIX,POSTMILE_PREFIX,POSTMILE,LOCATION_TYPE,RAMP_INTERSECTION,SIDE_OF_HWY,TOW_AWAY,COLLISION_SEVERITY,NUMBER_KILLED,NUMBER_INJURED,PARTY_COUNT,PRIMARY_COLL_FACTOR,PCF_CODE_OF_VIOL,PCF_VIOL_CATEGORY,PCF_VIOLATION,PCF_VIOL_SUBSECTION,HIT_AND_RUN,TYPE_OF_COLLISION,MVIW,PED_ACTION,ROAD_SURFACE,ROAD_COND_1,ROAD_COND_2,LIGHTING,CONTROL_DEVICE,CHP_ROAD_TYPE,PEDESTRIAN_ACCIDENT,BICYCLE_ACCIDENT,MOTORCYCLE_ACCIDENT,TRUCK_ACCIDENT,NOT_PRIVATE_PROPERTY,ALCOHOL_INVOLVED,STWD_VEHTYPE_AT_FAULT,CHP_VEHTYPE_AT_FAULT,COUNT_SEVERE_INJ,COUNT_VISIBLE_INJ,COUNT_COMPLAINT_PAIN,COUNT_PED_KILLED,COUNT_PED_INJURED,COUNT_BICYCLIST_KILLED,COUNT_BICYCLIST_INJURED,COUNT_MC_KILLED,COUNT_MC_INJURED,PRIMARY_RAMP,SECONDARY_RAMP,LATITUDE,LONGITUDE,COUNTY,CITY,POINT_X,POINT_Y
91386289,2020,2021-01-12,9765,2020-06-06,0755,022461,,6,1,9,5600,0,1,3,,2,063,"STATE ROUTE 1 (RICE AVENUE)","CHANNEL ISLAND BOUELVARD",44.00,S,N,A,-,Y,,,,,,,,,,Y,1,1,2,2,A,-,03,22350,,N,C,C,A,A,H,-,A,A,0,,,,,Y,,A,07,2,0,0,0,0,0,0,0,0,"- ","- ",34.172969818115234,-119.14248657226562,VENTURA,UNINCORPORATED,,
91390082,2021,2021-01-18,9770,2021-01-15,0815,017732,,5,1,9,5600,0,1,3,,1,052,"SR-118 W/B (LOS ANGELES AVENUE)","HITCH BOULEVARD",2320.00,E,N,A,G,Y,,,118,,,,,,W,Y,2,0,2,2,A,-,08,22107,,N,D,C,A,A,H,-,A,D,0,,,,,Y,,A,01,2,0,0,0,0,0,0,0,0,"- ","- ",34.278518676757812,-118.92108154296875,VENTURA,UNINCORPORATED,-118.92110443115234,34.278564453125
91393411,2021,2021-01-25,9765,2021-01-14,1352,020345,,4,1,6,5604,0,1,2,,2,501,"US-101 S/B","ROSE AVENUE",400.00,S,N,A,-,Y,,,101,,,,,,S,Y,2,0,1,1,A,-,03,22350,,N,F,A,A,A,H,-,A,D,0,,,Y,,Y,,C,02,1,0,0,0,0,0,0,0,1,"- ","- ",34.223861694335938,-119.15348052978516,VENTURA,OXNARD,-119.15351104736328,34.223697662353516
91394207,2020,2021-01-26,9765,2020-10-12,2250,022345,,1,3,6,5608,0,1,2,,1,104,"US-101 N/B (VENTURA FREEWAY)","CALIFORNIA STREET",14.00,S,N,A,-,Y,,,101,,,,,,N,Y,1,1,0,1,A,-,01,23152,F,N,E,I,A,A,H,-,D,D,0,,,,,Y,,A,07,0,0,0,0,0,0,0,0,0,"- ","- ",34.277629852294922,-119.29296112060547,VENTURA,VENTURA,-119.29296112060547,34.277561187744141
91413953,2021,2021-02-23,9765,2021-02-18,1400,020187,,4,2,9,5600,0,3,5,,2,006,"HUENEME ROAD","NAVAL AIR ROAD",0.00,,Y,A,-,N,,,,,,,,,,Y,2,0,1,2,A,-,03,22350,,N,C,C,A,A,H,-,A,A,0,,,,Y,Y,,A,07,1,0,0,0,0,0,0,0,0,"- ","- ",34.146961212158203,-119.11257171630859,VENTURA,UNINCORPORATED,-119.11264038085938,34.146961212158203
91432488,2021,2021-03-22,9770,2021-03-13,1410,016383,,6,2,6,5607,0,2,4,,1,062,"POTRERO ROAD","WHITE STALLION ROAD (WEST)",25.00,W,N,A,-,N,,,,,,,,,,Y,2,0,1,2,A,-,05,21460,A,N,B,C,A,A,H,-,A,D,0,,,Y,,Y,,C,02,1,0,0,0,0,0,0,0,1,"- ","- ",34.156589508056641,-118.93679809570312,VENTURA,"THOUSAND OAKS",-118.93714141845703,34.156711578369141
91443510,2021,2021-04-05,9765,2021-03-27,1452,022488,,6,2,9,5600,0,1,3,,1,022,"SR-150 (CASITAS VISTA ROAD)","RED MOUNTAIN FIRE ROAD",3696.00,W,N,A,-,Y,,,150,,,,,,,Y,2,0,1,1,A,-,01,23152,G,N,E,I,A,A,H,-,A,D,0,,,,,Y,Y,A,01,1,0,0,0,0,0,0,0,0,"- ","- ",34.385410308837891,-119.38825988769531,VENTURA,UNINCORPORATED,-119.38844299316406,34.385410308837891
91460390,2021,2021-04-28,9770,2021-01-14,0135,020721,,4,3,9,5600,0,3,5,,2,005,"DONLON ROAD","OLD DONLON ROAD",0.00,,Y,A,-,N,,,,,,,,,,Y,1,1,0,1,A,-,01,23152,A,N,E,I,A,A,H,-,D,A,0,,,,,Y,Y,A,01,0,0,0,0,0,0,0,0,0,"- ","- ",34.264801025390625,-118.99417114257812,VENTURA,UNINCORPORATED,-118.994229,34.264735999999999
91475251,2021,2021-05-18,9765,2021-05-08,0835,022318,,6,1,9,5600,0,1,3,,1,055,"SR-118 (LOS ANGELES AVE)","WALNUT AVENUE",1056.00,W,N,A,-,Y,,,118,,,,,,,Y,2,0,4,3,A,-,08,22107,,N,B,C,A,A,H,-,A,D,0,,,,Y,Y,,A,07,1,2,1,0,0,0,0,0,0,"- ","- ",34.263671875,-119.07965087890625,VENTURA,UNINCORPORATED,-119.07965087890625,34.263675689697266
91481387,2021,2021-05-27,9770,2021-05-13,0719,017409,,4,1,6,5609,0,1,3,,2,083,"SR-118 E/B (RONALD REAGAN FREEWAY)","CALDWELL AVE UNDERCROSSING",420.00,E,N,A,-,Y,,,118,,,,,,E,Y,2,0,1,1,A,-,08,22107,,N,E,8,A,A,H,-,A,D,0,,,,,Y,,A,01,1,0,0,0,0,0,0,0,0,"- ","- ",34.282058715820312,-118.77139282226562,VENTURA,"SIMI VALLEY",-118.77139282226562,34.282119750976562
91495051,2021,2021-06-11,9765,2021-06-05,1550,020729,,6,2,6,5608,0,1,2,,2,103,"US-101 S/B","SEAWARD AVENUE",1850.00,S,N,A,-,Y,,,101,,,,,,S,Y,2,0,1,2,A,-,07,21658,A,N,B,C,A,A,H,-,A,D,0,,,Y,,Y,,A,01,1,0,0,0,0,0,0,0,1,"- ","- ",34.269588470458984,-119.27290344238281,VENTURA,VENTURA,-119.27291107177734,34.269577026367188
91502997,2021,2021-06-22,9765,2021-06-15,0620,016549,,2,1,9,5600,0,3,5,,2,003,"GONZALES ROAD","VICTORIA AVENUE",1100.00,W,N,B,-,N,,,,,,,,,,Y,2,0,3,3,A,-,08,22107,,N,C,E,A,A,H,-,A,D,0,,,,,Y,,A,01,1,2,0,0,0,0,0,0,0,"- ","- ",34.219371795654297,-119.22477722167969,VENTURA,UNINCORPORATED,-119.22493743896484,34.219459533691406
91541772,2021,2021-08-10,9765,2021-07-31,1748,020187,,6,2,9,5600,0,1,3,,2,061,"STATE ROUTE 1","TONGA STREET",1000.00,N,N,A,-,Y,,,,,,,,,,Y,2,0,1,2,A,-,07,21658,A,N,B,C,A,A,H,-,A,D,0,,,Y,,Y,,C,02,1,0,0,0,0,0,0,0,1,"- ","- ",34.052268981933594,-119.96098327636719,VENTURA,UNINCORPORATED,-118.96007537841797,34.052078247070312
91541839,2021,2021-08-10,9765,2021-08-01,1240,022182,,7,1,9,5600,0,1,3,,1,062,"SR-1 (PACIFIC COAST HIGHWAY)","TONGA STREET",2112.00,S,N,A,-,Y,,,1,,,,,,,N,2,0,1,2,A,-,08,22107,,N,B,G,A,A,H,-,A,D,0,,Y,,,Y,,D,22,1,0,0,0,0,0,1,0,0,"- ","- ",34.048599243164062,-118.95024108886719,VENTURA,UNINCORPORATED,-118.95027160644531,34.048507690429688
91558787,2021,2021-08-30,9765,2021-08-20,1038,022318,,5,1,9,5600,0,1,3,,2,010,"SR-33 N/B (OJAI FREEWAY)","MAIN STREET",40.00,N,N,A,-,Y,,,,,,,,,,Y,2,0,2,2,A,-,07,21658,A,N,B,C,A,A,H,-,A,D,0,,,Y,,Y,,C,02,2,0,0,0,0,0,0,0,2,"- ","- ",34.281780242919922,-119.30554962158203,VENTURA,UNINCORPORATED,,
91561462,2021,2021-09-02,9770,2021-08-21,2205,021909,,6,3,9,5600,0,1,3,,1,054,"SR-34 (SOMIS ROAD)","LOS POSAS RD.",3696.00,N,N,A,-,N,,,34,,,,,,,Y,2,0,1,1,A,-,01,23152,F,N,E,I,A,A,H,-,C,D,0,,,,,Y,,A,01,1,0,0,0,0,0,0,0,0,"- ","- ",34.250469207763672,-119.00196838378906,VENTURA,UNINCORPORATED,-119.00199127197266,34.250503540039062
91562639,2021,2021-09-03,9765,2021-04-22,1510,019988,,4,2,9,5600,0,1,3,,1,022,SR-150,"SANTA ANA CREEK",220.00,W,N,A,-,Y,,,150,,,,,,,Y,1,1,0,1,A,-,01,23152,F,N,E,I,A,A,H,-,A,A,0,,,,,Y,,A,01,0,0,0,0,0,0,0,0,0,"- ","- ",34.419609069824219,-119.34230804443359,VENTURA,UNINCORPORATED,-119.34230804443359,34.419635772705078
91567202,2021,2021-09-10,9770,2021-08-31,1115,016561,,2,1,5,5601,0,1,2,,2,070,"US-101 N/B (VENTURA FREEWAY)","CONEJO INSPECTION FACILITY",2112.00,N,N,B,-,Y,,,101,,,,,,N,Y,2,0,1,2,A,-,08,22107,,N,B,C,A,A,H,-,A,D,0,,,Y,,Y,,C,02,1,0,0,0,0,0,0,0,1,"- ","- ",34.201038360595703,-118.96604919433594,VENTURA,CAMARILLO,-118.96604919433594,34.201099395751953
91573527,2021,2021-09-17,9765,2021-08-30,2210,022272,,1,3,9,5600,0,1,3,,1,022,SR-150,"RAMELI RANCH ROAD",580.00,E,N,A,-,Y,,,150,,,,,,,N,2,0,1,1,A,-,08,22107,,N,E,J,A,A,H,-,D,D,0,,,Y,,Y,,C,02,1,0,0,0,0,0,0,0,1,"- ","- ",34.385089874267578,-119.41069030761719,VENTURA,UNINCORPORATED,-119.41075134277344,34.385036468505859
91575625,2021,2021-09-21,9765,2021-09-12,1520,022488,,7,2,9,5600,0,1,3,,1,021,"SR-33 (MARICOPA HIGHWAY)","WHEELER GORGE",4910.00,S,N,A,-,Y,,,33,,,,,,,Y,2,0,1,1,A,-,08,22107,,N,E,I,A,A,H,-,A,D,0,,,,,Y,,A,01,1,0,0,0,0,0,0,0,0,"- ","- ",34.507369995117188,-119.28389739990234,VENTURA,UNINCORPORATED,-119.28386688232422,34.507350921630859
91581600,2021,2021-09-28,9765,2021-09-18,1155,022318,,6,1,9,5600,0,1,3,,2,060,"SR-1 N/B (PACIFIC COAST HIGHWAY)","LA JOLLA CANYON",506.00,S,N,A,-,Y,,,1,,,,,,N,Y,2,0,2,4,A,-,08,22107,,N,B,E,A,A,H,-,A,D,0,,,,,Y,,A,07,2,0,0,0,0,0,0,0,0,"- ","- ",34.082958221435547,-119.03426361083984,VENTURA,UNINCORPORATED,-119.0343017578125,34.082874298095703
91582736,2021,2021-09-29,9765,2021-03-18,1856,020345,,4,2,9,5600,0,1,3,,1,062,"SR-1 (PACIFIC COAST HIGHWAY)","LAS POSAS ROAD",7920.00,S,N,A,-,Y,,,1,,,,,,,Y,1,1,0,1,A,-,01,23152,F,N,F,A,A,A,H,-,A,D,0,,,,,Y,,A,07,0,0,0,0,0,0,0,0,0,"- ","- ",34.097240447998047,-119.07534027099609,VENTURA,UNINCORPORATED,-119.07535552978516,34.097217559814453
91594129,2021,2021-10-12,9765,2021-10-03,1430,022518,,7,2,6,5608,0,1,3,,2,011,"STATE ROUTE 33 SOUTHBOUND","PROSPECT STREET",132.00,N,N,A,-,Y,,,33,,,,,,S,N,2,0,1,1,A,-,08,22107,,N,F,A,A,A,H,-,A,D,0,,,Y,,Y,,C,02,1,0,0,0,0,0,0,0,1,"- ","- ",34.288970947265625,-119.30682373046875,VENTURA,VENTURA,-119.30677795410156,34.288974761962891
91665317,2021,2021-12-29,9770,2021-12-21,1330,018659,,2,1,6,5607,0,1,2,,2,074,"US-101 N/B (VENTURA FREEWAY)","RANCHO ROAD",1110.00,S,N,A,-,Y,,,101,,,,,,N,Y,2,0,1,1,A,-,01,23152,A,N,E,I,A,A,H,-,A,D,0,,,,,Y,Y,A,07,1,0,0,0,0,0,0,0,0,"- ","- ",34.176010131835938,-118.85466766357422,VENTURA,"THOUSAND OAKS",-118.85469818115234,34.175849914550781
91676041,2022,2022-01-12,9770,2022-01-08,2132,020832,,6,2,6,5607,0,2,4,,1,086,"SR-23 S/B (MOORPARK FREEWAY)","OLSEN ROAD",85.00,S,N,A,-,Y,VEN,,23,,R,8.203,H,,L,Y,2,0,1,4,A,-,03,22350,,N,G,4,E,A,D,-,C,D,0,Y,,,,Y,,A,01,1,0,0,0,1,0,0,0,0,"- ","- ",34.241390228271484,-118.84026336669922,VENTURA,"THOUSAND OAKS",-118.8402099609375,34.241378784179688
91698749,2021,2022-02-11,9765,2021-07-11,0220,020873,,7,3,6,5608,0,1,2,,2,302,"US-101 N/B","SEAWARD AVENUE",4010.00,S,N,A,-,Y,,,101,,,,,,N,Y,1,1,0,1,A,-,01,23152,A,N,E,I,A,A,H,-,D,D,0,,,,,Y,Y,A,01,0,0,0,0,0,0,0,0,0,"- ","- ",34.260139465332031,-119.25702667236328,VENTURA,VENTURA,-119.257080078125,34.260009765625
91699052,2021,2022-03-22,9765,2021-09-19,2316,019034,,7,3,9,5600,0,1,3,,2,060,"SR-1 N/B (PACIFIC COAST HIGHWAY)","WOOD ROAD",1964.00,N,N,A,-,Y,,,1,,,,,,N,Y,1,1,0,2,A,-,11,21954,A,N,G,B,E,A,H,-,D,D,0,Y,,,,Y,,N,60,0,0,0,1,0,0,0,0,0,"- ","- ",34.137428283691406,-119.10172271728516,VENTURA,UNINCORPORATED,-119.10170745849609,34.137439727783203
9170476,2020,2020-12-21,5608,2020-10-18,1307,499,68,7,5,6,5608,0,0,0,,0,003,"LOMA VISTA RD","COURT AV",0.00,,Y,A,-,N,,,,,,,,,,Y,2,0,2,3,A,-,09,21800,,N,D,C,A,A,H,-,A,D,0,,,,,Y,,A,01,2,0,0,0,0,0,0,0,0,"- ","- ",,,VENTURA,VENTURA,-119.24259948730469,34.277599334716797
9170479,2020,2020-12-16,5608,2020-10-16,0739,500,,5,5,6,5608,0,0,0,,0,002,"MILLS RD","TELEGRAPH RD",30.00,S,N,A,-,N,,,,,,,,,,Y,2,0,2,2,A,-,12,21453,A,N,-,C,A,A,H,-,A,A,0,,,,,Y,,A,01,2,0,0,0,0,0,0,0,0,"- ","- ",,,VENTURA,VENTURA,-119.247802734375,34.272998809814453
91706010,2022,2022-02-22,9770,2022-02-21,0915,017627,,1,1,9,5600,0,2,4,,1,030,"SANTA ROASA ROAD","ANDALUSIA DRIVE",600.00,W,N,B,-,N,,,,,,,,,,N,2,0,1,1,A,-,03,22350,,N,F,A,A,A,H,-,A,D,0,,Y,,,Y,,L,04,1,0,0,0,0,0,1,0,0,"- ","- ",34.240921020507812,-118.88900756835938,VENTURA,UNINCORPORATED,-118.88874816894531,34.240932464599609
91706187,2022,2022-02-22,9765,2022-02-13,1422,020708,,7,2,9,5600,0,3,5,,2,006,"SR-1 (PACIFIC COAST HIGHWAY)","YERBA BUENA ROAD",245.00,S,N,A,-,Y,VEN,,1,,,1.106,H,,R,Y,2,0,1,4,A,-,03,22350,,N,F,A,A,A,H,-,A,D,0,,,Y,,Y,,C,02,1,0,0,0,0,0,0,0,1,"- ","- ",34.052879333496094,-118.96233367919922,VENTURA,UNINCORPORATED,-118.96231842041016,34.052902221679688
91724069,2022,2022-03-16,9765,2022-03-10,0001,019034,,4,3,9,5600,0,3,5,,2,005,"BRADLEY RD.","COYOTE CANYON RD.",1013.00,N,N,A,-,N,,,,,,,,,,Y,2,0,2,1,A,-,08,22107,,N,E,I,A,A,H,-,D,D,0,,,,,Y,,-,"- ",1,1,0,0,0,0,0,0,0,"- ","- ",34.30419921875,-118.994873046875,VENTURA,UNINCORPORATED,,
91724462,2022,2022-03-16,9770,2022-03-05,1920,019955,,6,2,9,5600,0,2,4,,1,055,"BALCOM CANYON ROAD","BIXBY ROAD",1615.00,W,N,A,-,N,,,,,,,,,,Y,2,0,1,1,A,-,08,22107,,N,F,I,A,A,H,-,D,D,0,,,,,Y,,A,01,1,0,0,0,0,0,0,0,0,"- ","- ",34.315330505371094,-118.96624755859375,VENTURA,UNINCORPORATED,-118.98090362548828,34.350864410400391
91735991,2022,2022-07-21,9765,2022-02-13,0200,022182,,7,3,9,5600,0,3,5,,2,006,"LEWIS ROAD","CAWELTI ROAD",241.00,N,N,A,-,N,,,,,,,,,,Y,1,1,0,1,A,-,01,23152,A,N,E,I,A,A,H,-,D,D,0,,,Y,,Y,,C,02,0,0,0,0,0,0,0,1,0,"- ","- ",34.191429138183594,-119.03144836425781,VENTURA,UNINCORPORATED,-119.03172302246094,34.191276550292969
91741163,2021,2022-04-05,9765,2021-12-14,1750,020708,,2,2,9,5600,0,3,5,,2,004,"CREEK ROAD","KIOWA COURT",3000.00,N,N,B,-,N,,,,,,,,,,Y,1,1,0,1,A,-,01,23152,A,N,E,I,A,A,H,-,D,D,0,,,,,Y,Y,D,22,0,0,0,0,0,0,0,0,0,"- ","- ",34.420188903808594,-119.26885986328125,VENTURA,UNINCORPORATED,-119.26904296875,34.419929504394531
9174141,2020,2021-02-04,5600,2020-11-21,0216,5280,8252,6,5,5,5601,0,0,0,,0,8C01,"VILLAGE AT THE PARK DR","COMMONS PARK DR",7.00,E,N,A,-,,,,,,,,,,,Y,2,0,1,2,A,-,01,23152,A,N,A,C,A,A,H,-,C,D,0,,,,,Y,Y,A,01,1,0,0,0,0,0,0,0,0,"- ","- ",,,VENTURA,CAMARILLO,,
91755534,2022,2022-04-25,9765,2022-04-09,2327,022345,,6,3,9,5600,0,1,3,,1,068,"SR-34 (EAST FIFTH ST)","LAS POSAS ROAD",0.00,,Y,A,-,Y,VEN,,34,,,10.433,H,,R,Y,2,0,2,2,A,-,01,23152,A,N,D,3,A,A,H,-,C,A,0,,,,,Y,Y,D,22,2,0,0,0,0,0,0,0,0,"- ","- ",34.1962890625,-119.06980895996094,VENTURA,UNINCORPORATED,-119.06980895996094,34.196323394775391
91759414,2022,2022-04-28,9765,2022-04-18,1418,021167,,1,2,9,5600,0,1,3,,1,044,"SR-150 (OJAI RD)","BRIDGE ROAD",4277.00,N,N,A,-,Y,VEN,,150,,,30.810,H,,R,Y,2,0,4,2,A,-,01,23152,A,N,B,C,A,A,H,-,A,D,0,,,,,Y,Y,-,"- ",2,2,0,0,0,0,0,0,0,"- ","- ",34.3973388671875,-119.07813262939453,VENTURA,UNINCORPORATED,-119.07808685302734,34.397361755371094
91773182,2022,2022-05-16,9770,2022-05-06,0226,021799,,5,3,6,5609,0,1,3,,2,083,"SR-118 E/B (RONALD REAGAN FREEWAY)","KUEHNER DRIVE",1584.00,W,N,A,-,Y,VEN,,118,,R,30.254,H,,R,Y,2,0,1,1,A,-,01,23152,A,N,E,I,A,A,H,-,D,D,0,,,,,Y,Y,D,22,1,0,0,0,0,0,0,0,0,"- ","- ",34.279228210449219,-118.66705322265625,VENTURA,"SIMI VALLEY",-118.66703796386719,34.279277801513672
91784719,2022,2022-05-31,9765,2022-05-21,0410,019034,,6,3,9,5600,0,3,5,,2,004,"TELEGRAPH ROAD","CUMMINGS ROAD",1929.00,W,N,A,-,N,,,,,,,,,,Y,2,0,1,1,A,-,08,22107,,N,E,I,A,A,H,-,C,D,0,,,,,Y,,-,"- ",1,0,0,0,0,0,0,0,0,"- ","- ",34.320850372314453,-119.11801147460938,VENTURA,UNINCORPORATED,-119.11800384521484,34.320766448974609
9180646,2020,2020-12-09,5609,2020-10-10,0443,485,,6,5,6,5609,0,0,0,,0,003,"LOS ANGELES AV","ORCHID AV",19.00,W,N,A,-,N,,,,,,,,,,Y,2,0,1,1,A,-,08,22107,,N,E,I,A,A,H,-,C,D,0,,,,,Y,,A,01,1,0,0,0,0,0,0,0,0,"- ","- ",34.271629333496094,-118.7542724609375,VENTURA,"SIMI VALLEY",-118.75440216064453,34.271739959716797
9180707,2020,2021-01-19,5600,2020-10-16,1534,4615,8120,5,5,5,5601,0,0,0,,0,8B01,"LAS POSAS RD","CHARTER OAK DR",0.00,,Y,A,-,N,,,,,,,,,,Y,2,0,2,2,A,-,09,21801,A,N,H,C,A,A,H,-,A,A,0,,,,,Y,,A,01,1,1,0,0,0,0,0,0,0,"- ","- ",34.237190246582031,-119.03614807128906,VENTURA,CAMARILLO,-119.03621673583984,34.237270355224609
91807302,2022,2022-06-30,9770,2022-06-19,1726,020832,,7,2,9,5600,0,2,4,,1,088,"BOX CANYON ROAD","BRYANT DRIVE",1109.00,S,N,A,-,N,,,,,,,,,,N,2,0,1,1,A,-,03,22350,,N,E,I,A,A,H,-,A,D,0,,,Y,,Y,,C,02,1,0,0,0,0,0,0,0,1,"- ","- ",34.249298095703125,-118.65033721923828,VENTURA,UNINCORPORATED,-118.65013885498047,34.249568939208984
91817422,2022,2022-07-14,9770,2022-07-08,0230,020721,,5,3,9,5600,0,2,4,,1,031,"SANTA ROSA ROAD","ANDALUSIA DRIVE",450.00,E,N,A,-,N,,,,,,,,,,Y,2,0,1,1,A,-,01,23152,A,N,E,I,A,A,H,-,D,D,0,,,,,Y,Y,-,"- ",1,0,0,0,0,0,0,0,0,"- ","- ",34.241710662841797,-118.88536071777344,VENTURA,UNINCORPORATED,-118.88542938232422,34.241767883300781
91820754,2022,2022-07-19,9765,2022-07-03,0115,018884,,7,3,9,5600,0,3,5,,2,004,"SOUTH MOUNTAIN ROAD","SAN CAYETANO STREET",800.00,W,N,A,-,N,,,,,,,,,,Y,2,0,4,1,A,-,08,22107,,N,F,A,A,A,H,-,D,D,0,,,,,Y,,A,07,1,3,0,0,0,0,0,0,0,"- ","- ",34.360061645507812,-118.95485687255859,VENTURA,UNINCORPORATED,-118.95314788818359,34.360725402832031
91822343,2022,2022-09-29,9765,2022-06-24,1347,021167,,5,1,6,5604,0,1,2,,2,302,"US-101 N/B (VENTURA FREEWAY)","OXNARD BLVD.",1573.00,N,N,A,-,Y,VEN,,101,,R,23.020,H,,R,Y,1,1,2,3,A,-,01,23152,F,N,C,C,A,A,H,-,A,D,0,,,,,Y,,D,22,0,0,2,0,0,0,0,0,0,"- ","- ",34.241111755371094,-119.18578338623047,VENTURA,OXNARD,-119.18574523925781,34.241180419921875
91831414,2022,2022-08-02,9765,2022-07-23,1410,022337,,6,2,9,5600,0,1,3,,2,011,"SR-33 S/B","SHELL ROAD",1060.00,S,N,A,-,Y,VEN,,33,,,2.526,H,,L,Y,2,0,1,1,A,-,03,22350,,N,E,I,A,A,H,-,A,D,0,,,,,Y,,E,22,1,0,0,0,0,0,0,0,0,"- ","- ",34.313678741455078,-119.29559326171875,VENTURA,UNINCORPORATED,-119.29558563232422,34.313678741455078
91840117,2022,2022-08-15,9765,2022-08-03,2030,022083,,3,2,9,5600,0,1,3,,1,021,SR-33,"BALDWIN ROAD",20.00,N,N,A,-,Y,VEN,,33,,,11.200,H,,R,Y,2,0,2,2,A,-,03,22350,,N,A,C,A,A,H,-,C,A,0,,,,,Y,Y,A,08,1,1,0,0,0,0,0,0,0,"- ","- ",34.429969787597656,-119.28842926025391,VENTURA,UNINCORPORATED,-119.28839111328125,34.429893493652344
91840141,2022,2022-08-15,9765,2022-08-06,0230,018884,,6,3,9,5600,0,3,5,,2,005,"CENTRAL AVENUE","ROSE AVENUE",3168.00,E,N,A,-,N,,,,,,,,,,Y,2,0,1,1,A,-,01,23152,A,N,E,I,A,A,H,-,D,D,0,,,,,Y,Y,A,01,1,0,0,0,0,0,0,0,0,"- ","- ",34.245021820068359,-119.13414001464844,VENTURA,UNINCORPORATED,-119.13460540771484,34.245235443115234
9184213,2020,2020-12-14,5608,2020-10-13,0800,423,,2,5,6,5608,0,0,0,,0,001,"HARBOR BL","RT 101",504.00,E,N,A,-,N,,,,,,,,,,N,2,0,1,2,A,-,11,21950,B,N,G,B,C,A,H,-,A,A,0,Y,,,,Y,,N,60,1,0,0,0,1,0,0,0,0,"- ",SO,,,VENTURA,VENTURA,,
91843302,2022,2022-08-18,9765,2022-08-10,1050,019721,,3,1,9,5600,0,3,5,,2,001,"SESPE ST","LOS ANGELES AVENUE",90.00,S,N,A,-,N,,,,,,,,,,N,2,0,1,1,A,-,08,22107,,N,E,J,A,A,H,-,A,D,0,,,,,Y,,D,22,1,0,0,0,0,0,0,0,0,"- ","- ",34.367710113525391,-118.94203948974609,VENTURA,UNINCORPORATED,-118.94204711914062,34.367733001708984
91858109,2022,2022-09-06,9765,2022-08-28,1350,022992,,7,1,9,5600,0,3,5,,2,006,"YERBA BUENA RD E/B","YELLOW HILL FIRE ROAD",3696.00,W,N,A,-,N,,,,,,,,,,N,2,0,1,1,A,-,03,22350,,M,F,A,A,A,H,-,A,D,0,,,Y,,Y,,C,02,1,0,0,0,0,0,0,0,1,"- ","- ",34.114231109619141,-118.91802978515625,VENTURA,UNINCORPORATED,-118.94882965087891,34.088233947753906
9187252,2020,2021-02-05,5608,2020-11-05,1224,517,,4,5,6,5608,0,0,0,,0,004,"JOHNSON DR","RT 101",35.00,S,N,A,-,N,,,,,,,,,,Y,2,0,4,2,A,-,09,21801,A,N,A,C,A,A,H,-,A,A,0,,,,,Y,,A,01,1,1,2,0,0,0,0,0,0,"- ",SF,,,VENTURA,VENTURA,-119.19281768798828,34.243350982666016
91874237,2022,2022-10-17,9765,2022-09-13,1750,022083,,2,2,9,5600,0,3,5,,2,002,"SANTA ANA ROAD","SKYHIGH DR.",580.00,S,N,A,-,N,,,,,,,,,,N,2,0,1,2,A,-,08,22107,,F,B,G,A,A,H,-,A,D,0,,Y,,,Y,,L,04,1,0,0,0,0,0,1,0,0,"- ","- ",34.360980987548828,-119.31472778320312,VENTURA,UNINCORPORATED,-119.31474304199219,34.361083984375
91876649,2022,2022-09-29,9765,2022-09-20,2210,022872,,2,3,9,5600,0,1,3,,1,062,"SR-1 S/B (PACIFIC COAST HIGHWAY","SYCAMORE CANYON ROAD",12672.00,N,N,A,-,Y,VEN,,1,,,6.857,H,,L,Y,2,0,1,1,A,-,08,22107,,N,F,A,A,A,H,-,D,D,0,,,Y,,Y,Y,C,02,1,0,0,0,0,0,0,0,1,"- ","- ",34.085159301757812,-119.04971313476562,VENTURA,UNINCORPORATED,-119.04974365234375,34.085208892822266
91876932,2022,2022-09-29,9765,2022-04-22,0447,022408,,5,3,6,5604,0,1,2,,2,502,"US-101 NB (VENTURA FREEWAY)","ROSE AVENUE",2112.00,S,N,A,-,Y,VEN,,101,,,20.654,H,,R,N,1,1,0,1,A,-,03,22350,,N,E,I,A,A,H,-,D,D,0,,,,,Y,,A,01,0,0,0,0,0,0,0,0,0,"- ","- ",34.223651885986328,-119.15242767333984,VENTURA,OXNARD,-119.15242767333984,34.223659515380859