CASE_ID,ACCIDENT_YEAR,PROC_DATE,JURIS,COLLISION_DATE,COLLISION_TIME,OFFICER_ID,REPORTING_DISTRICT,DAY_OF_WEEK,CHP_SHIFT,POPULATION,CNTY_CITY_LOC,SPECIAL_COND,BEAT_TYPE,CHP_BEAT_TYPE,CITY_DIVISION_LAPD,CHP_BEAT_CLASS,BEAT_NUMBER,PRIMARY_RD,SECONDARY_RD,DISTANCE,DIRECTION,INTERSECTION,WEATHER_1,WEATHER_2,STATE_HWY_IND,CALTRANS_COUNTY,CALTRANS_DISTRICT,STATE_ROUTE,ROUTE_SUFFIX,POSTMILE_PREFIX,POSTMILE,LOCATION_TYPE,RAMP_INTERSECTION,SIDE_OF_HWY,TOW_AWAY,COLLISION_SEVERITY,NUMBER_KILLED,NUMBER_INJURED,PARTY_COUNT,PRIMARY_COLL_FACTOR,PCF_CODE_OF_VIOL,PCF_VIOL_CATEGORY,PCF_VIOLATION,PCF_VIOL_SUBSECTION,HIT_AND_RUN,TYPE_OF_COLLISION,MVIW,PED_ACTION,ROAD_SURFACE,ROAD_COND_1,ROAD_COND_2,LIGHTING,CONTROL_DEVICE,CHP_ROAD_TYPE,PEDESTRIAN_ACCIDENT,BICYCLE_ACCIDENT,MOTORCYCLE_ACCIDENT,TRUCK_ACCIDENT,NOT_PRIVATE_PROPERTY,ALCOHOL_INVOLVED,STWD_VEHTYPE_AT_FAULT,CHP_VEHTYPE_AT_FAULT,COUNT_SEVERE_INJ,COUNT_VISIBLE_INJ,COUNT_COMPLAINT_PAIN,COUNT_PED_KILLED,COUNT_PED_INJURED,COUNT_BICYCLIST_KILLED,COUNT_BICYCLIST_INJURED,COUNT_MC_KILLED,COUNT_MC_INJURED,PRIMARY_RAMP,SECONDARY_RAMP,LATITUDE,LONGITUDE,COUNTY,CITY,POINT_X,POINT_Y
91883893,2022,2022-10-06,9770,2022-10-01,1635,020169,,6,2,9,5600,0,3,5,,2,003,"BARRANCA ROAD","PALO VERDE CIRCLE",1100.00,E,N,A,-,N,,,,,,,,,,Y,2,0,1,2,A,-,08,22107,,N,A,C,A,A,H,-,A,A,0,,,,,Y,,A,01,1,0,0,0,0,0,0,0,0,"- ","- ",34.247940063476562,-118.90476226806641,VENTURA,UNINCORPORATED,-118.90496826171875,34.247913360595703
91886089,2022,2022-10-10,9765,2022-10-01,1432,022337,,6,2,9,5600,0,1,3,,1,021,"SR-33 MARICOPA HIGHWAY","NORDHOFF RIDGE ROAD",17424.00,N,N,A,-,Y,VEN,,33,,,20.984,H,,R,Y,2,0,1,1,A,-,03,22350,,N,F,A,A,A,H,-,A,D,0,,,Y,,Y,,C,02,1,0,0,0,0,0,0,0,1,"- ","- ",34.517311096191406,-119.28157806396484,VENTURA,UNINCORPORATED,-119.28154754638672,34.517318725585938
9188667,2020,2020-12-07,5604,2020-10-30,2254,4950,,5,5,6,5604,0,0,0,,0,021,"SOUTH VICTORIA AV","W CHANNEL ISLANDS BL",0.00,,Y,A,-,N,,,,,,,,,,Y,2,0,1,1,A,-,03,22350,,N,E,I,A,A,H,-,D,A,0,,,,,Y,,A,01,1,0,0,0,0,0,0,0,0,"- ","- ",34.175830841064453,-119.22145843505859,VENTURA,OXNARD,-119.22154998779297,34.175891876220703
9188668,2020,2020-12-05,5604,2020-10-28,1903,5610,,3,5,6,5604,0,0,0,,0,021,"SOUTH VICTORIA AV","5TH ST",10.00,S,N,A,-,N,,,,,,,,,,N,2,0,2,2,A,-,03,22350,,N,C,C,A,A,H,-,C,A,0,,,,,Y,,A,08,1,0,1,0,0,0,0,0,0,"- ","- ",34.198200225830078,-119.22019958496094,VENTURA,OXNARD,-119.22126770019531,34.197551727294922
91889838,2022,2022-10-13,9430,2022-10-09,1210,018631,,7,1,9,5600,0,1,3,,1,030,"SR-33 N/B","LOCKWOOD VALLEY ROAD",0.00,,N,A,-,Y,VEN,,33,,,43.467,H,,R,N,2,0,1,1,A,-,03,22350,,N,F,0,A,A,H,-,A,D,0,,,Y,,Y,,C,02,1,0,0,0,0,0,0,0,1,"- ","- ",34.656719207763672,-119.38272857666016,VENTURA,UNINCORPORATED,-119.38272857666016,34.656719207763672
91894565,2022,2022-10-19,9765,2022-10-07,0723,017599,,5,1,9,5600,0,3,5,,2,003,"ROOSEVELT BLVD","SANTA ROSA AVE",35.00,E,N,A,-,N,,,,,,,,,,N,2,0,2,1,C,-,18,,,N,F,A,A,A,H,-,A,D,0,,,Y,,Y,,-,"- ",1,0,1,0,0,0,0,0,2,"- ","- ",34.092800140380859,-119.13169860839844,VENTURA,UNINCORPORATED,-119.22162628173828,34.157932281494141
91898495,2022,2022-10-25,9770,2022-10-17,0155,021911,,1,3,4,5690,0,1,3,,2,080,"SR-118 W/B (RONALD REAGAN FREEWAY)","COLLINS DRIVE",4752.00,E,N,A,-,Y,VEN,,118,,R,20.918,H,,L,Y,2,0,2,2,A,-,03,22350,,N,C,C,A,A,H,-,D,D,0,,,,,Y,,A,01,1,1,0,0,0,0,0,0,0,"- ","- ",34.292110443115234,-118.82692718505859,VENTURA,MOORPARK,-118.82692718505859,34.292140960693359
91911359,2022,2022-11-07,9765,2022-10-30,1412,022488,,7,2,9,5600,0,1,3,,1,023,"SR-150 (OJAI RD)","N. OJAI ROAD",250.00,W,N,A,-,Y,VEN,,150,,,23.647,H,,R,Y,2,0,2,3,A,-,05,21650,,N,B,C,A,A,H,-,A,D,0,,,Y,,Y,,C,02,1,1,0,0,0,0,0,0,1,"- ","- ",34.437759399414062,-119.16880798339844,VENTURA,UNINCORPORATED,-119.16881561279297,34.437744140625
91912315,2022,2022-11-08,9765,2022-10-29,0330,022992,,6,3,9,5600,0,3,5,,2,005,"SR-118 (E. LOS ANGELES AVE)","AGGEN ROAD",44.00,E,N,A,-,Y,VEN,,118,,,8.662,H,,R,N,2,0,1,1,A,-,08,22107,,N,E,I,A,A,H,-,D,D,0,,,,,Y,,A,07,1,0,0,0,0,0,0,0,0,"- ","- ",34.263828277587891,-119.03440856933594,VENTURA,UNINCORPORATED,-119.03440856933594,34.263740539550781
91917037,2022,2022-11-14,9765,2022-01-28,0625,016234,,5,1,9,5600,0,1,3,,1,055,"SR-118 (LOS ANGELES AVE)","PRICE ROAD",1600.00,E,N,A,-,Y,VEN,,118,,,8.060,H,,R,Y,1,1,2,3,A,-,03,22350,,N,A,C,A,A,H,-,B,D,0,,,,Y,Y,,F,26,0,0,2,0,0,0,0,0,0,"- ","- ",34.263729095458984,-119.04476928710938,VENTURA,UNINCORPORATED,-119.04476928710938,34.26373291015625
91918151,2022,2022-11-15,9765,2022-11-07,2240,022992,,1,3,9,5600,0,3,5,,2,005,"PLEASANT VALLEY ROAD","WOLFF ROAD",2390.00,S,N,A,-,N,,,,,,,,,,Y,2,0,4,2,A,-,06,21751,,N,A,C,A,A,H,-,D,D,0,,,,,Y,,A,01,2,2,0,0,0,0,0,0,0,"- ","- ",34.180999755859375,-119.11119842529297,VENTURA,UNINCORPORATED,-119.11902618408203,34.181053161621094
91920775,2022,2022-11-17,9770,2022-11-06,1600,018332,,7,2,9,5600,0,3,5,,2,005,"STOCKTON RD","EAST RD.",1584.00,E,N,A,-,N,,,,,,,,,,N,2,0,1,1,A,-,08,22107,,N,F,I,A,A,H,-,A,D,0,,,Y,,Y,,C,02,1,0,0,0,0,0,0,0,1,"- ","- ",34.293338775634766,-118.94673156738281,VENTURA,UNINCORPORATED,-118.94718933105469,34.293102264404297
91932747,2022,2022-12-02,9765,2022-11-21,1751,021999,,1,2,5,5601,0,1,2,,2,504,"US-101 N/B (VENTURA FREEWAY)","CARMEN DRIVE",1925.00,S,N,A,-,Y,VEN,,101,,,14.420,H,,R,Y,2,0,1,3,A,-,03,22350,,N,F,C,A,A,H,-,D,D,0,,,Y,,Y,,C,02,1,0,0,0,0,0,0,0,1,"- ","- ",34.217548370361328,-119.04403686523438,VENTURA,CAMARILLO,-119.04403686523438,34.217552185058594
91935164,2022,2022-12-06,9765,2022-11-17,2335,022387,,4,3,6,5608,0,1,3,,2,040,"SR-126 E/B (SANTA PAULA FREEWAY)","KIMBALL RD",2670.00,W,N,A,-,Y,VEN,,126,,,2.271,H,,R,Y,2,0,1,1,A,-,01,23152,A,N,B,I,A,A,H,-,D,D,0,,,,,Y,Y,A,01,1,0,0,0,0,0,0,0,0,"- ","- ",34.273300170898438,-119.19966125488281,VENTURA,VENTURA,-119.19966888427734,34.273349761962891
91939742,2022,2022-12-12,9765,2022-12-04,1835,021999,,7,2,6,5608,0,1,2,,2,301,"US-101 S/B TO SR-126 E/B","MAIN STREET",150.00,S,N,B,-,Y,VEN,,101,,,26.679,H,,L,Y,2,0,1,1,A,-,08,22107,,N,E,8,A,B,H,-,C,D,0,,,,,Y,,A,07,1,0,0,0,0,0,0,0,0,"- ","- ",34.264461517333984,-119.24220275878906,VENTURA,VENTURA,-119.24224853515625,34.264591217041016
91941347,2022,2022-12-13,9770,2022-07-18,0615,018942,,1,1,6,5609,0,1,3,,2,082,"SR-118 W/B (RONALD REAGAN FREEWAY)","YOSEMITE AVENUE",505.00,E,N,A,-,Y,VEN,,118,,R,29.642,H,,L,Y,1,1,0,1,A,-,08,22107,,N,E,8,A,A,H,-,A,D,0,,,,,Y,,A,01,0,0,0,0,0,0,0,0,0,"- ","- ",34.281879425048828,-118.67717742919922,VENTURA,"SIMI VALLEY",-118.67717742919922,34.281734466552734
91942689,2022,2022-12-15,9770,2022-11-08,0551,018332,,2,3,6,5609,0,1,3,,2,084,"SR-23 N/B (MOORPARK FREEWAY)","TIERRA REJADA RD.",2640.00,S,N,B,C,Y,VEN,,23,,R,9.687,H,,R,Y,2,0,2,3,C,-,18,,,N,D,C,E,B,H,-,B,D,0,Y,,,,Y,,-,"- ",1,1,0,0,1,0,0,0,0,"- ","- ",34.261199951171875,-118.84558868408203,VENTURA,"SIMI VALLEY",-118.84555816650391,34.26123046875
91943338,2022,2022-12-15,9770,2022-12-08,0745,017627,,4,1,6,5609,0,1,3,,2,083,"SR-118 E/B FROM KUEHNER DRIVE","KUEHNER DRIVE",825.00,E,N,A,-,Y,VEN,,118,,R,30.716,H,,R,Y,2,0,1,2,A,-,03,22350,,N,C,C,A,A,H,-,A,A,0,,,,,Y,,A,01,1,0,0,0,0,0,0,0,0,"- ","- ",34.277530670166016,-118.65950775146484,VENTURA,"SIMI VALLEY",-118.65934753417969,34.277679443359375
91951714,2022,2022-12-23,9765,2022-12-11,1355,022992,,7,1,9,5600,0,1,2,,1,101,"US-101 SB (VENTURA FREEWAY)","PADRE JUAN CANYON ROAD",2640.00,N,N,A,-,Y,VEN,,101,,R,36.945,H,,L,Y,2,0,2,2,A,-,08,22107,,N,F,I,A,A,D,-,A,D,0,,,,,Y,,A,07,1,1,0,0,0,0,0,0,0,"- ","- ",34.322719573974609,-119.39102935791016,VENTURA,UNINCORPORATED,-119.39122009277344,34.322544097900391
91957647,2022,2023-01-02,9765,2022-12-18,0520,023043,,7,3,9,5600,0,3,5,,2,006,"PLEASANT VALLEY RD","DODGE RD",158.00,E,N,A,-,N,,,,,,,,,,Y,2,0,2,2,A,-,01,23152,A,N,A,C,A,A,H,-,D,D,0,,,,,Y,Y,A,01,2,0,0,0,0,0,0,0,0,"- ","- ",34.171710968017578,-119.13108825683594,VENTURA,UNINCORPORATED,-119.13587188720703,34.169445037841797
91959490,2022,2023-01-04,9765,2022-12-26,1728,021852,,1,2,9,5600,0,1,3,,2,040,"SR-126 W/B","WELLS RD",2112.00,E,N,A,-,Y,VEN,,126,,R,5.462,H,,L,N,2,0,1,1,A,-,08,22107,,N,F,I,A,A,H,-,B,D,0,,,Y,,Y,,C,02,1,0,0,0,0,0,0,0,1,"- ","- ",34.293361663818359,-119.15033721923828,VENTURA,UNINCORPORATED,-119.15029907226562,34.293312072753906
9197665,2020,2021-01-13,5604,2020-11-21,2110,5610,,6,5,6,5604,0,0,0,,0,032,"E CHANNEL ISLANDS BL","CONCORD DR",10.00,N,N,A,-,N,,,,,,,,,,Y,2,0,1,2,A,-,09,21801,A,F,D,C,A,A,H,-,C,D,0,,,Y,,Y,,A,01,1,0,0,0,0,0,0,0,1,"- ","- ",,,VENTURA,OXNARD,-119.16493225097656,34.173431396484375
91985905,2023,2023-02-03,9765,2023-01-26,"15  ",021682,,4,3,9,5600,0,3,5,,2,005,"NAUMANN RD","S/B SR-1 OFF-RAMP TO NAUMANN RD",16.00,N,N,A,-,Y,,,,,,,,,,Y,2,0,1,1,A,-,03,22350,,N,E,I,A,A,H,-,D,D,0,,,,,Y,,A,01,1,0,0,0,0,0,0,0,0,"- ","- ",34.153339385986328,-119.1226806640625,VENTURA,UNINCORPORATED,,
91995144,2023,2023-02-15,9765,2023-02-08,1340,022318,,3,1,9,5600,0,1,2,,1,102,"US-101 N/B (VENTURA FREEWAY)","SOLIMAR U/C",1823.00,S,N,A,-,Y,VEN,,101," ",R,32.334,H,,R,N,2,0,1,1,A,-,03,22350,,N,E,I,A,A,H,-,A,D,0,,Y,,,Y,,L,04,1,0,0,0,0,0,1,0,0,"- ","- ",34.287830352783203,-119.32820892333984,VENTURA,UNINCORPORATED,-119.32826232910156,34.287734985351562
92010966,2023,2023-03-06,9765,2023-01-24,1600,022318,,2,2,9,5600,0,1,3,,2,041,"SR-126 W/B (SANTA PAULA FREEWAY)","EDWARDS RANCH ROAD O/C",3700.00,W,N,A,-,Y,VEN,,126," ",R,6.217,H,,L,Y,2,0,3,2,A,-,08,22107,,N,D,C,A,A,H,-,A,D,0,,,,,Y,,D,22,3,0,0,0,0,0,0,0,0,"- ","- ",34.299758911132812,-119.13955688476562,VENTURA,UNINCORPORATED,-119.13953399658203,34.299728393554688
92023927,2023,2023-03-21,9765,2023-03-13,1030,020691,,1,1,9,5600,0,3,5,,2,006,"LAS POSAS ROAD","PLEASANT VALLEY ROAD",0.00,,Y,B,-,N,,,,,,,,,,Y,2,0,2,2,A,-,09,21801,A,N,A,C,A,A,H,-,A,A,0,,,,,Y,,A,01,1,0,1,0,0,0,0,0,0,"- ","- ",34.205619812011719,-119.06965637207031,VENTURA,UNINCORPORATED,-119.06967926025391,34.205589294433594
92031933,2023,2023-03-29,9765,2023-03-22,"600 ",020691,,3,1,9,5600,0,3,5,,2,002,"CASITAS VISTA ROAD",SR-33,900.00,W,N,B,C,N,,,,,,,,,,Y,2,0,1,1,A,-,03,22350,,N,F,8,A,D,H,-,D,D,0,,,,,Y,,A,01,1,0,0,0,0,0,0,0,0,"- ","- ",34.352180480957031,-119.30928802490234,VENTURA,UNINCORPORATED,-119.30903625488281,34.352203369140625
92052524,2023,2023-04-25,9765,2023-04-16,"327 ",022992,,7,3,9,5600,0,1,2,,1,101,"US-101 S/B (VENTURA FREEWAY)","PADRE JUAN CANYON",225.00,N,N,A,-,Y,VEN,,101," ",R,36.805,H,,L,Y,2,0,1,1,A,-,01,23152,A,N,F,A,A,A,D,-,D,D,0,,,,,Y,Y,A,01,1,0,0,0,0,0,0,0,0,"- ","- ",34.321750640869141,-119.38903045654297,VENTURA,UNINCORPORATED,-119.38914489746094,34.321517944335938
92070224,2023,2023-05-16,9765,2023-05-09,1727,021999,,2,2,9,5600,0,1,3,,1,055,"SR-118 (LOS ANGELES AVENUE)","LA VISTA AVENUE",1300.00,E,N,B,-,Y,VEN,,118," "," ",5.483,H,,R,Y,2,0,2,2,A,-,06,21751,,N,A,2,A,A,H,-,A,D,0,,,,Y,Y,,A,01,1,1,0,0,0,0,0,0,0,"- ","- ",34.263641357421875,-119.08936309814453,VENTURA,UNINCORPORATED,-119.08936309814453,34.263668060302734
92086973,2023,2023-06-06,9770,2023-02-27,1010,017973,,1,1,9,5600,0,1,3,,1,045,"SR-126 W/B (EAST TELEGRAPH ROAD)","CAVIN ROAD",655.00,W,N,B,C,Y,VEN,,126," ",R,24.989,H,,L,Y,1,1,2,2,A,-,08,22107,,N,A,C,A,B,H,-,A,D,0,,,,,Y,,A,01,2,0,0,0,0,0,0,0,0,"- ","- ",34.397171020507812,-118.85198974609375,VENTURA,UNINCORPORATED,-118.85198974609375,34.397182464599609
92098737,2023,2023-06-21,9765,2023-06-09,"543 ",018332,,5,3,5,5601,0,1,2,,2,503,"US-101 (SCREAMING EAGLES MEMORIAL HIGHWAY)","CAMARILLO SPRINGS RD.",528.00,N,N,A,-,Y,VEN,,101," "," ",11.135,H,,R,Y,2,0,1,3,A,-,08,22107,,N,F,A,A,A,H,-,A,D,0,,,Y,,Y,,-,"- ",1,0,0,0,0,0,0,0,1,"- ","- ",34.205860137939453,-118.99008941650391,VENTURA,CAMARILLO,-118.98997497558594,34.206027984619141
92100672,2023,2023-06-23,9765,2023-06-13,2045,022472,,2,2,9,5600,0,3,5,,2,005,"SANTA CLARA AVENUE S/B","FRIEDRICH ROAD",418.00,N,N,A,-,N,,,,,,,,,,Y,2,0,1,1,A,-,08,22107,,N,E,I,A,A,H,-,D,A,0,,,,,Y,,A,07,1,0,0,0,0,0,0,0,0,"- ","- ",34.231258392333984,-119.13345336914062,VENTURA,UNINCORPORATED,-119.13363647460938,34.23126220703125
9211648,2020,2021-02-25,5608,2020-12-18,1734,451,,5,5,6,5608,0,0,0,,0,004,"VICTORIA AV","VALENTINE RD",177.00,N,N,A,-,N,,,,,,,,,,Y,1,1,0,2,A,-,11,21955,,N,G,B,D,A,H,-,C,D,0,Y,,,,Y,,N,60,0,0,0,1,0,0,0,0,0,"- ","- ",,,VENTURA,VENTURA,-119.21150970458984,34.251972198486328
92119016,2023,2023-07-17,9765,2023-07-04,1636,021852,,2,2,6,5608,0,1,3,,2,040,"SR-126 E/B","WELLS RD",2640.00,E,N,A,-,Y,VEN,,126," ",R,5.508,H,,R,N,2,0,1,1,C,-,18,,,N,E,A,A,A,H,-,A,D,0,,,,,Y,,-,"- ",1,0,0,0,0,0,0,0,0,"- ","- ",34.293548583984375,-119.14954376220703,VENTURA,VENTURA,-119.14956665039062,34.293575286865234
92121365,2022,2023-09-14,9765,2022-12-21,2210,022387,,3,3,9,5600,0,1,3,,1,062,"SR-1 (PACIFIC COAST HIGHWAY)","NAVAL BASE VENTURA COUNTY WEAPONS RANGE ENTRANCE",1160.00,S,N,B,-,Y,VEN,,1,,,7.773,H,,R,N,1,1,1,4,A,-,01,23152,G,F,B,1,E,A,H,-,D,D,0,Y,,,,Y,Y,A,07,1,0,0,1,1,0,0,0,0,"- ","- ",34.088798522949219,-119.06340026855469,VENTURA,UNINCORPORATED,-119.06351470947266,34.088729858398438
92135380,2023,2023-08-03,9765,2023-07-24,1357,021999,,1,1,9,5600,0,1,3,,1,042,"SR-126 (W. TELEGRAPH ROAD)","SPAULDING DRIVE",731.00,W,N,A,-,Y,VEN,,126," "," ",17.806,H,,R,Y,2,0,4,3,A,-,01,23152,F,N,A,C,A,A,H,-,A,D,0,,,,,Y,,D,22,2,0,2,0,0,0,0,0,0,"- ","- ",34.382808685302734,-118.96900939941406,VENTURA,UNINCORPORATED,-118.96897888183594,34.382720947265625
92142033,2023,2023-08-11,9765,2023-08-09,1900,020353,,3,2,6,5608,0,1,2,,1,104,"US-101 N/B (VENTURA FREEWAY)","CALIFORNIA STREET",140.00,N,N,B,-,Y,VEN,,101," "," ",30.181,H,,R,Y,2,0,1,1,A,-,08,22107,,N,E,I,A,B,G,-,A,A,0,,,,,Y,,A,01,1,0,0,0,0,0,0,0,0,"- ","- ",34.27764892578125,-119.29369354248047,VENTURA,VENTURA,-119.29369354248047,34.277584075927734
92142946,2023,2023-08-14,9765,2023-08-08,1649,020353,,2,2,6,5608,0,1,2,,2,301,"US-101 S/B (VENTURA FREEWAY)","VICTORIA AVENUE",1445.00,N,N,A,-,Y,VEN,,101," ",R,24.943,H,,L,Y,2,0,1,3,A,-,07,21658,A,N,C,2,A,A,H,-,A,D,0,,,Y,,Y,,D,22,1,0,0,0,0,0,0,0,1,"- ","- ",34.254840850830078,-119.21517944335938,VENTURA,VENTURA,-119.21518707275391,34.254829406738281
9216747,2020,2021-02-11,5608,2020-12-26,1242,532,,6,5,6,5608,0,0,0,,0,001,"BRAKEY RD","SUMMIT DR",0.00,,N,A,-,N,,,,,,,,,,N,2,0,2,2,A,-,00,21956,B,N,G,B,E,A,H,-,A,D,0,Y,,Y,,Y,,N,60,1,1,0,0,1,0,0,0,1,"- ","- ",34.2864990234375,-119.29319763183594,VENTURA,VENTURA,-119.29273223876953,34.286708831787109
9219218,2020,2021-02-19,5604,2020-12-19,1945,5521,,6,5,6,5604,0,0,0,,0,041,"E CHANNEL ISLANDS BL","COTA CIR",0.00,,Y,A,-,N,,,,,,,,,,Y,2,0,1,1,A,-,08,22107,,N,E,I,A,A,H,-,C,D,0,,,,,Y,,A,01,1,0,0,0,0,0,0,0,0,"- ","- ",34.173290252685547,-119.16146850585938,VENTURA,OXNARD,-119.16146087646484,34.173240661621094
92228604,2023,2023-11-06,9770,2023-10-24,1015,017662,,2,1,6,5607,0,1,2,,2,075,"US-101 S/B TO SR-23 N/B","THOUSAND OAKS BOULEVARD U/C",190.00,S,N,A,-,Y,,,,,,,,,,Y,2,0,1,1,A,-,08,22107,,N,E,I,A,A,H,-,A,A,0,,,,,Y,,A,01,1,0,0,0,0,0,0,0,0,"- ","- ",34.178550720214844,-118.86026763916016,VENTURA,"THOUSAND OAKS",-118.86026763916016,34.178550720214844
92232543,2023,2023-11-09,9765,2023-11-05,1235,020691,,7,1,9,5600,0,3,5,,2,006,"YERBA BUENA","MPM 6.50",1056.00,E,N,B,-,N,,,,,,,,,,Y,2,0,1,1,A,-,08,22107,,N,E,8,A,A,H,-,A,D,0,,,Y,,Y,,C,02,1,0,0,0,0,0,0,0,1,"- ","- ",34.113521575927734,-119.92240142822266,VENTURA,UNINCORPORATED,,
92263317,2023,2023-12-15,9765,2023-12-10,1815,021485,,7,2,9,5600,0,3,5,,2,006,"POTRERO ROAD","CAMARILLO ROAD",1300.00,W,N,A,-,N,,,,,,,,,,Y,2,0,1,1,A,-,01,23152,A,N,E,I,A,A,H,-,D,D,0,,,Y,,Y,Y,C,02,1,0,0,0,0,0,0,0,1,"- ","- ",34.159900665283203,-119.05384826660156,VENTURA,UNINCORPORATED,-118.9705810546875,34.204601287841797
92305257,2023,2024-02-05,9765,2023-08-11,2323,022992,,5,3,6,5608,0,1,3,,2,011,"SR-33 N/B FROM US-101 N/B","MAIN ST",151.00,S,N,A,-,Y,VEN,,33," "," ",0.148,H,,R,Y,1,1,0,1,A,-,01,23152,G,N,E,I,A,A,H,-,D,D,0,,,Y,,Y,Y,C,02,0,0,0,0,0,0,0,1,0,"- ","- ",34.281139373779297,-119.30574035644531,VENTURA,VENTURA,-119.30569458007812,34.281135559082031
92317763,2024,2024-02-20,9765,2024-01-27,"50  ",023498,,6,3,6,5608,0,1,2,,2,301,"US-101 S/B (VENTURA FREEWAY)","E. MAIN STREET",448.00,S,N,A,-,Y,VEN,,101," "," ",26.388,H,,L,N,2,0,1,2,A,-,11,21954,A,F,G,B,E,A,H,-,C,D,0,Y,,,,Y,,N,60,1,0,0,0,1,0,0,0,0,"- ","- ",34.264801025390625,-119.23741149902344,VENTURA,VENTURA,-119.23740386962891,34.264823913574219
92326405,2024,2024-02-29,9765,2024-02-20,1500,023498,,2,2,9,5600,0,3,5,,2,004,"SOUTH MOUNTAIN ROAD","WILLARD CANYON ROAD",1478.00,E,N,C,-,N,,,,,,,,,,Y,2,0,1,1,A,-,03,22350,,N,E,I,A,B,D,-,A,D,0,,,,,Y,,D,22,1,0,0,0,0,0,0,0,0,"- ","- ",34.353511810302734,-119.0277099609375,VENTURA,UNINCORPORATED,,
92357283,2023,2024-04-05,9765,2023-12-13,2500,018332,,3,4,9,5600,0,1,3,,1,055,"SR-118 (E. LOS ANGELES AVE.)","BRADLEY ROAD",492.00,W,N,A,-,Y,VEN,,118," "," ",9.910,H,,R,Y,1,1,0,1,A,-,01,23152,F,N,E,I,A,A,H,-,D,D,0,,,Y,,Y,,C,02,0,0,0,0,0,0,0,1,0,"- ","- ",34.263690948486328,-119.01264190673828,VENTURA,UNINCORPORATED,-119.01264190673828,34.263751983642578
92358406,2024,2024-04-08,9765,2024-03-30,2102,021015,,6,2,9,5600,0,1,3,,1,042,"SR-126 (E TELEGRAPH RD)","ORCUTT ROAD",210.00,E,N,C,-,Y,VEN,,126," ",R,13.980,H,,R,Y,2,0,5,4,A,-,08,22107,,N,B,C,A,B,H,-,D,D,0,,,,,Y,,-,"- ",1,2,2,0,0,0,0,0,0,"- ","- ",34.366458892822266,-119.03160095214844,VENTURA,UNINCORPORATED,-119.03159332275391,34.366439819335938
92395006,2023,2024-05-21,9765,2023-11-06,1040,020691,,1,1,9,5600,0,3,5,,2,006,"POTRERO ROAD","OXNARD STREET",4224.00,E,N,A,-,N,,,,,,,,,,Y,1,1,0,2,A,-,01,23152,A,N,B,2,A,A,H,-,A,D,0,,,Y,,Y,Y,C,02,0,0,0,0,0,0,0,1,0,"- ","- ",34.160659790039062,-119.03756713867188,VENTURA,UNINCORPORATED,-119.03468322753906,34.160610198974609
92427152,2024,2024-07-01,9770,2024-04-14,"4   ",023391,,7,3,5,5601,0,1,3,,2,080,"US-101 N/B (VENTURA FREEWAY)","CAMARILLO SPRINGS ROAD",400.00,S,N,B,-,Y,VEN,,101," "," ",10.675,H,,R,N,2,0,1,1,A,-,01,23152,A,N,E,I,A,B,H,-,D,D,0,,,,,Y,Y,A,01,1,0,0,0,0,0,0,0,0,"- ","- ",34.204780578613281,-118.98229217529297,VENTURA,CAMARILLO,-118.98224639892578,34.204841613769531
9250043,2021,2021-04-28,5608,2021-03-20,1828,483,VENTU,6,5,6,5608,0,0,0,,0,003,"TELEPHONE RD","JOHNSON DR",19.00,W,N,A,-,N,,,,,,,,,,Y,2,0,4,2,A,-,12,21453,A,N,D,C,A,A,H,-,A,D,0,,,,,Y,,-,,1,3,0,0,0,0,0,0,0,"- ","- ",,,VENTURA,VENTURA,-119.20085144042969,34.267120361328125
9250124,2021,2021-05-05,5608,2021-04-01,2019,535,,4,5,6,5608,0,0,0,,0,004,"VICTORIA AV","MOON DR",0.00,,Y,A,-,N,,,,,,,,,,Y,2,0,3,2,A,-,12,21453,A,N,D,C,A,A,H,-,C,A,0,,,,,Y,,A,01,2,0,1,0,0,0,0,0,0,"- ","- ",,,VENTURA,VENTURA,-119.21051025390625,34.255790710449219
9257124,2021,2021-05-21,5600,2021-04-05,1340,4221,9024,1,5,6,5607,0,0,0,,0,9B01,"ERBES RD","AVENIDA DE LOS ARBOLES",75.00,S,N,A,-,N,,,,,,,,,,N,2,0,1,1,A,-,"- ",,,N,H,I,A,A,H,-,A,D,0,,Y,,,Y,,L,04,1,0,0,0,0,0,1,0,0,"- ","- ",34.208370208740234,-118.84351348876953,VENTURA,"THOUSAND OAKS",-118.84006500244141,34.211605072021484