CASE_ID,ACCIDENT_YEAR,PROC_DATE,JURIS,COLLISION_DATE,COLLISION_TIME,OFFICER_ID,REPORTING_DISTRICT,DAY_OF_WEEK,CHP_SHIFT,POPULATION,CNTY_CITY_LOC,SPECIAL_COND,BEAT_TYPE,CHP_BEAT_TYPE,CITY_DIVISION_LAPD,CHP_BEAT_CLASS,BEAT_NUMBER,PRIMARY_RD,SECONDARY_RD,DISTANCE,DIRECTION,INTERSECTION,WEATHER_1,WEATHER_2,STATE_HWY_IND,CALTRANS_COUNTY,CALTRANS_DISTRICT,STATE_ROUTE,ROUTE_SUFFIX,POSTMILE_PREFIX,POSTMILE,LOCATION_TYPE,RAMP_INTERSECTION,SIDE_OF_HWY,TOW_AWAY,COLLISION_SEVERITY,NUMBER_KILLED,NUMBER_INJURED,PARTY_COUNT,PRIMARY_COLL_FACTOR,PCF_CODE_OF_VIOL,PCF_VIOL_CATEGORY,PCF_VIOLATION,PCF_VIOL_SUBSECTION,HIT_AND_RUN,TYPE_OF_COLLISION,MVIW,PED_ACTION,ROAD_SURFACE,ROAD_COND_1,ROAD_COND_2,LIGHTING,CONTROL_DEVICE,CHP_ROAD_TYPE,PEDESTRIAN_ACCIDENT,BICYCLE_ACCIDENT,MOTORCYCLE_ACCIDENT,TRUCK_ACCIDENT,NOT_PRIVATE_PROPERTY,ALCOHOL_INVOLVED,STWD_VEHTYPE_AT_FAULT,CHP_VEHTYPE_AT_FAULT,COUNT_SEVERE_INJ,COUNT_VISIBLE_INJ,COUNT_COMPLAINT_PAIN,COUNT_PED_KILLED,COUNT_PED_INJURED,COUNT_BICYCLIST_KILLED,COUNT_BICYCLIST_INJURED,COUNT_MC_KILLED,COUNT_MC_INJURED,PRIMARY_RAMP,SECONDARY_RAMP,LATITUDE,LONGITUDE,COUNTY,CITY,POINT_X,POINT_Y
9260392,2021,2021-06-22,5608,2021-05-08,2212,540,,6,5,6,5608,0,0,0,,0,003,"S WELLS RD","TELEGRAPH RD",0.00,,Y,A,-,N,,,,,,,,,,Y,2,0,1,1,A,-,03,22350,,N,F,I,A,A,H,-,C,A,0,,,,,Y,,-,,1,0,0,0,0,0,0,0,0,"- ","- ",34.174098968505859,-119.94100189208984,VENTURA,VENTURA,-119.16130828857422,34.295013427734375
9261145,2021,2021-05-14,5600,2021-02-03,1740,4456,5101,3,5,4,5690,0,0,0,,0,2B01,"E LOS ANGELES AV","RT 23",160.00,E,N,A,-,Y,VEN,7,23,-,T,11.580,H,-,S,Y,2,0,1,2,A,-,01,23152,A,N,C,C,A,A,H,-,B,D,0,,,,,Y,Y,A,01,1,0,0,0,0,0,0,0,0,"- ",SO,,,VENTURA,MOORPARK,-118.86383819580078,34.281864166259766
9263107,2021,2021-05-18,5600,2021-04-25,1128,5292,1000,7,5,2,5603,0,0,0,,0,1A01,"RT 33","VALLERIO AV",112.00,S,N,B,-,Y,VEN,7,33,-,-,11.400,H,-,N,Y,2,0,1,1,A,-,08,22107,,N,E,I,A,A,H,-,A,A,0,,,Y,,Y,,C,02,1,0,0,0,0,0,0,0,1,"- ","- ",34.263198852539062,-119.15499877929688,VENTURA,OJAI,-119.26375579833984,34.442150115966797
9270794,2021,2021-06-15,5604,2021-05-16,1348,5508,,7,5,6,5604,0,0,0,,0,014,"N VENTURE RD","STONE CREEK DR",300.00,N,N,A,-,N,,,,,,,,,,Y,2,0,1,1,A,-,03,22350,,N,A,I,A,A,H,-,A,D,0,,,,,Y,,A,01,1,0,0,0,0,0,0,0,0,"- ","- ",34.232288360595703,-119.19441223144531,VENTURA,OXNARD,-119.19452667236328,34.233184814453125
9271377,2020,2021-06-08,5606,2020-10-17,0659,1133,5606,6,5,4,5606,0,0,0,,0,002,"RT 150","E HARVARD BL",0.00,,Y,A,-,Y,VEN,7,150,-,-,34.361,I,5,W,Y,2,0,1,2,A,-,09,21801,A,N,A,C,A,A,H,-,A,A,0,,,,,Y,,D,22,1,0,0,0,0,0,0,0,0,"- ","- ",,,VENTURA,"SANTA PAULA",-119.05844116210938,34.350532531738281
9271498,2021,2021-06-17,5600,2021-05-17,1523,2913,9128,1,5,6,5607,0,0,0,,0,9H01,"VENTU PARK RD","RT 101",0.00,,Y,A,-,Y,VEN,7,101,-,-,5.989,R,4,N,Y,2,0,3,2,A,-,12,21453,A,N,D,C,A,A,H,-,A,A,0,,,,,Y,,-,"- ",1,2,0,0,0,0,0,0,0,"- ",NF,34.185451507568359,-118.91111755371094,VENTURA,"THOUSAND OAKS",-118.90773010253906,34.18450927734375
9279400,2021,2021-06-10,5608,2021-05-30,1757,275,,7,5,6,5608,0,0,0,,0,004,"VALENTINE RD","KNOLL DR",412.00,W,N,A,-,N,,,,,,,,,,Y,2,0,1,1,A,-,03,22350,,N,B,I,A,A,H,-,A,D,0,,,,,Y,,-,,1,0,0,0,0,0,0,0,0,"- ","- ",,,VENTURA,VENTURA,-119.22089385986328,34.257308959960938
9281872,2021,2021-07-28,5608,2021-06-06,0810,540,,7,5,6,5608,0,0,0,,0,004,"TELEPHONE RD","WESTINGHOUSE ST",0.00,,Y,B,-,N,,,,,,,,,,Y,2,0,1,1,A,-,05,21651,A,N,E,I,A,A,H,-,A,D,0,,,,,Y,,-,,1,0,0,0,0,0,0,0,0,"- ","- ",,,VENTURA,VENTURA,-119.23515319824219,34.258823394775391
9297767,2021,2021-10-14,5600,2021-07-19,1445,5150,9150,1,5,6,5607,0,0,0,,0,9G01,"WILLOW LN","FAIRVIEW RD",107.00,E,N,A,-,N,,,,,,,,,,N,2,0,1,1,D,-,00,,,N,H,A,A,A,H,-,A,D,0,,,Y,,Y,,-,"- ",1,0,0,0,0,0,0,0,1,"- ","- ",34.095531463623047,-118.50184631347656,VENTURA,"THOUSAND OAKS",-118.83937835693359,34.165878295898438
9321191,2021,2023-03-15,5608,2021-10-29,2155,,,5,5,6,5608,0,0,0,,0,,"RT 118","RT 126",0.00,,Y,B,-,Y,VEN,7,118,-,-,0.587,I,5,E,Y,1,2,0,2,A,-,01,23152,A,N,D,C,A,A,H,-,C,A,0,,,,Y,Y,Y,A,07,0,0,0,0,0,0,0,0,0,"- ","- ",34.288841247558594,-119.15569305419922,VENTURA,VENTURA,-119.15560150146484,34.288825988769531
9338530,2021,2021-10-13,5600,2021-09-10,1230,5133,9146,5,5,6,5607,0,0,0,,0,9D01,"KANAN RD","FALLING STAR AV",0.00,,Y,A,-,,,,,,,,,,,Y,2,0,2,3,A,-,09,21802,A,N,D,C,A,A,H,-,A,A,0,,,,,Y,,A,01,1,1,0,0,0,0,0,0,0,"- ","- ",34.185920715332031,-118.78807067871094,VENTURA,"THOUSAND OAKS",-118.78807067871094,34.185878753662109
9353736,2021,2021-12-07,5604,2021-10-02,1600,5563,,6,5,6,5604,0,0,0,,0,014,"VINEYARD AV","OXARD BL",400.00,E,N,A,-,N,,,,,,,,,,N,2,0,1,1,A,-,04,21703,,N,F,A,A,A,H,-,A,D,0,,,Y,,Y,,C,02,1,0,0,0,0,0,0,0,1,"- ","- ",34.227531433105469,-119.17716217041016,VENTURA,OXNARD,-119.17670440673828,34.227348327636719
9354356,2021,2021-12-13,5608,2021-10-24,1841,523,,7,5,6,5608,0,0,0,,0,002,"THOMPSON BL","HARTMAN DR",61.00,E,N,A,-,N,,,,,,,,,,N,2,0,1,2,A,-,11,21954,A,N,A,B,D,A,H,-,C,A,0,Y,,,,Y,,N,60,1,0,0,0,1,0,0,0,0,"- ","- ",,,VENTURA,VENTURA,-119.26108551025391,34.272533416748047
9362582,2021,2023-06-17,5604,2021-08-27,0355,4577,,5,5,6,5604,0,0,0,,0,021,"VENTURA RD","BAY BL",0.00,,Y,A,-,N,,,,,,,,,,Y,1,1,0,2,A,-,12,21453,,F,G,B,B,A,H,-,C,A,0,Y,,,,Y,Y,A,01,0,0,0,1,0,0,0,0,0,"- ","- ",,,VENTURA,OXNARD,-119.19509124755859,34.178230285644531
9369123,2021,2021-12-09,5606,2021-02-17,0737,1131,5606,3,5,4,5606,0,0,0,,0,001,"HARVARD W BL","PECK PL",143.00,E,N,A,-,N,,,,,,,,,,Y,2,0,1,1,A,-,03,22350,,N,F,A,A,A,A,B,A,A,0,,,Y,,Y,,O,05,1,0,0,0,0,0,0,0,1,"- ","- ",,,VENTURA,"SANTA PAULA",-119.08465576171875,34.340518951416016
9370678,2021,2021-12-28,5604,2021-11-12,1749,5459,,5,5,6,5604,0,0,0,,0,042,"E PLEASANT VALLEY RD","CLOYNE ST",0.00,,Y,A,-,N,,,,,,,,,,Y,2,0,3,5,A,-,01,23153,A,N,G,B,B,A,H,-,D,A,0,Y,,,,Y,Y,A,01,2,0,1,0,2,0,0,0,0,"- ","- ",34.154670715332031,-119.17298126220703,VENTURA,OXNARD,-119.17300415039062,34.154720306396484
9372754,2021,2021-12-21,5604,2021-11-14,0340,5630,,7,5,6,5604,0,0,0,,0,042,"WEST HUENEME RD","SAVIERS RD",700.00,W,N,A,-,N,,,,,,,,,,Y,2,0,1,2,A,-,11,21955,,N,G,B,D,A,H,-,C,D,0,Y,,,,Y,,N,60,1,0,0,0,1,0,0,0,0,"- ","- ",34.147430419921875,-119.17783355712891,VENTURA,OXNARD,-119.18022918701172,34.147518157958984
9376757,2021,2022-01-07,5608,2021-12-14,1341,503,,2,5,6,5608,0,0,0,,0,003,"FOOTHILL RD","HAMILTON AV",308.00,E,N,C,-,N,,,,,,,,,,Y,2,0,1,1,A,-,03,22350,,N,F,A,A,B,H,-,A,D,0,,,,,Y,,-,,1,0,0,0,0,0,0,0,0,"- ","- ",,,VENTURA,VENTURA,-119.23954772949219,34.282413482666016
93768342,2024,2024-10-11,9770,2024-04-14,"5   ",023217,,7,3,5,5601,0,1,2,,2,070,"US-101 N/B (VENTURA FREEWAY)","CAMARILLO SPRINGS ROAD",1000.00,S,N,B,-,Y,VEN,,101," "," ",10.561,H,,R,Y,2,0,10,11,A,-,01,23153,A,M,A,C,A,B,H,-,D,D,0,,,,,Y,Y,A,01,3,7,0,0,0,0,0,0,0,"- ","- ",34.203689575195312,-118.98084259033203,VENTURA,CAMARILLO,-118.98078918457031,34.203723907470703
9377851,2021,2022-01-13,5604,2021-12-12,1139,5532,,7,5,6,5604,0,0,0,,0,012,"LOCKWOOD ST","N ROSE AV",0.00,,Y,A,-,N,,,,,,,,,,Y,2,0,4,3,A,-,12,21453,A,N,D,C,A,A,H,-,A,A,0,,,,,Y,,A,01,1,1,2,0,0,0,0,0,0,"- ","- ",34.222118377685547,-119.15824127197266,VENTURA,OXNARD,-119.15828704833984,34.222114562988281
9377862,2021,2022-01-13,5604,2021-12-04,1609,5538,,6,5,6,5604,0,0,0,,0,041,"W CHANNEL ISLANDS BL","SAVIERS RD",100.00,W,N,A,-,N,,,,,,,,,,N,2,0,1,2,A,-,05,21650,1,N,G,G,A,A,H,-,A,D,0,,Y,,,Y,,L,04,1,0,0,0,0,0,1,0,0,"- ","- ",34.173049926757812,-119.1785888671875,VENTURA,OXNARD,-119.17799377441406,34.173446655273438
9381543,2022,2022-02-14,5608,2022-01-20,1542,503,,4,5,6,5608,0,0,0,,0,001,"SHORELINE DR","FIGUEROA ST",1320.00,W,N,A,-,N,,,,,,,,,,Y,2,0,1,2,A,-,08,22107,,N,D,C,A,A,H,-,A,D,0,,,Y,,Y,,A,07,1,0,0,0,0,0,0,0,1,"- ","- ",,,VENTURA,VENTURA,,
9382199,2021,2021-12-29,5605,2021-11-15,1200,129,PATRO,1,5,3,5605,0,0,0,,0,001,"CHANNEL ISLANDS BL","PATTERSON RD  S",400.00,W,N,A,-,N,,,,,,,,,,,2,0,1,3,A,-,03,22350,,N,C,C,A,A,H,-,A,A,0,,,Y,,Y,Y,C,02,1,0,0,0,0,0,0,0,1,"- ","- ",34.175849914550781,-119.20835876464844,VENTURA,"PORT HUENEME",-119.20973968505859,34.175743103027344
9392042,2021,2022-01-24,5608,2021-12-21,1701,406,,2,5,6,5608,0,0,0,,0,004,"RALSTON ST","GAVIOTA LN",243.00,E,N,A,-,N,,,,,,,,,,Y,2,0,2,2,A,-,08,22107,,N,D,C,A,A,H,-,C,D,0,,,,,Y,,-,,1,0,1,0,0,0,0,0,0,"- ","- ",,,VENTURA,VENTURA,-119.21315002441406,34.260826110839844
9406362,2022,2022-02-24,5608,2022-02-09,2142,521,,3,5,6,5608,0,0,0,,0,001,"EAST THOMPSON BL","META ST",28.00,S,N,A,-,N,,,,,,,,,,Y,2,0,1,1,A,-,01,23152,A,N,E,I,A,A,H,-,C,D,0,,,,,Y,Y,A,01,1,0,0,0,0,0,0,0,0,"- ","- ",,,VENTURA,VENTURA,-119.28582000732422,34.278263092041016
9407211,2021,2022-03-08,5604,2021-11-23,1800,5655,,2,5,6,5604,0,0,0,,0,042,"PLEASANT VALLEY RD","PERKINS RD",50.00,E,N,A,-,N,,,,,,,,,,N,2,0,1,2,D,-,00,,,F,G,B,D,-,H,-,D,D,0,Y,,,,Y,,-,"- ",1,0,0,0,1,0,0,0,0,"- ","- ",34.154739379882812,-119.18382263183594,VENTURA,OXNARD,-119.18369293212891,34.154735565185547
9407679,2022,2022-03-08,5604,2022-02-13,0100,5641,,7,5,6,5604,0,0,0,,0,014,"N OXNARD BL","VINEYARD AV",600.00,N,N,A,-,N,,,,,,,,,,N,2,0,1,2,A,-,11,21954,A,N,G,B,D,A,H,-,C,D,0,Y,,,,Y,Y,N,60,1,0,0,0,1,0,0,0,0,"- ","- ",34.228469848632812,-119.17761993408203,VENTURA,OXNARD,-119.17802429199219,34.228107452392578
94080816,2024,2024-12-17,9765,2024-03-17,1215,021349,,7,1,9,5600,0,3,5,,2,002,"STATE ROUTE 33","MPM 33 VEN 32.89",191.00,S,N,A,-,Y,VEN,,33," "," ",32.817,H,,R,Y,1,1,3,2,A,-,08,22107,,N,D,C,A,A,H,-,A,D,0,,,Y,,Y,,A,08,0,3,0,0,0,0,0,1,0,"- ","- ",34.586540222167969,-119.27738952636719,VENTURA,UNINCORPORATED,-119.27739715576172,34.586566925048828
94370919,2024,2024-08-27,9765,2024-08-17,1134,023739,,6,1,9,5600,0,1,3,,1,062,"SR-1 (PACIFIC COAST HIGHWAY)","YERBA BUENA ROAD",273.00,S,N,A,-,Y,VEN,,1," "," ",1.101,H,,R,N,2,0,2,2,A,-,03,22350,,N,C,2,A,A,H,-,A,D,0,,,Y,,Y,,C,02,2,0,0,0,0,0,0,0,2,"- ","- ",34.052890777587891,-118.96222686767578,VENTURA,UNINCORPORATED,-118.96223449707031,34.052875518798828
94390632,2024,2024-09-11,9765,2024-09-09,"729 ",020832,,1,1,9,5600,0,3,5,,2,006,"HUENEME ROAD","NAVAL AIR ROAD",1045.00,W,N,A,-,N,,,,,,,,,,Y,2,0,1,2,A,-,08,22107,,N,D,G,A,A,H,-,A,D,0,,Y,,,Y,,L,04,1,0,0,0,0,0,1,0,0,"- ","- ",34.146980285644531,-119.11641693115234,VENTURA,UNINCORPORATED,-119.1160888671875,34.146984100341797
94412516,2024,2024-09-30,9765,2024-09-20,1835,023911,,5,2,6,5604,0,1,2,,2,501,"US-101 S/B (VENTURA FREEWAY)","VINEYARD AVENUE",1584.00,S,N,B,-,Y,VEN,,101," "," ",21.696,H,,L,Y,2,0,2,3,A,-,03,22350,,N,C,C,A,A,H,-,A,D,0,,,,Y,Y,,G,27,1,0,1,0,0,0,0,0,0,"- ","- ",34.228408813476562,-119.16988372802734,VENTURA,OXNARD,-119.16985321044922,34.228439331054688
94413548,2024,2024-09-30,9770,2024-05-02,1515,019276,,4,2,9,5600,0,1,3,,1,051,"SR-118 E/B (LOS ANGELES AVENUE)","SAND CANYON ROAD",1800.00,E,N,A,-,Y,VEN,,118," "," ",12.308,H,,R,Y,1,1,3,4,A,-,03,22350,,N,C,C,A,A,H,-,A,D,0,,,,,Y,,D,22,0,2,1,0,0,0,0,0,0,"- ","- ",34.2664794921875,-118.97084045410156,VENTURA,UNINCORPORATED,-118.97084045410156,34.2664794921875
94435592,2024,2024-10-17,9765,2024-10-02,2050,020353,,3,2,6,5608,0,1,2,,2,301,"US-101 S/B (VENTURA FREEWAY)","ARUNDELL AVENUE",1130.00,N,N,A,-,Y,VEN,,101," "," ",27.475,H,,L,Y,2,0,1,1,A,-,03,22350,,N,E,I,A,A,H,-,D,D,0,,,Y,,Y,,C,02,1,0,0,0,0,0,0,0,1,"- ","- ",34.258899688720703,-119.25399017333984,VENTURA,VENTURA,-119.25397491455078,34.258983612060547
94440123,2024,2024-10-22,9765,2024-10-16,"830 ",017253,,3,1,9,5600,0,1,3,,1,021,"SR-33 (MARICOPA HWY)","UPPER HARTMAN RANCH ROAD",255.00,N,N,A,-,Y,VEN,,33," "," ",38.906,H,,R,N,2,0,1,1,C,-,18,,,N,E,7,A,A,H,-,A,D,0,,,Y,,Y,,-,"- ",1,0,0,0,0,0,0,0,1,"- ","- ",34.609668731689453,-119.36681365966797,VENTURA,UNINCORPORATED,-119.36672973632812,34.609722137451172
94443623,2024,2024-10-24,9770,2024-06-23,2245,023517,,7,3,9,5600,0,1,3,,1,052,"SR-118 W/B (LOS ANGELES AVENUE)","MONTAIR DR",835.00,W,N,A,-,Y,VEN,,118," "," ",15.406,H,,L,N,1,1,0,2,A,-,08,22107,,F,G,B,E,A,H,-,D,D,0,Y,,,,Y,,-,99,0,0,0,1,0,0,0,0,0,"- ","- ",34.278938293457031,-118.91961669921875,VENTURA,UNINCORPORATED,-118.91961669921875,34.278900146484375
9445858,2022,2022-06-20,5608,2022-03-07,1839,437,,1,5,6,5608,0,0,0,,0,001,"NORTH VENTURA AV","E WARNER ST",148.00,N,N,A,-,N,,,,,,,,,,Y,2,0,1,2,A,-,03,22350,,N,D,C,A,A,H,-,C,D,0,,,Y,,Y,,C,02,1,0,0,0,0,0,0,0,1,"- ","- ",,,VENTURA,VENTURA,-119.29734802246094,34.292873382568359
94472902,2024,2024-11-18,9765,2024-11-08,1334,023509,,5,1,9,5600,0,1,3,,1,023,"SR-150 (E OJAI AVE)","CARNE RD",16.00,E,N,A,-,Y,VEN,,150," "," ",19.824,H,,R,N,2,0,2,1,C,-,18,,,N,E,7,A,A,H,-,A,D,0,,,Y,,Y,,-,"- ",2,0,0,0,0,0,0,0,2,"- ","- ",34.446159362792969,-119.206298828125,VENTURA,UNINCORPORATED,-119.206298828125,34.446174621582031
94483767,2024,2024-11-26,9765,2024-11-16,1710,023267,,6,2,9,5600,0,1,3,,1,023,"SR-150 (OJAI ROAD)","HAPPY VALLEY SCHOOL ROAD",1584.00,E,N,A,-,Y,VEN,,150," "," ",22.827,H,,R,N,2,0,1,1,A,-,03,22350,,N,E,I,A,A,H,-,D,D,0,,,Y,,Y,,C,02,1,0,0,0,0,0,0,0,1,"- ","- ",34.435329437255859,-119.18206024169922,VENTURA,UNINCORPORATED,-119.18202209472656,34.435379028320312
94490254,2024,2024-12-03,9770,2024-11-17,1625,023812,,7,2,9,5600,0,2,4,,1,087,"SANTA SUSANA PASS ROAD","CLEAR SPRINGS ROAD",400.00,E,N,A,-,N,,,,,,,,,,Y,2,0,1,2,A,-,03,22350,,N,F,A,A,A,G,-,A,D,0,,,Y,,Y,Y,C,02,1,0,0,0,0,0,0,0,1,"- ","- ",34.259750366210938,-118.65621948242188,VENTURA,UNINCORPORATED,-118.65613555908203,34.259799957275391
94490538,2024,2024-12-03,9765,2024-03-08,2112,022318,,5,2,6,5604,0,1,2,,2,502,"US-101 N/B (VENTURA FREEWAY)","VINEYARD AVENUE",1500.00,S,N,A,-,Y,VEN,,101," "," ",21.720,H,,R,Y,1,1,0,5,A,-,11,21954,A,N,G,B,E,A,H,-,C,D,0,Y,,,,Y,,N,60,0,0,0,1,0,0,0,0,0,"- ","- ",34.228950500488281,-119.17001342773438,VENTURA,OXNARD,-119.17002868652344,34.228927612304688
94493809,2024,2024-12-05,9770,2024-11-29,"230 ",023849,,5,3,6,5609,0,1,3,,2,082,"SR-118 W/B (RONALD REAGAN FREEWAY)","SYCAMORE DRIVE",1800.00,E,N,A,-,Y,VEN,,118," ",R,26.180,H,,L,Y,2,0,2,2,A,-,01,23152,A,N,C,2,A,A,H,-,D,D,0,,,,Y,Y,Y,A,01,1,1,0,0,0,0,0,0,0,"- ","- ",34.282428741455078,-118.73766326904297,VENTURA,"SIMI VALLEY",-118.73766326904297,34.282421112060547
94508277,2024,2024-12-18,9765,2024-07-17,2005,021015,,3,2,6,5608,0,1,2,,1,104,"US-101 N/B (VENTURA FREEWAY)","FIGUEROA STREET",58.00,N,N,B,-,Y,VEN,,101," "," ",30.432,H,,R,Y,1,1,0,1,A,-,05,21651,B,N,E,I,A,A,H,-,A,D,0,,,,,Y,,A,01,0,0,0,0,0,0,0,0,0,"- ","- ",34.277511596679688,-119.29798126220703,VENTURA,VENTURA,-119.29798126220703,34.277576446533203
94523994,2024,2025-01-02,9765,2024-12-24,"722 ",021349,,2,1,6,5608,0,1,3,,2,041,"SR-126 W/B (VENTURA FREEWAY)","KIMBALL RD",950.00,W,N,B,C,Y,VEN,,126," "," ",2.587,H,,L,Y,2,0,1,1,A,-,08,22107,,N,E,8,A,B,H,-,A,D,0,,,,,Y,,D,22,1,0,0,0,0,0,0,0,0,"- ","- ",34.274269104003906,-119.19413757324219,VENTURA,VENTURA,-119.19415283203125,34.274333953857422
94535876,2025,2025-01-13,9765,2025-01-06,1550,020353,,1,2,9,5600,0,1,3,,2,041,"SR-126 W/B (SANTA PAULA FWY)","WELLS ROAD",4956.00,E,N,A,-,Y,VEN,,126," ",R,5.991,H,,L,Y,2,0,1,2,A,-,03,22350,,N,C,C,A,A,H,-,A,D,0,,,Y,,Y,,C,02,1,0,0,0,0,0,0,0,1,"- ","- ",34.2978515625,-119.14273834228516,VENTURA,UNINCORPORATED,-119.14272308349609,34.297828674316406
94564929,2025,2025-02-04,9770,2025-01-24,"515 ",023577,,5,3,6,5607,0,1,2,,2,073,"US-101 S/B TO RANCHO ROAD","RANCHO ROAD",1000.00,N,N,A,-,Y,VEN,,101," "," ",3.322,H,,L,Y,2,0,1,1,A,-,08,22107,,N,E,8,A,A,H,-,C,D,0,,,,,Y,,A,01,1,0,0,0,0,0,0,0,0,"- ","- ",34.176239013671875,-118.86363220214844,VENTURA,"THOUSAND OAKS",-118.86362457275391,34.176311492919922
94593194,2025,2025-02-28,9765,2025-02-22,1744,023498,,6,2,9,5600,0,1,3,,1,012,SR-1,"FARIA BEACH PARK",211.00,N,N,A,-,Y,VEN,,1," "," ",25.917,H,,R,N,2,0,1,3,A,-,08,22107,,N,B,G,A,A,H,-,A,D,0,,Y,,,Y,,M,91,1,0,0,0,0,0,1,0,0,"- ","- ",34.323589324951172,-119.39447021484375,VENTURA,UNINCORPORATED,-119.39443206787109,34.3236083984375
94597780,2024,2025-03-05,9765,2024-11-26,1115,019884,,2,1,4,5606,0,1,3,,2,041,"SR-126 W/B (SANTA PAULA FRWY)","PECK RD.",581.00,N,N,B,C,Y,VEN,,126," ",R,10.259,H,,L,Y,1,1,1,2,A,-,08,22107,,N,D,2,A,B,H,-,A,D,0,,,,,Y,,D,22,0,1,0,0,0,0,0,0,0,"- ","- ",34.336238861083984,-119.08455657958984,VENTURA,"SANTA PAULA",-119.08456420898438,34.336246490478516
94598782,2025,2025-03-12,9765,2025-02-17,1303,019930,,1,1,6,5604,0,3,5,,2,005,"HELSAM AVENUE","ALVARADO STREET",0.00,,Y,A,-,N,,,,,,,,,,N,2,0,1,3,A,-,05,21650,,N,D,G,A,A,H,-,A,D,0,,Y,,,Y,,L,04,1,0,0,0,0,0,1,0,0,"- ","- ",34.236949920654297,-119.1563720703125,VENTURA,OXNARD,-119.15629577636719,34.236953735351562
94600868,2025,2025-03-18,9770,2025-02-15,"128 ",023812,,6,3,6,5607,0,1,2,,2,072,"US-101 N/B (VENTURA FREEWAY)","LYNN ROAD",2798.00,N,N,A,-,Y,VEN,,101," "," ",5.583,H,,R,Y,2,0,4,3,A,-,03,22350,,N,C,2,E,A,H,-,D,D,0,Y,,,,Y,,A,01,2,0,2,0,1,0,0,0,0,"- ","- ",34.18450927734375,-118.90065002441406,VENTURA,"THOUSAND OAKS",-118.90065002441406,34.184539794921875
94603127,2024,2025-03-18,9765,2024-09-29,"946 ",018332,,7,1,9,5600,0,3,5,,2,004,"SOUTH MOUNTAIN RD.","BALCOLM CANYON RD.",450.00,E,N,A,-,N,,,,,,,,,,Y,1,1,0,2,A,-,08,22107,,N,G,C,A,A,H,-,A,D,0,,,Y,,Y,,C,02,0,0,0,0,0,0,0,1,0,"- ","- ",34.354351043701172,-118.97872924804688,VENTURA,UNINCORPORATED,-118.97943115234375,34.354358673095703
94607468,2024,2025-03-18,9770,2024-10-22,1700,023813,,2,2,9,5600,0,1,3,,1,043,"SR-126 E/B (EAST TELEGRAPH ROAD)","HOPPER CANYON ROAD",422.00,W,N,A,-,Y,VEN,,126," ",R,26.068,H,,R,Y,1,1,2,1,A,-,08,22107,,N,E,8,A,A,H,-,A,D,0,,,,,Y,,A,01,0,2,0,0,0,0,0,0,0,"- ","- ",34.400791168212891,-118.83387756347656,VENTURA,UNINCORPORATED,-118.83387756347656,34.400814056396484
94608779,2025,2025-03-18,9765,2025-02-27,"230 ",022453,,4,3,9,5600,0,1,3,,1,042,"SR-126 (W TELEGRAPH ROAD)","OLD TELEGRAPH ROAD",755.00,E,N,A,-,Y,VEN,,126," "," ",18.631,H,,R,Y,2,0,1,1,A,-,01,23152,A,N,E,I,A,A,H,-,D,D,0,,,,,Y,,A,08,1,0,0,0,0,0,0,0,0,"- ","- ",34.389701843261719,-118.95809173583984,VENTURA,UNINCORPORATED,-118.95810699462891,34.389705657958984
94609102,2024,2025-03-18,9770,2024-12-13,1830,021911,,5,2,6,5609,0,1,3,,2,082,"SR-118 W/B FROM KUEHNER DRIVE","KUEHNER DRIVE",33.00,W,N,A,-,Y,,,,,,,,,,Y,2,0,1,2,A,-,11,21954,A,N,G,B,D,A,H,-,C,D,0,Y,,,,Y,,-,"- ",1,0,0,0,1,0,0,0,0,"- ","- ",34.279468536376953,-118.66229248046875,VENTURA,"SIMI VALLEY",-118.66413879394531,34.279300689697266
94644296,2025,2025-04-10,9765,2025-04-04,"905 ",024278,,5,1,9,5600,0,3,5,,2,006,"NAVAL AIR RD","WOOD RD",3062.00,N,N,A,-,N,,,,,,,,,,Y,2,0,2,2,A,-,05,21460,,F,A,C,A,A,H,-,A,D,0,,,,,Y,,A,01,1,1,0,0,0,0,0,0,0,"- ","- ",34.140220642089844,-119.10443115234375,VENTURA,UNINCORPORATED,-119.10404205322266,34.139743804931641
94681501,2025,2025-05-09,9770,2025-05-01,"323 ",023849,,4,3,6,5607,0,1,2,,2,075,"US-101 S/B (VENTURA FREEWAY)","LAKEVIEW CANYON ROAD",145.00,S,N,A,-,Y,VEN,,101," "," ",0.137,H,,L,Y,2,0,1,1,A,-,01,23152,F,N,E,8,A,A,H,-,D,D,0,,,,,Y,,A,01,1,0,0,0,0,0,0,0,0,"- ","- ",34.152851104736328,-118.81714630126953,VENTURA,"THOUSAND OAKS",-118.81709289550781,34.152973175048828
94683459,2025,2025-05-12,9770,2025-05-01,1758,023577,,4,2,9,5600,0,1,3,,1,057,"SR-23 (GRIMES CANYON ROAD)","3500 GRIMES CANYON ROAD",800.00,N,N,A,-,N,,,,,,,,,,Y,2,0,1,1,A,-,08,22107,,N,B,I,A,A,H,-,A,D,0,,,,,Y,,A,01,1,0,0,0,0,0,0,0,0,"- ","- ",34.345859527587891,-118.91294860839844,VENTURA,UNINCORPORATED,,