CASE_ID,ACCIDENT_YEAR,PROC_DATE,JURIS,COLLISION_DATE,COLLISION_TIME,OFFICER_ID,REPORTING_DISTRICT,DAY_OF_WEEK,CHP_SHIFT,POPULATION,CNTY_CITY_LOC,SPECIAL_COND,BEAT_TYPE,CHP_BEAT_TYPE,CITY_DIVISION_LAPD,CHP_BEAT_CLASS,BEAT_NUMBER,PRIMARY_RD,SECONDARY_RD,DISTANCE,DIRECTION,INTERSECTION,WEATHER_1,WEATHER_2,STATE_HWY_IND,CALTRANS_COUNTY,CALTRANS_DISTRICT,STATE_ROUTE,ROUTE_SUFFIX,POSTMILE_PREFIX,POSTMILE,LOCATION_TYPE,RAMP_INTERSECTION,SIDE_OF_HWY,TOW_AWAY,COLLISION_SEVERITY,NUMBER_KILLED,NUMBER_INJURED,PARTY_COUNT,PRIMARY_COLL_FACTOR,PCF_CODE_OF_VIOL,PCF_VIOL_CATEGORY,PCF_VIOLATION,PCF_VIOL_SUBSECTION,HIT_AND_RUN,TYPE_OF_COLLISION,MVIW,PED_ACTION,ROAD_SURFACE,ROAD_COND_1,ROAD_COND_2,LIGHTING,CONTROL_DEVICE,CHP_ROAD_TYPE,PEDESTRIAN_ACCIDENT,BICYCLE_ACCIDENT,MOTORCYCLE_ACCIDENT,TRUCK_ACCIDENT,NOT_PRIVATE_PROPERTY,ALCOHOL_INVOLVED,STWD_VEHTYPE_AT_FAULT,CHP_VEHTYPE_AT_FAULT,COUNT_SEVERE_INJ,COUNT_VISIBLE_INJ,COUNT_COMPLAINT_PAIN,COUNT_PED_KILLED,COUNT_PED_INJURED,COUNT_BICYCLIST_KILLED,COUNT_BICYCLIST_INJURED,COUNT_MC_KILLED,COUNT_MC_INJURED,PRIMARY_RAMP,SECONDARY_RAMP,LATITUDE,LONGITUDE,COUNTY,CITY,POINT_X,POINT_Y
9797369,2023,2025-04-14,5606,2023-06-03,2010,1131,5606,6,5,4,5606,0,0,0,,0,001,"TELEGRAPH RD","CALAVO ST",199.00,E,N,A,-,N,,,,,,,,,,Y,2,0,1,1,A,-,08,22107,,N,E,I,A,A,H,-,C,A,0,,,,,Y,,A,01,1,0,0,0,0,0,0,0,0,"- ","- ",,,VENTURA,"SANTA PAULA",-119.08704376220703,34.339149475097656
9805076,2025,2025-04-30,5604,2025-03-09,"815 ",5713,,7,5,6,5604,0,0,0,,0,031,"N RICE AV","E CAMINO DEL SOL",0.00,,Y,A,-,N,,,,,,,,,,N,2,0,1,2,A,-,01,23152,A,N,C,C,A,A,H,-,A,A,0,,,,,Y,Y,A,01,1,0,0,0,0,0,0,0,0,"- ","- ",34.206150054931641,-119.14215850830078,VENTURA,OXNARD,-119.14227294921875,34.206157684326172
9815302,2025,2025-07-09,5604,2025-01-14,2145,5732,,2,5,6,5604,0,0,0,,0,012,"N RICE AV","SAKIOKA DR",0.00,,Y,A,-,N,,,,,,,,,,Y,2,0,1,2,A,-,05,21651,B,N,D,C,A,A,H,-,C,A,0,,,,Y,Y,,F,26,1,0,0,0,0,0,0,0,0,"- ","- ",34.215019226074219,-119.14205169677734,VENTURA,OXNARD,,
9818022,2025,2025-08-01,5604,2025-06-21,"641 ",5643,,6,5,6,5604,0,0,0,,0,024,"S VENTURA RD","W HEMLOCK ST W",0.00,,Y,A,-,N,,,,,,,,,,Y,2,0,4,2,A,-,01,23152,A,N,D,C,A,A,H,-,A,A,0,,,,,Y,Y,A,01,3,0,1,0,0,0,0,0,0,"- ","- ",34.181110382080078,-119.1953125,VENTURA,OXNARD,-119.19532012939453,34.181118011474609
6290386,2014,2015-12-21,9765,2014-01-21,0922,16436,,2,1,9,5600,0,1,2,,1,104,"RT 101","SAN MIGUELITO",336.00,S,N,A,-,Y,VEN,7,101,-,R,35.200,H,-,N,Y,1,1,0,1,A,-,08,22107,,N,F,A,A,A,H,-,A,D,1,,,,,Y,,A,07,0,0,0,0,0,0,0,0,0,"- ","- ",34.317860000000003,-119.36445000000001,VENTURA,UNINCORPORATED,-119.36314815,34.316914619999999
6290543,2014,2015-12-29,5600,2014-03-30,0458,3364,9144,7,5,6,5607,0,0,0,,0,09D,"WESTLAKE BL","SKELTON CANYON CIR",346.00,N,N,A,-,N,,,,,,,,,,Y,1,1,0,1,A,-,01,23152,F,N,E,I,A,A,H,-,D,D,0,,,,,Y,Y,A,01,0,0,0,0,0,0,0,0,0,"- ","- ",,,VENTURA,"THOUSAND OAKS",-118.82036895,34.176824009999997
6291068,2014,2014-08-13,9765,2014-04-06,0649,19034,,7,1,9,5600,0,2,4,,2,037,"VICTORIA AV","SANTA CLARA RIVER",570.00,N,N,A,-,N,,,,,,,,,,Y,1,1,1,2,A,-,01,23152,E,N,G,B,E,A,H,-,A,D,0,Y,,,,Y,,A,01,0,1,0,1,0,0,0,0,0,"- ","- ",34.26585,-119.20962,VENTURA,UNINCORPORATED,-119.21650887,34.23678305
6291171,2014,2014-10-01,9430,2014-06-30,2500,17241,,1,4,9,5600,0,3,5,,2,003,"HUDSON RANCH RD","MIL POTRETRO HWY",52800.00,W,N,A,-,N,,,,,,,,,,N,1,1,0,1,A,-,01,23152,A,N,E,I,A,A,H,-,-,D,0,,,Y,,Y,Y,C,02,0,0,0,0,0,0,0,1,0,"- ","- ",34.879159999999999,-119.34514,VENTURA,UNINCORPORATED,,
6291356,2014,2014-10-27,9770,2014-08-22,1700,14675,,5,2,6,5609,0,1,3,,2,083,"RT 118","CALDWELL AV",100.00,W,N,A,-,Y,VEN,7,118,-,R,24.150,H,-,E,Y,1,1,1,3,A,-,04,21703,,N,C,C,A,A,H,-,A,D,1,,,Y,,Y,,A,01,0,0,1,0,0,0,0,1,0,"- ","- ",34.282179999999997,-118.77319,VENTURA,"SIMI VALLEY",-118.77316365999999,34.282118509999997
6291531,2014,2015-12-28,9765,2014-07-20,1817,20540,,7,2,9,5600,0,1,2,,2,103,"RT 101","PADRE JUAN CANYON RD",3168.00,S,N,A,-,Y,VEN,7,101,-,R,36.170,H,-,S,Y,1,1,0,1,A,-,01,23152,A,N,E,J,A,-,A,H,A,D,1,,,,,Y,Y,A,01,0,0,0,0,0,0,0,0,0,"- ","- ",34.321950000000001,-119.37775000000001,VENTURA,UNINCORPORATED,-119.37849211,34.321883319999998
6291563,2014,2016-01-04,9430,2014-10-02,1052,017153,,4,1,9,5600,0,3,5,,2,003,"RT 33","BERGES CREEK BRIDGE",448.00,S,N,A,-,Y,VEN,7,33,-,-,57.230,H,-,S,Y,1,1,1,1,A,-,08,22107,,N,F,A,A,A,H,-,A,D,0,,,Y,,Y,,C,02,0,1,0,0,0,0,0,1,1,"- ","- ",34.786270000000002,-119.44079000000001,VENTURA,UNINCORPORATED,-119.44170174999999,34.78668974
6291785,2014,2015-12-17,5600,2014-11-18,0348,3364,9002,2,5,6,5607,0,0,0,,0,09A,"MOORPARK RD","MARVELLA CT",1056.00,S,N,B,-,N,,,,,,,,,,Y,1,1,0,1,A,-,08,22107,,N,F,A,A,A,H,-,D,D,0,,,Y,,Y,Y,C,02,0,0,0,0,0,0,0,1,0,"- ","- ",,,VENTURA,"THOUSAND OAKS",-118.86857999999999,34.246209999999998
6291827,2014,2015-01-09,5600,2014-11-29,1206,4397,8102,6,5,5,5601,0,0,0,,0,08A,"EMPRESS AV","BRONSON ST",63.00,S,N,A,-,N,,,,,,,,,,Y,1,1,0,3,B,-,22,,,N,G,B,F,A,H,-,A,D,0,Y,,,,Y,,D,22,0,0,0,1,0,0,0,0,0,"- ","- ",34.2258,-119.04559999999999,VENTURA,CAMARILLO,-119.04572822999999,34.225847109999997
6291878,2014,2015-01-23,5608,2014-09-29,0101,413,,1,5,6,5608,0,0,0,,0,002,"TRANSPORT ST","MORSE AV",377.00,W,N,A,-,N,,,,,,,,,,Y,1,1,1,1,A,-,01,23152,F,N,E,I,A,A,H,-,C,D,0,,,Y,,Y,Y,C,02,1,0,0,0,0,0,0,1,1,"- ","- ",,,VENTURA,VENTURA,-119.24502,34.257980000000003
6291892,2014,2016-01-04,9765,2014-10-03,1340,20302,,5,1,9,5600,0,2,4,,2,064,"HUENEME RD","EDISON DR",695.00,E,N,A,-,N,,,,,,,,,,Y,1,1,2,2,A,-,05,21460,A,N,A,C,A,A,H,-,A,D,0,,,,Y,Y,Y,A,01,0,1,1,0,0,0,0,0,0,"- ","- ",34.147359999999999,-119.16370000000001,VENTURA,UNINCORPORATED,-119.16434593,34.147349499999997
6291962,2014,2016-01-04,5604,2014-01-26,0209,4591,,7,5,6,5604,0,0,0,,0,041,"ROSE AV","RAIDERS WY",403.00,S,N,B,-,N,,,,,,,,,,Y,1,1,0,2,A,-,01,23152,A,F,H,G,A,A,H,-,C,D,0,,Y,,,Y,Y,-,,0,0,0,0,0,1,0,0,0,"- ","- ",,,VENTURA,OXNARD,-119.16018774,34.17056401
6291976,2014,2016-01-04,5604,2014-03-29,2128,4925,,6,5,6,5604,0,0,0,,0,022,"5TH ST","K ST",0.00,,Y,A,-,N,,,,,,,,,,Y,1,1,1,2,A,-,01,23152,A,N,D,-,A,A,H,-,C,A,0,,,,,Y,Y,-,,0,0,1,0,0,0,0,0,0,"- ","- ",,,VENTURA,OXNARD,-119.19168012,34.197850090000003
6291981,2014,2015-02-25,5604,2014-04-19,0530,4591,,6,5,6,5604,0,0,0,,0,022,"7TH ST","F ST",0.00,,Y,A,-,N,,,,,,,,,,Y,1,1,0,2,A,-,"- ",,,N,G,B,-,A,H,-,C,A,0,Y,,,,Y,,-,,0,0,0,1,0,0,0,0,0,"- ","- ",,,VENTURA,OXNARD,-119.18490006,34.195100050000001
6292165,2015,2017-04-25,5608,2015-02-20,2131,435,,5,5,6,5608,0,0,0,,0,001,"KELLOGG ST","NORTH VENTURA AV",283.00,E,N,A,-,N,,,,,,,,,,Y,1,1,1,3,A,-,11,21954,A,N,G,B,D,A,H,-,C,D,0,Y,,Y,,Y,Y,N,60,0,1,0,0,1,0,0,1,0,"- ","- ",,,VENTURA,VENTURA,-119.29709352,34.290466680000002
6292384,2015,2017-04-25,9765,2015-03-19,2001,19988,,4,2,9,5600,0,1,3,,1,012,"RT 1","SAN MIGUELITO RD",11616.00,N,N,A,-,Y,VEN,7,1,-,-,26.110,H,-,N,Y,1,1,0,2,A,-,11,21954,A,N,G,B,E,A,H,-,D,D,0,Y,,,,Y,,N,60,0,0,0,1,0,0,0,0,0,"- ","- ",34.194200000000002,-119.2354,VENTURA,UNINCORPORATED,-119.39749906999999,34.327551139999997
6292387,2015,2015-07-13,5600,2015-03-22,1804,3924,5117,7,5,4,5690,0,0,0,,0,02A,"TIERRA REJADA RD","WALNUT CREEK RD",382.00,E,N,A,-,N,,,,,,,,,,Y,1,1,1,2,A,-,05,21650,,N,E,I,A,A,H,-,A,D,0,,,,,Y,,A,01,0,0,1,0,0,0,0,0,0,"- ","- ",,,VENTURA,MOORPARK,-118.88547217999999,34.263368190000001
6292427,2015,2017-04-04,5600,2015-05-23,0157,2277,6017,6,5,3,5602,0,0,0,,0,06B,"RT 126","EL DORADO ST",592.00,W,N,B,-,Y,VEN,7,126,-,-,22.150,H,-,E,Y,1,1,0,1,A,-,01,23152,A,N,E,I,A,A,H,-,C,D,0,,,,,Y,Y,A,01,0,0,0,0,0,0,0,0,0,"- ","- ",34.398789999999998,-118.9007,VENTURA,FILLMORE,-118.90074413000001,34.398870170000002
6292727,2015,2015-10-16,5600,2015-07-16,1514,2277,8215,4,5,5,5601,0,0,0,,0,08D,"SANTA ROSA RD","UPLAND RD",0.00,,Y,A,-,N,,,,,,,,,,Y,1,1,2,2,A,-,12,21453,A,N,H,C,A,A,H,-,A,A,0,,,Y,,Y,,C,02,0,1,1,0,0,0,0,1,0,"- ","- ",34.23319,-118.97324999999999,VENTURA,CAMARILLO,-118.97329003999999,34.233150070000001
6292859,2015,2017-03-30,5609,2015-02-09,1918,310,512,1,5,6,5609,0,0,0,,0,005,"TAPO ST","COCHRAN ST",649.00,S,N,A,-,N,,,,,,,,,,Y,1,1,0,2,A,-,01,23152,E,N,D,C,A,A,H,-,C,D,0,,,Y,,Y,Y,C,02,0,0,0,0,0,0,0,1,0,"- ","- ",34.277090000000001,-118.70905,VENTURA,"SIMI VALLEY",-118.70896,34.277229429999998
6292983,2017,2019-04-05,5608,2017-07-13,1925,423,,4,5,6,5608,0,0,0,,0,003,"TELEGRAPH RD","PETIT AV",111.00,E,N,A,-,N,,,,,,,,,,Y,1,1,0,1,A,-,03,22349,A,N,E,I,A,A,H,-,A,A,0,,,Y,,Y,Y,C,02,0,0,0,0,0,0,0,1,0,"- ","- ",,,VENTURA,VENTURA,-119.18177129999999,34.282916409999999
6345183,2014,2014-06-02,5600,2014-01-05,0109,4221,9130,7,5,6,5607,0,0,0,,0,9C01,"LYNN RD","VENTU PARK RD",85.00,W,N,A,-,N,,,,,,,,,,Y,2,0,1,1,A,-,01,23152,A,N,E,I,A,A,H,-,C,A,0,,,,,Y,Y,A,01,1,0,0,0,0,0,0,0,0,"- ","- ",,,VENTURA,"THOUSAND OAKS",-118.91146064,34.176600000000001
6346327,2014,2014-06-05,9765,2014-01-18,0044,018305,,6,3,9,5600,0,3,5,,2,003,"OLIVAS PARK DR","SEABORG AV",272.00,W,N,A,-,N,,,,,,,,,,Y,2,0,1,1,A,-,01,23152,A,N,E,I,A,A,H,-,C,D,0,,,,,Y,Y,A,01,1,0,0,0,0,0,0,0,0,"- ","- ",34.243749999999999,-119.21378,VENTURA,UNINCORPORATED,-119.21272816,34.243532369999997
6346634,2014,2014-06-06,5600,2014-01-18,1031,4938,9000,6,5,6,5607,0,0,0,,0,09A,"WILDWOOD AV","CAMINO DE CELESTE",162.00,W,N,A,-,N,,,,,,,,,,N,2,0,1,2,A,-,09,21801,A,N,H,G,A,A,H,-,A,D,0,,Y,,,Y,,A,07,1,0,0,0,0,0,1,0,0,"- ","- ",,,VENTURA,"THOUSAND OAKS",-118.89573618999999,34.228523449999997
6370373,2014,2015-11-09,9770,2014-01-18,2310,020238,,6,3,6,5609,0,1,3,,2,082,"RT 118","ERRINGER RD",950.00,E,N,A,-,Y,VEN,7,118,-,R,25.009,R,2,W,Y,2,0,2,2,A,-,01,23152,A,N,D,C,A,A,H,-,C,D,1,,,,,Y,Y,A,01,2,0,0,0,0,0,0,0,0,"- ","- ",34.282620000000001,-118.75797,VENTURA,"SIMI VALLEY",-118.75808776,34.282428779999996
6373225,2014,2015-12-28,9765,2014-01-31,1627,016714,,5,2,6,5608,0,1,2,,1,104,"RT 101","RT 33",163.00,S,N,A,-,Y,VEN,7,101,-,-,30.880,H,-,N,Y,2,0,2,1,A,-,01,23152,A,N,F,A,A,A,H,-,A,D,1,,,,,Y,Y,A,07,2,0,0,0,0,0,0,0,0,"- ","- ",34.278939999999999,-119.3052,VENTURA,VENTURA,-119.30565506000001,34.279016050000003
6378175,2014,2014-06-06,5600,2014-01-24,1715,4438,8227,5,5,5,5601,0,0,0,,0,8D1,"SANTA ROSA RD","OAK CANNON RD",0.00,,Y,A,-,N,,,,,,,,,,Y,2,0,1,2,A,-,09,21801,B,N,H,C,A,A,H,-,B,A,0,,,Y,,Y,,C,02,1,0,0,0,0,0,0,0,1,"- ","- ",34.226990000000001,-118.98681000000001,VENTURA,CAMARILLO,-118.98686001,34.227080010000002
6417440,2014,2015-08-12,5608,2014-03-08,2344,435,VTA,6,5,6,5608,0,0,0,,0,004,"WELLS RD","SOUTHERN PACIFIC R/R CROSSING",3.00,S,N,A,-,N,,,,,,,,,,Y,2,0,1,2,A,-,11,21954,A,N,G,-,D,A,H,-,D,D,0,Y,,,,Y,Y,N,60,1,0,0,0,1,0,0,0,0,"- ","- ",,,VENTURA,VENTURA,,
6420974,2014,2014-06-25,5608,2014-03-13,1431,458,,4,5,6,5608,0,0,0,,0,003,"PALMA DR","VALENTINE RD",405.00,S,N,A,-,N,,,,,,,,,,Y,2,0,1,4,A,-,09,21801,A,N,D,C,A,A,H,-,A,D,0,,,,,Y,,-,,1,0,0,0,0,0,0,0,0,"- ","- ",,,VENTURA,VENTURA,-119.22766673,34.259360039999997
6427189,2014,2014-07-03,5600,2014-02-11,1945,2833,5112,2,5,4,5690,0,0,0,,0,02A,"TIERRA REJADA RD","PHEASANT RUN ST",0.00,,Y,A,-,N,,,,,,,,,,Y,2,0,1,2,A,-,11,21954,A,N,G,B,D,A,H,-,C,D,0,Y,,,,Y,,N,60,1,0,0,0,1,0,0,0,0,"- ","- ",,,VENTURA,MOORPARK,-118.88083005999999,34.263450089999999
6431076,2014,2014-07-01,5608,2014-03-23,1700,239,,7,5,6,5608,0,0,0,,0,003,"FOOTHILL RD","VIA PLAZA",329.00,W,N,A,-,N,,,,,,,,,,Y,2,0,1,1,A,-,08,22107,,N,E,I,A,A,H,-,A,A,0,,,,,Y,,-,,1,0,0,0,0,0,0,0,0,"- ","- ",34.287019999999998,-119.20823,VENTURA,VENTURA,-119.209337,34.28688374
6440808,2014,2015-12-28,9765,2014-03-27,0140,017483,,4,3,5,5601,0,1,2,,2,501,"RT 101","SPRINGVILLE RD",2112.00,N,N,A,-,Y,VEN,7,101,-,-,17.190,H,-,S,Y,2,0,4,1,C,-,18,,,N,F,A,A,A,H,-,C,D,1,,,,,Y,,-,"- ",1,1,2,0,0,0,0,0,0,"- ","- ",34.220849999999999,-119.09269,VENTURA,CAMARILLO,-119.09231007,34.22085362
6456697,2014,2014-07-10,5600,2014-04-08,1114,2913,9092,2,5,6,5607,0,0,0,,0,9G01,"MOORPARK RD","HILLCREST DR",30.00,N,N,A,-,N,,,,,,,,,,Y,2,0,2,4,A,-,07,21658,A,N,B,C,A,A,H,-,A,A,0,,,,,Y,,A,01,1,0,1,0,0,0,0,0,0,"- ","- ",,,VENTURA,"THOUSAND OAKS",-118.87605641,34.181241540000002
6473369,2014,2016-04-22,9765,2014-04-17,0515,13549,,4,3,9,5600,0,1,3,,1,042,"RT 126","PYLE RD",3.00,E,N,B,E,Y,VEN,7,126,-,-,17.591,I,5,E,Y,2,0,3,2,A,-,09,21802,A,N,C,C,A,A,H,-,D,A,0,,,,Y,Y,,G,25,3,0,0,0,0,0,0,0,0,"- ","- ",34.382019999999997,-118.97279,VENTURA,UNINCORPORATED,-118.97277124,34.38197392
6475898,2014,2014-07-24,5609,2014-04-11,0938,374,,5,5,6,5609,0,0,0,,0,,"ALAMO ST","TAPO ST",807.00,E,N,A,-,N,,,,,,,,,,Y,2,0,1,2,A,-,03,22350,,N,E,E,A,A,H,-,A,D,0,,,,,Y,,A,01,1,0,0,0,0,0,0,0,0,"- ","- ",,,VENTURA,"SIMI VALLEY",-118.70628507000001,34.286270000000002
6476843,2014,2016-04-20,5609,2014-05-01,0733,374,,4,5,6,5609,0,0,0,,0,,"STEARNS ST","BARNARD ST",87.00,N,N,A,-,Y,VEN,7,118,-,R,29.023,R,4,W,Y,2,0,1,2,A,-,03,22350,,N,F,A,A,A,H,-,A,A,0,,,Y,,Y,,C,02,1,0,0,0,0,0,0,0,1,"- ","- ",,,VENTURA,"SIMI VALLEY",-118.68801875,34.281745729999997
6481443,2014,2014-07-12,9765,2014-04-29,1130,013549,,2,1,9,5600,0,3,5,,2,004,"FOOTHILL RD","ALISO CANYON",365.00,W,N,A,-,N,,,,,,,,,,Y,2,0,1,2,A,-,08,22107,,N,A,C,A,A,H,-,A,D,0,,,,Y,Y,,A,01,1,0,0,0,0,0,0,0,0,"- ","- ",34.314109999999999,-119.14570000000001,VENTURA,UNINCORPORATED,-119.14571156,34.314304229999998
6487225,2014,2014-07-28,5600,2014-05-01,2026,3364,9060,4,5,6,5607,0,0,0,,0,09B,"LA GRANADA DR","VALLEY HIGH AV",0.00,,Y,A,-,N,,,,,,,,,,N,2,0,1,2,A,-,14,21201,D,N,H,G,A,A,H,-,D,D,0,,Y,,,Y,,L,04,1,0,0,0,0,0,1,0,0,"- ","- ",,,VENTURA,"THOUSAND OAKS",-118.84421003,34.194650060000001
6498786,2014,2014-07-25,5600,2014-05-06,2241,4581,9162,2,5,6,5607,0,0,0,,0,09D,"WESTLAKE BL","THOUSAND OAKS BL",0.00,,Y,A,-,N,,,,,,,,,,Y,2,0,3,2,A,-,09,21453,C,N,H,C,A,A,H,-,C,A,0,,,,,Y,,A,01,2,0,1,0,0,0,0,0,0,"- ","- ",,,VENTURA,"THOUSAND OAKS",-118.82292012000001,34.160920009999998
6505386,2014,2014-07-25,9765,2014-05-25,0940,16234,,7,1,9,5600,0,2,4,,2,590,"SANTA CLARA AV","WRIGHT RD",25.00,N,N,A,-,N,,,,,,,,,,Y,2,0,3,1,A,-,08,22107,,N,E,I,A,A,H,-,A,D,0,,,,,Y,,A,01,2,0,1,0,0,0,0,0,0,"- ","- ",34.25168,-119.11320000000001,VENTURA,UNINCORPORATED,-119.11320793,34.25172328
6510645,2014,2014-08-23,5600,2014-06-03,1738,3755,9300,2,5,6,5607,0,0,0,,0,09C,"VIA CRESTA","VIA DEL LAGO",185.00,N,N,A,-,N,,,,,,,,,,N,2,0,1,2,A,-,11,21954,A,N,G,B,D,A,H,-,A,D,0,Y,,,,Y,,N,60,1,0,0,0,1,0,0,0,0,"- ","- ",,,VENTURA,"THOUSAND OAKS",-118.98109169,34.171598580000001
6522041,2014,2016-04-19,9765,2014-04-29,1825,016420,,2,2,6,5604,0,1,2,,2,530,"RT 101","RT 232",1108.00,S,N,A,-,Y,VEN,7,101,-,-,21.847,R,2,N,Y,2,0,1,1,A,-,08,22107,,N,F,A,A,A,H,-,A,D,1,,,Y,,Y,,C,02,1,0,0,0,0,0,0,0,1,TO,"- ",34.23039,-119.17167999999999,VENTURA,OXNARD,-119.17150731,34.230106630000002
6524560,2014,2016-04-27,9765,2014-05-10,1320,20029,,6,1,4,5606,0,1,3,,2,041,"RT 126","PALM AV",435.00,W,N,A,-,Y,VEN,7,126,-,R,11.290,H,-,W,Y,2,0,3,1,A,-,08,22107,,N,E,I,A,A,H,-,A,D,1,,,,,Y,,A,01,1,1,1,0,0,0,0,0,0,"- ","- ",34.343339999999998,-119.07264000000001,VENTURA,"SANTA PAULA",-119.06985275,34.34487051
6527484,2014,2016-04-26,9765,2014-04-11,1642,017599,,5,2,9,5600,0,1,3,,1,062,"RT 1","LAS POSAS RD",10560.00,S,N,A,-,Y,VEN,7,1,-,-,7.970,H,-,S,Y,2,0,2,3,A,-,05,21460,A,N,B,C,A,A,H,-,A,D,0,,,Y,,Y,,C,02,2,0,0,0,0,0,0,0,2,"- ","- ",34.091470000000001,-119.06599,VENTURA,UNINCORPORATED,-119.06588689,34.091459919999998
6529783,2014,2016-04-22,9765,2014-06-14,1640,020628,,6,2,9,5600,0,1,3,,1,021,"RT 33","DRY LAKES TRL",650.00,S,N,A,-,Y,VEN,7,33,-,-,26.780,H,-,S,Y,2,0,1,1,A,-,08,22107,,N,F,A,A,A,H,-,A,D,0,,,Y,,Y,,C,02,1,0,0,0,0,0,0,0,1,"- ","- ",34.540300000000002,-119.2389,VENTURA,UNINCORPORATED,-119.24073163,34.541087670000003
6531496,2014,2014-08-08,5600,2014-06-06,1710,3411,,5,5,5,5601,0,0,0,,0,,"ADOLFO RD","MISSION OAKS BL",248.00,E,N,A,-,N,,,,,,,,,,N,2,0,1,2,A,-,08,22107,,N,H,G,A,A,H,-,A,D,0,,Y,,,Y,,L,04,1,0,0,0,0,0,1,0,0,"- ","- ",34.219329999999999,-119.00636,VENTURA,CAMARILLO,-119.00645898,34.219509029999998
6533191,2014,2016-04-20,9770,2014-06-19,1555,14675,,4,2,9,5600,0,1,3,,1,050,"RT 118","LA CUMBRE RD",2112.00,W,N,A,-,Y,VEN,7,118,-,-,11.220,H,-,W,Y,2,0,1,2,A,-,03,22350,,N,D,C,A,A,H,-,A,D,5,,,Y,,Y,,C,02,1,0,0,0,0,0,0,0,1,"- ","- ",,,VENTURA,UNINCORPORATED,-118.98959725,34.263597189999999
6533743,2014,2016-04-20,9770,2014-05-27,1515,012133,,2,2,6,5609,0,1,3,,2,083,"RT 118","STEARNS ST",750.00,W,N,A,-,Y,VEN,7,118,-,R,28.630,H,-,E,N,2,0,1,2,A,-,08,22107,,F,B,C,A,A,H,-,A,D,1,,,,,Y,,D,22,1,0,0,0,0,0,0,0,0,"- ","- ",34.281410000000001,-118.69444,VENTURA,"SIMI VALLEY",-118.69488482,34.281488349999997
6534317,2014,2014-08-06,5608,2014-06-18,1533,313,,3,5,6,5608,0,0,0,,0,003,"ISLAND VIEW DR","BREAKER DR",0.00,,Y,A,-,N,,,,,,,,,,N,2,0,1,2,A,-,08,22107,,M,D,E,A,A,H,-,A,D,0,,Y,,,Y,,L,04,1,0,0,0,0,0,1,0,0,"- ","- ",,,VENTURA,VENTURA,-119.25533992,34.282800039999998
6541086,2014,2014-08-26,5600,2014-07-16,1156,4045,9170,3,5,6,5607,0,0,0,,0,9D01,"LAKEVIEW CANYON RD","HAMPSHIRE RD",0.00,,Y,A,-,N,,,,,,,,,,Y,2,0,2,2,A,-,12,21453,A,N,D,D,A,A,H,-,A,A,0,,,,,Y,Y,A,01,1,1,0,0,0,0,0,0,0,"- ","- ",,,VENTURA,"THOUSAND OAKS",-118.81932734999999,34.148109990000002
6543857,2014,2016-04-22,9765,2014-06-25,1805,19988,,3,2,4,5606,0,1,3,,2,041,"RT 126","PECK RD",370.00,W,N,A,-,Y,VEN,7,126,-,R,10.310,H,-,W,N,2,0,1,2,A,-,11,21954,A,N,G,B,D,A,H,-,A,D,1,Y,,,Y,Y,,N,60,1,0,0,0,1,0,0,0,0,"- ","- ",34.33719,-119.08298000000001,VENTURA,"SANTA PAULA",-119.0838712,34.336694100000003
6544648,2014,2016-04-26,9765,2014-06-28,1005,20302,,6,1,9,5600,0,1,3,,1,062,"RT 1","SYCAMORE CANYON RD",150.00,S,N,A,-,Y,VEN,7,1,-,-,4.370,H,-,S,N,2,0,1,1,A,-,08,22107,,N,F,A,A,A,H,-,A,D,0,,Y,,,Y,,L,04,1,0,0,0,0,0,1,0,0,"- ","- ",34.070509999999999,-119.01204,VENTURA,UNINCORPORATED,-119.01210983999999,34.070613739999999
6549043,2014,2014-08-14,5600,2014-06-22,1356,5041,9072,7,5,6,5607,0,0,0,,0,09G,"THOUSAND OAKS BL","RANCHO RD",88.00,W,N,A,-,N,,,,,,,,,,Y,2,0,1,2,A,-,03,22350,,N,C,C,A,A,H,-,A,A,0,,,Y,,Y,,C,02,1,0,0,0,0,0,0,0,1,"- ","- ",,,VENTURA,"THOUSAND OAKS",-118.85815605000001,34.17860529
6549067,2014,2014-08-14,5608,2014-06-28,1122,411,,6,5,6,5608,0,0,0,,0,004,"RUGBY AV","ABERDARE ST",279.00,S,N,A,-,N,,,,,,,,,,Y,2,0,1,2,A,-,01,23152,A,N,B,E,A,A,H,-,A,D,0,,,,,Y,Y,-,,1,0,0,0,0,0,0,0,0,"- ","- ",,,VENTURA,VENTURA,-119.17767995,34.269125860000003
6549662,2014,2016-06-09,9765,2014-07-02,1010,016234,,3,1,9,5600,0,1,3,,1,022,"RT 150","RED MOUNTAIN RD",5808.00,E,N,A,-,Y,VEN,7,150,-,-,6.350,H,-,W,Y,2,0,1,1,A,-,08,22107,,N,F,A,A,A,H,-,A,D,0,,,Y,,Y,,C,02,1,0,0,0,0,0,0,0,1,"- ","- ",34.38738,-119.36584000000001,VENTURA,UNINCORPORATED,-119.3658964,34.387370830000002
6553163,2014,2014-08-28,5608,2014-07-06,1846,432,,7,5,6,5608,0,0,0,,0,004,"SOUTH VICTORIA AV","S VICTORIA AV 1439",0.00,,N,A,-,N,,,,,,,,,,N,2,0,1,2,A,-,00,20001,,F,G,I,F,A,H,-,A,D,0,Y,,,,Y,,-,,1,0,0,0,1,0,0,0,0,"- ","- ",,,VENTURA,VENTURA,-119.2110795,34.258409999999998
6558631,2014,2015-12-03,9430,2014-06-29,1400,017187,,7,2,9,5600,0,2,4,,1,031,"LOCKWOOD VALLEY RD","RT 33",11088.00,E,N,A,-,N,,,,,,,,,,Y,2,0,1,1,A,-,01,23152,A,N,E,I,A,A,H,-,A,A,0,,,,,Y,Y,A,01,1,0,0,0,0,0,0,0,0,"- ","- ",34.695520000000002,-119.32165999999999,VENTURA,UNINCORPORATED,-119.32175929,34.69548546