CASE_ID,ACCIDENT_YEAR,PROC_DATE,JURIS,COLLISION_DATE,COLLISION_TIME,OFFICER_ID,REPORTING_DISTRICT,DAY_OF_WEEK,CHP_SHIFT,POPULATION,CNTY_CITY_LOC,SPECIAL_COND,BEAT_TYPE,CHP_BEAT_TYPE,CITY_DIVISION_LAPD,CHP_BEAT_CLASS,BEAT_NUMBER,PRIMARY_RD,SECONDARY_RD,DISTANCE,DIRECTION,INTERSECTION,WEATHER_1,WEATHER_2,STATE_HWY_IND,CALTRANS_COUNTY,CALTRANS_DISTRICT,STATE_ROUTE,ROUTE_SUFFIX,POSTMILE_PREFIX,POSTMILE,LOCATION_TYPE,RAMP_INTERSECTION,SIDE_OF_HWY,TOW_AWAY,COLLISION_SEVERITY,NUMBER_KILLED,NUMBER_INJURED,PARTY_COUNT,PRIMARY_COLL_FACTOR,PCF_CODE_OF_VIOL,PCF_VIOL_CATEGORY,PCF_VIOLATION,PCF_VIOL_SUBSECTION,HIT_AND_RUN,TYPE_OF_COLLISION,MVIW,PED_ACTION,ROAD_SURFACE,ROAD_COND_1,ROAD_COND_2,LIGHTING,CONTROL_DEVICE,CHP_ROAD_TYPE,PEDESTRIAN_ACCIDENT,BICYCLE_ACCIDENT,MOTORCYCLE_ACCIDENT,TRUCK_ACCIDENT,NOT_PRIVATE_PROPERTY,ALCOHOL_INVOLVED,STWD_VEHTYPE_AT_FAULT,CHP_VEHTYPE_AT_FAULT,COUNT_SEVERE_INJ,COUNT_VISIBLE_INJ,COUNT_COMPLAINT_PAIN,COUNT_PED_KILLED,COUNT_PED_INJURED,COUNT_BICYCLIST_KILLED,COUNT_BICYCLIST_INJURED,COUNT_MC_KILLED,COUNT_MC_INJURED,PRIMARY_RAMP,SECONDARY_RAMP,LATITUDE,LONGITUDE,COUNTY,CITY,POINT_X,POINT_Y
6565240,2014,2016-06-04,9765,2014-07-13,1730,020540,,7,2,9,5600,0,1,3,,1,021,"RT 33","POTRERO CREEK",16368.00,N,N,A,-,Y,VEN,7,33,-,-,34.730,H,-,S,Y,2,0,1,1,A,-,03,22350,,N,F,A,A,A,H,-,A,D,0,,,Y,,Y,,C,02,1,0,0,0,0,0,0,0,1,"- ","- ",34.5946,-119.31043,VENTURA,UNINCORPORATED,-119.31014036000001,34.594866060000001
6565319,2014,2016-06-04,9765,2014-07-05,1020,020417,,6,1,9,5600,0,1,3,,1,021,"RT 33","SESPE RIVER RD",4224.00,N,N,A,-,Y,VEN,7,33,-,-,26.680,H,-,S,N,2,0,1,1,A,-,08,22107,,N,E,I,A,A,H,-,A,D,0,,,Y,,Y,,C,02,1,0,0,0,0,0,0,0,1,"- ","- ",34.540379999999999,-119.23912,VENTURA,UNINCORPORATED,-119.23921471,34.540424710000003
6567135,2014,2014-08-01,5609,2014-06-07,2311,437,303,6,5,6,5609,0,0,0,,0,003,"LOS ANGELES AV","DEODORA ST",603.00,W,N,A,-,N,,,,,,,,,,Y,2,0,1,1,A,-,01,23152,A,N,E,I,A,A,H,-,D,D,0,,,Y,,Y,Y,C,02,1,0,0,0,0,0,0,0,1,"- ","- ",,,VENTURA,"SIMI VALLEY",-118.73981284,34.271720000000002
6569641,2014,2014-08-26,5600,2014-07-19,1505,3364,9144,6,5,6,5607,0,0,0,,0,09D,"WESTLAKE BL","SKELTON CANYON CIR",245.00,N,N,A,-,N,,,,,,,,,,N,2,0,1,1,A,-,03,22350,,N,H,A,A,A,H,-,A,D,0,,Y,,,Y,,L,04,1,0,0,0,0,0,1,0,0,"- ","- ",,,VENTURA,"THOUSAND OAKS",-118.82040628999999,34.176548619999998
6575114,2014,2016-05-28,9770,2014-07-06,1055,018230,,7,1,6,5609,0,1,3,,2,082,"RT 118","ERRINGER RD",1056.00,W,N,A,-,Y,VEN,7,118,-,R,24.590,H,-,W,Y,2,0,2,2,A,-,03,22350,,N,C,C,A,A,H,-,A,D,1,,,,,Y,,A,01,1,1,0,0,0,0,0,0,0,"- ","- ",34.282490000000003,-118.76455,VENTURA,"SIMI VALLEY",-118.76546317,34.282433040000001
6589041,2014,2016-06-09,9765,2014-08-04,1445,020540,,1,2,9,5600,0,1,3,,1,022,"'RT 150","RINCON MTN RD",8448.00,E,N,A,-,Y,VEN,7,150,-,-,2.470,H,-,W,Y,2,0,1,1,A,-,03,22350,,N,F,A,A,A,H,-,A,D,0,,,Y,,Y,,C,02,1,0,0,0,0,0,0,0,1,"- ","- ",34.389580000000002,-119.41578,VENTURA,UNINCORPORATED,-119.41573302,34.389731429999998
6598234,2014,2014-09-11,5608,2014-08-13,0946,406,,3,5,6,5608,0,0,0,,0,002,"HARBOR BL","OLIVAS PARK DR",23.00,N,N,A,-,N,,,,,,,,,,N,2,0,1,2,A,-,12,21453,A,N,D,C,A,A,H,-,A,A,0,,,,,Y,,-,,1,0,0,0,0,0,0,0,0,"- ","- ",,,VENTURA,VENTURA,-119.25676661999999,34.244352890000002
6600566,2014,2015-04-22,5600,2014-07-05,1910,4405,5104,6,5,4,5690,0,0,0,,0,02B,"CAMPUS PARK DR","COLLINS DR",51.00,W,N,A,-,N,,,,,,,,,,Y,2,0,1,1,A,-,08,22107,,N,F,I,A,A,H,-,A,D,0,,,Y,,Y,,C,02,1,0,0,0,0,0,0,0,1,"- ","- ",,,VENTURA,MOORPARK,-118.84187860999999,34.296039999999998
6604131,2014,2014-09-11,9765,2014-08-23,0821,17897,,6,1,9,5600,0,3,5,,2,006,"POTRERO RD","OXNARD ST",1584.00,W,N,A,-,N,,,,,,,,,,N,2,0,1,1,A,-,08,22107,,N,F,A,A,A,H,-,A,D,0,,Y,,,Y,,L,04,1,0,0,0,0,0,1,0,0,"- ","- ",34.159170000000003,-118.99845999999999,VENTURA,UNINCORPORATED,-119.05156072,34.160339530000002
6606266,2014,2014-10-08,5608,2014-06-11,1208,413,,3,5,6,5608,0,0,0,,0,002,"TELEPHONE RD","MARKET ST",187.00,N,N,A,-,N,,,,,,,,,,Y,1,1,0,2,A,-,07,21658,A,N,B,C,A,A,H,-,A,D,0,,,,,Y,Y,-,,0,0,0,0,0,0,0,0,0,"- ","- ",,,VENTURA,VENTURA,-119.23507838,34.257672720000002
6606303,2014,2014-10-15,9770,2014-07-05,1800,20549,,6,2,5,5601,0,1,2,,2,070,"RT 101","CONEJO INSPECTION FACILITY",2112.00,N,N,A,-,Y,VEN,7,101,-,-,9.450,H,-,N,Y,1,1,0,2,A,-,16,24002,A,N,H,A,A,A,H,-,A,D,1,,,,,Y,,A,01,0,0,0,0,0,0,0,0,0,"- ","- ",34.200290000000003,-118.96162,VENTURA,CAMARILLO,-118.96287429,34.200383199999997
6606346,2014,2015-12-29,9770,2014-05-02,2320,20238,,5,3,6,5607,0,1,2,,2,075,"RT 101","CONEJO SCHOOL RD",540.00,N,N,A,-,Y,VEN,7,101,-,-,2.350,H,-,S,Y,1,1,0,2,A,-,11,21954,A,N,G,B,E,A,H,-,D,D,1,Y,,,,Y,Y,N,60,0,0,0,1,0,0,0,0,0,"- ","- ",34.171990000000001,-118.84692,VENTURA,"THOUSAND OAKS",-118.84775148999999,34.172486650000003
6607258,2014,2014-09-08,5608,2014-08-20,1625,406,,3,5,6,5608,0,0,0,,0,003,"TELEGRAPH RD","ASHWOOD AV",0.00,,Y,A,-,N,,,,,,,,,,Y,2,0,2,3,A,-,09,21801,A,N,C,I,A,A,H,-,A,A,0,,,,,Y,,-,,1,1,0,0,0,0,0,0,0,"- ","- ",,,VENTURA,VENTURA,-119.23918,34.274440050000003
6616641,2014,2014-09-24,5600,2014-08-26,1525,4438,8012,2,5,5,5601,0,0,0,,0,8A1,"PONDEROSA DR","CALLE LA RODA",0.00,,Y,A,-,N,,,,,,,,,,Y,2,0,3,3,A,-,09,21802,A,N,D,C,A,A,H,-,A,A,0,,,,,Y,,A,01,1,2,0,0,0,0,0,0,0,"- ","- ",34.223599999999998,-119.06155,VENTURA,CAMARILLO,-119.06646001,34.223790100000002
6640522,2014,2014-10-08,5609,2014-09-23,1303,433,517,2,5,6,5609,0,0,0,,0,005,"LOS ANGELES AV","BUYERS ST",0.00,,Y,A,-,N,,,,,,,,,,Y,2,0,2,2,A,-,09,21802,A,N,D,C,A,A,H,-,A,A,0,,,,,Y,,A,01,1,1,0,0,0,0,0,0,0,"- ","- ",34.271630000000002,-118.71198,VENTURA,"SIMI VALLEY",-118.71196005,34.27168004
6652152,2014,2014-10-23,5609,2014-09-27,1833,443,607,6,5,6,5609,0,0,0,,0,006,"LOS ANGELES AV","STEARNS ST",0.00,,Y,A,-,N,,,,,,,,,,Y,2,0,3,2,A,-,01,23152,A,N,C,C,A,A,H,-,B,A,0,,,,,Y,Y,A,08,1,0,2,0,0,0,0,0,0,"- ","- ",,,VENTURA,"SIMI VALLEY",-118.69141009000001,34.271740010000002
6657969,2014,2016-06-24,9765,2014-10-10,1410,20540,,5,2,9,5600,0,1,3,,1,022,"RT 150","RICE RD",0.00,,Y,A,-,Y,VEN,7,150,-,R,14.113,I,5,W,Y,2,0,1,2,A,-,12,22450,A,N,D,C,A,A,H,-,A,A,0,,,,,Y,,A,01,1,0,0,0,0,0,0,0,0,"- ","- ",34.254750000000001,-119.17350999999999,VENTURA,UNINCORPORATED,-119.2930341,34.429512150000001
6657973,2014,2016-07-08,9765,2014-10-11,0734,17897,,6,1,9,5600,0,1,3,,1,062,"RT 1","LAS POSAS RD",3696.00,S,N,A,-,Y,VEN,7,1,-,-,9.530,H,-,S,Y,2,0,1,1,A,-,08,22107,,N,E,I,A,A,H,-,A,A,0,,,,,Y,Y,A,01,1,0,0,0,0,0,0,0,0,"- ","- ",34.10821,-119.07958000000001,VENTURA,UNINCORPORATED,-119.07939537999999,34.107789599999997
6665256,2014,2016-05-17,9770,2014-09-18,1200,017638,,4,1,6,5607,0,1,2,,2,075,"RT 101","RANCHO RD",2376.00,N,N,A,-,Y,VEN,7,101,-,-,3.510,H,-,S,Y,2,0,1,2,A,-,07,21658,A,N,B,C,A,A,D,-,A,D,1,,,,Y,Y,,G,25,1,0,0,0,0,0,0,0,0,"- ","- ",34.176369999999999,-118.86573,VENTURA,"THOUSAND OAKS",-118.86686553,34.176536400000003
6665294,2014,2014-12-15,9770,2014-10-01,1425,014675,,3,2,9,5600,0,2,4,,1,086,"TIERRA REJADA RD","LIBRARY VIEW RD",100.00,E,N,A,-,N,,,,,,,,,,Y,2,0,1,2,A,-,01,23152,E,F,H,G,A,A,H,-,A,D,0,,Y,,,Y,,A,01,1,0,0,0,0,0,1,0,0,"- ","- ",34.269669999999998,-118.83237,VENTURA,UNINCORPORATED,-118.83249972999999,34.269418219999999
6666091,2014,2016-05-17,9770,2014-09-25,0750,015489,,4,1,6,5607,0,1,2,,2,073,"RT 101","WENDY DR",1500.00,N,N,A,-,Y,VEN,7,101,-,-,8.170,H,-,S,Y,2,0,1,2,A,-,07,21658,A,N,B,C,A,A,H,-,A,D,1,,,Y,,Y,,A,01,1,0,0,0,0,0,0,0,1,"- ","- ",34.192030000000003,-118.94481,VENTURA,"THOUSAND OAKS",-118.94378691999999,34.191664670000002
6667581,2014,2014-11-07,5600,2014-09-28,1316,2740,9041,7,5,6,5607,0,0,0,,0,09B,"WESTLAKE BL","LANG RANCH PKWY",12.00,S,N,A,-,N,,,,,,,,,,Y,2,0,1,2,A,-,09,21802,A,N,H,A,A,A,H,-,A,A,0,,,Y,,Y,,A,07,1,0,0,0,0,0,0,0,1,"- ","- ",,,VENTURA,"THOUSAND OAKS",-118.82341329,34.21155898
6670118,2014,2014-12-17,9765,2014-10-11,0347,020481,,6,3,9,5600,0,1,2,,2,301,"RT 101","TELEPHONE RD",528.00,N,N,A,-,Y,,,101,,,,,,,Y,2,0,1,1,A,-,08,22107,,N,E,I,A,A,H,-,D,D,0,,,,,Y,,A,01,1,0,0,0,0,0,0,0,0,"- ","- ",34.263159999999999,-119.23309999999999,VENTURA,UNINCORPORATED,-119.2330685,34.26322073
6671731,2014,2014-11-14,5609,2014-09-29,1926,388,,1,5,6,5609,0,0,0,,0,002,"MADERA RD","COUNTRY CLUB DR",0.00,,Y,A,-,N,,,,,,,,,,Y,2,0,4,2,A,-,12,21453,A,N,A,C,A,A,H,-,C,A,0,,,,,Y,,D,22,1,3,0,0,0,0,0,0,0,"- ","- ",,,VENTURA,"SIMI VALLEY",-118.82229009,34.251670070000003
6672417,2014,2014-12-18,9430,2014-10-02,1050,017153,,4,1,9,5600,0,3,5,,2,003,"RT 33","BERGES CREEK BRIDGE",448.00,S,N,A,-,Y,,,33,,,,,,,Y,2,0,1,1,A,-,08,22107,,N,E,I,A,A,H,-,A,D,0,,,Y,,Y,,C,02,1,0,0,0,0,0,0,0,1,"- ","- ",34.786270000000002,-119.44079000000001,VENTURA,UNINCORPORATED,-119.44082275,34.786220290000003
6673562,2014,2014-12-18,9765,2014-11-22,1056,20004,,6,1,9,5600,0,3,5,,2,001,"CANADA LARGA RD","VENTURA AV",27.00,E,N,A,-,N,,,,,,,,,,N,2,0,1,2,A,-,03,22350,,N,G,B,E,A,H,-,A,A,0,Y,,,,Y,,J,48,1,0,0,0,1,0,0,0,0,"- ","- ",34.341740000000001,-119.29384,VENTURA,UNINCORPORATED,-119.29378070999999,34.341652549999999
6678118,2015,2016-03-15,5608,2015-10-20,1010,435,5608,2,5,6,5608,0,0,0,,0,002,"EAST THOMPSON BL","BORCHARD DR",243.00,E,N,A,-,N,,,,,,,,,,Y,1,1,0,2,A,-,09,21804,A,N,D,C,A,A,H,-,A,A,0,,,,,Y,,-,,0,0,0,0,0,0,0,0,0,"- ","- ",,,VENTURA,VENTURA,-119.25952856000001,34.272215119999998
6683004,2014,2014-12-23,5600,2014-10-17,1610,3364,9000,5,5,6,5607,0,0,0,,0,09A,"OLSEN RD","STARFIRE AV",481.00,S,N,A,-,N,,,,,,,,,,Y,2,0,1,1,A,-,08,22107,,N,E,I,A,A,H,-,A,D,0,,,Y,,Y,,C,02,1,0,0,0,0,0,0,0,1,"- ","- ",,,VENTURA,"THOUSAND OAKS",-118.88831977,34.222285960000001
6688831,2014,2014-12-24,9765,2014-10-20,0023,020187,,1,3,6,5604,0,1,2,,2,530,"RT 101","ROSE AV",1056.00,S,N,A,-,Y,,,101,,,,,,,Y,2,0,1,1,A,-,08,22107,,N,E,I,A,A,H,-,C,D,0,,,,,Y,,A,01,1,0,0,0,0,0,0,0,0,"- ","- ",34.223500000000001,-119.14957,VENTURA,OXNARD,-119.14958491,34.22335674
6695147,2014,2015-01-07,9765,2014-11-04,1345,016420,,2,1,9,5600,0,1,3,,1,020,"RT 33","PARK VIEW DR",528.00,S,N,A,-,Y,,,33,,,,,,,Y,2,0,1,1,A,-,08,22107,,N,E,I,A,A,H,-,A,D,0,,,,,Y,,A,07,1,0,0,0,0,0,0,0,0,"- ","- ",34.360660000000003,-119.30959,VENTURA,UNINCORPORATED,-119.30961619999999,34.36065782
6704517,2014,2015-01-13,9765,2014-11-10,0450,20540,,1,3,9,5600,0,2,4,,2,590,"SANTA CLARA AV","CENTRAL AV",1584.00,S,N,A,-,N,,,,,,,,,,Y,2,0,1,1,A,-,08,22107,,N,E,I,A,A,H,-,D,D,0,,,,,Y,,A,01,1,0,0,0,0,0,0,0,0,"- ","- ",34.234780000000001,-119.13003999999999,VENTURA,UNINCORPORATED,-119.12908587,34.235814179999998
6714700,2014,2015-01-13,9770,2014-11-03,2038,014454,,1,2,6,5607,0,1,2,,2,074,"RT 101","MOORPARK RD",528.00,S,N,A,-,Y,,,101,,,,,,,Y,2,0,1,2,A,-,03,22350,,N,D,C,A,A,D,-,C,D,0,,,,,Y,,A,01,1,0,0,0,0,0,0,0,0,"- ","- ",34.177210000000002,-118.87394999999999,VENTURA,"THOUSAND OAKS",-118.87394684,34.177245900000003
6718157,2014,2016-01-14,9765,2014-10-02,0415,19884,,4,3,9,5600,0,1,2,,1,101,"RT 101","MUSSEL SHOALS",110.00,N,N,B,-,Y,VEN,7,101,-,-,40.910,H,-,S,Y,1,1,0,1,A,-,03,22350,,N,E,I,A,A,D,-,D,D,5,,,,,Y,Y,A,01,0,0,0,0,0,0,0,0,0,"- ","- ",34.356200000000001,-119.44088000000001,VENTURA,UNINCORPORATED,-119.44086436000001,34.35626791
6718592,2017,2018-02-16,5600,2017-07-30,1136,4615,8126,7,5,5,5601,0,0,0,,0,08C,"KELLEY AV","HARTNELL ST",0.00,,Y,A,-,N,,,,,,,,,,Y,1,1,0,1,A,-,01,23152,G,N,E,I,A,A,H,-,A,D,0,,,Y,,Y,Y,C,02,0,0,0,0,0,0,0,1,0,"- ","- ",34.134050000000002,-119.01854,VENTURA,CAMARILLO,-119.03091003999999,34.223430100000002
6718638,2017,2018-03-01,5608,2017-09-26,1903,322,5608,2,5,6,5608,0,0,0,,0,002,"E MAIN ST","N KATHERINE ST",0.00,,Y,A,-,N,,,,,,,,,,Y,1,1,0,1,C,-,18,,,N,E,I,A,A,B,G,B,A,0,,,,,Y,,-,"- ",0,0,0,0,0,0,0,0,0,"- ","- ",,,VENTURA,VENTURA,-119.26152998000001,34.274780110000002
6718718,2017,2019-04-08,5606,2017-11-10,1734,1065,5606,5,5,4,5606,0,0,0,,0,001,"HARVARD BL","ELM ST",114.00,W,N,A,-,N,,,,,,,,,,N,1,1,0,2,A,-,11,21954,A,N,G,B,D,A,H,-,D,D,0,Y,,,,Y,Y,N,60,0,0,0,1,0,0,0,0,0,"- ","- ",,,VENTURA,"SANTA PAULA",-119.08352039,34.34121227
6727959,2014,2015-01-15,9765,2014-11-22,0600,020850,,6,1,6,5608,0,1,2,,2,302,"RT 101","TELEPHONE RD",528.00,S,N,A,-,Y,,,101,,,,,,,Y,2,0,1,1,A,-,03,22350,,N,F,A,A,A,H,-,B,D,0,,,Y,,Y,,C,02,1,0,0,0,0,0,0,0,1,"- ","- ",34.261789999999998,-119.22942999999999,VENTURA,VENTURA,-119.22946718,34.261711550000001
6738569,2014,2015-01-23,9765,2014-11-21,1225,020912,,5,1,9,5600,0,3,5,,2,006,"LAGUNA RD","WOOD RD",4249.00,E,N,A,-,N,,,,,,,,,,Y,2,0,1,2,A,-,06,21750,,N,D,C,A,A,H,-,A,D,0,,,Y,,Y,,C,02,1,0,0,0,0,0,0,0,1,"- ","- ",34.176229999999997,-119.08154,VENTURA,UNINCORPORATED,-119.08231012,34.176137009999998
6738701,2014,2015-01-29,9765,2014-12-03,0700,020880,,3,1,5,5601,0,1,2,,2,503,"RT 101","CAMARILLO OH & SEP BRIDGE",114.00,N,N,B,-,Y,,,101,,,,,,,Y,2,0,1,1,A,-,03,22350,,N,E,I,A,B,H,-,A,D,0,,,,,Y,,A,01,1,0,0,0,0,0,0,0,0,"- ","- ",34.216830000000002,-119.03496,VENTURA,CAMARILLO,-119.03493878,34.216918980000003
6738902,2014,2015-01-16,9765,2014-11-29,0202,18884,,6,3,6,5604,0,1,2,,2,530,"RT 101","VINEYARD AV",300.00,S,N,A,-,Y,,,101,,,,,,,Y,2,0,2,1,A,-,03,22350,,N,F,A,A,A,H,-,C,D,0,,,Y,,Y,Y,C,02,1,1,0,0,0,0,0,0,2,TO,"- ",34.230400000000003,-119.1717,VENTURA,OXNARD,-119.17175134,34.230348110000001
6745261,2014,2014-12-30,5606,2014-10-08,1430,1084,5606,3,5,4,5606,0,0,0,,0,002,"SANTA PAULA ST","8TH ST",0.00,,Y,A,-,N,,,,,,,,,,N,2,0,3,4,A,-,10,21950,A,N,G,B,B,A,H,-,A,A,0,Y,,,,Y,,A,07,1,1,1,0,3,0,0,0,0,"- ","- ",,,VENTURA,"SANTA PAULA",-119.06559008000001,34.356030019999999
6745519,2014,2015-01-20,5600,2014-11-22,1233,4552,5600,6,5,5,5601,0,0,0,,0,08A,"PLEASANT VALLEY RD","LAS POSAS RD",0.00,,Y,A,-,N,,,,,,,,,,Y,2,0,1,2,A,-,01,23152,A,N,D,C,A,A,H,-,A,A,0,,,,,Y,Y,A,01,1,0,0,0,0,0,0,0,0,"- ","- ",34.205570000000002,-119.06972,VENTURA,CAMARILLO,-119.06968006,34.205590100000002
6750090,2014,2015-01-06,5600,2014-10-15,1451,2110,9018,3,5,6,5607,0,0,0,,0,09A,"MOORPARK RD","AVENIDA DE LOS ARBOLES",0.00,,Y,B,-,N,,,,,,,,,,Y,2,0,1,2,A,-,12,21453,A,N,H,C,A,A,H,-,A,A,0,,,Y,,Y,,C,02,1,0,0,0,0,0,0,0,1,"- ","- ",,,VENTURA,"THOUSAND OAKS",-118.86840006,34.218070109999999
6758935,2014,2014-12-22,5606,2014-09-28,2017,1025,5606,7,5,4,5606,0,0,0,,0,002,"SANTA PAULA ST","12TH ST",0.00,,Y,A,-,N,,,,,,,,,,N,2,0,1,2,A,-,01,23152,A,N,D,C,A,A,H,-,C,A,0,,,Y,,Y,Y,C,02,1,0,0,0,0,0,0,0,1,"- ","- ",,,VENTURA,"SANTA PAULA",-119.05740005,34.358640000000001
6763469,2014,2015-02-09,5600,2014-12-10,0747,3924,,3,5,4,5690,0,0,0,,0,,"RT 118","GABBERT RD",47.00,E,N,A,-,Y,,,,,,,,,,Y,2,0,1,2,A,-,08,22107,,N,-,C,A,A,H,-,A,A,0,,,Y,Y,Y,,F,26,1,0,0,0,0,0,0,0,1,"- ","- ",,,VENTURA,MOORPARK,,
6764238,2014,2015-02-03,5600,2014-12-07,1722,4438,8252,7,5,5,5601,0,0,0,,0,8D1,"SANTA ROSA RD","RT 101",26.00,,N,A,-,Y,,,,,,,,,,Y,2,0,1,2,A,-,01,23152,A,N,D,C,A,A,H,-,B,A,0,,,Y,,Y,Y,C,02,1,0,0,0,0,0,0,0,1,"- ","- ",34.214889999999997,-119.00691999999999,VENTURA,CAMARILLO,,
6772081,2014,2015-02-06,9770,2014-12-18,0358,20040,,4,3,6,5607,0,1,2,,2,075,"RT 101","RANCHO RD",2112.00,S,N,A,-,Y,,,101,,,,,,,Y,2,0,2,2,A,-,01,23152,A,N,A,C,A,A,D,-,D,D,0,,,,,Y,Y,A,01,2,0,0,0,0,0,0,0,0,"- ","- ",34.175359999999998,-118.85317000000001,VENTURA,"THOUSAND OAKS",-118.85316684999999,34.175372449999998
6772116,2014,2015-02-05,9770,2014-12-25,1445,18862,,4,2,9,5600,0,1,3,,1,051,"RT 118","LA CUMBRE RD",151.00,E,N,A,-,Y,,,118,,,,,,,Y,2,0,5,2,A,-,01,23152,A,N,B,C,A,A,H,-,A,D,0,,,,,Y,Y,A,01,1,0,4,0,0,0,0,0,0,"- ","- ",34.265070000000001,-118.98011,VENTURA,UNINCORPORATED,-118.98010832999999,34.265059270000002
6775038,2015,2016-04-13,9765,2015-01-05,2155,20917,,1,2,9,5600,0,3,5,,2,004,"LIRIO AV","NARDO ST",299.00,S,N,A,-,N,,,,,,,,,,N,2,0,1,2,A,-,03,22350,,N,G,B,E,A,H,-,D,D,0,Y,,,,Y,,A,01,1,0,0,0,1,0,0,0,0,"- ","- ",34.279890000000002,-119.14845,VENTURA,UNINCORPORATED,-119.14834553999999,34.279983190000003
6783920,2016,2016-07-15,5608,2016-06-29,0101,451,,3,5,6,5608,0,0,0,,0,002,"HARBOR BL","SAN PEDRO ST",232.00,E,N,A,-,N,,,,,,,,,,Y,2,0,1,1,A,-,08,22107,,N,E,I,A,A,H,-,C,D,0,,,,,Y,,-,,1,0,0,0,0,0,0,0,0,"- ","- ",,,VENTURA,VENTURA,-119.27326767,34.269096589999997
6791156,2015,2016-10-27,9770,2015-01-05,1850,20721,,1,2,9,5600,0,1,3,,1,045,"RT 126","CENTER ST",1320.00,W,N,A,-,Y,VEN,7,126,-,R,29.050,H,-,E,Y,2,0,1,2,A,-,09,21804,A,N,D,C,A,A,H,-,D,D,5,,,,Y,Y,,G,25,1,0,0,0,0,0,0,0,0,"- ","- ",34.411050000000003,-118.78231,VENTURA,UNINCORPORATED,-118.78425015000001,34.41074948
6795014,2014,2015-02-13,9770,2014-12-24,0530,018862,,3,3,6,5607,0,1,3,,2,077,"RT 23","AVENIDA DE LAS FLORES",414.00,S,N,A,-,Y,,,23,,,,,,,Y,2,0,1,1,A,-,01,23152,A,N,E,I,A,A,H,-,D,D,0,,,,,Y,Y,A,01,1,0,0,0,0,0,0,0,0,"- ","- ",34.20487,-118.85183000000001,VENTURA,"THOUSAND OAKS",-118.85191579000001,34.20497443
6795160,2015,2016-10-27,9770,2015-01-11,0900,018942,,7,1,6,5609,0,1,3,,2,083,"RT 118","STEARNS ST",707.00,W,N,B,-,Y,VEN,7,118,-,R,28.690,H,-,E,Y,2,0,1,1,A,-,08,22107,,N,E,I,A,B,H,-,A,D,1,,,,,Y,,A,01,1,0,0,0,0,0,0,0,0,"- ","- ",34.281390000000002,-118.69368,VENTURA,"SIMI VALLEY",-118.69384448,34.281486030000003
6799315,2015,2015-02-19,5600,2015-01-10,1722,336X,9154,6,5,6,5607,0,0,0,,0,09G,"THOUSAND OAKS BL","FAIRVIEW RD",36.00,E,N,B,C,N,,,,,,,,,,Y,2,0,1,3,A,-,09,21802,A,N,D,D,A,B,H,-,C,A,0,,,,,Y,,A,01,1,0,0,0,0,0,0,0,0,"- ","- ",,,VENTURA,"THOUSAND OAKS",-118.83747176999999,34.170243829999997
6800408,2015,2015-03-03,5600,2015-01-26,1932,2740,9024,1,5,6,5607,0,0,0,,0,09B,"AVENIDA DE LOS ARBOLES","PARKVIEW DR",230.00,W,N,B,C,N,,,,,,,,,,Y,2,0,1,1,A,-,03,22350,,N,E,I,A,B,H,-,C,D,0,,,,,Y,,A,01,1,0,0,0,0,0,0,0,0,"- ","- ",,,VENTURA,"THOUSAND OAKS",-118.8365259,34.211792520000003
6803825,2015,2015-02-24,5609,2015-01-08,1854,433,615,4,5,6,5609,0,0,0,,0,006,"YOSEMITE AV","LOS ANGELES AV",17.00,S,N,A,-,N,,,,,,,,,,N,2,0,1,2,A,-,11,21456,B,N,G,B,B,A,H,-,C,A,0,Y,,,,Y,,N,60,1,0,0,0,1,0,0,0,0,"- ","- ",,,VENTURA,"SIMI VALLEY",-118.67839889,34.271693370000001
6803827,2015,2015-02-24,5609,2015-01-16,1600,433,418,5,5,6,5609,0,0,0,,0,004,"COCHRAN ST","COLONIAL WY",345.00,E,N,A,-,N,,,,,,,,,,Y,2,0,1,2,A,-,09,21804,A,N,F,-,A,A,H,-,A,D,0,,,Y,,Y,,A,01,1,0,0,0,0,0,0,0,1,"- ","- ",,,VENTURA,"SIMI VALLEY",,
6811981,2015,2015-03-04,5605,2015-01-20,0706,158,PATRO,2,5,3,5605,0,0,0,,0,GRID2,"CHANNEL ISLANDS BL",WHEELHOUSE,91.00,W,N,A,-,N,,,,,,,,,,Y,2,0,1,2,A,-,03,22350,,N,C,C,A,A,H,-,A,A,0,,,Y,,Y,,A,01,1,0,0,0,0,0,0,0,1,"- ","- ",,,VENTURA,"PORT HUENEME",-119.21302047,34.176014850000001
6815747,2015,2016-09-20,9765,2015-01-30,0640,020004,,5,1,9,5600,0,1,3,,1,020,"RT 33","SANTA ANA BL",0.00,,Y,B,-,Y,VEN,7,33,-,-,9.040,I,5,S,Y,2,0,1,3,A,-,09,21801,A,N,B,C,A,A,H,-,A,A,0,,,,,Y,,A,01,1,0,0,0,0,0,0,0,0,"- ","- ",34.400219999999997,-119.29978,VENTURA,UNINCORPORATED,-119.29978537,34.400461229999998
6815901,2015,2016-09-23,9765,2015-02-01,0940,20912,,7,1,9,5600,0,1,3,,1,012,"RT 1","DULAH RD",3696.00,S,N,A,-,Y,VEN,7,1,-,-,22.530,H,-,S,N,2,0,2,2,A,-,03,22350,,N,H,G,A,A,H,-,A,D,0,,Y,,,Y,,L,04,2,0,0,0,0,0,2,0,0,"- ","- ",34.30424,-119.34875,VENTURA,UNINCORPORATED,-119.34859662,34.30416408