CASE_ID,ACCIDENT_YEAR,PROC_DATE,JURIS,COLLISION_DATE,COLLISION_TIME,OFFICER_ID,REPORTING_DISTRICT,DAY_OF_WEEK,CHP_SHIFT,POPULATION,CNTY_CITY_LOC,SPECIAL_COND,BEAT_TYPE,CHP_BEAT_TYPE,CITY_DIVISION_LAPD,CHP_BEAT_CLASS,BEAT_NUMBER,PRIMARY_RD,SECONDARY_RD,DISTANCE,DIRECTION,INTERSECTION,WEATHER_1,WEATHER_2,STATE_HWY_IND,CALTRANS_COUNTY,CALTRANS_DISTRICT,STATE_ROUTE,ROUTE_SUFFIX,POSTMILE_PREFIX,POSTMILE,LOCATION_TYPE,RAMP_INTERSECTION,SIDE_OF_HWY,TOW_AWAY,COLLISION_SEVERITY,NUMBER_KILLED,NUMBER_INJURED,PARTY_COUNT,PRIMARY_COLL_FACTOR,PCF_CODE_OF_VIOL,PCF_VIOL_CATEGORY,PCF_VIOLATION,PCF_VIOL_SUBSECTION,HIT_AND_RUN,TYPE_OF_COLLISION,MVIW,PED_ACTION,ROAD_SURFACE,ROAD_COND_1,ROAD_COND_2,LIGHTING,CONTROL_DEVICE,CHP_ROAD_TYPE,PEDESTRIAN_ACCIDENT,BICYCLE_ACCIDENT,MOTORCYCLE_ACCIDENT,TRUCK_ACCIDENT,NOT_PRIVATE_PROPERTY,ALCOHOL_INVOLVED,STWD_VEHTYPE_AT_FAULT,CHP_VEHTYPE_AT_FAULT,COUNT_SEVERE_INJ,COUNT_VISIBLE_INJ,COUNT_COMPLAINT_PAIN,COUNT_PED_KILLED,COUNT_PED_INJURED,COUNT_BICYCLIST_KILLED,COUNT_BICYCLIST_INJURED,COUNT_MC_KILLED,COUNT_MC_INJURED,PRIMARY_RAMP,SECONDARY_RAMP,LATITUDE,LONGITUDE,COUNTY,CITY,POINT_X,POINT_Y
6820179,2015,2016-09-08,5600,2015-02-07,1235,3754,8125,6,5,5,5601,0,0,0,,0,08C,"RT 34","DAILY DR",0.00,,Y,B,C,Y,VEN,7,34,-,-,13.657,I,5,E,Y,2,0,1,2,A,-,09,21801,A,N,H,C,A,B,H,-,A,A,0,,,,,Y,,A,01,1,0,0,0,0,0,0,0,0,"- ","- ",34.217390000000002,-119.03342000000001,VENTURA,CAMARILLO,-119.03352700000001,34.217386879999999
6825125,2015,2015-03-09,5608,2015-02-12,1915,409,,4,5,6,5608,0,0,0,,0,,"TELEPHONE RD","COUNTY SQUARE DR",0.00,,Y,A,-,N,,,,,,,,,,Y,2,0,1,2,A,-,09,21801,A,N,-,C,A,A,H,-,C,A,0,,,,,Y,,-,,1,0,0,0,0,0,0,0,0,"- ","- ",34.265090000000001,-119.21425000000001,VENTURA,VENTURA,-119.21427987,34.26517011
6825141,2015,2015-03-12,5608,2015-02-16,1844,462,,1,5,6,5608,0,0,0,,0,004,"NORTH BANK DR","POTOMAC AV",0.00,,Y,A,-,N,,,,,,,,,,N,2,0,1,2,A,-,10,21950,A,N,G,B,B,A,H,-,C,D,0,Y,,,,Y,,-,,1,0,0,0,1,0,0,0,0,"- ","- ",,,VENTURA,VENTURA,-119.17269002,34.264640100000001
6825161,2015,2016-04-12,5608,2015-02-04,1155,322,,3,5,6,5608,0,0,0,,0,004,"VALENTINE RD","RT 101",610.00,W,N,A,-,N,,,,,,,,,,Y,2,0,1,1,A,-,08,22107,,N,E,I,A,A,H,-,A,D,0,,,,,Y,,-,,1,0,0,0,0,0,0,0,0,"- ",SO,,,VENTURA,VENTURA,-119.22985554,34.261268829999999
6836521,2014,2015-04-27,5608,2014-02-24,1752,469,,1,5,6,5608,0,0,0,,0,004,"TELEPHONE RD","PORTOLA RD",0.00,,Y,A,-,N,,,,,,,,,,N,2,0,1,2,A,-,11,21456,B,N,D,B,B,A,H,-,A,A,0,Y,,,,Y,,N,60,1,0,0,0,1,0,0,0,0,"- ","- ",,,VENTURA,VENTURA,-119.22514996,34.263590010000001
6839515,2015,2016-10-27,5600,2015-02-13,1739,2277,6005,5,5,3,5602,0,0,0,,0,06A,"RT 126","C ST",0.00,,Y,A,-,Y,VEN,7,126,-,-,20.591,I,5,W,Y,2,0,4,2,A,-,09,21801,A,N,H,C,A,A,H,-,B,A,0,,,,,Y,,A,01,2,1,1,0,0,0,0,0,0,"- ","- ",34.39499,-118.92726,VENTURA,FILLMORE,-118.92719633,34.394996849999998
6854266,2014,2015-04-20,5604,2014-05-01,1844,4755,,4,5,6,5604,0,0,0,,0,011,"VENTURA RD","HOLLY AV",405.00,N,N,A,-,N,,,,,,,,,,Y,1,1,0,1,A,-,08,22107,,N,A,I,A,A,H,-,A,D,0,,,,,Y,,A,01,0,0,0,0,0,0,0,0,0,"- ","- ",,,VENTURA,OXNARD,-119.19459596999999,34.227751519999998
6854326,2014,2016-01-07,9765,2014-10-28,0113,13830,,2,3,5,5601,0,1,2,,2,504,"RT 101","AMEILL RD",423.00,S,N,A,-,Y,VEN,7,101,-,-,14.050,H,-,N,N,1,1,0,3,A,-,01,23152,A,F,G,B,E,A,H,-,C,D,1,Y,,,,Y,Y,-,"- ",0,0,0,1,0,0,0,0,0,FR,"- ",34.217599999999997,-119.03740000000001,VENTURA,CAMARILLO,-119.03766535,34.217427260000001
6854387,2014,2015-04-27,9765,2014-11-25,1830,20882,,2,2,6,5608,0,1,2,,2,301,"RT 101","TELEPHONE RD",37.00,S,N,A,-,Y,VEN,7,101,-,-,25.950,H,-,S,Y,1,1,0,1,A,-,08,22107,,N,E,I,A,A,H,-,D,D,1,,,,,Y,,A,07,0,0,0,0,0,0,0,0,0,"- ","- ",34.262099999999997,-119.2308,VENTURA,VENTURA,-119.23084575,34.262148119999999
6854399,2014,2016-01-13,5604,2014-11-05,2312,4577,,3,5,6,5604,0,0,0,,0,,"VICTORIA AV","GONZALES RD",0.00,,Y,A,-,N,,,,,,,,,,Y,1,1,0,2,A,-,01,23152,A,N,C,C,A,A,H,-,C,A,0,,,,,Y,Y,-,,0,0,0,0,0,0,0,0,0,"- ","- ",,,VENTURA,OXNARD,-119.22128987000001,34.219450000000002
6854781,2015,2015-07-23,9765,2015-02-19,1845,20882,,4,2,9,5600,0,1,3,,2,053,"RT 232","RT 118",1320.00,S,N,A,-,Y,VEN,7,232,-,R,3.890,H,-,S,Y,1,1,0,2,A,-,11,21954,A,N,G,B,D,A,H,-,D,D,0,Y,,,,Y,,N,60,0,0,0,1,0,0,0,0,0,"- ","- ",34.27234,-119.13824,VENTURA,UNINCORPORATED,-119.13829138,34.272189419999997
6861321,2015,2015-04-14,9770,2015-02-25,0555,015489,,3,3,9,5600,0,2,4,,1,055,"OLD BALCOM CANYON RD","BALCOM CANYON RD",0.00,,Y,A,-,N,,,,,,,,,,Y,2,0,2,2,A,-,09,21802,A,N,D,C,A,A,H,-,D,A,0,,,,,Y,,D,22,2,0,0,0,0,0,0,0,0,"- ","- ",34.29025,-118.96041,VENTURA,UNINCORPORATED,-118.96196007,34.299910029999999
6865669,2015,2015-04-08,5600,2015-03-28,1420,4664,9170,6,5,6,5607,0,0,0,,0,09D,"LAKEVIEW CANYON RD","TOWNSGATE RD",74.00,N,N,A,-,N,,,,,,,,,,N,2,0,1,1,A,-,03,22350,,N,H,A,A,A,H,-,A,A,0,,Y,,,Y,,L,04,1,0,0,0,0,0,1,0,0,"- ","- ",,,VENTURA,"THOUSAND OAKS",-118.81858269999999,34.150487380000001
6865944,2015,2016-08-12,9770,2015-03-12,2027,17221,,4,2,9,5600,0,1,3,,1,057,"RT 23","PASADENA AV",1056.00,S,N,A,-,Y,VEN,7,23,-,-,22.535,I,5,N,Y,1,1,1,2,A,-,01,23152,A,N,A,C,A,A,H,-,C,D,0,,,,,Y,Y,A,01,1,0,0,0,0,0,0,0,0,"- ","- ",34.37236,-118.91589,VENTURA,UNINCORPORATED,-118.91581583,34.372383640000002
6865948,2015,2016-09-20,9770,2015-03-15,1600,20721,,7,2,9,5600,0,1,3,,1,057,"RT 23","SAN MARINO OIL COMPANY RD",11616.00,S,N,A,-,Y,VEN,7,23,-,-,19.690,H,-,N,Y,2,0,1,1,A,-,08,22107,,N,E,I,A,A,H,-,A,D,0,,,,,Y,,A,01,1,0,0,0,0,0,0,0,0,"- ","- ",34.343240000000002,-118.90859,VENTURA,UNINCORPORATED,-118.90699051999999,34.344004720000001
6866784,2015,2017-04-25,9770,2015-03-05,0850,17732,,4,1,9,5600,0,1,3,,1,054,"RT 34","WEST ST",443.00,W,N,A,-,Y,VEN,7,34,-,-,16.950,H,-,W,Y,1,1,0,2,A,-,03,22350,,N,F,A,A,A,H,-,A,D,0,,,Y,Y,Y,,C,02,0,0,0,0,0,0,0,1,0,"- ","- ",34.254080000000002,-118.99692,VENTURA,UNINCORPORATED,-118.99709437,34.253827540000003
6870453,2015,2016-09-20,9765,2015-03-29,1133,020628,,7,1,9,5600,0,1,3,,1,021,"RT 33","ROSE VALLEY RD",55440.00,N,N,A,-,Y,VEN,7,33,-,-,36.290,H,-,N,Y,2,0,1,1,A,-,08,22107,,N,F,A,A,A,H,-,A,D,0,,,Y,,Y,,C,02,1,0,0,0,0,0,0,0,1,"- ","- ",34.596029999999999,-119.32442,VENTURA,UNINCORPORATED,-119.33723018000001,34.600611059999999
6875545,2015,2015-04-13,5600,2015-03-19,2243,4478,1000,4,5,2,5603,0,0,0,,0,1A01,"TOPA TOPA DR","EDISON POLE #X10635E",31.00,S,N,A,-,N,,,,,,,,,,N,2,0,1,1,A,-,01,21200,5,N,H,A,A,A,H,-,C,D,0,,Y,,,Y,Y,L,04,1,0,0,0,0,0,1,0,0,"- ","- ",,,VENTURA,OJAI,,
6883337,2015,2015-04-23,5609,2015-04-01,1139,374,,3,5,6,5609,0,0,0,,0,,"ALAMO ST","SYCAMORE DR",0.00,,Y,A,-,N,,,,,,,,,,Y,2,0,1,2,A,-,12,21453,A,N,A,C,A,A,H,-,A,A,0,,,Y,,Y,,C,02,1,0,0,0,0,0,0,0,1,"- ","- ",,,VENTURA,"SIMI VALLEY",-118.74381012000001,34.286330049999997
6887323,2015,2015-05-04,5606,2015-02-23,1015,1060,5606,1,5,4,5606,0,0,0,,0,001,"PALM AV","HARVARD BL",315.00,N,N,A,-,N,,,,,,,,,,N,2,0,1,2,A,-,11,21954,A,N,G,B,C,A,H,-,A,A,0,Y,,,,Y,,N,60,1,0,0,0,1,0,0,0,0,"- ","- ",,,VENTURA,"SANTA PAULA",-119.07016960999999,34.347795099999999
6887684,2015,2015-04-24,5600,2015-04-02,1645,2913,9036,4,5,6,5607,0,0,0,,0,09B,"MOSS CT","ORINDA CT",8.00,S,N,A,-,N,,,,,,,,,,N,2,0,1,2,A,-,11,21954,A,N,G,B,B,A,H,-,A,D,0,Y,,,,Y,,N,60,1,0,0,0,1,0,0,0,0,"- ","- ",,,VENTURA,"THOUSAND OAKS",-118.84719644,34.207881159999999
6891447,2015,2015-05-12,5600,2015-04-02,0845,4663,9164,4,5,6,5607,0,0,0,,0,09D,"HILLCREST DR","WESTLAKE BL",721.00,W,N,A,-,N,,,,,,,,,,Y,2,0,1,1,A,-,08,22107,,N,E,I,A,A,H,-,A,D,0,,,,,Y,,A,01,1,0,0,0,0,0,0,0,0,"- ","- ",,,VENTURA,"THOUSAND OAKS",-118.82260386,34.171087440000001
6910087,2015,2015-05-15,5608,2015-04-27,1643,458,,1,5,6,5608,0,0,0,,0,003,"TELEGRAPH RD","TELOMA DR",30.00,E,N,A,-,N,,,,,,,,,,Y,2,0,1,1,A,-,08,22107,,N,H,-,A,A,H,-,A,D,0,,,,,Y,,-,,1,0,0,0,0,0,0,0,0,"- ","- ",,,VENTURA,VENTURA,-119.22387218999999,34.276693690000002
6915674,2015,2016-12-03,9765,2015-05-02,1313,20087,,6,1,9,5600,0,1,3,,2,011,"RT 33","VENTURA AV",117.00,N,N,A,-,Y,VEN,7,33,-,R,4.110,H,-,S,Y,2,0,2,1,A,-,01,23152,E,N,E,I,A,A,H,-,A,D,1,,,,,Y,,D,22,2,0,0,0,0,0,0,0,0,"- ","- ",34.335970000000003,-119.2928,VENTURA,UNINCORPORATED,-119.29276104,34.336268779999997
6925426,2015,2015-06-23,5609,2015-05-16,1205,374,,6,5,6,5609,0,0,0,,0,,"KUEHNER DR","KATHERINE RD",220.00,S,N,A,-,N,,,,,,,,,,Y,2,0,1,2,A,-,08,22103,,N,D,C,A,A,H,-,A,D,0,,,Y,,Y,,C,02,1,0,0,0,0,0,0,0,1,"- ","- ",,,VENTURA,"SIMI VALLEY",-118.66206192999999,34.264666589999997
6930918,2015,2016-11-07,9770,2015-05-08,1740,018885,,5,2,9,5600,0,1,3,,1,052,"RT 118","GRIMES CANYON RD",581.00,W,N,B,-,Y,VEN,7,118,-,-,14.560,H,-,W,Y,2,0,1,2,A,-,05,21460,A,N,B,C,A,A,H,-,A,D,5,,,,Y,Y,,A,01,1,0,0,0,0,0,0,0,0,"- ","- ",34.273069999999997,-118.93243,VENTURA,UNINCORPORATED,-118.93246032,34.273053539999999
6948768,2015,2016-11-07,5600,2015-05-13,1613,4694,1005,3,5,2,5603,0,0,0,,0,1B01,"OJAI AV","MONTGOMERY ST",72.00,W,N,A,-,Y,VEN,7,150,-,-,17.700,H,-,E,N,2,0,1,2,A,-,03,22350,,N,C,C,A,A,H,-,A,A,0,,,,,Y,,D,23,1,0,0,0,0,0,0,0,0,"- ","- ",,,VENTURA,OJAI,-119.24167881,34.448121020000002
6956624,2015,2015-07-03,5609,2015-06-01,1859,388,,1,5,6,5609,0,0,0,,0,005,"LOS ANGELES AV","ANGUS AV",477.00,W,N,A,-,N,,,,,,,,,,N,2,0,1,2,A,-,09,21804,A,N,D,G,A,A,H,-,A,D,0,,Y,,,Y,,L,04,1,0,0,0,0,0,1,0,0,"- ","- ",,,VENTURA,"SIMI VALLEY",-118.70407618,34.271680000000003
6964242,2015,2015-07-10,5600,2015-06-01,2128,2740,9146,1,5,6,5607,0,0,0,,0,09D,"LINDERO CANYON RD","SYMPHONY LN",772.00,S,N,A,-,N,,,,,,,,,,Y,2,0,1,1,A,-,08,22107,,N,E,I,A,A,H,-,D,D,0,,,,,Y,,A,07,1,0,0,0,0,0,0,0,0,"- ","- ",,,VENTURA,"THOUSAND OAKS",-118.78867104,34.169809600000001
6978715,2015,2016-06-01,9765,2015-06-14,1139,20004,,7,1,9,5600,0,1,3,,1,022,"SANTA ANA RD","RT 150",528.00,S,N,A,-,N,,,,,,,,,,Y,2,0,1,1,A,-,03,22350,,N,E,I,A,A,H,-,A,D,0,,,Y,,Y,,C,02,1,0,0,0,0,0,0,0,1,"- ","- ",34.414279999999998,-119.33677,VENTURA,UNINCORPORATED,-119.33730482999999,34.416827480000002
6978954,2015,2016-12-03,9770,2015-06-15,1800,16561,,1,2,9,5600,0,1,3,,1,054,"RT 34","BELL ST",2640.00,W,N,A,-,Y,VEN,7,34,-,-,16.630,H,-,E,Y,2,0,3,2,A,-,05,21460,A,N,A,C,A,A,H,-,A,D,0,,,,,Y,,A,01,1,1,1,0,0,0,0,0,0,"- ","- ",34.247630000000001,-119.00620000000001,VENTURA,UNINCORPORATED,-119.00073946000001,34.25126436
6989756,2015,2017-01-13,9765,2015-07-01,2000,020808,,3,2,6,5604,0,1,2,,2,531,"RT 101","RT 1",1056.00,N,N,A,-,Y,VEN,7,101,-,-,22.730,H,-,S,N,2,0,1,1,A,-,01,23152,A,N,F,A,A,A,H,-,A,D,1,,,Y,,Y,Y,C,02,1,0,0,0,0,0,0,0,1,"- ","- ",34.241100000000003,-119.18601,VENTURA,OXNARD,-119.18126509,34.239354859999999
6992282,2015,2015-07-29,5608,2015-07-11,1650,466,,6,5,6,5608,0,0,0,,0,004,"VALENTINE RD","KNOLL DR",519.00,W,N,A,-,N,,,,,,,,,,Y,2,0,1,1,A,-,03,22350,,N,A,I,A,A,H,-,A,A,0,,,,,Y,,-,,1,0,0,0,0,0,0,0,0,"- ","- ",,,VENTURA,VENTURA,-119.22121033000001,34.257432850000001
7015903,2015,2017-01-13,9765,2015-07-22,1150,020302,,3,1,9,5600,0,1,2,,2,103,"RT 101","RT 1",1449.00,S,N,B,-,Y,VEN,7,101,-,-,22.460,H,-,S,Y,2,0,7,1,A,-,08,22107,,N,E,I,A,A,H,-,A,D,1,,,,,Y,,A,08,1,6,0,0,0,0,0,0,0,"- ","- ",34.213000000000001,-119.25211,VENTURA,UNINCORPORATED,-119.17778091,34.237099610000001
7016072,2015,2017-01-12,5609,2015-07-18,0822,374,,6,5,6,5609,0,0,0,,0,,"ERRINGER RD","SIMI TOWN CENTER WY",39.00,N,N,A,-,Y,VEN,7,118,-,R,25.009,R,4,W,N,2,0,1,1,A,-,03,22350,,N,F,A,A,A,C,-,A,A,0,,Y,,,Y,,L,04,1,0,0,0,0,0,1,0,0,"- ","- ",,,VENTURA,"SIMI VALLEY",-118.75808776,34.282428779999996
7042930,2015,2015-09-02,5608,2015-08-20,1809,422,VENTU,4,5,6,5608,0,0,0,,0,001,"NORTH VENTURA AV","PARK ROW",197.00,S,N,A,-,N,,,,,,,,,,N,2,0,1,2,A,-,11,21954,A,N,G,B,D,A,H,-,A,D,0,Y,,,,Y,Y,N,60,1,0,0,0,1,0,0,0,0,"- ","- ",,,VENTURA,VENTURA,-119.30001018999999,34.284065859999998
7044304,2015,2016-12-22,9765,2015-08-14,1613,017599,,5,2,9,5600,0,1,3,,1,062,"RT 1","DEER CREEK RD",822.00,N,N,A,-,Y,VEN,7,1,-,-,2.780,H,-,N,Y,2,0,3,2,A,-,09,21801,A,N,D,C,A,A,H,-,A,D,0,,,,,Y,,A,01,1,2,0,0,0,0,0,0,0,"- ","- ",34.063369999999999,-118.98808,VENTURA,UNINCORPORATED,-118.98776418,34.063278250000003
7045590,2015,2015-09-14,5608,2015-08-23,1247,373,,7,5,6,5608,0,0,0,,0,003,"DONNER AV","FREMONT ST",150.00,N,N,A,-,N,,,,,,,,,,N,2,0,1,1,A,-,03,22350,,N,F,-,A,A,H,-,A,D,0,,Y,,,Y,,L,,1,0,0,0,0,0,1,0,0,"- ","- ",,,VENTURA,VENTURA,-119.21136968,34.281154919999999
7050072,2015,2015-12-30,5600,2015-08-30,0733,4498,9024,7,5,6,5607,0,0,0,,0,09B,"ERBES RD","PEDERSON RD",0.00,,Y,A,-,N,,,,,,,,,,Y,2,0,2,2,A,-,01,23153,A,N,D,D,A,A,H,-,A,A,0,,,,,Y,Y,A,01,1,1,0,0,0,0,0,0,0,"- ","- ",,,VENTURA,"THOUSAND OAKS",-118.84271001,34.216930099999999
7054951,2015,2017-01-13,5600,2015-08-28,1158,3941,6007,5,5,3,5602,0,0,0,,0,6A01,"RT 126","C ST",137.00,W,N,A,-,Y,VEN,7,126,-,-,20.560,H,-,W,Y,2,0,1,2,A,-,09,21801,B,N,H,C,A,A,H,-,A,A,0,,,Y,,Y,,C,02,1,0,0,0,0,0,0,0,1,"- ","- ",,,VENTURA,FILLMORE,-118.92771885000001,34.394928899999996
7056065,2015,2015-09-30,5609,2015-09-04,2209,389,,5,5,6,5609,0,0,0,,0,001,"ERRINGER RD","COCHRAN ST",0.00,,Y,A,-,N,,,,,,,,,,Y,2,0,2,2,A,-,01,23152,A,N,A,C,A,A,H,-,C,A,0,,,,,Y,Y,A,07,1,0,1,0,0,0,0,0,0,"- ","- ",,,VENTURA,"SIMI VALLEY",-118.76140006999999,34.279010120000002
7070234,2015,2015-09-21,5605,2015-08-08,0023,158,PATRO,6,5,3,5605,0,0,0,,0,003,"7TH ST","7TH PL",0.00,,Y,A,-,N,,,,,,,,,,Y,2,0,1,2,A,-,03,22350,,N,A,I,A,A,H,-,C,D,0,,,,,Y,,-,,1,0,0,0,0,0,0,0,0,"- ","- ",,,VENTURA,"PORT HUENEME",-119.19104007,34.158450049999999
7073556,2015,2015-10-12,5600,2015-09-06,1433,1929,9024,7,5,6,5607,0,0,0,,0,09B,"ERBES RD","AVENIDA DE LOS ARBOLES",0.00,,Y,A,-,N,,,,,,,,,,N,2,0,1,2,A,-,12,21453,A,N,H,G,A,A,H,-,A,A,0,,Y,,Y,Y,Y,L,04,1,0,0,0,0,0,1,0,0,"- ","- ",,,VENTURA,"THOUSAND OAKS",-118.84014002000001,34.211800070000002
7092521,2015,2015-10-21,5600,2015-10-07,1912,5128,9024,3,5,6,5607,0,0,0,,0,09B,"AVENIDA DE LOS ARBOLES","KENSINGTON AV",0.00,,Y,A,-,N,,,,,,,,,,Y,2,0,2,2,A,-,09,21801,A,N,H,C,A,A,H,-,C,A,0,,,,,Y,,A,01,1,0,1,0,0,0,0,0,0,"- ","- ",,,VENTURA,"THOUSAND OAKS",-118.83154012,34.212400100000004
7096761,2015,2015-10-21,5608,2015-10-08,1133,429,2,4,5,6,5608,0,0,0,,0,002,"CITRUS DR","WELLS RD",453.00,E,N,A,-,N,,,,,,,,,,N,2,0,1,2,A,-,11,21954,A,N,D,B,E,A,H,-,A,A,0,Y,,,,Y,,N,60,1,0,0,0,1,0,0,0,0,"- ","- ",,,VENTURA,VENTURA,-119.15689926,34.291862950000002
7097346,2015,2015-10-21,5600,2015-10-04,2015,2740,9072,7,5,6,5607,0,0,0,,0,09G,"HILLCREST DR","ERBES RD",239.00,W,N,B,-,N,,,,,,,,,,Y,2,0,2,2,A,-,08,22107,,N,E,I,A,B,H,-,C,D,0,,,,,Y,,A,01,1,0,1,0,0,0,0,0,0,"- ","- ",,,VENTURA,"THOUSAND OAKS",-118.84821597,34.182378440000001
7103153,2015,2017-02-04,5600,2015-10-01,1810,3927,8127,4,5,5,5601,0,0,0,,0,08C,"KELLEY AV","KNIGHT RONDO",160.00,N,N,A,-,N,,,,,,,,,,N,2,0,1,2,A,-,11,21950,B,N,G,B,D,A,H,-,A,D,0,Y,,,,Y,,N,60,1,0,0,0,1,0,0,0,0,"- ","- ",34.222070000000002,-119.03094,VENTURA,CAMARILLO,-119.03091000000001,34.221999089999997
7121069,2015,2015-12-01,5608,2015-11-10,1752,373,,2,5,6,5608,0,0,0,,0,004,"VALENTINE RD","KNOLL DR",0.00,,Y,A,-,N,,,,,,,,,,Y,2,0,1,2,A,-,09,21801,A,N,D,C,A,A,H,-,C,D,0,,,,,Y,,-,,1,0,0,0,0,0,0,0,0,"- ","- ",,,VENTURA,VENTURA,-119.21967988999999,34.256790000000002
7133143,2015,2015-12-10,5609,2015-11-22,0803,310,115,7,5,6,5609,0,0,0,,0,001,"1ST ST","COCHRAN ST",0.00,,Y,A,-,N,,,,,,,,,,N,2,0,1,2,A,-,12,21453,A,N,D,G,A,A,H,-,A,A,0,,Y,,,Y,,A,01,1,0,0,0,0,0,1,0,0,"- ","- ",,,VENTURA,"SIMI VALLEY",-118.77899013,34.279020029999998
7135208,2015,2016-02-23,5600,2015-12-23,1322,5128,9085,3,5,6,5607,0,0,0,,0,09G,"THOUSAND OAKS BL","CLAY CT",167.00,W,N,A,-,N,,,,,,,,,,Y,2,0,1,2,A,-,08,21460,5,N,H,C,A,A,H,-,A,A,0,,,,Y,Y,,F,26,1,0,0,0,0,0,0,0,0,"- ","- ",,,VENTURA,"THOUSAND OAKS",-118.86510276,34.179302
7135830,2015,2015-12-14,5608,2015-11-30,1700,342,,1,5,6,5608,0,0,0,,0,003,"TELEGRAPH RD","VICTORIA AV",0.00,,Y,A,-,N,,,,,,,,,,N,2,0,1,2,A,-,09,21453,C,F,D,C,A,A,H,-,A,A,0,,,,,Y,,-,,1,0,0,0,0,0,0,0,0,"- ","- ",,,VENTURA,VENTURA,-119.21462990000001,34.278010080000001
7139221,2015,2016-01-07,5608,2015-12-17,1229,373,,4,5,6,5608,0,0,0,,0,004,"TELEPHONE RD","VICTORIA AV",230.00,E,N,A,-,N,,,,,,,,,,Y,2,0,6,7,A,-,03,22350,,N,B,B,B,A,H,-,A,A,0,Y,,,,Y,,-,,1,3,2,0,3,0,0,0,0,"- ","- ",,,VENTURA,VENTURA,-119.21180938000001,34.265560749999999
7144052,2015,2016-01-05,5609,2015-12-04,1322,374,,5,5,6,5609,0,0,0,,0,,"MADERA RD","SHAVER CT",0.00,N,N,A,-,N,,,,,,,,,,N,2,0,1,1,C,-,18,,,N,H,A,A,A,H,-,A,A,0,,,,,Y,,-,"- ",1,0,0,0,0,0,0,0,0,"- ","- ",34.255679999999998,-118.79862,VENTURA,"SIMI VALLEY",-118.79868002000001,34.255830009999997
7160317,2015,2016-01-20,5600,2015-12-31,2051,4533,6018,4,5,3,5602,0,0,0,,0,6B01,"A ST","SESPE AV",0.00,,Y,A,-,N,,,,,,,,,,N,2,0,1,1,C,-,18,,,N,H,A,A,A,H,-,C,D,0,,,,,Y,,-,"- ",1,0,0,0,0,0,0,0,0,"- ","- ",,,VENTURA,FILLMORE,-118.9185701,34.400060029999999
7165123,2016,2016-01-28,5600,2016-01-19,2105,3927,8023,2,5,5,5601,0,0,0,,0,08A,"LANTANA ST","PASEO CAMARILLO",18.00,S,N,B,-,N,,,,,,,,,,N,2,0,1,2,A,-,10,21950,A,F,G,B,B,B,H,-,C,A,0,Y,,,,Y,,A,01,1,0,0,0,1,0,0,0,0,"- ","- ",34.220820000000003,-119.05512,VENTURA,CAMARILLO,-119.05510254000001,34.220880989999998
7176872,2016,2016-02-08,5600,2016-01-18,1409,4689,5110,1,5,4,5690,0,0,0,,0,02A,"MILLER PKWY","SHAWNEE CT",211.00,N,N,C,-,N,,,,,,,,,,Y,2,0,2,1,A,-,03,22350,,N,E,I,A,B,H,-,A,A,0,,,,,Y,,A,01,1,1,0,0,0,0,0,0,0,"- ","- ",,,VENTURA,MOORPARK,-118.86164624,34.265670640000003
7190028,2016,2016-02-26,5600,2016-01-23,1811,1929,,6,5,6,5607,0,0,0,,0,09C,"WENDY DR","OLD CONEJO RD",15.00,S,N,A,-,Y,VEN,7,101,-,-,7.920,R,4,S,Y,1,1,1,1,A,-,08,22107,,N,E,I,A,A,H,-,C,A,0,,,,,Y,,A,01,1,0,0,0,0,0,0,0,0,"- ","- ",,,VENTURA,"THOUSAND OAKS",-118.93992892999999,34.189945520000002
7190172,2016,2016-05-20,5600,2016-03-27,2208,2277,8122,7,5,5,5601,0,0,0,,0,08C,"ARNEILL RD","ROCKLYN ST",8.00,N,N,B,-,N,,,,,,,,,,Y,1,1,0,2,A,-,11,21950,B,N,G,B,B,A,H,-,C,A,0,Y,,,,Y,,N,60,0,0,0,1,0,0,0,0,0,"- ","- ",34.232349999999997,-119.03899,VENTURA,CAMARILLO,-119.03908,34.232291959999998
7190205,2016,2016-06-17,5608,2016-02-18,1004,435,VTA,4,5,6,5608,0,0,0,,0,004,"BRISTOL RD","SUNRIDGE DR",0.00,,Y,A,-,N,,,,,,,,,,Y,1,1,0,2,A,-,11,21954,A,N,D,B,D,A,H,-,A,A,0,Y,,,,Y,,N,60,0,0,0,1,0,0,0,0,0,"- ","- ",,,VENTURA,VENTURA,-119.20140007000001,34.25402003
7190208,2016,2018-09-27,5600,2016-04-10,2136,4045,9012,7,5,6,5607,0,0,0,,0,9A01,"OLSEN RD","CALLE CONTENTO",750.00,E,N,A,-,N,,,,,,,,,,Y,1,1,0,1,D,-,00,,,N,A,I,A,A,H,-,D,D,0,,,,,Y,Y,-,"- ",0,0,0,0,0,0,0,0,0,"- ","- ",,,VENTURA,"THOUSAND OAKS",-118.85620049000001,34.235497219999999
7190638,2016,2018-09-27,5600,2016-11-06,1723,1929,9064,7,5,6,5607,0,0,0,,0,09B,"JANSS RD","KIRK AV",21.00,E,N,A,-,N,,,,,,,,,,Y,1,1,0,2,A,-,11,21954,A,N,G,B,D,A,H,-,B,D,0,Y,,,,Y,Y,N,60,0,0,0,1,0,0,0,0,0,"- ","- ",,,VENTURA,"THOUSAND OAKS",-118.87057066,34.199920800000001
7194250,2016,2016-03-08,5600,2016-02-11,0600,4375,1009,4,5,2,5603,0,0,0,,0,01B,"OJAI AV","SOUTH SHADY LN",713.00,E,N,A,-,N,,,,,,,,,,N,2,0,2,3,B,-,22,,,N,G,B,F,A,H,-,D,D,0,Y,,,,Y,,A,01,2,0,0,0,2,0,0,0,0,"- ","- ",34.44567,-119.23208,VENTURA,OJAI,-119.2324029,34.448627639999998
7194311,2016,2016-03-01,5600,2016-02-13,1349,3927,8135,6,5,5,5601,0,0,0,,0,08C,"LAS POSAS RD","FIELDGATE DR",0.00,,Y,A,-,N,,,,,,,,,,Y,2,0,1,2,A,-,09,21801,A,N,H,C,A,A,H,-,A,D,0,,,,,Y,,A,01,1,0,0,0,0,0,0,0,0,"- ","- ",34.241689999999998,-119.01784000000001,VENTURA,CAMARILLO,-119.01518007,34.242320079999999