CASE_ID,ACCIDENT_YEAR,PROC_DATE,JURIS,COLLISION_DATE,COLLISION_TIME,OFFICER_ID,REPORTING_DISTRICT,DAY_OF_WEEK,CHP_SHIFT,POPULATION,CNTY_CITY_LOC,SPECIAL_COND,BEAT_TYPE,CHP_BEAT_TYPE,CITY_DIVISION_LAPD,CHP_BEAT_CLASS,BEAT_NUMBER,PRIMARY_RD,SECONDARY_RD,DISTANCE,DIRECTION,INTERSECTION,WEATHER_1,WEATHER_2,STATE_HWY_IND,CALTRANS_COUNTY,CALTRANS_DISTRICT,STATE_ROUTE,ROUTE_SUFFIX,POSTMILE_PREFIX,POSTMILE,LOCATION_TYPE,RAMP_INTERSECTION,SIDE_OF_HWY,TOW_AWAY,COLLISION_SEVERITY,NUMBER_KILLED,NUMBER_INJURED,PARTY_COUNT,PRIMARY_COLL_FACTOR,PCF_CODE_OF_VIOL,PCF_VIOL_CATEGORY,PCF_VIOLATION,PCF_VIOL_SUBSECTION,HIT_AND_RUN,TYPE_OF_COLLISION,MVIW,PED_ACTION,ROAD_SURFACE,ROAD_COND_1,ROAD_COND_2,LIGHTING,CONTROL_DEVICE,CHP_ROAD_TYPE,PEDESTRIAN_ACCIDENT,BICYCLE_ACCIDENT,MOTORCYCLE_ACCIDENT,TRUCK_ACCIDENT,NOT_PRIVATE_PROPERTY,ALCOHOL_INVOLVED,STWD_VEHTYPE_AT_FAULT,CHP_VEHTYPE_AT_FAULT,COUNT_SEVERE_INJ,COUNT_VISIBLE_INJ,COUNT_COMPLAINT_PAIN,COUNT_PED_KILLED,COUNT_PED_INJURED,COUNT_BICYCLIST_KILLED,COUNT_BICYCLIST_INJURED,COUNT_MC_KILLED,COUNT_MC_INJURED,PRIMARY_RAMP,SECONDARY_RAMP,LATITUDE,LONGITUDE,COUNTY,CITY,POINT_X,POINT_Y
7199520,2015,2016-07-14,5608,2015-12-07,1915,435,5608,1,5,6,5608,0,0,0,,0,002,"S SEAWARD AV","ALESSANDRO RD",235.00,S,N,A,-,Y,VEN,7,101,-,-,28.604,R,4,N,,1,1,0,1,A,-,05,21651,A,N,-,I,A,A,H,-,C,A,0,,,,,Y,,-,,0,0,0,0,0,0,0,0,0,"- ","- ",,,VENTURA,VENTURA,-119.27068899,34.266964080000001
7199705,2016,2018-09-27,5609,2016-04-26,0432,310,406,2,5,6,5609,0,0,0,,0,004,"ALAMO ST","SYCAMORE DR",16.00,W,N,A,-,N,,,,,,,,,,Y,1,1,0,1,D,-,00,,,N,E,I,A,A,H,-,C,A,0,,,,,Y,Y,-,"- ",0,0,0,0,0,0,0,0,0,"- ","- ",34.286470000000001,-118.74402000000001,VENTURA,"SIMI VALLEY",-118.74386277000001,34.286327120000003
7199831,2016,2016-10-05,5608,2016-05-31,0835,423,,2,5,6,5608,0,0,0,,0,003,"DARLING RD","WISTERIA WY",54.00,W,N,A,-,N,,,,,,,,,,Y,1,1,0,2,A,-,09,21801,A,N,D,C,A,A,H,-,A,D,0,,,,,Y,,M,96,0,0,0,0,0,0,0,0,0,"- ","- ",,,VENTURA,VENTURA,-119.14833281,34.28978103
7200092,2017,2019-04-08,5600,2017-03-24,0525,1929,9014,5,5,6,5607,0,0,0,,0,09A,"PEDERSON RD","RADCLIFFE RD",300.00,W,N,A,-,N,,,,,,,,,,Y,1,1,0,1,A,-,08,22107,,N,E,I,A,A,H,-,D,D,0,,,,,Y,Y,A,01,0,0,0,0,0,0,0,0,0,"- ","- ",,,VENTURA,"THOUSAND OAKS",-118.86279485,34.227929160000002
7203334,2016,2016-03-11,5608,2016-02-27,1700,477,,6,5,6,5608,0,0,0,,0,004,"TELEPHONE RD","MONTGOMERY AV",0.00,,Y,A,-,N,,,,,,,,,,N,2,0,1,2,A,-,10,21950,A,N,G,B,B,A,H,-,B,A,0,Y,,,,Y,,-,,1,0,0,0,1,0,0,0,0,"- ","- ",,,VENTURA,VENTURA,-119.17936005999999,34.270190030000002
7203501,2016,2016-03-15,5608,2016-02-09,1757,322,,2,5,6,5608,0,0,0,,0,001,"FERRO DR","E CEDAR ST",1320.00,E,N,A,-,N,,,,,,,,,,Y,2,0,5,1,A,-,03,22350,,N,A,I,A,A,H,-,C,D,0,,,,,Y,,-,,1,2,2,0,0,0,0,0,0,"- ","- ",,,VENTURA,VENTURA,-119.29589321,34.283593199999999
7207281,2016,2016-08-12,5600,2016-02-25,1416,4498,9138,4,5,6,5607,0,0,0,,0,09G,"LOS PADRES DR","HAALAND DR",15.00,S,N,A,-,N,,,,,,,,,,N,2,0,2,3,A,-,10,21954,B,N,G,B,D,A,H,-,A,A,0,Y,,,,Y,,A,01,2,0,0,0,2,0,0,0,0,"- ","- ",,,VENTURA,"THOUSAND OAKS",-118.86989267,34.174988900000002
8002926,2016,2016-04-01,5608,2016-03-21,1821,428,VTA,1,5,6,5608,0,0,0,,0,002,"E MAIN ST","CHRISMAN AV",84.00,E,N,A,-,N,,,,,,,,,,N,2,0,1,2,A,-,08,22107,,N,D,G,A,A,H,-,A,D,0,,Y,,,Y,,-,,1,0,0,0,0,0,1,0,0,"- ","- ",,,VENTURA,VENTURA,-119.27724301000001,34.279766430000002
8002930,2016,2016-04-01,5608,2016-03-13,1020,451,,7,5,6,5608,0,0,0,,0,003,"TELEGRAPH RD","LINDEN DR",171.00,W,N,A,-,N,,,,,,,,,,Y,2,0,1,1,A,-,08,22107,,N,E,I,A,A,H,-,A,D,0,,,,,Y,,-,,1,0,0,0,0,0,0,0,0,"- ","- ",,,VENTURA,VENTURA,-119.16620838,34.292125210000002
8009996,2016,2016-04-08,5600,2016-03-22,1018,4827,9116,2,5,6,5607,0,0,0,,0,9C01,"LYNN RD","FELTON ST",621.00,N,N,A,-,N,,,,,,,,,,Y,2,0,1,1,A,-,08,22107,,N,E,I,A,A,H,-,A,D,0,,,,,Y,,A,07,1,0,0,0,0,0,0,0,0,"- ","- ",,,VENTURA,"THOUSAND OAKS",-118.93723151,34.167321880000003
8010144,2016,2016-04-11,5600,2016-03-12,2113,4863,9046,6,5,6,5607,0,0,0,,0,09A,"LYNN RD","JANSS RD",0.00,,Y,A,-,N,,,,,,,,,,Y,2,0,3,2,A,-,12,21453,A,N,H,C,A,A,H,-,C,A,0,,,,,Y,,A,01,2,0,1,0,0,0,0,0,0,"- ","- ",,,VENTURA,"THOUSAND OAKS",-118.88654004999999,34.20609005
8025531,2016,2017-02-10,5600,2016-03-29,1946,4898,1000,2,5,2,5603,0,0,0,,0,1A01,"RT 150","FOX ST",0.00,,Y,C,-,Y,VEN,7,150,-,-,17.801,I,5,W,N,2,0,1,2,A,-,10,21950,A,F,G,B,B,B,H,-,B,A,0,Y,,,,Y,,-,,1,0,0,0,1,0,0,0,0,"- ","- ",,,VENTURA,OJAI,-119.24002931,34.448160549999997
8025586,2016,2016-04-19,5600,2016-04-05,0929,4529,9050,2,5,6,5607,0,0,0,,0,09B,"MOORPARK RD","GAINSBOROUGH RD",12.00,N,N,A,-,N,,,,,,,,,,N,2,0,1,2,A,-,10,21950,A,N,G,B,B,A,H,-,A,A,0,Y,,,,Y,,A,01,1,0,0,0,1,0,0,0,0,"- ","- ",,,VENTURA,"THOUSAND OAKS",-118.8722284,34.194947599999999
8039032,2016,2016-05-20,5600,2016-04-18,0555,3147,9300,1,5,6,5607,0,0,0,,0,9C01,"LYNN RD","VIA ANDREA",0.00,,Y,A,-,N,,,,,,,,,,Y,2,0,2,2,A,-,09,21802,A,N,D,D,A,A,H,-,C,A,0,,,,,Y,Y,A,01,1,0,1,0,0,0,0,0,0,"- ","- ",,,VENTURA,"THOUSAND OAKS",-118.97750007,34.156400050000002
8039894,2016,2016-05-16,5608,2016-01-22,1748,475,,5,5,6,5608,0,0,0,,0,001,"NORTH VENTURA AV","EAST SANTA CLARA",0.00,,Y,A,-,N,,,,,,,,,,Y,2,0,2,2,A,-,09,21801,A,N,D,D,A,A,H,-,B,A,0,,,Y,,Y,,D,22,1,0,1,0,0,0,0,0,2,"- ","- ",,,VENTURA,VENTURA,-119.30076993,34.279520060000003
8070668,2016,2016-06-30,5609,2016-06-10,0619,374,,5,5,6,5609,0,0,0,,0,,"ALAMO ST","STEARNS ST",1056.00,E,N,A,-,N,,,,,,,,,,N,2,0,1,1,D,-,00,,,N,F,A,A,A,H,-,A,D,0,,Y,,,Y,,-,"- ",1,0,0,0,0,0,1,0,0,"- ","- ",34.286140000000003,-118.69148,VENTURA,"SIMI VALLEY",-118.68794961,34.286250000000003
8079464,2016,2016-07-26,5609,2016-07-12,0037,452,,2,5,6,5609,0,0,0,,0,004,"WALNUT ST","LEMON DR",362.00,E,N,A,-,N,,,,,,,,,,Y,2,0,1,1,A,-,08,22107,,F,E,I,A,A,H,-,D,D,0,,,,,Y,,D,22,1,0,0,0,0,0,0,0,0,"- ","- ",34.29524,-118.72651999999999,VENTURA,"SIMI VALLEY",-118.7258155,34.295865769999999
8093793,2016,2016-07-26,5609,2016-06-26,0144,452,,7,5,6,5609,0,0,0,,0,004,"FLOOD CONTROL ACCESS RD","ROYAL AV",343.00,W,N,A,-,N,,,,,,,,,,Y,2,0,1,1,A,-,01,23152,A,N,E,I,A,A,H,-,D,D,0,,,Y,,Y,Y,C,02,1,0,0,0,0,0,0,0,1,"- ","- ",34.264389999999999,-117.37791,VENTURA,"SIMI VALLEY",,
8094283,2016,2016-08-03,5600,2016-06-27,2145,4615,8210,1,5,5,5601,0,0,0,,0,08D,"SANTA ROSA RD","RANA PL",289.00,N,N,A,-,N,,,,,,,,,,Y,2,0,2,1,A,-,01,23152,F,N,E,I,A,A,H,-,C,D,0,,,,,Y,Y,D,22,1,1,0,0,0,0,0,0,0,"- ","- ",,,VENTURA,CAMARILLO,-119.00285515,34.220124749999997
8112405,2016,2016-09-01,5608,2016-08-11,0808,267,VENTU,4,5,6,5608,0,0,0,,0,002,"FOOTHILL RD","HOSPITAL RD",24.00,E,N,A,-,N,,,,,,,,,,Y,2,0,4,2,C,-,18,,,N,A,C,A,A,H,-,A,D,0,,,,,Y,,-,"- ",1,1,2,0,0,0,0,0,0,"- ","- ",,,VENTURA,VENTURA,-119.25361636,34.280814550000002
8113429,2016,2017-02-28,5600,2016-07-22,0955,4218,5148,5,5,4,5690,0,0,0,,0,02B,"RT 23","MARKET PL",0.00,,Y,A,-,Y,VEN,7,23,-,T,11.812,I,5,S,Y,2,0,2,2,A,-,12,21453,A,N,H,C,A,A,H,-,A,A,0,,,,,Y,,A,01,1,1,0,0,0,0,0,0,0,"- ","- ",,,VENTURA,MOORPARK,-118.86716835,34.280254720000002
8129797,2016,2017-02-18,5600,2016-09-07,0908,4498,9170,3,5,6,5607,0,0,0,,0,09D,"RT 23","TOWNSGATE RD",41.00,N,N,A,-,Y,VEN,7,23,-,R,3.110,H,-,S,N,2,0,1,1,A,-,03,22350,,N,F,A,A,A,G,-,A,A,0,,Y,,,Y,,L,04,1,0,0,0,0,0,1,0,0,"- ","- ",,,VENTURA,"THOUSAND OAKS",-118.82721999,34.154887049999999
81381849,2020,2021-01-06,5609,2020-05-09,1133,452,406,6,5,6,5609,0,0,0,,0,004,"JADESTONE AVE","EMERALD AVE",72.00,N,N,A,-,N,,,,,,,,,,N,1,1,0,1,A,-,03,22350,,N,H,A,A,A,B,-,A,D,0,,Y,,,Y,,L,04,0,0,0,0,0,1,0,0,0,"- ","- ",34.286960601806641,-118.73496246337891,VENTURA,"SIMI VALLEY",-118.73505401611328,34.287128448486328
81381946,2020,2021-01-06,5609,2020-01-15,0912,452,119,3,5,6,5609,0,0,0,,0,001,"FIRST ST","EASY ST",0.00,,Y,A,-,N,,,,,,,,,,Y,2,0,2,7,A,-,12,21453,A,N,D,C,A,A,H,-,A,A,0,,,,,Y,,A,01,2,0,0,0,0,0,0,0,0,"- ","- ",34.273540496826172,-118.77886962890625,VENTURA,"SIMI VALLEY",-118.77897644042969,34.273670196533203
81382042,2020,2021-01-06,5609,2020-08-03,1536,443,119,1,5,6,5609,0,0,0,,0,001,"EASY ST","FIRST ST",198.00,W,N,A,-,N,,,,,,,,,,Y,2,0,1,2,A,-,07,21658,A,N,F,C,A,A,H,-,A,D,0,,,,,Y,,A,01,1,0,0,0,0,0,0,0,0,"- ","- ",34.273441314697266,-118.77870178222656,VENTURA,"SIMI VALLEY",-118.77963256835938,34.273670196533203
81382091,2020,2021-01-06,5609,2020-08-24,1840,389,204,1,5,6,5609,0,0,0,,0,002,"FIRST ST","ASHLAND AVE",6.00,S,N,A,-,N,,,,,,,,,,N,2,0,1,1,A,-,04,21703,,N,E,I,A,A,H,-,A,D,0,,Y,,,Y,,L,04,1,0,0,0,0,0,1,0,0,"- ","- ",34.268539428710938,-118.77880096435547,VENTURA,"SIMI VALLEY",-118.77886199951172,34.268642425537109
81382112,2020,2021-01-06,5609,2020-08-31,1813,389,,1,5,6,5609,0,0,0,,0,002,"LAKE PARK DR","PARKFRONT PL",367.00,E,N,A,-,N,,,,,,,,,,N,2,0,1,2,A,-,03,22350,,N,C,E,A,A,H,-,A,D,0,,Y,,,Y,,L,04,1,0,0,0,0,0,1,0,0,"- ","- ",34.248741149902344,-118.80288696289062,VENTURA,"SIMI VALLEY",-118.80168151855469,34.248752593994141
81382272,2020,2021-01-06,5609,2020-11-01,1806,389,124,7,5,6,5609,0,0,0,,0,001,"FIRST ST","PACIFIC AVE",26.00,N,N,A,-,N,,,,,,,,,,Y,2,0,1,2,A,-,11,21954,A,N,G,B,D,A,H,-,C,D,0,Y,,,,Y,,N,60,1,0,0,0,1,0,0,0,0,"- ","- ",34.269561767578125,-118.77883148193359,VENTURA,"SIMI VALLEY",-118.77888488769531,34.269760131835938
81382432,2020,2021-01-06,5609,2020-12-26,0411,491,512,6,5,6,5609,0,0,0,,0,005,"LOS ANGELES AVE","BISHOP LN",275.00,E,N,A,-,N,,,,,,,,,,Y,2,0,1,1,A,-,01,23152,A,N,E,I,A,A,H,-,C,D,0,,,,,Y,Y,D,82,1,0,0,0,0,0,0,0,0,"- ","- ",34.271060943603516,-118.71412658691406,VENTURA,"SIMI VALLEY",-118.71339416503906,34.271678924560547
81382505,2020,2021-01-06,5609,2020-02-22,1414,452,602,6,5,6,5609,0,0,0,,0,006,"YOSEMITE AVE","COCHRAN ST",380.00,N,N,B,C,N,,,,,,,,,,Y,2,0,1,1,A,-,01,23152,A,N,F,A,A,B,H,-,A,D,0,,,Y,,Y,Y,C,02,1,0,0,0,0,0,0,0,1,"- ","- ",34.278171539306641,-118.67814636230469,VENTURA,"SIMI VALLEY",-118.67844390869141,34.280044555664062
8139580,2016,2017-01-03,5600,2016-12-08,0824,5234,9146,4,5,6,5607,0,0,0,,0,09D,"LINDERO CANYON RD","BOWFIELD ST",0.00,,Y,A,-,N,,,,,,,,,,Y,2,0,1,2,A,-,09,21802,A,N,D,D,A,A,H,-,A,D,0,,,,,Y,,A,01,1,0,0,0,0,0,0,0,0,"- ","- ",,,VENTURA,"THOUSAND OAKS",-118.78675011,34.180830049999997
8141664,2016,2016-10-12,5600,2016-10-01,2247,4698,5600,6,5,2,5603,0,0,0,,0,1B01,"S VENTURA ST","EDISON POLE #4625665E",27.00,S,N,A,-,N,,,,,,,,,,Y,2,0,2,1,A,-,01,23152,A,N,E,I,A,A,H,-,C,A,0,,,,,Y,Y,A,01,1,0,1,0,0,0,0,0,0,"- ","- ",,,VENTURA,OJAI,,
81477010,2021,2021-05-19,5609,2021-04-22,1134,435,,4,5,6,5609,0,0,0,,0,001,"COCHRAN ST","ERRINGER RD",0.00,,Y,A,-,N,,,,,,,,,,Y,2,0,2,2,A,-,09,21801,A,N,D,C,A,A,H,-,A,A,0,,,Y,,Y,,A,01,1,0,1,0,0,0,0,0,1,"- ","- ",34.278999328613281,-118.76123046875,VENTURA,"SIMI VALLEY",-118.76139831542969,34.279010772705078
81490041,2021,2021-06-07,5609,2021-05-02,1650,389,512,7,5,6,5609,0,0,0,,0,005,"TAPO ST","EVE RD",237.00,S,N,A,-,N,,,,,,,,,,Y,2,0,1,1,A,-,03,22350,,N,E,I,A,A,H,-,A,D,0,,,,,Y,,A,01,1,0,0,0,0,0,0,0,0,"- ","- ",34.282539367675781,-118.70903778076172,VENTURA,"SIMI VALLEY",-118.70893859863281,34.281970977783203
8149452,2016,2016-10-21,5600,2016-09-27,1921,4438,8212,2,5,5,5601,0,0,0,,0,8D1,"SANTA ROSA RD","WOODCREEK RD",80.00,E,N,A,-,N,,,,,,,,,,Y,2,0,1,1,A,-,08,22107,,N,E,I,A,A,H,-,B,D,0,,,,,Y,,A,01,1,0,0,0,0,0,0,0,0,"- ","- ",34.223779999999998,-118.99393999999999,VENTURA,CAMARILLO,-118.99410211,34.22389613
81498979,2021,2021-06-17,5609,2021-06-14,1723,389,307,1,5,6,5609,0,0,0,,0,003,"ROYAL AVE","HARTLEY AVE",0.00,,Y,A,-,N,,,,,,,,,,Y,2,0,2,2,A,-,09,21804,A,N,D,C,A,A,H,-,A,D,0,,,Y,,Y,,C,03,2,0,0,0,0,0,0,0,2,"- ","- ",34.261390686035156,-118.74147033691406,VENTURA,"SIMI VALLEY",-118.74146270751953,34.261505126953125
8154899,2016,2016-10-31,5609,2016-10-09,1431,310,319,7,5,6,5609,0,0,0,,0,003,"ROYAL AV","ERRINGER RD",575.00,,N,A,-,N,,,,,,,,,,Y,2,0,1,2,A,-,08,22107,,N,D,C,A,A,H,-,A,D,0,,,Y,,Y,,A,01,1,0,0,0,0,0,0,0,1,"- ","- ",,,VENTURA,"SIMI VALLEY",-118.76138004000001,34.263640109999997
8155530,2016,2016-11-04,5609,2016-08-31,2313,388,,3,5,6,5609,0,0,0,,0,005,"TAPO ST","FORT WORTH DR",0.00,,Y,A,-,N,,,,,,,,,,N,2,0,1,1,D,-,00,,,N,H,I,A,A,H,-,C,D,0,,Y,,,Y,,-,"- ",1,0,0,0,0,0,1,0,0,"- ","- ",34.289180000000002,-118.70894,VENTURA,"SIMI VALLEY",-118.70891005,34.289190019999999
81570483,2021,2021-09-15,5600,2021-06-05,0428,3469,8127,6,5,5,5601,0,0,0,,0,8C01,"SR-34 (LEWIS RD)","TEMPLE AV",46.00,N,N,A,-,Y,,,34,,,,,,,N,2,0,1,2,A,-,11,21954,A,N,G,B,E,A,H,-,C,A,0,Y,,,,Y,,N,60,1,0,0,0,1,0,0,0,0,"- ","- ",34.2216796875,-119.02938079833984,VENTURA,CAMARILLO,-119.029296875,34.221599578857422
81576218,2021,2021-09-22,5600,2021-07-16,1829,4550,9032,5,5,6,5607,0,0,0,,0,9A01,"CALLE TULIPAN","CALLE RETAMA",0.00,,Y,A,-,N,,,,,,,,,,Y,2,0,1,2,A,-,10,21950,A,N,G,B,E,A,H,-,B,D,0,Y,,,,Y,,A,07,1,0,0,0,1,0,0,0,0,"- ","- ",34.207668304443359,-118.86485290527344,VENTURA,"THOUSAND OAKS",-118.86135101318359,34.210899353027344
81583238,2021,2021-09-30,5600,2021-09-09,1932,5349,9084,4,5,6,5607,0,0,0,,0,9B01,"HILLCREST DR","FLITTNER CI (E)",350.00,E,N,A,-,N,,,,,,,,,,Y,2,0,1,2,A,-,21,22106,,N,C,C,A,A,H,-,C,D,0,,,Y,,Y,Y,A,01,1,0,0,0,0,0,0,0,1,"- ","- ",34.182640075683594,-118.85553741455078,VENTURA,"THOUSAND OAKS",-118.86550903320312,34.181385040283203
81602115,2021,2021-10-21,5600,2021-10-12,1441,2913,9080,2,5,6,5607,0,0,0,,0,9H01,"HILLCREST DR","MARIN ST",0.00,,Y,A,-,N,,,,,,,,,,Y,2,0,2,2,A,-,09,21801,A,N,H,C,A,A,H,-,A,A,0,,,,,Y,,A,01,1,1,0,0,0,0,0,0,0,"- ","- ",34.182838439941406,-118.88381195068359,VENTURA,"THOUSAND OAKS",-118.88382720947266,34.182746887207031
81603317,2021,2021-10-22,5600,2021-10-18,1304,5150,9068,1,5,6,5607,0,0,0,,0,9B01,"EL CERRITO DR","JEANNETTE AV",51.00,E,N,A,-,N,,,,,,,,,,N,2,0,1,2,A,-,09,21800,B,N,D,C,A,A,H,-,A,D,0,,,Y,,Y,,C,02,1,0,0,0,0,0,0,0,1,"- ","- ",34.189590454101562,-118.84866333007812,VENTURA,"THOUSAND OAKS",-118.84849548339844,34.189498901367188
81607129,2021,2021-10-27,5600,2021-10-08,1800,5176,8010,5,5,5,5601,0,0,0,,0,8A01,"LAS POSAS RD","CRESTVIEW AV",0.00,,Y,A,-,N,,,,,,,,,,Y,2,0,2,2,A,-,09,21801,A,N,H,C,A,A,H,-,B,A,0,,,,,Y,,A,01,1,1,0,0,0,0,0,0,0,"- ","- ",34.22760009765625,-119.07296752929688,VENTURA,CAMARILLO,-119.06999969482422,34.229042053222656
81625393,2021,2021-11-16,5600,2021-11-08,1357,5150,9085,1,5,6,5607,0,0,0,,0,9G01,"THOUSAND OAKS BL","HOUSTON DR",91.00,E,N,A,-,N,,,,,,,,,,Y,2,0,1,2,A,-,09,21804,A,N,D,C,A,A,H,-,A,D,0,,,,,Y,,A,01,1,0,0,0,0,0,0,0,0,"- ","- ",34.180858612060547,-118.85260009765625,VENTURA,"THOUSAND OAKS",-118.86325073242188,34.179588317871094
81658331,2021,2021-12-22,5600,2021-12-15,1750,4844,5110,3,5,4,5690,0,0,0,,0,2A01,"MILLER PY","PATRIOT DR",70.00,S,N,A,-,N,,,,,,,,,,Y,2,0,1,1,A,-,21,22106,,N,F,A,A,A,H,-,C,A,0,,,Y,,Y,,C,02,1,0,0,0,0,0,0,0,1,"- ","- ",34.277400970458984,-118.86818695068359,VENTURA,MOORPARK,-118.86803436279297,34.27734375
81667930,2021,2022-01-03,5600,2021-12-26,1528,5251,1000,7,5,2,5603,0,0,0,,0,1A01,"CUYAMA RD","CHURCH RD",902.00,W,N,B,-,N,,,,,,,,,,N,2,0,1,2,A,-,03,22350,,N,C,G,A,A,A,-,A,A,0,,Y,,,Y,,L,04,1,0,0,0,0,0,1,0,0,"- ","- ",34.446010589599609,-119.26593780517578,VENTURA,OJAI,-119.26885986328125,34.446659088134766
8167098,2017,2018-03-23,5606,2017-12-26,1217,1117,5606,2,5,4,5606,0,0,0,,0,001,"HARVARD BL","STECKEL DR",390.00,E,N,A,-,N,,,,,,,,,,Y,2,0,1,1,C,-,18,,,N,E,I,A,A,H,-,A,D,0,,,,,Y,,-,"- ",1,0,0,0,0,0,0,0,0,"- ","- ",,,VENTURA,"SANTA PAULA",-119.0768152,34.344823310000002
8167106,2017,2018-04-03,5608,2017-10-28,1537,423,,6,5,6,5608,0,0,0,,0,001,"CEDAR ST","CEDAR PL",21.00,S,N,A,-,N,,,,,,,,,,Y,1,1,0,2,A,-,01,23152,F,N,D,C,A,-,A,H,A,D,0,,,Y,,Y,,C,03,0,0,0,0,0,0,0,1,0,"- ","- ",,,VENTURA,VENTURA,-119.29616292999999,34.288434690000003
8167109,2017,2018-04-03,5608,2017-11-25,1849,423,VENTU,6,5,6,5608,0,0,0,,0,001,"CALIFORNIA ST","HARBOR BL",18.00,N,N,E,-,N,,,,,,,,,,Y,1,1,0,1,A,-,12,22451,B,N,H,F,A,A,H,-,C,A,0,,,,,Y,,A,01,0,0,0,0,0,0,0,0,0,"- ","- ",,,VENTURA,VENTURA,-119.29303,34.276929410000001
81672265,2021,2022-01-06,5609,2021-06-09,0939,356,,3,5,6,5609,0,0,0,,0,006,"STOW ST","KATHERINE ST",21.00,S,N,A,-,N,,,,,,,,,,N,2,0,1,2,A,-,11,21954,A,N,G,B,D,A,H,-,A,D,0,Y,,,,Y,,N,60,1,0,0,0,1,0,0,0,0,"- ","- ",,,VENTURA,"SIMI VALLEY",-118.68292999267578,34.266258239746094
81672273,2021,2022-01-06,5609,2021-06-21,1832,504,108,1,5,6,5609,0,0,0,,0,001,"SIMI TOWN CENTER WAY","FIRST ST",518.00,E,N,A,-,N,,,,,,,,,,Y,2,0,3,2,A,-,12,22450,A,N,A,C,A,A,H,-,A,A,0,,,,,Y,,A,01,1,2,0,0,0,0,0,0,0,"- ","- ",34.284469604492188,-118.77867889404297,VENTURA,"SIMI VALLEY",-118.7772216796875,34.283893585205078
81672392,2021,2022-01-06,5609,2021-08-16,1706,443,512,1,5,6,5609,0,0,0,,0,005,"2211 TAPO ST.","EILEEN ST.",106.00,S,N,A,-,N,,,,,,,,,,N,2,0,1,2,A,-,05,21650,,N,D,G,A,A,H,-,A,D,0,,Y,,,Y,,L,04,1,0,0,0,0,0,1,0,0,"- ","- ",,,VENTURA,"SIMI VALLEY",-118.70895385742188,34.275138854980469
81672421,2021,2022-01-06,5609,2021-09-08,1844,389,,3,5,6,5609,0,0,0,,0,004,"TAPO CANYON RD","WALNUT ST",59.00,N,N,A,-,N,,,,,,,,,,Y,2,0,1,2,A,-,09,21802,A,N,D,D,A,A,H,-,A,A,0,,,Y,,Y,,D,22,1,0,0,0,0,0,0,0,1,"- ","- ",34.296619415283203,-118.71726989746094,VENTURA,"SIMI VALLEY",-118.71772766113281,34.297351837158203
81672553,2021,2022-01-06,5609,2021-11-11,1757,499,,4,5,6,5609,0,0,0,,0,002,"WOOD RANCH PKWY","LAKE PARK DR (N)",343.00,N,N,A,-,N,,,,,,,,,,Y,2,0,1,1,A,-,08,22107,,N,E,I,A,A,H,-,C,D,0,,,,,Y,,A,01,1,0,0,0,0,0,0,0,0,"- ","- ",34.248260498046875,-118.81189727783203,VENTURA,"SIMI VALLEY",-118.81199645996094,34.249179840087891
81672568,2021,2022-01-06,5609,2021-11-19,2328,482,216,5,5,6,5609,0,0,0,,0,002,"COUNTRY CLUB DR","INNWOOD RD",36.00,E,N,A,-,N,,,,,,,,,,Y,2,0,1,1,A,-,08,22107,,F,E,I,A,A,H,-,C,D,0,,,,,Y,,A,01,1,0,0,0,0,0,0,0,0,"- ","- ",34.250030517578125,-118.82042694091797,VENTURA,"SIMI VALLEY",-118.82024383544922,34.249946594238281
81672603,2021,2022-01-06,5609,2021-12-08,1248,443,,3,5,6,5609,0,0,0,,0,004,"ALAMO ST","SEQUOIA AVE",0.00,,Y,A,-,N,,,,,,,,,,Y,2,0,2,2,A,-,09,21801,A,N,A,C,A,A,H,-,A,A,0,,,,,Y,,A,07,1,1,0,0,0,0,0,0,0,"- ","- ",34.286380767822266,-118.73072814941406,VENTURA,"SIMI VALLEY",-118.73088073730469,34.286308288574219
8167971,2019,2019-11-13,5604,2019-08-11,0236,5529,,7,5,6,5604,0,0,0,,0,023,"S OXNARD BL","RT 34",0.00,,Y,A,-,N,,,,,,,,,,Y,2,0,2,2,A,-,12,21453,A,N,D,D,A,A,H,-,C,A,0,,,,,Y,,-,"- ",1,0,1,0,0,0,0,0,0,"- ","- ",34.197681427001953,-119.17738342285156,VENTURA,OXNARD,-119.177341,34.197673999999999
81683006,2022,2022-01-24,5609,2022-01-20,0426,469,504,4,5,6,5609,0,0,0,,0,005,"TAPO CANYON RD","TOWNSHIP AVE",0.00,,Y,A,-,N,,,,,,,,,,Y,2,0,2,2,A,-,12,21453,A,N,D,C,A,A,H,-,C,A,0,,,,,Y,,A,01,1,0,1,0,0,0,0,0,0,"- ","- ",34.293479919433594,-118.71764373779297,VENTURA,"SIMI VALLEY",-118.71762084960938,34.293529510498047
81688903,2022,2022-01-31,5609,2022-01-23,0944,496,,7,5,6,5609,0,0,0,,0,006,"STEARNS ST","RAINWOOD ST",17.00,N,N,A,-,N,,,,,,,,,,N,2,0,1,1,A,-,03,22350,,N,F,A,A,A,H,-,A,A,0,,,Y,,Y,,C,02,1,0,0,0,0,0,0,0,1,"- ","- ",34.274181365966797,-118.69117736816406,VENTURA,"SIMI VALLEY",-118.69139099121094,34.274974822998047
81692233,2022,2022-02-03,5609,2022-01-30,2045,443,211,7,5,6,5609,0,0,0,,0,002,"EDMUND ST","HUDSPETH AVE",0.00,,Y,A,-,N,,,,,,,,,,N,2,0,1,1,A,-,01,23152,A,N,F,A,A,A,H,-,C,A,0,,,Y,,Y,Y,C,02,1,0,0,0,0,0,0,0,1,"- ","- ",34.256130218505859,-118.76975250244141,VENTURA,"SIMI VALLEY",-118.76969146728516,34.256069183349609