CASE_ID,ACCIDENT_YEAR,PROC_DATE,JURIS,COLLISION_DATE,COLLISION_TIME,OFFICER_ID,REPORTING_DISTRICT,DAY_OF_WEEK,CHP_SHIFT,POPULATION,CNTY_CITY_LOC,SPECIAL_COND,BEAT_TYPE,CHP_BEAT_TYPE,CITY_DIVISION_LAPD,CHP_BEAT_CLASS,BEAT_NUMBER,PRIMARY_RD,SECONDARY_RD,DISTANCE,DIRECTION,INTERSECTION,WEATHER_1,WEATHER_2,STATE_HWY_IND,CALTRANS_COUNTY,CALTRANS_DISTRICT,STATE_ROUTE,ROUTE_SUFFIX,POSTMILE_PREFIX,POSTMILE,LOCATION_TYPE,RAMP_INTERSECTION,SIDE_OF_HWY,TOW_AWAY,COLLISION_SEVERITY,NUMBER_KILLED,NUMBER_INJURED,PARTY_COUNT,PRIMARY_COLL_FACTOR,PCF_CODE_OF_VIOL,PCF_VIOL_CATEGORY,PCF_VIOLATION,PCF_VIOL_SUBSECTION,HIT_AND_RUN,TYPE_OF_COLLISION,MVIW,PED_ACTION,ROAD_SURFACE,ROAD_COND_1,ROAD_COND_2,LIGHTING,CONTROL_DEVICE,CHP_ROAD_TYPE,PEDESTRIAN_ACCIDENT,BICYCLE_ACCIDENT,MOTORCYCLE_ACCIDENT,TRUCK_ACCIDENT,NOT_PRIVATE_PROPERTY,ALCOHOL_INVOLVED,STWD_VEHTYPE_AT_FAULT,CHP_VEHTYPE_AT_FAULT,COUNT_SEVERE_INJ,COUNT_VISIBLE_INJ,COUNT_COMPLAINT_PAIN,COUNT_PED_KILLED,COUNT_PED_INJURED,COUNT_BICYCLIST_KILLED,COUNT_BICYCLIST_INJURED,COUNT_MC_KILLED,COUNT_MC_INJURED,PRIMARY_RAMP,SECONDARY_RAMP,LATITUDE,LONGITUDE,COUNTY,CITY,POINT_X,POINT_Y
8171370,2016,2016-11-23,5609,2016-11-14,1256,310,304,1,5,6,5609,0,0,0,,0,003,"LOS ANGELES AV","SEQUOIA AV",0.00,,Y,A,-,N,,,,,,,,,,Y,2,0,2,2,A,-,09,21801,A,N,D,C,A,A,H,-,A,A,0,,,,,Y,,A,01,1,0,1,0,0,0,0,0,0,"- ","- ",34.271790000000003,-118.73054,VENTURA,"SIMI VALLEY",-118.73053012,34.271680029999999
81713784,2021,2022-03-03,5600,2021-12-23,0832,4615,,4,5,5,5601,0,0,0,,0,,"LAS POSAS RD","VENTURA BL",0.00,,Y,C,-,N,,,,,,,,,,Y,2,0,1,2,A,-,12,21453,A,N,D,C,A,B,H,-,A,A,0,,,,,Y,,D,22,1,0,0,0,0,0,0,0,0,"- ","- ",34.215839385986328,-119.06977844238281,VENTURA,CAMARILLO,-119.06978607177734,34.215766906738281
8171785,2016,2016-11-21,5600,2016-10-21,1511,5298,9048,5,5,6,5607,0,0,0,,0,09B,"MONTGOMERY RD","AVENIDA DE LAS FLORES",0.00,,Y,A,-,N,,,,,,,,,,Y,2,0,4,2,A,-,09,21802,A,N,D,D,A,A,H,-,A,A,0,,,,,Y,,A,01,1,2,1,0,0,0,0,0,0,"- ","- ",,,VENTURA,"THOUSAND OAKS",-118.86137005,34.207990039999999
8172820,2016,2016-11-29,5600,2016-11-10,1714,3927,8006,4,5,5,5601,0,0,0,,0,08A,"PONDEROSA DR","BRADFORD AV",99.00,E,N,A,-,N,,,,,,,,,,Y,2,0,1,2,A,-,11,21950,B,N,G,B,D,A,H,-,C,D,0,Y,,,,Y,Y,N,60,1,0,0,0,1,0,0,0,0,"- ","- ",34.223669999999998,-119.07084,VENTURA,CAMARILLO,-119.07090303,34.223677430000002
81736733,2022,2022-03-30,5609,2022-03-23,1511,472,,3,5,6,5609,0,0,0,,0,,"COCHRAN ST","MADERA RD",370.00,E,N,A,-,N,,,,,,,,,,Y,2,0,2,3,C,-,18,,,N,D,E,E,A,H,-,A,D,0,Y,,,Y,Y,,-,"- ",1,1,0,0,1,0,0,0,0,"- ","- ",34.28173828125,-118.79489135742188,VENTURA,"SIMI VALLEY",-118.79391479492188,34.281265258789062
81766763,2022,2022-05-09,5609,2022-05-05,1437,464,,4,5,6,5609,0,0,0,,0,006,"STOW ST","PITTMAN ST",66.00,S,N,A,-,N,,,,,,,,,,Y,2,0,2,2,A,-,09,21801,A,N,D,C,A,A,H,-,A,D,0,,,,,Y,,A,01,1,0,1,0,0,0,0,0,0,"- ","- ",34.277420043945312,-118.68270111083984,VENTURA,"SIMI VALLEY",-118.68276977539062,34.277229309082031
81773562,2022,2022-05-17,5600,2022-05-09,0720,5644,9020,1,5,6,5607,0,0,0,,0,9A01,"CALLE QUEBRACHO","PEMBRIDGE ST",326.00,N,N,A,-,N,,,,,,,,,,N,2,0,1,2,A,-,21,22106,,N,G,B,F,A,H,-,A,D,0,Y,,,,Y,,A,07,1,0,0,0,1,0,0,0,0,"- ","- ",34.228378295898438,-118.8663330078125,VENTURA,"THOUSAND OAKS",-118.86708831787109,34.228973388671875
81776484,2022,2022-05-20,5600,2022-05-14,1016,5349,9064,6,5,6,5607,0,0,0,,0,9B01,"MOORPARK RD","JANSS RD",186.00,N,N,A,-,N,,,,,,,,,,N,2,0,1,1,A,-,08,22107,,N,H,A,A,A,H,-,A,A,0,,,,,Y,,M,94,1,0,0,0,0,0,0,0,0,"- ","- ",34.199741363525391,-118.86846160888672,VENTURA,"THOUSAND OAKS",-118.86842346191406,34.20025634765625
81782856,2022,2022-05-27,5609,2022-05-09,2016,494,,1,5,6,5609,0,0,0,,0,006,"YOSEMITE AVE","ALAMO ST",510.00,S,N,A,-,N,,,,,,,,,,Y,2,0,1,1,A,-,08,22107,,N,E,I,A,A,H,-,C,D,0,,,Y,,Y,,C,02,1,0,0,0,0,0,0,0,1,"- ","- ",34.286079406738281,-118.680908203125,VENTURA,"SIMI VALLEY",-118.68099212646484,34.284694671630859
81800557,2022,2022-06-22,5600,2022-04-08,2247,5373,8111,5,5,5,5601,0,0,0,,0,8B01,"PONDEROSA DR","ARNEILL RD",575.00,E,N,A,-,N,,,,,,,,,,Y,2,0,1,1,A,-,01,23152,A,N,E,I,A,A,H,-,C,D,0,,,Y,,Y,Y,C,02,1,0,0,0,0,0,0,0,1,"- ","- ",34.223560333251953,-119.03898620605469,VENTURA,CAMARILLO,-119.03719329833984,34.223800659179688
81800572,2022,2022-06-22,5600,2022-05-12,1652,5302,8212,4,5,5,5601,0,0,0,,0,8D01,"SANTA ROSA RD","LEISURE VILLAGE DR (W)",0.00,,Y,A,-,N,,,,,,,,,,Y,2,0,3,2,A,-,09,21801,A,N,D,C,A,A,H,-,A,A,0,,,,,Y,,A,01,1,0,2,0,0,0,0,0,0,"- ","- ",34.225658416748047,-119.98944854736328,VENTURA,CAMARILLO,-118.98943328857422,34.225631713867188
81800602,2022,2022-06-22,5600,2022-06-07,1540,2994,5110,2,5,4,5690,0,0,0,,0,2A01,"PEACH HILL RD","SPRING RD",844.00,E,N,A,-,N,,,,,,,,,,N,2,0,1,2,A,-,11,21954,A,N,G,B,D,A,H,-,A,D,0,Y,,,,Y,,N,60,1,0,0,0,1,0,0,0,0,"- ","- ",34.271900177001953,-118.86885833740234,VENTURA,MOORPARK,-118.86696624755859,34.271099090576172
81805516,2022,2022-06-29,5600,2022-06-10,2120,5244,9118,5,5,6,5607,0,0,0,,0,9C01,"BORCHARD RD","THERESA DR",210.00,E,N,A,-,N,,,,,,,,,,N,2,0,1,1,A,-,03,22350,,N,H,A,A,A,H,-,C,D,0,,,Y,,Y,,C,02,1,0,0,0,0,0,0,0,1,"- ","- ",34.178619384765625,-118.93759155273438,VENTURA,"THOUSAND OAKS",-118.93682098388672,34.178749084472656
81835868,2022,2022-08-09,5600,2022-07-06,2101,5016,6006,3,5,3,5602,0,0,0,,0,6A01,"SR 126 (VENTURA ST)","D ST",0.00,,Y,A,-,Y,,,,,,,,,,Y,2,0,2,2,A,-,09,21802,A,N,D,C,A,A,H,-,C,A,0,,,,,Y,,D,22,1,0,1,0,0,0,0,0,0,"- ","- ",,,VENTURA,FILLMORE,-118.93186950683594,34.394309997558594
81848233,2022,2022-08-25,5609,2022-08-18,1743,464,,4,5,6,5609,0,0,0,,0,,"YOSEMITE AVE","SUNSET AVE",207.00,S,N,A,-,N,,,,,,,,,,Y,2,0,1,2,A,-,03,22350,,N,C,E,A,A,H,-,A,D,0,,Y,,Y,Y,,L,04,1,0,0,0,0,0,1,0,0,"- ","- ",34.293361663818359,-118.68654632568359,VENTURA,"SIMI VALLEY",-118.68632507324219,34.293903350830078
81860516,2022,2022-09-09,5600,2022-02-26,1821,2913,9130,6,5,6,5607,0,0,0,,0,9C01,"LYNN RD","EAST KELLEY RD",0.00,,Y,A,-,N,,,,,,,,,,Y,1,1,2,2,A,-,01,23152,A,N,D,C,A,A,H,-,C,A,0,,,Y,,Y,,C,02,0,2,0,0,0,0,0,1,0,"- ","- ",34.175868988037109,-118.921142578125,VENTURA,"THOUSAND OAKS",-118.92104339599609,34.175735473632812
81909411,2022,2022-11-04,5609,2022-11-03,0617,356,,4,5,6,5609,0,0,0,,0,002,"FOURTH ST","LOS ANGELES AVE",86.00,S,N,A,-,N,,,,,,,,,,Y,2,0,1,2,C,-,18,,,N,C,E,A,A,H,-,C,D,0,,,,,Y,,-,"- ",1,0,0,0,0,0,0,0,0,"- ","- ",34.271621704101562,-118.78244018554688,VENTURA,"SIMI VALLEY",-118.78243255615234,34.27142333984375
81914362,2022,2022-11-10,5609,2022-11-08,1222,443,,2,5,6,5609,0,0,0,,0,005,"ALAMO ST","TAPO ST",0.00,,Y,B,C,N,,,,,,,,,,Y,2,0,2,2,A,-,09,21801,A,N,A,C,A,B,H,-,A,A,0,,,,,Y,,A,07,1,0,1,0,0,0,0,0,0,"- ","- ",34.285648345947266,-118.70864105224609,VENTURA,"SIMI VALLEY",-118.70895385742188,34.286346435546875
81950953,2022,2022-12-23,5600,2022-12-19,1555,3147,9124,1,5,6,5607,0,0,0,,0,9C01,"BORCHARD RD","MICHAEL DR",0.00,,Y,A,-,N,,,,,,,,,,N,2,0,1,2,D,-,00,,,N,G,B,B,A,H,-,A,A,0,Y,,,,Y,,-,"- ",1,0,0,0,1,0,0,0,0,"- ","- ",34.179168701171875,-118.93131256103516,VENTURA,"THOUSAND OAKS",-118.92739105224609,34.181911468505859
81975315,2023,2023-01-24,5609,2023-01-18,2031,472,116,3,5,6,5609,0,0,0,,0,001,"ERRINGER RD","LARCH ST",411.00,N,N,A,-,N,,,,,,,,,,Y,2,0,2,3,A,-,11,21954,A,N,G,B,D,A,H,-,C,D,0,Y,,,,Y,Y,N,60,2,0,0,0,2,0,0,0,0,"- ","- ",34.275360107421875,-118.76126098632812,VENTURA,"SIMI VALLEY",-118.76139831542969,34.276515960693359
81992474,2023,2023-02-13,5600,2023-01-31,1748,2833,9180,2,5,6,5607,0,0,0,,0,9D01,"WESTLAKE BL","POTRERO RD",782.00,S,N,A,-,Y,VEN,,23," ",T,1.491,H,,R,Y,2,0,1,1,A,-,08,22107,,N,F,A,A,A,H,-,D,D,0,,,Y,,Y,,C,02,1,0,0,0,0,0,0,0,1,"- ","- ",34.142871856689453,-118.84983062744141,VENTURA,"THOUSAND OAKS",-118.849609375,34.142723083496094
81993658,2022,2023-02-14,5600,2022-11-14,1546,5150,9024,1,5,6,5607,0,0,0,,0,9B01,"RIKKARD DR","MEADOWSIDE DR",0.00,,Y,A,-,N,,,,,,,,,,N,1,1,0,2,A,-,10,21950,A,N,G,B,B,A,H,-,A,A,0,Y,,,,Y,,A,01,0,0,0,1,0,0,0,0,0,"- ","- ",34.212608337402344,-118.83928680419922,VENTURA,"THOUSAND OAKS",-118.83914184570312,34.212661743164062
82002800,2023,2023-02-27,5600,2023-02-12,1945,4874,6008,7,5,3,5602,0,0,0,,0,6A01,"SR 126 (VENTURA STREET)","SR 23 (A STREET)",689.00,W,N,A,-,Y,,,,,,,,,,Y,2,0,3,3,A,-,01,23153,A,N,C,C,A,A,H,-,C,D,0,,,Y,,Y,Y,C,02,1,1,1,0,0,0,0,0,1,"- ","- ",,,VENTURA,FILLMORE,-118.9200439453125,34.395938873291016
82026514,2023,2023-03-27,5600,2023-03-11,"157 ",5408,9092,6,5,6,5607,0,0,0,,0,9G01,"MOORPARK RD","HILLCREST DR",194.00,S,N,B,-,N,,,,,,,,,,Y,2,0,1,1,A,-,01,23153,A,N,E,I,A,A,H,-,C,A,0,,,,,Y,Y,D,22,1,0,0,0,0,0,0,0,0,"- ","- ",34.181221008300781,-118.87602996826172,VENTURA,"THOUSAND OAKS",-118.87617492675781,34.180633544921875
82032212,2023,2023-07-12,5609,2023-03-23,1656,5023,,4,5,6,5609,0,0,0,,0,001,"MADERA RD","LOS ANGELES AVE",43.00,N,N,A,-,N,,,,,,,,,,Y,2,0,1,2,A,-,09,21804,,F,D,C,A,A,H,-,A,A,0,,,,,Y,,A,01,1,0,0,0,0,0,0,0,0,"- ","- ",34.271701812744141,-118.79634094238281,VENTURA,"SIMI VALLEY",-118.79630279541016,34.271739959716797
82043897,2023,2023-04-13,5600,2023-04-05,"710 ",5284,6008,3,5,3,5602,0,0,0,,0,6A01,"SR 126 (VENTURA STREET)","B STREET",27.00,W,N,A,-,Y,,,,,,,,,,N,2,0,1,2,A,-,11,21950,B,N,G,B,C,A,H,-,A,A,0,Y,,,Y,Y,,N,60,1,0,0,0,1,0,0,0,0,"- ","- ",,,VENTURA,FILLMORE,-118.92254638671875,34.395587921142578
82043903,2023,2023-04-13,5600,2023-04-09,1047,5336,9110,7,5,6,5607,0,0,0,,0,9C01,"27 S. LOS VIENTOS DRIVE","SAN LUIS STREET",130.00,S,N,A,-,N,,,,,,,,,,N,2,0,1,2,A,-,13,22515,B,N,C,E,A,A,H,-,A,D,0,,,,,Y,,D,22,1,0,0,0,0,0,0,0,0,"- ","- ",,,VENTURA,"THOUSAND OAKS",-118.96103668212891,34.178997039794922
82062778,2023,2023-05-08,5609,2023-05-02,1128,443,,2,5,6,5609,0,0,0,,0,006,"STEARNS ST","LOS ANGELES AVE",227.00,N,N,A,-,N,,,,,,,,,,Y,2,0,2,2,C,-,18,,,N,A,C,A,A,H,-,A,D,0,,,,,Y,,-,"- ",1,0,1,0,0,0,0,0,0,"- ","- ",34.271831512451172,-118.69138336181641,VENTURA,"SIMI VALLEY",-118.69140625,34.272361755371094
82079795,2023,2023-06-08,5609,2023-05-25,1749,472,,4,5,6,5609,0,0,0,,0,005,"TAPO CANYON RD","ALAMO ST",0.00,,Y,B,-,N,,,,,,,,,,N,2,0,1,2,A,-,10,21950,A,N,G,B,B,A,H,-,A,A,0,Y,,,,Y,,A,07,1,0,0,0,1,0,0,0,0,"- ","- ",34.285781860351562,-118.71743774414062,VENTURA,"SIMI VALLEY",-118.71784210205078,34.286380767822266
82127169,2023,2023-08-04,5600,2023-07-18,1941,5260,9094,2,5,6,5607,0,0,0,,0,9G01,"MOORPARK RD","BRAZIL ST",20.00,N,N,A,-,N,,,,,,,,,,N,2,0,1,2,A,-,11,21453,D,N,G,B,B,A,H,-,A,A,0,Y,,,,Y,Y,N,60,1,0,0,0,1,0,0,0,0,"- ","- ",34.180988311767578,-118.87930297851562,VENTURA,"THOUSAND OAKS",-118.87551116943359,34.184135437011719
82145979,2023,2023-09-06,5600,2023-05-05,1932,4045,9006,5,5,6,5607,0,0,0,,0,9A01,"ERBES RD","MINNECOTA DR",199.00,S,N,A,-,N,,,,,,,,,,Y,1,1,1,2,A,-,01,23152,A,N,A,C,A,A,H,-,A,D,0,,,Y,,Y,Y,C,02,0,1,0,0,0,0,0,1,0,"- ","- ",34.233310699462891,-118.84703826904297,VENTURA,"THOUSAND OAKS",-118.84343719482422,34.236278533935547
82162974,2023,2023-09-06,5609,2023-08-29,"149 ",5000,,2,5,6,5609,0,0,0,,0,001,"SIMI TOWN CENTER WAY","JEFFERSON WAY (E)",639.00,W,N,A,-,N,,,,,,,,,,Y,2,0,1,1,A,-,01,23152,A,N,E,I,A,A,H,-,C,A,0,,,,,Y,Y,A,01,1,0,0,0,0,0,0,0,0,"- ","- ",34.283000946044922,-118.76316833496094,VENTURA,"SIMI VALLEY",-118.77668762207031,34.283744812011719
82176709,2023,2023-09-26,5600,2023-06-15,"817 ",2913,9128,4,5,6,5607,0,0,0,,0,9H01,"HILLCREST DR","CITATION WY",132.00,E,N,B,-,N,,,,,,,,,,Y,1,1,0,1,A,-,03,22350,,N,E,I,A,A,H,-,A,D,0,,,,,Y,,A,01,0,0,0,0,0,0,0,0,0,"- ","- ",34.184940338134766,-118.90647888183594,VENTURA,"THOUSAND OAKS",-118.90604400634766,34.184803009033203
82191552,2023,2023-10-05,5600,2023-09-05,1446,3924,5103,2,5,4,5690,0,0,0,,0,2B01,"SPRING RD","CHARLES ST",450.00,N,N,A,-,N,,,,,,,,,,Y,2,0,2,1,A,-,01,23152,F,N,E,I,A,A,H,-,A,D,0,,,,,Y,,A,01,1,1,0,0,0,0,0,0,0,"- ","- ",34.286418914794922,-118.87481689453125,VENTURA,MOORPARK,-118.87513732910156,34.287639617919922
82191574,2023,2023-11-13,5600,2023-10-03,1902,5368,9158,2,5,6,5607,0,0,0,,0,9D01,"HAMPSHIRE RD","101 FW (S)",0.00,,Y,A,-,Y,VEN,,101," "," ",1.632,H,,R,Y,2,0,7,4,A,-,12,21453,A,F,D,C,A,A,H,-,B,A,0,,,,,Y,,A,01,2,3,2,0,0,0,0,0,0,"- ","- ",34.165920257568359,-118.83789825439453,VENTURA,"THOUSAND OAKS",-118.83769989013672,34.166126251220703
82193348,2023,2023-10-06,5608,2023-09-29,1359,469,,5,5,6,5608,0,0,0,,0,,"TELEGRAPH RD.","CROCKER AVE.",0.00,,Y,A,-,N,,,,,,,,,,Y,2,0,2,2,A,-,12,21453,A,N,D,C,A,A,H,-,A,A,0,,,,,Y,,A,07,1,1,0,0,0,0,0,0,0,"- ","- ",,,VENTURA,VENTURA,-119.19046783447266,34.281593322753906
82198064,2023,2023-11-13,5600,2023-09-09,2232,4045,9124,6,5,6,5607,0,0,0,,0,9C01,"BORCHARD RD","US-101 S/B OFF-RAMP",88.00,S,N,A,-,Y,VEN,,101," "," ",7.024,H,,L,N,2,0,1,2,A,-,11,21954,A,N,G,B,D,A,H,-,C,A,0,Y,,,,Y,Y,N,60,1,0,0,0,1,0,0,0,0,"- ","- ",34.184368133544922,-118.92581939697266,VENTURA,"THOUSAND OAKS",-118.92581939697266,34.184356689453125
82208862,2023,2023-10-26,5609,2023-10-12,2233,464,,4,5,6,5609,0,0,0,,0,004,"LOST CANYONS DR","COPPERSTONE LN",550.00,E,N,A,-,N,,,,,,,,,,Y,2,0,1,1,A,-,03,22350,,N,E,I,A,A,H,-,C,D,0,,,,,Y,,A,01,1,0,0,0,0,0,0,0,0,"- ","- ",34.309749603271484,-118.74279022216797,VENTURA,"SIMI VALLEY",-118.74159240722656,34.31060791015625
82232841,2023,2023-11-13,5609,2023-10-31,"849 ",443,512,2,5,6,5609,0,0,0,,0,005,"TAPO ST","POLE #4335364E",25.00,N,N,A,-,N,,,,,,,,,,N,2,0,1,2,A,-,00,21235,B,N,D,C,A,A,H,-,A,D,0,,,Y,,Y,,C,03,1,0,0,0,0,0,0,0,1,"- ","- ",,,VENTURA,"SIMI VALLEY",,
82248505,2023,2023-11-30,5609,2023-11-05,1755,5023,,7,5,6,5609,0,0,0,,0,001,"LYSANDER AVE","LYANDER AVENUE",136.00,S,N,A,-,N,,,,,,,,,,N,1,1,0,1,A,-,03,22350,,N,H,A,A,A,H,-,C,D,0,,,Y,,Y,Y,C,03,0,0,0,0,0,0,0,1,0,"- ","- ",,,VENTURA,"SIMI VALLEY",,
82263816,2023,2023-12-18,5600,2023-10-31,"642 ",4750,8050,2,5,5,5601,0,0,0,,0,8A01,"CENTRAL AVE","DEL NORTE RD",190.00,E,N,A,-,N,,,,,,,,,,N,2,0,1,2,A,-,09,21800,A,F,B,C,A,A,H,-,C,D,0,,,Y,,Y,,D,22,1,0,0,0,0,0,0,0,1,"- ","- ",34.223598480224609,-119.10324096679688,VENTURA,CAMARILLO,-119.10327911376953,34.223674774169922
82266760,2023,2023-12-20,5609,2023-12-16,"758 ",5023,,6,5,6,5609,0,0,0,,0,006,"LOS ANGELES AVE","CHRISTINE AVE",0.00,,Y,A,-,N,,,,,,,,,,Y,2,0,2,2,A,-,09,21801,A,N,H,C,A,A,H,-,A,A,0,,,,,Y,,D,22,1,0,1,0,0,0,0,0,0,"- ","- ",34.270858764648438,-118.66924285888672,VENTURA,"SIMI VALLEY",-118.66940307617188,34.271739959716797
82269915,2023,2023-12-25,5609,2023-11-29,1447,464,,3,5,6,5609,0,0,0,,0,006,"KUEHNER DR","MOUNT SINAI DR",0.00,,Y,A,-,N,,,,,,,,,,N,1,1,0,2,A,-,12,22450,A,N,D,G,A,A,H,-,A,A,0,,Y,,,Y,,L,04,0,0,0,0,0,1,0,0,0,"- ","- ",34.28070068359375,-118.66192626953125,VENTURA,"SIMI VALLEY",-118.66197204589844,34.280830383300781
82278837,2023,2024-02-09,5600,2023-12-09,"606 ",4045,9050,6,5,6,5607,0,0,0,,0,9B01,"JANSS RD","WINDSOR DR",40.00,E,N,A,-,N,,,,,,,,,,N,1,1,0,2,A,-,11,21954,A,N,G,B,C,A,H,-,A,A,0,Y,,,,Y,Y,N,60,0,0,0,1,0,0,0,0,0,"- ","- ",34.196060180664062,-118.86483001708984,VENTURA,"THOUSAND OAKS",-118.86101531982422,34.199256896972656
82278849,2023,2024-01-10,5600,2023-12-22,1641,5244,9050,5,5,6,5607,0,0,0,,0,9B01,"MONTGOMERY RD","OLD FARM RD",43.00,S,N,B,-,N,,,,,,,,,,Y,2,0,1,1,D,-,00,,,N,H,A,A,A,H,-,A,A,0,,,Y,,Y,,-,"- ",1,0,0,0,0,0,0,0,1,"- ","- ",34.205089569091797,-118.86148071289062,VENTURA,"THOUSAND OAKS",-118.86153411865234,34.205055236816406
82278851,2023,2024-01-10,5600,2023-12-22,1805,5039,9024,5,5,6,5607,0,0,0,,0,9B01,"ERBES RD","PEDERSON RD",0.00,,Y,A,-,N,,,,,,,,,,Y,2,0,1,2,A,-,09,21802,A,N,D,C,A,A,H,-,C,A,0,,,,,Y,,A,07,1,0,0,0,0,0,0,0,0,"- ","- ",34.216899871826172,-118.8427734375,VENTURA,"THOUSAND OAKS",-118.84271240234375,34.216930389404297
82301559,2023,2024-01-31,5608,2023-10-11,1855,550,,3,5,6,5608,0,0,0,,0,002,"PENINSULA ST","BAYSHORE AVE",0.00,,Y,A,-,N,,,,,,,,,,N,2,0,1,2,A,-,10,21950,A,N,D,G,A,A,H,-,D,D,0,,Y,,,Y,,A,01,1,0,0,0,0,0,1,0,0,"- ","- ",,,VENTURA,VENTURA,-119.26863861083984,34.260246276855469
82314469,2024,2024-02-15,5600,2024-02-11,2026,5016,6017,7,5,3,5602,0,0,0,,0,6B01,"SR 126 (EAST TELEGRAPH RD)","EL DORADO DR",0.00,,Y,A,-,Y,,,,,,,,,,N,2,0,1,2,A,-,08,22107,,N,D,C,A,A,H,-,C,A,0,,,Y,,Y,Y,A,07,1,0,0,0,0,0,0,0,1,"- ","- ",,,VENTURA,FILLMORE,-118.89862823486328,34.39862060546875
82329591,2024,2024-03-05,5609,2024-02-28,2152,5023,,3,5,6,5609,0,0,0,,0,002,"HIGHLAND RD","OLDSTONE PL",245.00,E,N,A,-,N,,,,,,,,,,N,2,0,1,2,A,-,00,23103,,N,G,B,E,A,H,-,C,D,0,Y,,,,Y,Y,D,22,1,0,0,0,1,0,0,0,0,"- ","- ",34.249988555908203,-118.79183959960938,VENTURA,"SIMI VALLEY",-118.79109191894531,34.249961853027344
82333920,2024,2024-03-11,5609,2024-01-04,1949,5004,,4,5,6,5609,0,0,0,,0,005,"LOS ANGELES AVE","STEARNS ST",254.00,W,N,A,-,N,,,,,,,,,,N,2,0,1,2,A,-,11,21954,A,F,D,B,E,A,H,-,C,D,0,Y,,,,Y,,N,60,1,0,0,0,1,0,0,0,0,"- ","- ",34.271831512451172,-118.69138336181641,VENTURA,"SIMI VALLEY",-118.69225311279297,34.271739959716797
82344435,2024,2024-03-22,5609,2024-03-14,"43  ",479,,4,5,6,5609,0,0,0,,0,006,"STOW ST",KATHERINE,246.00,N,N,A,-,N,,,,,,,,,,Y,2,0,1,2,A,-,08,22107,,N,B,E,A,A,H,-,E,D,0,,,,,Y,,A,01,1,0,0,0,0,0,0,0,0,"- ","- ",,,VENTURA,"SIMI VALLEY",-118.68292236328125,34.266933441162109
82363755,2024,2024-04-15,5600,2024-04-10,"558 ",5016,6020,3,5,3,5602,0,0,0,,0,6B01,"SR 126 (VENTURA STREET)","SANTA CLARA STREET",300.00,W,N,A,-,Y,,,,,,,,,,Y,2,0,1,2,A,-,08,22107,,F,G,B,D,A,H,-,B,D,0,Y,,,,Y,,A,07,1,0,0,0,1,0,0,0,0,"- ","- ",,,VENTURA,FILLMORE,-118.90486145019531,34.398990631103516
82385462,2024,2024-05-09,5609,2024-04-30,1745,5023,,2,5,6,5609,0,0,0,,0,003,"ERRINGER RD","HEYWOOD ST",144.00,S,N,A,-,N,,,,,,,,,,N,2,0,1,1,A,-,03,22350,,N,H,A,A,A,H,-,A,A,0,,,Y,,Y,,C,02,1,0,0,0,0,0,0,0,1,"- ","- ",34.268421173095703,-118.76132202148438,VENTURA,"SIMI VALLEY",-118.76141357421875,34.268035888671875
82419995,2024,2024-06-24,5609,2024-06-10,2103,5004,,1,5,6,5609,0,0,0,,0,005,"ALAMO ST","TAPO ST",0.00,,Y,A,-,N,,,,,,,,,,Y,2,0,1,2,A,-,12,21453,A,N,D,C,A,A,H,-,C,A,0,,,Y,,Y,,C,03,1,0,0,0,0,0,0,0,1,"- ","- ",34.286289215087891,-118.70899963378906,VENTURA,"SIMI VALLEY",-118.70895385742188,34.286346435546875
82426476,2024,2024-07-01,5609,2024-06-02,"12  ",5040,,7,5,6,5609,0,0,0,,0,004,"TAPO CANYON RD","118 EB OFF TAPO CANYON RAMP",0.00,,Y,A,-,Y,,,,,,,,,,Y,2,0,1,2,A,-,12,21453,A,N,D,D,A,A,H,-,C,A,0,,,,,Y,Y,A,07,1,0,0,0,0,0,0,0,0,"- ","- ",34.280689239501953,-118.71772766113281,VENTURA,"SIMI VALLEY",-118.71633148193359,34.264438629150391
82434653,2024,2024-07-10,5609,2024-07-06,1852,5004,,6,5,6,5609,0,0,0,,0,001,"W LOS ANGELES AVENUE","POLE 2024287E",70.00,E,N,A,-,N,,,,,,,,,,Y,2,0,3,2,A,-,09,21801,A,N,D,C,A,A,H,-,A,D,0,,,,,Y,,A,01,1,1,1,0,0,0,0,0,0,"- ","- ",,,VENTURA,"SIMI VALLEY",,
82601545,2024,2024-07-25,5609,2024-07-19,1050,5033,,5,5,6,5609,0,0,0,,0,005,"DENTON AVE","HEMPSTEAD ST",6.00,N,N,A,-,N,,,,,,,,,,N,2,0,1,1,A,-,03,22350,,N,F,A,A,A,H,-,A,A,0,,,Y,,Y,,C,02,1,0,0,0,0,0,0,0,1,"- ","- ",34.299381256103516,-118.70317077636719,VENTURA,"SIMI VALLEY",-118.70320892333984,34.299446105957031
82700110,2024,2024-07-29,5600,2024-07-21,"927 ",5150,,7,5,6,5607,0,0,0,,0,9C01,"LYNN RD","CAPITAN ST",19.00,W,N,A,-,N,,,,,,,,,,N,2,0,1,2,A,-,10,21950,A,F,G,B,B,A,H,-,A,A,0,Y,,,,Y,,D,22,1,0,0,0,1,0,0,0,0,"- ","- ",34.177108764648438,-118.90078735351562,VENTURA,"THOUSAND OAKS",-118.90079498291016,34.17724609375