CASE_ID,ACCIDENT_YEAR,PROC_DATE,JURIS,COLLISION_DATE,COLLISION_TIME,OFFICER_ID,REPORTING_DISTRICT,DAY_OF_WEEK,CHP_SHIFT,POPULATION,CNTY_CITY_LOC,SPECIAL_COND,BEAT_TYPE,CHP_BEAT_TYPE,CITY_DIVISION_LAPD,CHP_BEAT_CLASS,BEAT_NUMBER,PRIMARY_RD,SECONDARY_RD,DISTANCE,DIRECTION,INTERSECTION,WEATHER_1,WEATHER_2,STATE_HWY_IND,CALTRANS_COUNTY,CALTRANS_DISTRICT,STATE_ROUTE,ROUTE_SUFFIX,POSTMILE_PREFIX,POSTMILE,LOCATION_TYPE,RAMP_INTERSECTION,SIDE_OF_HWY,TOW_AWAY,COLLISION_SEVERITY,NUMBER_KILLED,NUMBER_INJURED,PARTY_COUNT,PRIMARY_COLL_FACTOR,PCF_CODE_OF_VIOL,PCF_VIOL_CATEGORY,PCF_VIOLATION,PCF_VIOL_SUBSECTION,HIT_AND_RUN,TYPE_OF_COLLISION,MVIW,PED_ACTION,ROAD_SURFACE,ROAD_COND_1,ROAD_COND_2,LIGHTING,CONTROL_DEVICE,CHP_ROAD_TYPE,PEDESTRIAN_ACCIDENT,BICYCLE_ACCIDENT,MOTORCYCLE_ACCIDENT,TRUCK_ACCIDENT,NOT_PRIVATE_PROPERTY,ALCOHOL_INVOLVED,STWD_VEHTYPE_AT_FAULT,CHP_VEHTYPE_AT_FAULT,COUNT_SEVERE_INJ,COUNT_VISIBLE_INJ,COUNT_COMPLAINT_PAIN,COUNT_PED_KILLED,COUNT_PED_INJURED,COUNT_BICYCLIST_KILLED,COUNT_BICYCLIST_INJURED,COUNT_MC_KILLED,COUNT_MC_INJURED,PRIMARY_RAMP,SECONDARY_RAMP,LATITUDE,LONGITUDE,COUNTY,CITY,POINT_X,POINT_Y
8285798,2017,2018-02-07,5600,2017-01-12,0900,4972,9108,4,5,6,5607,0,0,0,,0,09C,"OLD CONEJO RD","WENDY DR",5.00,W,N,C,-,Y,VEN,7,101,-,-,7.920,R,4,S,N,2,0,1,2,D,-,00,,,N,D,G,A,B,H,-,A,A,0,,Y,,,Y,,-,"- ",1,0,0,0,0,0,1,0,0,"- ","- ",,,VENTURA,"THOUSAND OAKS",-118.93992892999999,34.189945520000002
82996900,2024,2024-07-31,5609,2024-06-29,2006,5004,,6,5,6,5609,0,0,0,,0,,"KUEHNER DR","KATHERINE RD",0.00,,Y,A,-,N,,,,,,,,,,Y,2,0,1,2,A,-,12,21453,A,N,D,C,A,A,H,-,A,A,0,,,Y,,Y,,C,02,1,0,0,0,0,0,0,0,1,"- ","- ",34.265171051025391,-118.662109375,VENTURA,"SIMI VALLEY",-118.66207122802734,34.265266418457031
8299858,2017,2017-02-28,5600,2017-02-03,1235,4397,8122,5,5,5,5601,0,0,0,,0,08C,"TEMPLE AV","VISTA ST",0.00,,Y,B,-,N,,,,,,,,,,Y,2,0,3,2,A,-,09,21802,A,N,D,C,A,B,H,-,A,A,0,,,,,Y,,A,01,1,0,2,0,0,0,0,0,0,"- ","- ",34.23171,-119.03319999999999,VENTURA,CAMARILLO,-119.03319006,34.231710079999999
8300250,2017,2017-02-06,5608,2017-01-23,1320,476,,1,5,6,5608,0,0,0,,0,001,"MAIN ST","OAK ST",30.00,E,N,A,-,N,,,,,,,,,,N,2,0,1,1,D,-,00,,,N,E,I,A,A,H,-,A,A,0,,Y,,,Y,,-,"- ",1,0,0,0,0,0,1,0,0,"- ","- ",,,VENTURA,VENTURA,-119.2945608,34.280819999999999
8308057,2016,2017-03-29,5609,2016-06-15,1649,044,5609,3,5,6,5609,0,0,0,,0,,"TAPO CANYON RD","E LOS ANGELES AV",14.00,S,N,A,-,N,,,,,,,,,,Y,2,0,1,2,A,-,03,22350,,N,D,C,A,A,H,-,A,A,0,,,,,Y,,J,49,1,0,0,0,0,0,0,0,0,"- ","- ",34.271470000000001,-118.71726,VENTURA,"SIMI VALLEY",-118.71732106,34.271632310000001
8312107,2017,2018-01-06,5600,2017-02-07,1825,4704,5600,2,5,2,5603,0,0,0,,0,01B,"RT 150","PARK RD",0.00,,Y,B,-,Y,VEN,7,150,-,-,18.051,I,5,E,N,2,0,1,2,A,-,10,21950,A,N,G,B,B,A,H,-,C,A,0,Y,,,,Y,,A,01,1,0,0,0,1,0,0,0,0,"- ","- ",,,VENTURA,OJAI,-119.23601767,34.44849619
8319857,2017,2017-03-13,5608,2017-02-21,1912,446,,2,5,6,5608,0,0,0,,0,001,"THOMPSON BL","FIGUEROA ST",0.00,,Y,E,-,N,,,,,,,,,,Y,2,0,1,2,A,-,12,21453,A,N,D,G,A,B,H,-,C,A,0,,Y,,,Y,,L,04,1,0,0,0,0,0,1,0,0,"- ","- ",,,VENTURA,VENTURA,-119.29772987,34.278260080000003
8324022,2017,2017-03-23,5600,2017-01-28,1900,4615,8132,6,5,5,5601,0,0,0,,0,08C,"ADOLFO RD","ALMENDRO WY",321.00,E,N,A,-,N,,,,,,,,,,Y,2,0,3,2,A,-,01,23152,E,F,A,C,A,A,H,-,C,D,0,,,,,Y,,A,07,1,2,0,0,0,0,0,0,0,"- ","- ",34.232520000000001,-119.02106000000001,VENTURA,CAMARILLO,-119.02104376,34.232518450000001
8329712,2017,2017-03-29,5600,2017-03-17,1448,4615,8201,5,5,5,5601,0,0,0,,0,08D,"ADOLFO RD","FLYNN RD",0.00,,Y,A,-,N,,,,,,,,,,Y,2,0,3,2,A,-,09,21801,A,N,A,C,A,A,H,-,A,A,0,,,,,Y,,A,01,1,1,1,0,0,0,0,0,0,"- ","- ",34.229439999999997,-119.01696,VENTURA,CAMARILLO,-119.01694009000001,34.229310079999998
8333325,2016,2017-05-10,5600,2016-08-17,1130,,9006,3,5,6,5607,0,0,0,,0,09A,"READ RD","SUNSET VALLEY RD",405.00,E,N,A,-,N,,,,,,,,,,N,2,0,1,1,A,-,03,22350,,N,E,J,A,A,A,-,A,D,0,,Y,,,Y,,L,04,1,0,0,0,0,0,1,0,0,"- ","- ",34.249980000000001,-118.85095,VENTURA,"THOUSAND OAKS",-118.85131156,34.249935260000001
8346740,2017,2017-04-14,5609,2017-03-10,0534,374,,5,5,6,5609,0,0,0,,0,,"LOS ANGELES AV","ERRINGER RD",0.00,,Y,A,-,N,,,,,,,,,,Y,2,0,1,2,A,-,04,21703,,N,C,G,A,A,H,-,C,A,0,,Y,,,Y,,A,01,1,0,0,0,0,0,1,0,0,"- ","- ",34.271729999999998,-118.76130000000001,VENTURA,"SIMI VALLEY",-118.76140008,34.271750060000002
8350404,2017,2017-04-24,5609,2017-04-17,1610,389,,1,5,6,5609,0,0,0,,0,004,"LOST CANYONS DR","COPPERSTONE LN",356.00,W,N,A,-,N,,,,,,,,,,Y,2,0,1,1,A,-,03,22350,,N,E,I,A,A,H,-,A,D,0,,,Y,,Y,Y,C,02,1,0,0,0,0,0,0,0,1,"- ","- ",34.309750000000001,-118.74279,VENTURA,"SIMI VALLEY",-118.74399332,34.309169900000001
8350463,2017,2017-04-25,5609,2017-04-11,1718,389,,2,5,6,5609,0,0,0,,0,006,"MOUNT SINAI DR","KUEHNER DR",265.00,W,N,A,-,N,,,,,,,,,,Y,2,0,1,1,A,-,03,22350,,N,E,I,A,A,H,-,A,D,0,,,Y,,Y,,C,02,1,0,0,0,0,0,0,0,1,"- ","- ",34.280700000000003,-118.66193,VENTURA,"SIMI VALLEY",-118.66282581999999,34.280769890000002
8355680,2017,2017-05-03,5600,2017-04-15,0630,4869,8254,6,5,5,5601,0,0,0,,0,08D,"PLEASANT VALLEY RD","PONCHO RD",818.00,W,N,A,-,N,,,,,,,,,,Y,2,0,2,2,A,-,05,21651,A,N,A,C,A,A,H,-,B,D,0,,,,,Y,,A,01,2,0,0,0,0,0,0,0,0,"- ","- ",34.205370000000002,-119.01458,VENTURA,CAMARILLO,-119.01468979000001,34.205399999999997
8356132,2017,2018-03-23,5600,2017-04-09,1842,3927,8133,7,5,5,5601,0,0,0,,0,08C,"LAS POSAS RD","RT 34",271.00,W,N,A,-,Y,VEN,7,34,-,-,10.380,H,-,E,Y,2,0,1,1,A,-,03,22350,,N,E,I,A,A,H,-,A,D,0,,,Y,,Y,,C,02,1,0,0,0,0,0,0,0,1,"- ","- ",34.242959999999997,-119.01119,VENTURA,CAMARILLO,-119.07067968,34.196339020000003
8360975,2017,2017-05-12,5600,2017-04-21,1523,4615,8212,5,5,5,5601,0,0,0,,0,08D,"SANTA ROSA RD","OAK CANNON RD",0.00,,Y,A,-,N,,,,,,,,,,Y,2,0,1,2,A,-,09,21801,A,N,H,C,A,A,H,-,A,A,0,,,Y,,Y,,A,01,1,0,0,0,0,0,0,0,1,"- ","- ",34.227060000000002,-118.98685999999999,VENTURA,CAMARILLO,-118.98686001,34.227080010000002
8365862,2017,2017-05-17,5609,2017-04-21,0705,374,,5,5,6,5609,0,0,0,,0,,"LOS ANGELES AV","TAPO CANYON RD",66.00,W,N,A,-,N,,,,,,,,,,Y,2,0,1,2,A,-,08,22100,A,N,D,C,A,A,H,-,A,A,0,,,Y,,Y,,A,01,1,0,0,0,0,0,0,0,1,"- ","- ",34.271610000000003,-118.71733999999999,VENTURA,"SIMI VALLEY",-118.71754812,34.27167
8371221,2017,2018-04-23,5600,2017-05-16,0659,2203,9138,2,5,6,5607,0,0,0,,0,9G01,"MOORPARK RD","RT 101",0.00,,Y,A,-,Y,VEN,7,101,-,-,4.232,R,4,S,Y,2,0,1,2,A,-,12,21453,A,N,D,D,A,A,H,-,A,A,0,,,Y,,Y,,C,02,1,0,0,0,0,0,0,0,1,"- ",SF,,,VENTURA,"THOUSAND OAKS",-118.87917295,34.177621510000002
8378683,2017,2018-03-21,5608,2017-04-13,1945,474,,4,5,6,5608,0,0,0,,0,002,"SEAWARD AV","SAN MARCOS ST",0.00,,N,A,-,N,,,,,,,,,,Y,2,0,3,2,A,-,09,21803,,N,B,C,A,-,H,-,C,D,0,,,,,Y,,-,,1,1,1,0,0,0,0,0,0,"- ","- ",34.269350000000003,-119.26763,VENTURA,VENTURA,-119.26762993,34.269450040000002
8380250,2017,2017-06-02,5600,2017-04-24,1530,1929,9127,1,5,6,5607,0,0,0,,0,09H,"CALLE TURQUESA","PASEO ESMERALDA",40.00,W,N,A,-,N,,,,,,,,,,N,2,0,2,5,A,-,08,22107,,N,C,E,E,A,H,-,A,D,0,Y,,,,Y,,A,01,1,1,0,0,2,0,0,0,0,"- ","- ",,,VENTURA,"THOUSAND OAKS",-118.91443208,34.186489999999999
8393294,2017,2017-06-30,5608,2017-06-02,1342,461,,5,5,6,5608,0,0,0,,0,001,"NORTH VENTURA AV","DAKOTA DR",450.00,S,N,A,-,N,,,,,,,,,,Y,2,0,1,2,A,-,03,22350,,N,C,C,A,A,H,-,A,D,0,,,,,Y,,-,,1,0,0,0,0,0,0,0,0,"- ","- ",,,VENTURA,VENTURA,-119.29274362,34.307992329999998
8394681,2017,2017-06-26,5608,2017-06-08,1010,430,,4,5,6,5608,0,0,0,,0,,"MAIN ST","LOMA VISTA RD",0.00,,Y,A,-,N,,,,,,,,,,N,2,0,1,2,A,-,09,21801,A,N,-,G,A,A,H,-,A,A,0,,Y,,,Y,,L,04,1,0,0,0,0,0,1,0,0,"- ","- ",,,VENTURA,VENTURA,-119.26152998000001,34.274780110000002
8400138,2016,2018-05-04,5604,2016-08-23,1822,4950,,2,5,6,5604,0,0,0,,0,,"OXNARD BL","1ST ST",60.00,S,N,A,-,N,,,1,,,,,,,Y,2,0,1,3,A,-,03,22350,,N,C,C,A,A,H,-,A,A,0,,,Y,,Y,,O,05,1,0,0,0,0,0,0,0,1,"- ","- ",34.202950000000001,-119.17731000000001,VENTURA,OXNARD,-119.17727695000001,34.202949529999998
8401188,2016,2018-04-17,5604,2016-03-11,1845,5422,,5,5,6,5604,0,0,0,,0,022,"5TH ST","HOBSON ST",10.00,W,N,A,-,N,,,,,,,,,,Y,2,0,3,4,A,-,01,23152,E,N,C,C,A,B,H,-,C,A,0,,,,,Y,,D,22,1,0,2,0,0,0,0,0,0,"- ","- ",34.197740000000003,-119.1879,VENTURA,OXNARD,-119.18794678,34.197733929999998
8401230,2016,2018-05-03,5604,2016-07-18,1504,5181,,1,5,6,5604,0,0,0,,0,042,"HUENEME RD","SAVIERS RD",20.00,E,N,A,-,N,,,,,,,,,,Y,2,0,1,1,A,-,03,22350,,N,F,C,A,A,H,-,A,A,0,,,,,Y,,I,11,1,0,0,0,0,0,0,0,0,"- ","- ",34.14743,-119.17783,VENTURA,OXNARD,-119.17785397999999,34.147509999999997
8404419,2017,2017-08-17,5600,2017-05-12,2056,4218,5126,5,5,4,5690,0,0,0,,0,02A,"TIERRA REJADA RD","BROOKHURST CT",351.00,W,N,A,-,N,,,,,,,,,,Y,1,1,1,2,A,-,08,22107,,N,E,I,A,D,H,-,C,D,0,,,,,Y,,A,01,1,0,0,0,0,0,0,0,0,"- ","- ",,,VENTURA,MOORPARK,-118.88437988,34.263286200000003
8420820,2017,2018-05-08,5600,2017-07-01,0942,4913,8003,6,5,5,5601,0,0,0,,0,08A,"CRESTVIEW AV","AVENIDA DE APRISA",146.00,E,N,B,-,N,,,,,,,,,,N,2,0,1,1,A,-,03,22350,,N,F,A,A,A,H,-,A,D,0,,Y,,,Y,,L,04,1,0,0,0,0,0,1,0,0,"- ","- ",34.231479999999998,-119.09859,VENTURA,CAMARILLO,-119.09863493,34.231503770000003
8421313,2017,2017-08-07,5600,2017-07-21,1450,4498,9156,5,5,6,5607,0,0,0,,0,09G,"LOS FELIZ DR","BEYER LN",109.00,E,N,A,-,N,,,,,,,,,,Y,2,0,1,2,A,-,03,22350,,N,D,C,A,A,H,-,A,A,0,,,Y,,Y,,C,02,1,0,0,0,0,0,0,0,1,"- ","- ",,,VENTURA,"THOUSAND OAKS",-118.83721669000001,34.172966150000001
8422753,2017,2017-08-17,5600,2017-06-10,1538,4844,5117,6,5,4,5690,0,0,0,,0,02A,"TIERRA REJADA RD","WALNUT CREEK RD",435.00,E,N,A,-,,,,,,,,,,,Y,2,0,1,1,A,-,05,21650,,N,E,I,A,A,H,-,A,D,0,,,,,Y,,A,01,1,0,0,0,0,0,0,0,0,"- ","- ",,,VENTURA,MOORPARK,-118.88529946,34.263344879999998
84358867,2024,2024-08-19,5600,2024-08-01,1412,5487,,4,5,4,5690,0,0,0,,0,2A01,"LOS ANGELES AV","LETA YANCY RD",455.00,W,N,A,-,Y,VEN,,118," "," ",17.177,H,,L,Y,2,0,2,2,A,-,01,23152,A,N,A,C,A,A,C,H,A,D,0,,,,,Y,Y,A,01,1,1,0,0,0,0,0,0,0,"- ","- ",34.278968811035156,-118.88851165771484,VENTURA,MOORPARK,-118.88851165771484,34.279010772705078
84361083,2024,2024-08-20,5600,2024-07-25,1714,4787,,4,5,4,5690,0,0,0,,0,2A01,"LOS ANGELES AV","EDENBRIDGE RD",0.00,,Y,A,-,Y,VEN,,118," ",R,17.795,H,,L,N,2,0,1,2,A,-,05,21650,1,N,D,G,A,A,H,-,A,D,0,,Y,,,Y,,L,04,1,0,0,0,0,0,1,0,0,"- ","- ",34.278938293457031,-118.87722015380859,VENTURA,MOORPARK,-118.87722015380859,34.27899169921875
84366791,2024,2024-08-23,5600,2024-08-18,1403,5633,,7,5,6,5607,0,0,0,,0,9C01,"LYNN RD","VIA ANDREA",746.00,W,N,A,-,N,,,,,,,,,,Y,2,0,1,1,A,-,08,22107,,N,E,I,A,A,H,-,A,D,0,,,Y,,Y,,C,02,1,0,0,0,0,0,0,0,1,"- ","- ",34.156429290771484,-118.9775390625,VENTURA,"THOUSAND OAKS",-118.97996520996094,34.156398773193359
84390911,2024,2024-09-12,5600,2024-06-14,2306,4045,,5,5,6,5607,0,0,0,,0,9D01,"WESTLAKE BL","HILLCREST DR",0.00,,Y,A,-,N,,,,,,,,,,Y,1,1,1,2,A,-,12,21453,A,N,D,C,A,A,H,-,C,A,0,,,Y,,Y,,C,02,0,1,0,0,0,0,0,1,0,"- ","- ",34.170810699462891,-118.82032775878906,VENTURA,"THOUSAND OAKS",-118.82028198242188,34.170803070068359
84391450,2024,2024-09-12,5608,2024-08-27,"959 ",533,,2,5,6,5608,0,0,0,,0,002,"HARBOR BOULEVARD","OLIVAS PARK DRIVE",178.00,S,N,A,-,N,,,,,,,,,,N,2,0,1,1,C,-,18,,,N,F,A,A,A,A,-,A,D,0,,Y,,,Y,,-,"- ",1,0,0,0,0,0,1,0,0,"- ","- ",,,VENTURA,VENTURA,-119.25676727294922,34.243801116943359
84398313,2024,2024-09-18,5600,2024-09-10,"703 ",5011,,2,5,6,5607,0,0,0,,0,9C01,"OLD CONEJO RD","JENNY DR",70.00,W,N,A,-,N,,,,,,,,,,N,2,0,1,2,A,-,08,22107,,N,B,G,A,A,H,-,A,A,0,,Y,,,Y,,D,22,1,0,0,0,0,0,1,0,0,"- ","- ",34.191638946533203,-118.95002746582031,VENTURA,"THOUSAND OAKS",-118.95028686523438,34.191658020019531
84403196,2024,2024-09-23,5600,2024-09-10,"958 ",5562,,2,5,5,5601,0,0,0,,0,8D01,"SANTA ROSA RD","ADOBE WY",245.00,N,N,A,-,N,,,,,,,,,,N,2,0,1,2,A,-,08,22107,,N,B,G,A,A,H,-,A,D,0,,Y,,,Y,,A,07,1,0,0,0,0,0,1,0,0,"- ","- ",34.227569580078125,-119.98316192626953,VENTURA,CAMARILLO,-118.98229217529297,34.227962493896484
84410294,2024,2024-09-27,5609,2024-09-16,1416,5120,,1,5,6,5609,0,0,0,,0,005,"COCHRAN ST","TAPO ST",0.00,,Y,A,-,N,,,,,,,,,,Y,2,0,4,2,A,-,09,21801,A,N,D,C,A,A,H,-,A,A,0,,,,,Y,,-,"- ",1,2,1,0,0,0,0,0,0,"- ","- ",34.278350830078125,-118.70870971679688,VENTURA,"SIMI VALLEY",-118.70896148681641,34.279010772705078
84415668,2024,2024-10-02,5609,2024-09-20,2107,5000,,5,5,6,5609,0,0,0,,0,001,"FIRST ST","COCHRAN ST",0.00,,Y,A,-,Y,,,,,,,,,,Y,2,0,1,2,A,-,12,21453,A,N,B,C,A,A,H,-,C,A,0,,,Y,,Y,,C,02,1,0,0,0,0,0,0,0,0,"- ","- ",34.27886962890625,-118.77883148193359,VENTURA,"SIMI VALLEY",-118.77899169921875,34.279018402099609
84419330,2024,2024-10-04,5608,2024-09-18,2241,533,,3,5,6,5608,0,0,0,,0,001,"THOMPSON BOULEVARD","PALM STREET",55.76,E,N,A,-,N,,,,,,,,,,N,1,1,0,2,A,-,11,21954,A,N,B,B,D,A,H,-,C,D,0,Y,,,,Y,,N,60,0,0,0,1,0,0,0,0,0,"- ","- ",,,VENTURA,VENTURA,-119.29600524902344,34.278266906738281
84432483,2024,2024-10-16,5609,2024-10-05,2037,5120,,6,5,6,5609,0,0,0,,0,005,"TAPO CANYON RD","LOS ANGELES AVE",24.00,N,N,A,-,N,,,,,,,,,,Y,2,0,4,2,A,-,01,23153,A,N,C,C,A,A,H,-,C,A,0,,,,,Y,Y,-,"- ",1,0,3,0,0,0,0,0,0,"- ","- ",34.271610260009766,-118.71733856201172,VENTURA,"SIMI VALLEY",-118.71734619140625,34.271732330322266
84453289,2024,2024-11-01,5609,2024-10-29,1737,5023,,2,5,6,5609,0,0,0,,0,001,"FIRST ST","LOS ANGELES AVE",36.00,N,N,B,-,N,,,,,,,,,,N,2,0,1,1,A,-,21,22106,,N,E,I,A,A,H,-,A,A,0,,,Y,,Y,,C,02,1,0,0,0,0,0,0,0,1,"- ","- ",34.271511077880859,-118.77870178222656,VENTURA,"SIMI VALLEY",-118.77897644042969,34.271907806396484
84459484,2024,2024-12-02,5600,2024-08-26,1626,4045,,1,5,6,5607,0,0,0,,0,9A01,"OLSEN RD","HARDY LN",580.00,W,N,B,-,N,,,,,,,,,,Y,1,1,1,2,C,-,18,,,N,C,C,A,A,H,-,A,A,0,,,,,Y,,-,"- ",0,0,1,0,0,0,0,0,0,"- ","- ",34.242839813232422,-118.83673095703125,VENTURA,"THOUSAND OAKS",-118.83477020263672,34.244819641113281
84462916,2024,2024-11-08,5600,2024-10-20,1540,5509,,7,5,6,5607,0,0,0,,0,9C01,"LYNN RD","DEER VALLEY AV",1.00,W,N,A,-,N,,,,,,,,,,Y,2,0,1,1,A,-,08,22107,,N,E,I,A,A,H,-,A,D,0,,,Y,,Y,,C,02,1,0,0,0,0,0,0,0,1,"- ","- ",34.161678314208984,-118.94072723388672,VENTURA,"THOUSAND OAKS",-118.94073486328125,34.161659240722656
84483446,2024,2024-11-26,5600,2024-11-04,1909,5468,,1,5,5,5601,0,0,0,,0,8D01,"SANTA ROSA RD","WOODCREEK RD",0.00,,Y,A,-,N,,,,,,,,,,Y,2,0,2,2,A,-,09,21801,A,N,H,C,A,A,H,-,C,A,0,,,,,Y,,A,01,1,1,0,0,0,0,0,0,0,"- ","- ",34.223720550537109,-118.99436950683594,VENTURA,CAMARILLO,-118.99435424804688,34.223823547363281
84491307,2024,2025-04-04,5609,2024-09-26,1421,5023,,4,5,6,5609,0,0,0,,0,006,"MOUNT SINAI DR","KUEHNER DR",621.00,W,N,A,-,N,,,,,,,,,,Y,1,1,0,1,A,-,03,22350,,N,E,I,A,A,H,-,A,D,0,,,Y,,Y,,C,02,0,0,0,0,0,0,0,1,0,"- ","- ",34.28070068359375,-118.66192626953125,VENTURA,"SIMI VALLEY",-118.66401672363281,34.280757904052734
84491361,2024,2024-12-04,5600,2024-11-24,1039,2913,,7,5,3,5602,0,0,0,,0,6A01,"VENTURA ST","B ST",0.00,,Y,A,-,Y,,,,,,,,,,Y,2,0,2,2,A,-,12,21453,A,N,D,C,A,A,H,-,A,A,0,,,,,Y,,A,07,1,0,1,0,0,0,0,0,0,"- ","- ",,,VENTURA,FILLMORE,-118.92245483398438,34.395595550537109
8451405,2017,2017-10-20,5606,2017-08-05,1511,1114,5606,6,5,4,5606,0,0,0,,0,002,"HARVARD S BL","MILL S ST",0.00,,Y,A,-,N,,,,,,,,,,Y,2,0,2,2,A,-,09,21802,A,N,D,C,A,A,H,-,A,A,0,,,Y,,Y,,A,01,1,0,1,0,0,0,0,0,1,"- ","- ",,,VENTURA,"SANTA PAULA",-119.05953004,34.350200119999997
84522444,2024,2025-01-02,5600,2024-12-24,1006,4965,,2,5,5,5601,0,0,0,,0,8D01,"UPLAND RD","ARBOLEDA RD",0.00,,Y,B,-,N,,,,,,,,,,N,2,0,2,2,A,-,12,21453,A,N,D,C,A,A,H,-,A,A,0,,,,,Y,,A,01,1,0,1,0,0,0,0,0,0,"- ","- ",34.238178253173828,-119.00312042236328,VENTURA,CAMARILLO,,
84527728,2024,2025-01-08,5600,2024-12-27,1309,5780,,5,5,6,5607,0,0,0,,0,9G01,"THOUSAND OAKS BL","SKYLINE DR",140.00,E,N,A,-,N,,,,,,,,,,Y,2,0,1,2,A,-,09,21804,A,N,D,C,A,B,H,-,A,A,0,,,,,Y,,A,01,1,0,0,0,0,0,0,0,0,"- ","- ",34.170711517333984,-118.83808135986328,VENTURA,"THOUSAND OAKS",-118.83774566650391,34.170455932617188
84529259,2024,2025-01-08,5600,2024-12-16,1647,5487,,1,5,4,5690,0,0,0,,0,2A01,"LOS ANGELES AV","SPRING RD",825.00,E,N,A,-,Y,VEN,,118," ",R,17.906,H,,L,Y,2,0,1,2,A,-,03,22350,,N,C,C,A,A,H,-,C,D,0,,,Y,,Y,,A,07,1,0,0,0,0,0,0,0,1,"- ","- ",34.2789306640625,-118.87474060058594,VENTURA,MOORPARK,-118.87474060058594,34.278999328613281
84537962,2025,2025-01-15,5600,2025-01-12,1500,5256,,7,5,5,5601,0,0,0,,0,8D01,"MISSION OAKS BL","CREEKSIDE RD",21.00,E,N,A,-,N,,,,,,,,,,N,2,0,1,2,A,-,05,21650,1,N,A,G,A,A,H,-,A,A,0,,Y,,,Y,,M,91,1,0,0,0,0,0,1,0,0,"- ","- ",34.227031707763672,-119.00171661376953,VENTURA,CAMARILLO,-119.00169372558594,34.227123260498047
84540869,2025,2025-01-17,5609,2025-01-15,1440,443,,3,5,6,5609,0,0,0,,0,005,"LOS ANGELES AVE","BUYERS ST",12.00,W,N,A,-,N,,,,,,,,,,Y,2,0,2,2,A,-,09,21802,A,N,D,C,A,A,H,-,A,A,0,,,Y,,Y,,D,22,1,0,1,0,0,0,0,0,1,"- ","- ",34.271049499511719,-118.71179962158203,VENTURA,"SIMI VALLEY",-118.71199798583984,34.271678924560547
84551736,2025,2025-01-28,5600,2025-01-10,"758 ",5007,,5,5,6,5607,0,0,0,,0,9C01,"BORCHARD RD","MICHAEL DR",15.00,S,N,A,-,N,,,,,,,,,,N,2,0,1,2,A,-,10,21950,A,N,G,B,B,A,H,-,A,B,0,Y,,,,Y,,A,01,1,0,0,0,1,0,0,0,0,"- ","- ",34.181938171386719,-118.92749786376953,VENTURA,"THOUSAND OAKS",-118.92742156982422,34.181877136230469
8461384,2017,2017-10-16,5609,2017-09-22,2035,435,,5,5,6,5609,0,0,0,,0,,"W COCHRAN ST","MADERA RD",286.00,W,N,A,-,N,,,,,,,,,,Y,2,0,3,2,A,-,01,23152,C,N,A,C,A,A,H,-,C,D,0,,,,,Y,,A,01,1,0,2,0,0,0,0,0,0,"- ","- ",,,VENTURA,"SIMI VALLEY",-118.79600182,34.282061990000003
8462282,2017,2017-10-19,5609,2017-09-05,1900,389,,2,5,6,5609,0,0,0,,0,001,"MADERA RD","EASY ST",31.00,N,N,A,-,N,,,,,,,,,,Y,2,0,2,2,C,-,18,,,N,D,C,A,A,H,-,A,A,0,,,,,Y,Y,-,"- ",1,1,0,0,0,0,0,0,0,"- ","- ",34.278199999999998,-118.7963,VENTURA,"SIMI VALLEY",-118.79647851,34.278335050000003
8465443,2017,2019-04-10,5608,2017-01-29,1729,322,,7,5,6,5608,0,0,0,,0,004,"SOUTH VICTORIA AV","OLIVAS PARK DR",0.00,N,N,A,-,N,,,,,,,,,,Y,1,1,1,1,A,-,01,23152,G,N,E,I,A,A,H,-,B,D,0,,,,,Y,Y,-,,0,1,0,0,0,0,0,0,0,"- ","- ",,,VENTURA,VENTURA,-119.21508995000001,34.244140090000002
8466041,2018,2019-09-17,5608,2018-06-26,1211,423,,2,5,6,5608,0,0,0,,0,002,"HARBOR BL","MONMOUTH WY",0.00,,Y,A,-,Y,VEN,7,101,-,-,28.643,R,4,S,Y,1,1,0,2,A,-,09,21801,A,N,D,C,A,A,H,-,A,A,0,,,Y,,Y,,A,01,0,0,0,0,0,0,0,1,0,"- ","- ",,,VENTURA,VENTURA,-119.27127075195312,34.267379760742188
84679716,2025,2025-05-08,5609,2025-04-29,1127,443,,2,5,6,5609,0,0,0,,0,003,"ERRINGER RD","PATRICIA AVE",0.00,,Y,A,-,N,,,,,,,,,,Y,2,0,1,2,A,-,09,21453,B,N,D,G,A,A,H,-,A,A,0,,Y,,,Y,,D,22,1,0,0,0,0,0,1,0,0,"- ","- ",34.269981384277344,-118.76130676269531,VENTURA,"SIMI VALLEY",-118.76139831542969,34.27001953125
84700857,2025,2025-05-27,5600,2025-04-25,1559,5495,,5,5,2,5603,0,0,0,,0,1B01,"OJAI AVENUE/SR150","DROWN AVENUE",0.00,,Y,A,-,Y,,,,,,,,,,Y,2,0,1,2,A,-,08,22107,,N,D,C,A,A,H,-,A,A,0,,,,,Y,,A,01,1,0,0,0,0,0,0,0,0,"- ","- ",,,VENTURA,OJAI,-119.23941802978516,34.448211669921875
84706609,2025,2025-06-02,5600,2025-05-15,"511 ",5507,,4,5,5,5601,0,0,0,,0,8C01,"PLEASANT VALLEY RD","CONSTITUTION AV",427.00,E,N,-,-,N,,,,,,,,,,N,2,0,1,2,A,-,03,22350,,N,C,C,A,A,H,-,B,D,0,,,,,Y,,A,01,1,0,0,0,0,0,0,0,0,"- ","- ",34.205608367919922,-119.06656646728516,VENTURA,CAMARILLO,-119.03012847900391,34.205410003662109