CASE_ID,ACCIDENT_YEAR,PROC_DATE,JURIS,COLLISION_DATE,COLLISION_TIME,OFFICER_ID,REPORTING_DISTRICT,DAY_OF_WEEK,CHP_SHIFT,POPULATION,CNTY_CITY_LOC,SPECIAL_COND,BEAT_TYPE,CHP_BEAT_TYPE,CITY_DIVISION_LAPD,CHP_BEAT_CLASS,BEAT_NUMBER,PRIMARY_RD,SECONDARY_RD,DISTANCE,DIRECTION,INTERSECTION,WEATHER_1,WEATHER_2,STATE_HWY_IND,CALTRANS_COUNTY,CALTRANS_DISTRICT,STATE_ROUTE,ROUTE_SUFFIX,POSTMILE_PREFIX,POSTMILE,LOCATION_TYPE,RAMP_INTERSECTION,SIDE_OF_HWY,TOW_AWAY,COLLISION_SEVERITY,NUMBER_KILLED,NUMBER_INJURED,PARTY_COUNT,PRIMARY_COLL_FACTOR,PCF_CODE_OF_VIOL,PCF_VIOL_CATEGORY,PCF_VIOLATION,PCF_VIOL_SUBSECTION,HIT_AND_RUN,TYPE_OF_COLLISION,MVIW,PED_ACTION,ROAD_SURFACE,ROAD_COND_1,ROAD_COND_2,LIGHTING,CONTROL_DEVICE,CHP_ROAD_TYPE,PEDESTRIAN_ACCIDENT,BICYCLE_ACCIDENT,MOTORCYCLE_ACCIDENT,TRUCK_ACCIDENT,NOT_PRIVATE_PROPERTY,ALCOHOL_INVOLVED,STWD_VEHTYPE_AT_FAULT,CHP_VEHTYPE_AT_FAULT,COUNT_SEVERE_INJ,COUNT_VISIBLE_INJ,COUNT_COMPLAINT_PAIN,COUNT_PED_KILLED,COUNT_PED_INJURED,COUNT_BICYCLIST_KILLED,COUNT_BICYCLIST_INJURED,COUNT_MC_KILLED,COUNT_MC_INJURED,PRIMARY_RAMP,SECONDARY_RAMP,LATITUDE,LONGITUDE,COUNTY,CITY,POINT_X,POINT_Y
84742911,2025,2025-06-30,5600,2025-06-14,1242,6108,,6,5,3,5602,0,0,0,,0,6B01,"VENTURA ST","OLIVE ST",0.00,,Y,A,-,Y,,,,,,,,,,Y,2,0,2,2,A,-,09,21801,A,N,A,C,A,A,H,-,A,A,0,,,Y,,Y,,A,01,2,0,0,0,0,0,0,0,2,"- ","- ",34.393680572509766,-118.91606903076172,VENTURA,FILLMORE,-118.91539001464844,34.396522521972656
84746955,2025,2025-07-07,5609,2025-03-31,1248,5120,,1,5,6,5609,0,0,0,,0,002,"LOS ANGELES AVE","FIFTH ST",0.00,,Y,A,-,N,,,,,,,,,,Y,1,1,1,2,A,-,12,21453,A,N,D,C,A,A,H,-,A,A,0,,,,,Y,,-,"- ",0,1,0,0,0,0,0,0,0,"- ","- ",34.271629333496094,-118.78362274169922,VENTURA,"SIMI VALLEY",-118.78362274169922,34.271648406982422
84800393,2025,2025-08-14,5609,2025-04-26,"200 ",482,,6,5,6,5609,0,0,0,,0,001,"FLOWER GLEN ST","FIRST ST",228.00,W,N,A,-,N,,,,,,,,,,Y,2,0,3,1,A,-,08,22107,,N,E,I,A,A,H,-,C,D,0,,,,,Y,,A,07,3,0,0,0,0,0,0,0,0,"- ","- ",34.284469604492188,-118.77867889404297,VENTURA,"SIMI VALLEY",-118.77947998046875,34.284934997558594
8520960,2017,2017-12-28,5609,2017-05-16,1205,374,,2,5,6,5609,0,0,0,,0,,"KUEHNER DR","KATHERINE RD",220.00,S,N,A,-,N,,,,,,,,,,Y,2,0,1,2,A,-,08,22103,,N,D,C,A,A,H,-,A,D,0,,,Y,,Y,,C,02,1,0,0,0,0,0,0,0,1,"- ","- ",,,VENTURA,"SIMI VALLEY",-118.66206192999999,34.264666589999997
8521043,2017,2018-01-05,5609,2017-12-01,2058,437,,5,5,6,5609,0,0,0,,0,004,"EAST COCHRAN ST","ERRINGER RD",15.00,E,N,A,-,N,,,,,,,,,,Y,2,0,2,3,A,-,10,21950,A,N,G,B,B,A,H,-,C,B,0,Y,,,,Y,,A,01,2,0,0,0,2,0,0,0,0,"- ","- ",,,VENTURA,"SIMI VALLEY",-118.76135042,34.27901
8523506,2017,2018-01-02,5600,2017-10-05,0000,4753,5600,4,5,2,5603,0,0,0,,0,1A01,"MARICOPA HWY","CARILLO ST",167.00,E,N,A,-,N,,,,,,,,,,Y,2,0,1,1,A,-,00,20002,A,M,E,I,A,A,H,-,C,D,0,,,,,Y,Y,A,01,1,0,0,0,0,0,0,0,0,"- ","- ",34.440860000000001,-119.26245,VENTURA,OJAI,-119.26208526000001,34.441890030000003
8525638,2017,2018-01-12,5609,2017-12-19,0143,452,,2,5,6,5609,0,0,0,,0,001,"ERRINGER RD","LOS ANGELES AV",501.00,N,N,A,-,N,,,,,,,,,,N,2,0,1,1,A,-,08,22107,,M,E,J,A,A,H,-,C,D,0,,,,,Y,,D,22,1,0,0,0,0,0,0,0,0,"- ","- ",34.271729999999998,-118.76130000000001,VENTURA,"SIMI VALLEY",-118.76139999999999,34.273124000000003
8535692,2018,2018-01-31,5600,2018-01-13,1544,4550,9068,6,5,6,5607,0,0,0,,0,09B,"ENCINO VISTA DR","HILLCREST DR",92.00,N,N,A,-,N,,,,,,,,,,N,2,0,1,1,A,-,08,22107,,N,E,I,A,A,H,-,A,A,0,,,,,Y,Y,A,01,1,0,0,0,0,0,0,0,0,"- ","- ",,,VENTURA,"THOUSAND OAKS",-118.85861968994141,34.181339263916016
8545061,2018,2018-08-10,5600,2018-01-14,2240,4968,6007,7,5,3,5602,0,0,0,,0,06A,"RT 126","C ST",660.00,E,N,A,-,Y,VEN,7,126,-,-,20.710,H,-,W,Y,2,0,2,2,A,-,07,21658,A,N,C,E,A,A,H,-,C,D,0,,,,Y,Y,,A,01,1,1,0,0,0,0,0,0,0,"- ","- ",,,VENTURA,FILLMORE,-118.92514801025391,34.395282745361328
8551700,2018,2018-02-15,5600,2018-01-30,1833,2833,9204,2,5,6,5607,0,0,0,,0,09C,"VIA LAS BRISAS","CALLE DEL PRADO",35.00,S,N,A,-,N,,,,,,,,,,Y,2,0,1,3,A,-,04,21703,,N,C,C,A,A,H,-,C,D,0,,,Y,,Y,,D,22,1,0,0,0,0,0,0,0,1,"- ","- ",,,VENTURA,"THOUSAND OAKS",-118.97271728515625,34.168800354003906
8554663,2016,2018-04-30,5604,2016-01-12,1238,4577,,2,5,6,5604,0,0,0,,0,012,"NORTH OXNARD BL","VINEYARD AV",70.00,N,N,A,-,N,,,,,,,,,,N,2,0,1,2,B,-,22,,,F,G,B,D,A,H,-,A,D,0,Y,,,,Y,,A,01,1,0,0,0,1,0,0,0,0,"- ","- ",,,VENTURA,OXNARD,-119.17760414,34.226696789999998
8554711,2016,2018-04-27,5604,2016-08-04,2337,4591,,4,5,6,5604,0,0,0,,0,041,"J ST","TEAKWOOD ST",0.00,,Y,A,-,N,,,,,,,,,,Y,2,0,1,3,A,-,01,23152,A,N,E,C,A,A,H,-,C,A,0,,,,,Y,Y,-,,1,0,0,0,0,0,0,0,0,"- ","- ",,,VENTURA,OXNARD,-119.18590002000001,34.170589999999997
8554792,2016,2018-04-23,5604,2016-04-02,2210,5357,,6,5,6,5604,0,0,0,,0,031,"DATE ST","OXNARD BL",0.00,,Y,A,-,N,,,,,,,,,,Y,2,0,2,2,A,-,01,23152,A,F,D,C,A,A,H,-,C,A,0,,,,,Y,Y,A,07,1,0,1,0,0,0,0,0,0,"- ","- ",34.184280000000001,-119.17044,VENTURA,OXNARD,-119.17046013,34.184300030000003
8554857,2016,2018-04-25,5604,2016-08-23,1605,5403,,2,5,6,5604,0,0,0,,0,024,"GUAVA ST","J ST",261.00,W,N,A,-,N,,,,,,,,,,N,2,0,1,3,A,-,08,22103,,N,D,C,A,A,H,-,A,D,0,,,Y,,Y,,A,01,1,0,0,0,0,0,0,0,1,"- ","- ",,,VENTURA,OXNARD,-119.18845936,34.181897499999998
8555538,2018,2018-02-20,5600,2018-01-18,2359,5058,1000,4,5,2,5603,0,0,0,,0,1A01,"FOOTHILL RD","VISTA HERMOSA DR",76.00,N,N,A,-,N,,,,,,,,,,Y,2,0,1,1,A,-,01,23152,G,N,E,I,A,A,H,-,D,D,0,,,,,Y,Y,A,01,1,0,0,0,0,0,0,0,0,"- ","- ",,,VENTURA,OJAI,-119.25616455078125,34.458477020263672
8557687,2016,2018-04-25,5604,2016-05-03,2022,5313,,2,5,6,5604,0,0,0,,0,023,"C ST","3RD ST",10.00,N,N,A,-,N,,,,,,,,,,N,2,0,1,1,A,-,08,22107,,N,E,I,A,A,H,-,C,A,0,,,,,Y,,A,01,1,0,0,0,0,0,0,0,0,"- ","- ",34.199010000000001,-119.18107999999999,VENTURA,OXNARD,-119.18106958,34.200367450000002
8557759,2016,2018-05-03,5604,2016-07-18,1552,5018,,1,5,6,5604,0,0,0,,0,041,"SAVIERS RD","YUCCA ST",0.00,,Y,A,-,N,,,,,,,,,,N,2,0,1,2,A,-,09,21801,A,F,D,C,A,A,H,-,A,A,0,,,Y,,Y,,A,07,1,0,0,0,0,0,0,0,1,"- ","- ",34.165930000000003,-119.17762,VENTURA,OXNARD,-119.17773010000001,34.1659401
8571146,2016,2018-04-27,5604,2016-04-04,1536,4531,,1,5,6,5604,0,0,0,,0,032,"ROSE AV","EMERSON AV",0.00,,Y,A,-,N,,,,,,,,,,Y,2,0,3,2,A,-,01,23153,A,N,A,C,A,A,H,-,A,A,0,,,,,Y,Y,A,01,1,2,0,0,0,0,0,0,0,"- ","- ",34.182560000000002,-119.15994999999999,VENTURA,OXNARD,-119.16005002,34.182550040000002
8571149,2016,2018-04-26,5604,2016-04-12,0959,5176,,2,5,6,5604,0,0,0,,0,,"C ST","MAYWOOD WY",0.00,,Y,A,-,N,,,,,,,,,,N,2,0,1,2,A,-,09,21802,A,N,D,G,A,A,A,-,A,A,0,,Y,,,Y,,L,04,1,0,0,0,0,0,1,0,0,"- ","- ",34.17597,-119.18125000000001,VENTURA,OXNARD,-119.18126006,34.175990040000002
8571271,2016,2018-05-02,5604,2016-06-08,1636,4691,,3,5,6,5604,0,0,0,,0,011,"VICTORIA AV","GUM TREE ST",854.00,S,N,A,-,N,,,,,,,,,,Y,2,0,1,1,A,-,03,22350,,N,H,J,A,A,H,-,A,D,0,,,Y,,Y,,C,02,1,0,0,0,0,0,0,0,1,"- ","- ",34.224960000000003,-119.22113,VENTURA,OXNARD,-119.22114372,34.222634620000001
8571776,2018,2018-03-13,5608,2018-02-28,1721,476,,3,5,6,5608,0,0,0,,0,004,"NORTH BANK DR","JOHNSON DR",30.00,S,N,A,-,N,,,,,,,,,,N,2,0,1,2,A,-,11,21456,B,N,G,B,B,A,H,-,B,A,0,Y,,,,Y,Y,N,60,1,0,0,0,1,0,0,0,0,"- ","- ",,,VENTURA,VENTURA,-119.1949462890625,34.246883392333984
8573053,2018,2018-03-15,5605,2018-02-12,2129,147,PATRO,1,5,3,5605,0,0,0,,0,001,"CHANNEL ISLANDS BL","WATERPLATE NEAR E ALLEY OF BOLKER",161.00,E,N,A,-,N,,,,,,,,,,Y,2,0,1,2,A,-,05,21202,A,N,A,G,A,A,H,-,C,D,0,,Y,,,Y,,L,04,1,0,0,0,0,0,1,0,0,"- ","- ",,,VENTURA,"PORT HUENEME",,
8590169,2018,2018-04-05,5609,2018-02-10,1128,427,,6,5,6,5609,0,0,0,,0,002,"MADERA RD","CANCUN ST",590.00,N,N,A,-,N,,,,,,,,,,Y,2,0,1,2,A,-,09,21801,A,N,A,C,A,A,H,-,A,D,0,,,,,Y,,A,01,1,0,0,0,0,0,0,0,0,"- ","- ",34.260730743408203,-118.79630279541016,VENTURA,"SIMI VALLEY",-118.79638671875,34.262355804443359
8593900,2018,2018-04-17,5604,2018-01-20,1026,4577,,6,5,6,5604,0,0,0,,0,011,"VENTURA RD","DEVONSHIRE DR",425.00,N,N,A,-,N,,,,,,,,,,,2,0,1,2,A,-,11,21954,A,F,G,B,D,A,H,-,A,D,0,Y,,,,Y,,-,,1,0,0,0,1,0,0,0,0,"- ","- ",,,VENTURA,OXNARD,-119.19461059570312,34.212677001953125
8596240,2018,2018-04-19,5608,2018-04-03,1930,459,5608,2,5,6,5608,0,0,0,,0,003,"VICTORIA AV N","TELEGRAPH RD",0.00,,Y,A,-,N,,,,,,,,,,Y,2,0,3,3,A,-,12,21453,A,N,A,C,A,A,H,-,C,A,0,,,,,Y,,-,,1,0,2,0,0,0,0,0,0,"- ","- ",,,VENTURA,VENTURA,-119.21463012695312,34.278011322021484
8597144,2016,2018-04-18,5604,2016-03-03,0545,5299,,4,5,6,5604,0,0,0,,0,042,"ROSE AV","BARD RD",0.00,,Y,A,-,N,,,,,,,,,,N,2,0,1,2,A,-,12,21453,A,N,D,C,A,A,H,-,C,A,0,,,,,Y,,A,01,1,0,0,0,0,0,0,0,0,"- ","- ",34.162219999999998,-119.15943,VENTURA,OXNARD,-119.15950011,34.162230110000003
8598170,2017,2018-04-23,5604,2017-01-29,0052,5474,,7,5,6,5604,0,0,0,,0,021,"HARBOR BL","SANTA ANA AV",400.00,S,N,A,-,N,,,,,,,,,,Y,2,0,1,1,A,-,03,22350,,N,E,I,A,A,H,-,C,D,0,,,Y,,Y,Y,C,02,1,0,0,0,0,0,0,0,1,"- ","- ",34.16131,-119.22563,VENTURA,OXNARD,-119.22476005,34.161240050000004
8598192,2017,2018-04-23,5604,2017-01-18,2245,5451,,3,5,6,5604,0,0,0,,0,042,"SAVIERS RD","PLEASANT VALLEY",75.00,S,N,B,-,N,,,,,,,,,,Y,2,0,1,3,A,-,08,22107,,N,B,E,A,B,H,-,C,D,0,,,,,Y,,A,01,1,0,0,0,0,0,0,0,0,"- ","- ",34.153869999999998,-119.17801,VENTURA,OXNARD,-119.17785184,34.154524160000001
8598361,2017,2018-04-18,5604,2017-01-13,1535,5403,,5,5,6,5604,0,0,0,,0,021,"WOOLEY RD","HARBOR BL",560.00,W,N,A,-,N,,,,,,,,,,N,2,0,1,2,A,-,06,21750,,N,D,G,A,A,H,-,A,D,0,,Y,,,Y,,A,01,1,0,0,0,0,0,1,0,0,"- ","- ",,,VENTURA,OXNARD,-119.24053889,34.190277960000003
8599192,2018,2018-05-01,5604,2018-01-12,2307,4531,,5,5,6,5604,0,0,0,,0,014,"VENTURA RD","STONE CREEK DR",1000.00,N,N,A,-,N,,,,,,,,,,Y,2,0,1,1,A,-,01,23152,A,N,E,I,A,A,H,-,C,D,0,,,,,Y,Y,A,07,1,0,0,0,0,0,0,0,0,"- ","- ",34.232288360595703,-119.19441223144531,VENTURA,OXNARD,-119.19432830810547,34.235034942626953
8600014,2017,2018-04-24,5604,2017-04-25,0218,4591,,2,5,6,5604,0,0,0,,0,031,"WOOLEY RD","COMMERCIAL AV",0.00,,Y,A,-,N,,,,,,,,,,Y,2,0,1,2,A,-,11,21950,B,N,G,B,E,A,H,-,D,A,0,Y,,,,Y,,N,60,1,0,0,0,1,0,0,0,0,"- ","- ",,,VENTURA,OXNARD,-119.17108003,34.189970109999997
8600019,2017,2018-04-24,5604,2017-04-27,1328,5172,,4,5,6,5604,0,0,0,,0,011,"OXNARD BL","DEODAR AV",0.00,,Y,A,-,N,,,1,,,,,,,Y,2,0,1,2,A,-,09,21801,A,N,D,C,A,A,H,-,A,D,0,,,Y,,Y,,A,01,1,0,0,0,0,0,0,0,1,"- ","- ",34.20814,-119.17724,VENTURA,OXNARD,-119.17721671,34.208139629999998
8600193,2017,2018-04-23,5604,2017-02-14,2314,5181,,2,5,6,5604,0,0,0,,0,011,"GALLATIN PL","GONZALES RD",0.00,,Y,A,-,N,,,,,,,,,,Y,2,0,1,1,A,-,07,21658,A,N,A,I,A,A,H,-,C,A,0,,,,,Y,,A,01,1,0,0,0,0,0,0,0,0,"- ","- ",34.219320000000003,-119.20189999999999,VENTURA,OXNARD,-119.20202003,34.21940008
8600528,2017,2018-05-01,5604,2017-09-09,1455,5472,,6,5,6,5604,0,0,0,,0,042,"CLARA ST","PERKINS RD",0.00,,Y,A,-,N,,,,,,,,,,N,2,0,1,2,A,-,10,21950,A,N,G,B,B,A,H,-,A,A,0,Y,,,,Y,,A,01,1,0,0,0,1,0,0,0,0,"- ","- ",34.1511,-119.18380000000001,VENTURA,OXNARD,-119.18388009,34.1511201
8600638,2017,2018-04-25,5604,2017-07-16,1716,5422,,7,5,6,5604,0,0,0,,0,024,"ISLETON PL","I ST",50.00,W,N,A,-,N,,,,,,,,,,N,2,0,1,2,A,-,11,21950,B,N,D,B,D,A,H,-,A,D,0,Y,,,,Y,,N,60,1,0,0,0,1,0,0,0,0,"- ","- ",34.195880000000002,-119.19074999999999,VENTURA,OXNARD,-119.19019516,34.196039999999996
8600720,2017,2018-05-02,5604,2017-08-31,2114,5360,,4,5,6,5604,0,0,0,,0,024,"VENTURA RD","FRIEDRICH LN",0.00,,Y,A,-,N,,,,,,,,,,Y,2,0,1,2,A,-,11,21954,A,N,G,B,D,A,H,-,C,A,0,Y,,,,Y,,N,60,1,0,0,0,1,0,0,0,0,"- ","- ",34.1785,-119.19497,VENTURA,OXNARD,-119.19495003,34.178500069999998
8601045,2017,2018-05-01,5604,2017-01-24,1245,4774,,2,5,6,5604,0,0,0,,0,014,"OXNARD BL","CITRUS GROVE AV",0.00,,Y,B,-,N,,,1,,,,,,,Y,2,0,3,2,A,-,12,21453,A,N,A,C,A,A,H,-,A,A,0,,,,,Y,,D,22,1,0,2,0,0,0,0,0,0,"- ","- ",34.220239999999997,-119.17751,VENTURA,OXNARD,-119.17722551999999,34.22023351
8601087,2017,2018-05-01,5604,2017-01-17,2303,5274,,2,5,6,5604,0,0,0,,0,042,"SAVIERS RD","DOLLIE ST",30.00,N,N,A,-,N,,,,,,,,,,Y,2,0,1,2,A,-,01,23152,A,N,B,C,A,A,H,-,C,A,0,,,,,Y,Y,A,01,1,0,0,0,0,0,0,0,0,"- ","- ",34.157319999999999,-119.17771999999999,VENTURA,OXNARD,-119.17781734,34.157432309999997
8601205,2018,2018-06-28,5609,2018-03-16,0705,374,,5,5,6,5609,0,0,0,,0,,"1ST ST","COCHRAN ST",276.00,N,N,B,-,N,,,,,,,,,,Y,2,0,1,2,A,-,04,21703,,N,C,C,A,A,H,-,B,A,0,,,,,Y,,A,01,1,0,0,0,0,0,0,0,0,"- ","- ",34.27886962890625,-118.77883148193359,VENTURA,"SIMI VALLEY",-118.77899169921875,34.279777526855469
8601346,2017,2018-04-26,5604,2017-07-08,1753,5401,,6,5,6,5604,0,0,0,,0,024,"VALLEY PARK DR","FIR AV",27.00,N,N,A,-,N,,,,,,,,,,Y,2,0,1,2,A,-,05,21650,,N,A,E,A,A,H,-,A,D,0,,,Y,,Y,,C,02,1,0,0,0,0,0,0,0,1,"- ","- ",34.182310000000001,-119.1793,VENTURA,OXNARD,-119.17930986,34.182401280000001
8601440,2018,2018-11-26,5608,2018-01-14,1730,461,,7,5,6,5608,0,0,0,,0,004,"VALENTINE RD","SPERRY AV",1320.00,E,N,A,-,N,,,,,,,,,,Y,2,0,2,2,A,-,01,23153,F,F,B,C,A,A,H,-,C,D,0,,,,,Y,Y,A,07,1,1,0,0,0,0,0,0,0,"- ","- ",,,VENTURA,VENTURA,-119.21425628662109,34.253910064697266
8602669,2018,2018-05-22,5600,2018-04-13,1220,3386,8154,5,5,5,5601,0,0,0,,0,8C01,"LAS POSAS RD","FIELDGATE DR",0.00,,Y,A,-,N,,,,,,,,,,Y,2,0,3,2,A,-,09,21802,A,N,D,C,A,A,H,-,A,A,0,,,,,Y,,A,07,1,2,0,0,0,0,0,0,0,"- ","- ",34.242271423339844,-119.01521301269531,VENTURA,CAMARILLO,-119.01518249511719,34.242321014404297
8605169,2018,2018-05-15,5609,2018-04-10,0700,310,120,2,5,6,5609,0,0,0,,0,001,"AGNEW ST","AHART ST",202.00,E,N,A,-,N,,,,,,,,,,Y,2,0,1,2,A,-,03,22350,,N,F,E,A,A,H,-,A,D,0,,,Y,,Y,,C,02,1,0,0,0,0,0,0,0,1,"- ","- ",34.278228759765625,-118.77577972412109,VENTURA,"SIMI VALLEY",-118.77576446533203,34.278152465820312
8607165,2018,2018-05-15,5608,2018-04-27,2249,442,,5,5,6,5608,0,0,0,,0,002,"HARBOR BL","CITY LIMIT MARKER",328.00,N,N,A,-,N,,,,,,,,,,N,2,0,1,2,A,-,11,21954,A,N,G,B,D,A,H,-,D,D,0,Y,,,,Y,,N,60,1,0,0,0,1,0,0,0,0,"- ","- ",,,VENTURA,VENTURA,,
8609563,2018,2018-04-30,5609,2018-03-04,0747,310,517,7,5,6,5609,0,0,0,,0,005,"ROYAL AVE","TAPO CANYON RD",0.00,,Y,A,-,N,,,,,,,,,,Y,2,0,1,1,A,-,01,23152,A,N,E,I,A,A,H,-,A,A,0,,,,,Y,Y,A,01,1,0,0,0,0,0,0,0,0,"- ","- ",,,VENTURA,"SIMI VALLEY",-118.71656036376953,34.268051147460938
8612568,2018,2018-04-27,5608,2018-04-13,1250,308,,5,5,6,5608,0,0,0,,0,004,"AUTO CENTER DR","HOFER DR",51.00,E,N,A,-,N,,,,,,,,,,Y,2,0,1,2,A,-,03,22350,,N,E,I,A,A,H,-,A,D,0,,,,,Y,,-,,1,0,0,0,0,0,0,0,0,"- ","- ",,,VENTURA,VENTURA,-119.20248413085938,34.247177124023438
8612600,2018,2018-04-27,5608,2018-04-18,1629,282,,3,5,6,5608,0,0,0,,0,003,"MILLS RD","MAPLE ST",0.00,,Y,A,-,N,,,,,,,,,,N,2,0,1,2,A,-,03,22350,,N,C,C,A,A,H,-,A,A,0,,,,,Y,,-,,1,0,0,0,0,0,0,0,0,"- ","- ",,,VENTURA,VENTURA,-119.2469482421875,34.268951416015625
8617013,2018,2018-05-17,5604,2018-04-22,2000,5501,,7,5,6,5604,0,0,0,,0,041,"BARD RD","C ST",50.00,E,N,A,-,N,,,,,,,,,,N,2,0,1,2,A,-,11,21954,A,N,G,B,D,A,H,-,C,D,0,Y,,,,Y,,N,60,1,0,0,0,1,0,0,0,0,"- ","- ",34.161018371582031,-119.18051147460938,VENTURA,OXNARD,-119.18036651611328,34.161037445068359
8622499,2018,2018-05-30,5609,2018-05-05,1311,464,,6,5,6,5609,0,0,0,,0,004,"SANTA YNEZ AV","SIERRA MADRE CT",44.00,N,N,A,-,N,,,,,,,,,,N,2,0,1,1,A,-,03,22350,,N,E,I,A,A,H,-,A,D,0,,,Y,,Y,,C,02,1,0,0,0,0,0,0,0,1,"- ","- ",34.284481048583984,-118.72023010253906,VENTURA,"SIMI VALLEY",-118.72035980224609,34.284652709960938
8639815,2018,2018-06-25,5600,2018-04-28,1608,2979,5114,6,5,4,5690,0,0,0,,0,02B,"ARROYO DR","COLLINS DR",797.00,E,N,A,-,N,,,,,,,,,,Y,2,0,1,1,A,-,01,23152,A,N,E,I,A,A,H,-,A,A,0,,,,,Y,Y,A,07,1,0,0,0,0,0,0,0,0,"- ","- ",,,VENTURA,MOORPARK,-118.84064483642578,34.29290771484375
8643111,2018,2018-07-09,5600,2018-06-09,1255,4589,8003,6,5,5,5601,0,0,0,,0,08A,"CRESTVIEW AV","CALLE TIERRA VISTA",0.00,,Y,A,-,N,,,,,,,,,,N,2,0,1,1,A,-,03,22350,,N,E,I,A,A,H,-,A,A,0,,,Y,,Y,,C,02,1,0,0,0,0,0,0,0,1,"- ","- ",34.228450775146484,-119.09146118164062,VENTURA,CAMARILLO,-119.09156036376953,34.228530883789062
8645802,2018,2019-01-02,5600,2018-06-14,1557,4221,9006,4,5,6,5607,0,0,0,,0,9A01,"OLSEN RD","RT 23",480.00,E,N,A,-,N,,,,,,,,,,Y,2,0,2,2,A,-,08,22107,,N,B,C,A,A,H,-,A,D,0,,,,,Y,,A,01,1,1,0,0,0,0,0,0,0,"- ",NF,,,VENTURA,"THOUSAND OAKS",-118.83970642089844,34.241718292236328
8646068,2018,2018-07-12,5600,2018-06-27,0446,4961,9006,3,5,6,5607,0,0,0,,0,09A,"MOORPARK RD","SANTA ROSA RD",1056.00,E,N,E,-,N,,,,,,,,,,Y,2,0,1,1,A,-,03,22350,,N,E,I,A,A,H,-,D,D,0,,,,,Y,,A,01,1,0,0,0,0,0,0,0,0,"- ","- ",,,VENTURA,"THOUSAND OAKS",-118.86515045166016,34.245960235595703
8648175,2018,2020-05-22,5604,2018-07-20,2125,5231,,5,5,6,5604,0,0,0,,0,011,"OXNARD BL","ROBERT AV",282.00,S,N,A,-,N,,,,,,,,,,Y,1,1,0,2,A,-,11,21954,A,N,G,B,D,A,H,-,C,D,0,Y,,,,Y,Y,N,60,0,0,0,1,0,0,0,0,0,"- ","- ",,,VENTURA,OXNARD,-119.17733001708984,34.210426330566406
8648341,2018,2020-05-22,5604,2018-06-02,0113,5243,,6,5,6,5604,0,0,0,,0,041,"CHANNEL ISLANDS BL","MAYWOOD WY",200.00,W,N,A,-,N,,,,,,,,,,Y,1,1,4,9,A,-,05,21460,A,N,A,C,A,A,H,-,C,D,0,,,Y,Y,Y,Y,A,01,0,0,4,0,0,0,0,0,0,"- ","- ",,,VENTURA,OXNARD,-119.18436431884766,34.175350189208984
8664905,2018,2019-02-28,5604,2018-07-01,0728,5175,,7,5,6,5604,0,0,0,,0,042,"SAVIERS RD","PLEASANT VALLEY RD",0.00,,Y,B,-,N,,,,,,,,,,Y,2,0,5,3,A,-,03,22350,,N,C,C,A,A,H,-,A,A,0,,,,Y,Y,,F,85,2,0,3,0,0,0,0,0,0,"- ","- ",,,VENTURA,OXNARD,-119.17784881591797,34.154731750488281
8669170,2018,2018-08-10,5600,2018-07-14,0439,2913,9006,6,5,6,5607,0,0,0,,0,09A,"OLSEN RD","COUNTRY CLUB DR WEST",2006.00,W,N,A,-,N,,,,,,,,,,Y,2,0,1,1,A,-,01,23152,A,N,E,I,A,A,H,-,C,D,0,,,,,Y,Y,A,01,1,0,0,0,0,0,0,0,0,"- ","- ",,,VENTURA,"THOUSAND OAKS",,
8684633,2018,2018-09-19,5609,2018-08-08,0745,310,413,3,5,6,5609,0,0,0,,0,004,"TAPO CANYON RD","ALAMO ST",659.00,S,N,A,-,N,,,,,,,,,,Y,2,0,1,2,A,-,09,21804,A,N,D,C,A,A,H,-,A,A,0,,,Y,,Y,,A,07,1,0,0,0,0,0,0,0,1,"- ","- ",,,VENTURA,"SIMI VALLEY",-118.71784210205078,34.284572601318359
8695851,2018,2018-09-24,5609,2018-08-27,1438,389,,1,5,6,5609,0,0,0,,0,003,"LOS ANGELES AV","SYCAMORE DR",479.00,E,N,A,-,N,,,,,,,,,,Y,2,0,1,2,A,-,09,21801,A,N,D,C,A,A,H,-,A,D,0,,,Y,,Y,,A,07,1,0,0,0,0,0,0,0,1,"- ","- ",34.271770477294922,-118.74382781982422,VENTURA,"SIMI VALLEY",-118.74219512939453,34.271671295166016
8700170,2018,2018-09-24,5609,2018-09-03,1654,389,,1,5,6,5609,0,0,0,,0,006,"YOSEMITE AV","EVENING SKY DR",159.00,S,N,A,-,N,,,,,,,,,,Y,2,0,1,1,A,-,08,22107,,N,E,I,A,A,H,-,A,A,0,,,,,Y,,A,08,1,0,0,0,0,0,0,0,0,"- ","- ",34.295230865478516,-118.68856048583984,VENTURA,"SIMI VALLEY",-118.68817901611328,34.295063018798828
8700178,2018,2018-09-24,5609,2018-09-05,1814,447,420,3,5,6,5609,0,0,0,,0,004,"ERRINGER RD","LARCH ST",0.00,,Y,A,-,N,,,,,,,,,,Y,2,0,2,2,A,-,09,21801,A,N,D,C,A,A,H,-,A,A,0,,,,,Y,,-,,1,1,0,0,0,0,0,0,0,"- ","- ",34.275360107421875,-118.76126098632812,VENTURA,"SIMI VALLEY",-118.76139831542969,34.275390625
8700191,2018,2018-09-24,5604,2018-08-26,2035,5359,,7,5,6,5604,0,0,0,,0,042,"SAVIERS RD","PLEASANT VALLEY RD",20.00,S,N,A,-,N,,,,,,,,,,N,2,0,1,2,A,-,05,21650,1,F,D,G,A,A,H,-,C,A,0,,Y,,,Y,,L,04,1,0,0,0,0,0,1,0,0,"- ","- ",34.154708862304688,-119.17774963378906,VENTURA,OXNARD,-119.17784881591797,34.154674530029297