CASE_ID,ACCIDENT_YEAR,PROC_DATE,JURIS,COLLISION_DATE,COLLISION_TIME,OFFICER_ID,REPORTING_DISTRICT,DAY_OF_WEEK,CHP_SHIFT,POPULATION,CNTY_CITY_LOC,SPECIAL_COND,BEAT_TYPE,CHP_BEAT_TYPE,CITY_DIVISION_LAPD,CHP_BEAT_CLASS,BEAT_NUMBER,PRIMARY_RD,SECONDARY_RD,DISTANCE,DIRECTION,INTERSECTION,WEATHER_1,WEATHER_2,STATE_HWY_IND,CALTRANS_COUNTY,CALTRANS_DISTRICT,STATE_ROUTE,ROUTE_SUFFIX,POSTMILE_PREFIX,POSTMILE,LOCATION_TYPE,RAMP_INTERSECTION,SIDE_OF_HWY,TOW_AWAY,COLLISION_SEVERITY,NUMBER_KILLED,NUMBER_INJURED,PARTY_COUNT,PRIMARY_COLL_FACTOR,PCF_CODE_OF_VIOL,PCF_VIOL_CATEGORY,PCF_VIOLATION,PCF_VIOL_SUBSECTION,HIT_AND_RUN,TYPE_OF_COLLISION,MVIW,PED_ACTION,ROAD_SURFACE,ROAD_COND_1,ROAD_COND_2,LIGHTING,CONTROL_DEVICE,CHP_ROAD_TYPE,PEDESTRIAN_ACCIDENT,BICYCLE_ACCIDENT,MOTORCYCLE_ACCIDENT,TRUCK_ACCIDENT,NOT_PRIVATE_PROPERTY,ALCOHOL_INVOLVED,STWD_VEHTYPE_AT_FAULT,CHP_VEHTYPE_AT_FAULT,COUNT_SEVERE_INJ,COUNT_VISIBLE_INJ,COUNT_COMPLAINT_PAIN,COUNT_PED_KILLED,COUNT_PED_INJURED,COUNT_BICYCLIST_KILLED,COUNT_BICYCLIST_INJURED,COUNT_MC_KILLED,COUNT_MC_INJURED,PRIMARY_RAMP,SECONDARY_RAMP,LATITUDE,LONGITUDE,COUNTY,CITY,POINT_X,POINT_Y
8705478,2018,2018-10-09,5604,2018-09-18,1958,4750,,2,5,6,5604,0,0,0,,0,024,"WOOLEY RD","S E ST S",0.00,,Y,A,-,N,,,,,,,,,,N,2,0,1,2,A,-,10,21950,A,N,G,B,B,A,H,-,C,A,0,Y,,,,Y,,A,01,1,0,0,0,1,0,0,0,0,"- ","- ",34.18994140625,-119.18367767333984,VENTURA,OXNARD,-119.18372344970703,34.189990997314453
8723842,2018,2018-11-21,5604,2018-10-13,0217,5527,,6,5,6,5604,0,0,0,,0,012,"ROSE AV","CESAR CHAVEZ DR",130.00,S,N,C,-,N,,,,,,,,,,Y,2,0,1,1,A,-,03,22350,,N,E,I,A,B,H,-,C,A,0,,,,,Y,,A,01,1,0,0,0,0,0,0,0,0,"- ","- ",34.213138580322266,-119.15959167480469,VENTURA,OXNARD,-119.15969848632812,34.212791442871094
8724771,2018,2018-11-13,5600,2018-10-03,1538,5388,9166,3,5,6,5607,0,0,0,,0,09D,"WESTLAKE BL","THOUSAND OAKS BL",40.00,N,N,B,-,N,,,,,,,,,,Y,2,0,1,2,A,-,03,22350,,N,C,C,A,A,H,-,A,A,0,,,,,Y,,A,07,1,0,0,0,0,0,0,0,0,"- ","- ",,,VENTURA,"THOUSAND OAKS",-118.82292175292969,34.160919189453125
8732707,2018,2018-12-07,5600,2018-10-31,0654,4617,9113,3,5,6,5607,0,0,0,,0,09H,"LAWRENCE DR","LAVERY CT",339.00,N,N,A,-,N,,,,,,,,,,Y,2,0,1,2,A,-,03,22350,,N,D,C,A,A,H,-,B,D,0,,,Y,Y,Y,,C,02,1,0,0,0,0,0,0,0,1,"- ","- ",,,VENTURA,"THOUSAND OAKS",-118.92993927001953,34.195171356201172
8734584,2018,2018-11-19,5600,2018-10-29,1356,4615,8128,1,5,5,5601,0,0,0,,0,08C,"PONDEROSA DR","TEMPLE AV",0.00,,Y,A,-,N,,,,,,,,,,Y,2,0,1,2,A,-,01,23152,A,N,H,C,A,A,H,-,A,A,0,,,,,Y,,A,01,1,0,0,0,0,0,0,0,0,"- ","- ",34.229381561279297,-119.03096008300781,VENTURA,CAMARILLO,-119.03102874755859,34.229438781738281
8738500,2018,2019-01-09,5600,2018-11-02,1914,3927,8058,5,5,5,5601,0,0,0,,0,08A,"VENTURA BL","SPRINGVILLE DR",1179.00,E,N,A,-,N,,,,,,,,,,Y,2,0,1,1,A,-,01,23152,A,N,E,I,A,A,H,-,C,D,0,,,,,Y,Y,A,01,1,0,0,0,0,0,0,0,0,"- ","- ",34.21697998046875,-119.08206939697266,VENTURA,CAMARILLO,-119.08226776123047,34.216876983642578
8740365,2018,2018-12-07,5604,2018-10-18,0500,5492,,4,5,6,5604,0,0,0,,0,031,"RICE AV","STURGIS RD",50.00,N,N,A,-,N,,,,,,,,,,N,2,0,1,2,A,-,11,21950,B,N,G,B,D,A,H,-,B,A,0,Y,,,Y,Y,,N,60,1,0,0,0,1,0,0,0,0,"- ","- ",34.201930999755859,-119.14219665527344,VENTURA,OXNARD,-119.14232635498047,34.201950073242188
8747671,2018,2019-01-23,5604,2018-11-16,2127,5422,,5,5,6,5604,0,0,0,,0,022,"F ST","3RD ST",0.00,,Y,A,-,N,,,,,,,,,,Y,2,0,2,3,A,-,01,23152,A,N,A,C,A,A,H,-,C,A,0,,,,,Y,Y,A,01,1,0,1,0,0,0,0,0,0,"- ","- ",34.200359344482422,-119.18511199951172,VENTURA,OXNARD,-119.18511962890625,34.200370788574219
8756241,2018,2019-01-22,5608,2018-11-28,0809,452,,3,5,6,5608,0,0,0,,0,001,"MAIN ST","PALM ST",0.00,,Y,A,-,N,,,,,,,,,,N,2,0,1,2,A,-,10,21950,A,N,G,B,B,A,H,-,-,A,0,Y,,,,Y,,-,,1,0,0,0,1,0,0,0,0,"- ","- ",,,VENTURA,VENTURA,-119.29618835449219,34.280811309814453
8759075,2018,2019-01-23,5609,2018-11-30,0726,452,114,5,5,6,5609,0,0,0,,0,001,"COCHRAN ST","LIBERTY WAY",303.00,E,N,A,-,N,,,,,,,,,,Y,2,0,2,2,A,-,03,22350,,N,C,C,A,A,H,-,A,D,0,,,,,Y,,D,22,1,1,0,0,0,0,0,0,0,"- ","- ",34.280529022216797,-118.78855133056641,VENTURA,"SIMI VALLEY",-118.78769683837891,34.280326843261719
8770737,2018,2019-01-25,5609,2018-12-28,1814,437,,5,5,6,5609,0,0,0,,0,006,"YOSEMITE AV","FEARING ST",0.00,,Y,A,-,N,,,,,,,,,,Y,2,0,1,2,A,-,09,21804,,N,D,C,A,A,H,-,C,D,0,,,,,Y,,E,22,1,0,0,0,0,0,0,0,0,"- ","- ",34.274501800537109,-118.67842864990234,VENTURA,"SIMI VALLEY",-118.67845916748047,34.274490356445312
8772588,2018,2019-01-17,5609,2018-12-13,0831,452,212,4,5,6,5609,0,0,0,,0,002,"SINALOA RD","HIGHLAND RD",0.00,,Y,A,-,N,,,,,,,,,,N,2,0,1,2,A,-,09,21802,A,N,D,G,A,A,H,-,A,A,0,,Y,,,Y,,A,01,1,0,0,0,0,0,1,0,0,"- ","- ",34.249961853027344,-118.78755187988281,VENTURA,"SIMI VALLEY",-118.78758239746094,34.249961853027344
8784209,2019,2019-02-12,5608,2019-01-22,1831,517,,2,5,6,5608,0,0,0,,0,002,"E MAIN ST",DONLON,508.00,W,N,A,-,N,,,,,,,,,,Y,2,0,2,2,A,-,03,22350,,N,D,C,A,A,H,-,B,A,0,,,,,Y,,A,01,1,1,0,0,0,0,0,0,0,"- ","- ",,,VENTURA,VENTURA,-119.23719024658203,34.263240814208984
8784607,2019,2019-03-22,5609,2019-01-18,1646,435,,5,5,6,5609,0,0,0,,0,,"STEARNS ST","RT 118",0.00,,Y,A,-,Y,VEN,7,118,-,R,28.631,R,1,E,N,2,0,1,2,A,-,05,21650,,N,D,G,A,A,H,-,A,A,0,,Y,,,Y,,L,04,1,0,0,0,0,0,1,0,0,"- ",EF,34.280601501464844,-119.69100189208984,VENTURA,"SIMI VALLEY",-118.69486999511719,34.281486511230469
8787741,2019,2019-02-26,5600,2019-01-08,1456,2913,9109,2,5,6,5607,0,0,0,,0,09H,"CONEJO SPECTRUM ST","RANCHO CONEJO BL",296.00,S,N,A,-,N,,,,,,,,,,Y,2,0,1,1,A,-,08,22107,,N,E,I,A,A,H,-,A,D,0,,,Y,,Y,,C,02,1,0,0,0,0,0,0,0,1,"- ","- ",,,VENTURA,"THOUSAND OAKS",-118.92829132080078,34.203758239746094
8791399,2019,2019-03-22,5608,2019-03-04,1135,451,,1,5,6,5608,0,0,0,,0,002,"SEAWARD AV","OCEAN AV",0.00,,Y,A,-,N,,,,,,,,,,Y,2,0,1,2,A,-,12,21453,A,N,D,C,A,A,H,-,A,A,0,,,,,Y,,D,22,1,0,0,0,0,0,0,0,0,"- ","- ",,,VENTURA,VENTURA,-119.26699829101562,34.271541595458984
8797789,2019,2019-02-11,5600,2019-01-24,1558,4938,9080,4,5,6,5607,0,0,0,,0,09H,"HILLCREST DR","MARIN ST",0.00,,Y,A,-,N,,,,,,,,,,Y,2,0,1,3,A,-,09,21801,A,N,H,C,A,A,H,-,A,A,0,,,,,Y,,A,01,1,0,0,0,0,0,0,0,0,"- ","- ",,,VENTURA,"THOUSAND OAKS",-118.88382720947266,34.182750701904297
8803452,2019,2019-02-27,5608,2019-02-07,1816,513,,4,5,6,5608,0,0,0,,0,001,"VENTURA AV","WARNER ST",2.00,S,N,A,-,N,,,,,,,,,,N,2,0,2,2,A,-,03,22350,A,N,G,B,B,A,H,-,C,D,0,Y,,Y,,Y,,C,02,1,1,0,0,1,0,0,0,1,"- ","- ",,,VENTURA,VENTURA,-119.29747009277344,34.292472839355469
8804166,2019,2019-03-06,5609,2019-01-31,2028,437,,4,5,6,5609,0,0,0,,0,005,"LOS ANGELES AV","ANGUS AV",183.00,E,N,A,-,N,,,,,,,,,,Y,2,0,2,2,A,-,05,21651,B,N,A,C,A,A,D,-,C,D,0,,,,,Y,,A,07,1,0,1,0,0,0,0,0,0,"- ","- ",34.271839141845703,-118.70249176025391,VENTURA,"SIMI VALLEY",-118.70191192626953,34.271797180175781
8808101,2018,2020-05-22,5604,2018-05-12,1702,5357,VENTU,6,5,6,5604,0,0,0,,0,012,"AUTO CENTER DR","OGDEN CT",40.00,E,N,A,-,N,,,,,,,,,,Y,1,1,0,1,A,-,03,22350,,N,E,I,A,A,H,-,A,D,0,,,,,Y,,A,01,0,0,0,0,0,0,0,0,0,"- ","- ",,,VENTURA,OXNARD,,
8808358,2018,2019-07-02,5609,2018-11-17,1137,452,217,6,5,6,5609,0,0,0,,0,002,"WOOD RANCH PKWY","LAKE PARK DR",164.00,N,N,A,-,N,,,,,,,,,,Y,1,1,1,1,A,-,08,22107,,N,E,I,A,A,H,-,A,D,0,,,,,Y,,A,07,1,0,0,0,0,0,0,0,0,"- ","- ",34.248611450195312,-118.81189727783203,VENTURA,"SIMI VALLEY",-118.81197357177734,34.248687744140625
8808389,2019,2021-05-20,5600,2019-04-21,1753,3469,1002,7,5,2,5603,0,0,0,,0,1A01,"RT 33","VALLERIO AV",0.00,,Y,A,-,Y,VEN,7,33,-,-,11.421,I,5,N,Y,1,1,0,2,A,-,10,21950,A,N,G,B,B,A,H,-,B,A,0,Y,,,,Y,,A,01,0,0,0,1,0,0,0,0,0,"- ","- ",34.442371368408203,-119.26412963867188,VENTURA,OJAI,-119.26407623291016,34.442211151123047
8814991,2019,2019-05-22,5600,2019-03-01,1510,4511,1000,5,5,2,5603,0,0,0,,0,1A01,"RT 150","SOUTH VENTURA ST",0.00,,Y,B,-,Y,VEN,7,150,-,-,17.486,I,5,W,N,2,0,1,2,A,-,09,21801,A,N,D,G,A,A,H,-,A,A,0,,Y,,,Y,,D,22,1,0,0,0,0,0,1,0,0,"- ","- ",,,VENTURA,OJAI,-119.24509429931641,34.447803497314453
8815360,2019,2019-03-21,5600,2019-02-18,1807,4995,9072,1,5,6,5607,0,0,0,,0,09G,"HILLCREST DR","GAZANIA CT",434.00,E,N,A,-,N,,,,,,,,,,Y,2,0,1,2,A,-,03,22350,,N,G,B,E,A,H,-,D,D,0,Y,,,,Y,,A,01,1,0,0,0,1,0,0,0,0,"- ","- ",,,VENTURA,"THOUSAND OAKS",-118.85481262207031,34.182098388671875
8816298,2019,2019-03-11,5608,2019-02-22,1245,520,,5,5,6,5608,0,0,0,,0,003,"TELEGRAPH RD","MARA AV",0.00,,Y,A,-,N,,,,,,,,,,Y,2,0,2,2,A,-,09,21801,,N,A,C,A,A,H,-,A,D,0,,,Y,,Y,,A,01,1,1,0,0,0,0,0,0,1,"- ","- ",,,VENTURA,VENTURA,-119.18795013427734,34.28192138671875
8818841,2019,2019-05-02,5604,2019-03-13,1257,5490,,3,5,6,5604,0,0,0,,0,024,"C ST","MAYWOOD DR",140.00,S,N,A,-,N,,,,,,,,,,N,2,0,1,2,D,-,00,,,N,G,B,F,A,H,-,A,D,0,Y,,,,Y,,-,"- ",1,0,0,0,1,0,0,0,0,"- ","- ",,,VENTURA,OXNARD,-119.18122863769531,34.175605773925781
8823547,2019,2019-03-19,5609,2019-02-23,2041,437,,6,5,6,5609,0,0,0,,0,005,"TAPO ST","KADOTA ST",151.00,S,N,A,-,N,,,,,,,,,,Y,2,0,1,2,A,-,11,21954,A,N,G,B,E,A,H,-,E,D,0,Y,,,,Y,,N,60,1,0,0,0,1,0,0,0,0,"- ","- ",34.293498992919922,-118.70893859863281,VENTURA,"SIMI VALLEY",-118.70894622802734,34.293106079101562
8827650,2019,2019-04-04,5600,2019-03-10,0901,5126,82156,7,5,5,5601,0,0,0,,0,08D,"UPLAND RD","SAN ONOFRE DR",0.00,,Y,A,-,N,,,,,,,,,,Y,2,0,2,2,A,-,09,21802,A,N,D,C,A,A,H,-,A,D,0,,,,,Y,,A,01,1,1,0,0,0,0,0,0,0,"- ","- ",34.239910125732422,-118.98490142822266,VENTURA,CAMARILLO,-118.98493957519531,34.240009307861328
8844047,2017,2019-04-29,5604,2017-04-04,1744,4577,,2,5,6,5604,0,0,0,,0,022,"SAVIERS RD","W ELM ST",0.00,,Y,A,-,N,,,,,,,,,,Y,2,0,1,2,A,-,09,21801,A,N,D,C,A,A,H,-,A,A,0,,,Y,,Y,,D,23,1,0,0,0,0,0,0,0,1,"- ","- ",34.182760000000002,-119.17752,VENTURA,OXNARD,-119.17755006,34.182800010000001
8845241,2019,2019-04-25,5600,2019-03-14,0206,2877,8024,4,5,5,5601,0,0,0,,0,8A01,"DAILY DR","ROSEWOOD AV",424.00,E,N,A,-,N,,,,,,,,,,Y,2,0,1,1,A,-,01,23152,A,N,E,I,A,A,H,-,C,D,0,,,,,Y,,A,01,1,0,0,0,0,0,0,0,0,"- ","- ",34.130821228027344,-119.03363037109375,VENTURA,CAMARILLO,-119.06017303466797,34.218883514404297
8848545,2019,2019-04-26,5608,2019-04-05,1556,442,,5,5,6,5608,0,0,0,,0,001,"E BARNETT ST","CAMERON ST",62.00,E,N,A,-,N,,,,,,,,,,N,2,0,1,2,A,-,13,22515,A,N,G,B,E,A,H,-,A,D,0,Y,,,,Y,,-,,1,0,0,0,1,0,0,0,0,"- ","- ",,,VENTURA,VENTURA,-119.29539489746094,34.291118621826172
8848549,2019,2019-04-26,5608,2019-04-06,2112,497,,6,5,6,5608,0,0,0,,0,001,"EAST SANTA CLARA ST","FIGUEROA ST",5.00,E,N,A,-,N,,,,,,,,,,N,2,0,1,2,A,-,03,22350,,F,D,B,D,A,H,-,C,D,0,Y,,,,Y,Y,-,,1,0,0,0,1,0,0,0,0,"- ","- ",,,VENTURA,VENTURA,-119.29770660400391,34.279510498046875
8852766,2019,2019-05-09,5600,2019-04-28,0945,5007,9206,7,5,6,5607,0,0,0,,0,09C,"RANCHO DOS VIENTOS","VIA ARABELLA",368.00,N,N,B,-,N,,,,,,,,,,Y,2,0,1,1,A,-,08,22107,,N,E,I,A,A,H,-,A,D,0,,,,,Y,,A,07,1,0,0,0,0,0,0,0,0,"- ","- ",,,VENTURA,"THOUSAND OAKS",-118.99266815185547,34.164039611816406
8853554,2019,2019-05-15,5600,2019-03-22,0628,2110,9158,5,5,6,5607,0,0,0,,0,09D,"TRIUNFO CANYON RD","HAMPSHIRE RD",351.00,S,N,B,-,N,,,,,,,,,,N,2,0,1,2,A,-,11,21954,A,N,G,B,D,A,H,-,C,D,0,Y,,,,Y,,N,60,1,0,0,0,1,0,0,0,0,"- ","- ",,,VENTURA,"THOUSAND OAKS",-118.83587646484375,34.157802581787109
8875189,2019,2019-11-07,5600,2019-05-25,1141,5007,9180,6,5,6,5607,0,0,0,,0,9D01,"RT 23","POTRERO RD",340.00,S,N,A,-,Y,VEN,7,23,-,T,1.430,H,-,S,N,2,0,1,1,A,-,03,22350,,N,F,A,A,A,H,-,A,D,0,,,Y,,Y,,C,02,1,0,0,0,0,0,0,0,1,"- ","- ",,,VENTURA,"THOUSAND OAKS",-118.85014343261719,34.141937255859375
8875736,2019,2019-11-25,5600,2019-06-15,0928,4722,9006,6,5,6,5607,0,0,0,,0,09A,"OLSEN RD","RT 23",251.00,E,N,A,-,Y,VEN,7,23,-,R,8.507,R,4,N,N,2,0,1,2,A,-,03,22350,,N,E,I,A,A,H,-,A,A,0,,Y,,,Y,,L,04,1,0,0,0,0,0,1,0,0,"- ","- ",,,VENTURA,"THOUSAND OAKS",-118.83956146240234,34.245845794677734
8877643,2019,2019-06-13,5609,2019-05-26,1524,443,201,7,5,6,5609,0,0,0,,0,002,"MADERA RD","BONITA DR",75.00,S,N,B,C,N,,,,,,,,,,Y,2,0,2,4,A,-,03,22350,,N,C,C,A,B,H,-,A,A,0,,,,,Y,,A,07,1,0,1,0,0,0,0,0,0,"- ","- ",34.267631530761719,-118.79637145996094,VENTURA,"SIMI VALLEY",-118.79640197753906,34.267444610595703
8877647,2019,2019-06-13,5609,2019-05-28,0744,310,605,2,5,6,5609,0,0,0,,0,006,"STEARNS ST","COCHRAN ST",0.00,,Y,A,-,N,,,,,,,,,,Y,2,0,1,2,A,-,11,21456,C,N,G,B,B,A,H,-,A,A,0,Y,,,,Y,,N,60,1,0,0,0,1,0,0,0,0,"- ","- ",,,VENTURA,"SIMI VALLEY",-118.69139099121094,34.279010772705078
8877741,2019,2019-06-13,5600,2019-05-27,1409,5022,9020,1,5,6,5607,0,0,0,,0,09A,"PEDERSON RD","OLSEN RD",671.00,E,N,A,-,N,,,,,,,,,,Y,2,0,2,1,A,-,08,22107,,N,E,I,A,A,H,-,A,A,0,,,,,Y,,A,01,2,0,0,0,0,0,0,0,0,"- ","- ",,,VENTURA,"THOUSAND OAKS",-118.86526489257812,34.228378295898438
8886276,2019,2019-07-23,5609,2019-06-14,1650,435,,5,5,6,5609,0,0,0,,0,,"LOS ANGELES AV","SEQUOIA AV",0.00,,Y,A,-,N,,,,,,,,,,N,2,0,1,2,A,-,12,21453,A,N,D,G,A,A,H,-,A,A,0,,Y,,,Y,,L,04,1,0,0,0,0,0,1,0,0,"- ","- ",34.271690368652344,-118.73056030273438,VENTURA,"SIMI VALLEY",-118.73052978515625,34.271678924560547
8894184,2019,2019-07-11,5600,2019-06-30,1500,4965,5600,7,5,5,5601,0,0,0,,0,08A,"CRESTVIEW AV","ASHDALE CT",359.00,E,N,A,-,N,,,,,,,,,,Y,2,0,1,1,A,-,03,22350,,N,E,I,A,A,H,-,A,D,0,,,Y,,Y,,C,02,1,0,0,0,0,0,0,0,1,"- ","- ",34.2305908203125,-119.08460998535156,VENTURA,CAMARILLO,-119.08464050292969,34.230552673339844
8900948,2019,2019-08-19,5608,2019-07-13,2142,498,,6,5,6,5608,0,0,0,,0,001,"MAIN ST",FIR,0.00,,Y,E,-,N,,,,,,,,,,N,2,0,1,2,A,-,03,22350,,N,G,B,B,A,H,-,C,D,0,Y,,,,Y,Y,A,01,1,0,0,0,1,0,0,0,0,"- ","- ",,,VENTURA,VENTURA,-119.29001617431641,34.280841827392578
8906719,2019,2019-08-05,5608,2019-07-25,2141,504,,4,5,6,5608,0,0,0,,0,003,"SOUTH VICTORIA AV","WEBSTER ST",166.00,N,N,A,-,N,,,,,,,,,,N,2,0,1,2,A,-,00,29154,A,N,A,B,E,A,H,-,D,D,0,Y,,,,Y,Y,N,60,1,0,0,0,1,0,0,0,0,"- ","- ",34.270801544189453,-119.21343231201172,VENTURA,VENTURA,-119.21343994140625,34.270858764648438
8908687,2019,2019-09-16,5606,2019-05-11,1135,1123,5606,6,5,4,5606,0,0,0,,0,002,"MAIN ST","DAVIS ST",10.00,E,N,A,-,N,,,,,,,,,,N,2,0,1,2,A,-,10,21950,A,N,G,B,B,A,H,-,A,A,0,Y,,,,Y,,A,01,1,0,0,0,1,0,0,0,0,"- ","- ",,,VENTURA,"SANTA PAULA",-119.06259155273438,34.353118896484375
8908947,2019,2019-08-12,5600,2019-07-16,1354,4974,9128,2,5,6,5607,0,0,0,,0,9H01,"HILLCREST DR","RANCHO CONEJO BL",0.00,,Y,A,-,N,,,,,,,,,,Y,2,0,3,2,A,-,12,21453,A,N,D,D,A,A,H,-,A,A,0,,,,,Y,,A,01,2,0,1,0,0,0,0,0,0,"- ","- ",,,VENTURA,"THOUSAND OAKS",-118.92516326904297,34.187061309814453
8910970,2019,2020-04-16,5604,2019-06-10,0052,5231,,1,5,6,5604,0,0,0,,0,041,"SAVIERS RD","THOMAS AV",9.00,N,N,A,-,N,,,,,,,,,,Y,1,1,1,2,A,-,11,21950,B,N,G,B,B,A,H,-,C,A,0,Y,,,,Y,,N,60,0,0,1,1,0,0,0,0,0,"- ","- ",,,VENTURA,OXNARD,-119.17755126953125,34.169795989990234
8911045,2020,2020-05-12,5609,2020-01-17,1553,443,201,5,5,6,5609,0,0,0,,0,002,"MADERA RD","BONITA DR",0.00,,Y,A,-,N,,,,,,,,,,Y,1,1,3,2,A,-,09,21801,A,N,A,C,A,A,H,-,A,A,0,,,,,Y,,A,01,1,1,1,0,0,0,0,0,0,"- ","- ",34.267631530761719,-118.79637145996094,VENTURA,"SIMI VALLEY",-118.79640197753906,34.267650604248047
8911201,2019,2021-06-02,5609,2019-10-24,2143,389,,4,5,6,5609,0,0,0,,0,006,"LOS ANGELES AV","EMORY AV",19.00,W,N,A,-,N,,,,,,,,,,Y,1,2,4,1,A,-,01,23152,A,N,E,I,A,A,H,-,C,D,0,,,,,Y,Y,D,22,4,0,0,0,0,0,0,0,0,"- ","- ",34.271800994873047,-118.68699645996094,VENTURA,"SIMI VALLEY",-118.68707275390625,34.271747589111328
8911697,2020,2020-10-19,5600,2020-04-11,0015,2994,2A,6,5,4,5690,0,0,0,,0,5186,"POINDEXTER AV","CORNETT AV",558.00,W,N,A,-,N,,,,,,,,,,Y,1,3,0,1,A,-,01,23152,A,N,E,I,A,A,H,-,C,D,0,,,,,Y,Y,A,01,0,0,0,0,0,0,0,0,0,"- ","- ",,,VENTURA,MOORPARK,-118.88582611083984,34.284461975097656
8911724,2020,2022-06-14,5604,2020-07-16,0152,5231,,4,5,6,5604,0,0,0,,0,024,"CHANNEL ISLANDS BL","M ST",24.00,W,N,A,-,N,,,,,,,,,,Y,1,1,0,2,A,-,11,21954,A,N,G,B,E,A,H,-,C,A,0,Y,,,,Y,Y,N,60,0,0,0,1,0,0,0,0,0,"- ","- ",,,VENTURA,OXNARD,-119.19136047363281,34.175613403320312
8911860,2019,2020-12-03,5604,2019-10-25,1301,4674,,5,5,6,5604,0,0,0,,0,011,"N C ST","RODERICK AV",150.00,S,N,A,-,N,,,,,,,,,,N,1,1,0,2,D,-,00,,,N,B,G,A,A,H,-,A,D,0,,Y,,,Y,,-,"- ",0,0,0,0,0,1,0,0,0,"- ","- ",34.208831787109375,-119.18096923828125,VENTURA,OXNARD,-119.18096923828125,34.209377288818359
8911886,2020,2022-06-14,5600,2020-08-02,0132,4617,9144,7,5,6,5607,0,0,0,,0,9D01,"WESTLAKE BL","DEPWOOD DR",610.00,S,N,A,-,N,,,,,,,,,,Y,1,2,0,1,-,-,"- ",,A,N,E,I,A,A,H,-,D,D,0,,,,,Y,Y,A,01,0,0,0,0,0,0,0,0,0,"- ","- ",34.178768157958984,-118.82070159912109,VENTURA,"THOUSAND OAKS",-118.82035064697266,34.177112579345703
8911979,2020,2022-06-14,5600,2020-08-06,1348,4221,9154,4,5,6,5607,0,0,0,,0,9G01,"HILLCREST DR","QUINTA VISTA DR",0.00,,Y,A,-,N,,,,,,,,,,Y,1,2,0,2,A,-,01,23152,A,N,A,C,A,A,H,-,A,D,0,,,,,Y,Y,A,07,0,0,0,0,0,0,0,0,0,"- ","- ",34.175949096679688,-118.83827972412109,VENTURA,"THOUSAND OAKS",-118.83834075927734,34.175998687744141
8911980,2020,2021-01-12,5600,2020-08-31,0606,4550,9100,1,5,6,5607,0,0,0,,0,9B01,"MOORPARK RD","WILBUR RD",43.00,N,N,B,-,N,,,,,,,,,,Y,1,1,0,2,A,-,11,21954,A,N,G,B,D,A,H,-,B,A,0,Y,,,,Y,,N,60,0,0,0,1,0,0,0,0,0,"- ","- ",,,VENTURA,"THOUSAND OAKS",-118.87502288818359,34.18670654296875
8911981,2020,2021-01-12,5600,2020-09-23,0129,2994,5114,3,5,4,5690,0,0,0,,0,2A01,"WHITE SAGE RD","RT 23",501.00,E,N,A,-,N,,,,,,,,,,Y,1,1,0,1,A,-,01,23152,F,N,E,I,A,A,H,-,C,D,0,,,,,Y,,A,01,0,0,0,0,0,0,0,0,0,"- ",NF,34.282909393310547,-118.86190032958984,VENTURA,MOORPARK,,
8913356,2019,2020-02-04,5600,2019-07-03,2220,2877,5103,3,5,4,5690,0,0,0,,0,,"RT 23","CASEY RD",270.00,S,N,A,-,Y,VEN,7,23,-,-,13.580,H,-,S,Y,2,0,1,1,A,-,01,23152,A,N,E,I,A,A,H,-,C,A,0,,,,,Y,Y,A,01,1,0,0,0,0,0,0,0,0,"- ","- ",34.287708282470703,-118.88307189941406,VENTURA,MOORPARK,-118.88346862792969,34.287994384765625
8925905,2019,2019-09-23,5604,2019-08-01,2311,4850,,4,5,6,5604,0,0,0,,0,014,"TOWN CENTER DR","OXNARD BL",600.00,W,N,A,-,N,,,,,,,,,,Y,2,0,1,1,A,-,01,23152,A,N,F,I,A,A,H,-,C,A,0,,,,,Y,Y,A,07,1,0,0,0,0,0,0,0,0,"- ","- ",,,VENTURA,OXNARD,-119.18196868896484,34.242225646972656
8938905,2019,2020-09-29,5604,2019-08-16,0612,5473,,5,5,6,5604,0,0,0,,0,014,"VINEYARD AV","THAMES RIVER DR",10.00,N,N,A,-,Y,VEN,7,232,-,-,1.440,H,-,S,Y,2,0,1,2,A,-,09,21801,A,N,D,C,A,-,H,-,A,D,0,,,Y,,Y,,A,07,1,0,0,0,0,0,0,0,1,"- ","- ",34.244060516357422,-119.1640625,VENTURA,OXNARD,-119.16404724121094,34.244098663330078
8939091,2019,2019-10-22,5600,2019-05-12,0116,4844,5104,7,5,4,5690,0,0,0,,0,02B,"RT 23","MILLER PKWY",247.00,W,N,A,-,Y,VEN,7,23,-,T,12.000,H,-,S,Y,1,1,0,2,A,-,11,21956,A,N,G,B,E,A,H,-,C,D,0,Y,,,,Y,,N,60,0,0,0,1,0,0,0,0,0,"- ","- ",,,VENTURA,MOORPARK,-118.87026977539062,34.279125213623047
8939122,2019,2021-05-24,5608,2019-05-17,0135,322,,5,5,6,5608,0,0,0,,0,003,"TELEGRAPH RD","CLAREMONT WY",0.00,,Y,A,-,N,,,,,,,,,,Y,1,1,4,1,A,-,01,23152,A,N,E,I,A,A,H,-,C,A,0,,,,,Y,Y,D,22,4,0,0,0,0,0,0,0,0,"- ","- ",34.275138854980469,-119.23399353027344,VENTURA,VENTURA,-119.23401641845703,34.275131225585938
8939343,2019,2019-10-24,5600,2019-07-14,1039,3469,8003,7,5,5,5601,0,0,0,,0,08A,"CRESTVIEW AV","CALLE TIERRA VISTA",1010.00,W,N,A,-,N,,,,,,,,,,Y,1,1,0,1,A,-,01,23152,A,N,E,I,A,A,H,-,A,D,0,,,,,Y,Y,D,22,0,0,0,0,0,0,0,0,0,"- ","- ",34.228408813476562,-119.09538269042969,VENTURA,CAMARILLO,-119.09488677978516,34.228450775146484