CASE_ID,ACCIDENT_YEAR,PROC_DATE,JURIS,COLLISION_DATE,COLLISION_TIME,OFFICER_ID,REPORTING_DISTRICT,DAY_OF_WEEK,CHP_SHIFT,POPULATION,CNTY_CITY_LOC,SPECIAL_COND,BEAT_TYPE,CHP_BEAT_TYPE,CITY_DIVISION_LAPD,CHP_BEAT_CLASS,BEAT_NUMBER,PRIMARY_RD,SECONDARY_RD,DISTANCE,DIRECTION,INTERSECTION,WEATHER_1,WEATHER_2,STATE_HWY_IND,CALTRANS_COUNTY,CALTRANS_DISTRICT,STATE_ROUTE,ROUTE_SUFFIX,POSTMILE_PREFIX,POSTMILE,LOCATION_TYPE,RAMP_INTERSECTION,SIDE_OF_HWY,TOW_AWAY,COLLISION_SEVERITY,NUMBER_KILLED,NUMBER_INJURED,PARTY_COUNT,PRIMARY_COLL_FACTOR,PCF_CODE_OF_VIOL,PCF_VIOL_CATEGORY,PCF_VIOLATION,PCF_VIOL_SUBSECTION,HIT_AND_RUN,TYPE_OF_COLLISION,MVIW,PED_ACTION,ROAD_SURFACE,ROAD_COND_1,ROAD_COND_2,LIGHTING,CONTROL_DEVICE,CHP_ROAD_TYPE,PEDESTRIAN_ACCIDENT,BICYCLE_ACCIDENT,MOTORCYCLE_ACCIDENT,TRUCK_ACCIDENT,NOT_PRIVATE_PROPERTY,ALCOHOL_INVOLVED,STWD_VEHTYPE_AT_FAULT,CHP_VEHTYPE_AT_FAULT,COUNT_SEVERE_INJ,COUNT_VISIBLE_INJ,COUNT_COMPLAINT_PAIN,COUNT_PED_KILLED,COUNT_PED_INJURED,COUNT_BICYCLIST_KILLED,COUNT_BICYCLIST_INJURED,COUNT_MC_KILLED,COUNT_MC_INJURED,PRIMARY_RAMP,SECONDARY_RAMP,LATITUDE,LONGITUDE,COUNTY,CITY,POINT_X,POINT_Y
8940876,2019,2019-11-15,5600,2019-08-07,1210,4550,9158,3,5,6,5607,0,0,0,,0,09D,"HAMPSHIRE RD","WILD ROSE ST",0.00,,Y,A,-,N,,,,,,,,,,Y,2,0,1,4,A,-,09,21801,A,N,D,D,A,A,H,-,A,D,0,,,,,Y,Y,A,07,1,0,0,0,0,0,0,0,0,"- ","- ",,,VENTURA,"THOUSAND OAKS",-118.83110046386719,34.154041290283203
8943143,2019,2019-09-20,5609,2019-08-29,1542,435,,4,5,6,5609,0,0,0,,0,,"ROYAL AV","ERRINGER RD",485.00,E,N,A,-,N,,,,,,,,,,Y,2,0,1,1,A,-,03,22350,,N,E,I,A,A,H,-,A,D,0,,,Y,,Y,,C,02,1,0,0,0,0,0,0,0,1,"- ","- ",34.263648986816406,-118.76136779785156,VENTURA,"SIMI VALLEY",-118.75996398925781,34.263019561767578
8950227,2019,2019-10-17,5604,2019-09-13,1708,4734,,5,5,6,5604,0,0,0,,0,011,"DORIS AV","VENTURA RD",0.00,,Y,A,-,N,,,,,,,,,,Y,2,0,1,2,A,-,09,21801,A,N,B,C,A,A,H,-,A,A,0,,,Y,,Y,,A,01,1,0,0,0,0,0,0,0,1,"- ","- ",34.208328247070312,-119.19467163085938,VENTURA,OXNARD,-119.19464111328125,34.208358764648438
8951197,2019,2019-10-22,5608,2019-09-25,1313,282,VENTU,3,5,6,5608,0,0,0,,0,003,"VICTORIA AV","TELEGRAPH RD",0.00,,Y,A,-,N,,,,,,,,,,Y,2,0,1,3,A,-,01,23152,A,F,C,C,A,-,H,-,A,A,0,,,,,Y,Y,-,,1,0,0,0,0,0,0,0,0,"- ","- ",,,VENTURA,VENTURA,-119.21463012695312,34.278011322021484
8951369,2019,2019-10-24,5608,2019-10-11,1623,506,,5,5,6,5608,0,0,0,,0,004,"S WELLS RD","RT 126",0.00,,Y,A,-,N,,,,,,,,,,Y,2,0,2,2,D,-,00,,,N,D,C,A,A,H,-,A,A,0,,,,,Y,,-,"- ",1,1,0,0,0,0,0,0,0,"- ",EF,,,VENTURA,VENTURA,-119.15647888183594,34.289699554443359
8979896,2019,2019-11-25,5600,2019-10-17,2111,5176,9050,4,5,6,5607,0,0,0,,0,09B,"GAINSBOROUGH RD","STERLING DR",190.00,E,N,A,-,N,,,,,,,,,,N,2,0,2,2,A,-,11,21966,,N,G,B,E,A,H,-,D,D,0,Y,Y,,,Y,,N,60,1,0,1,0,1,0,1,0,0,"- ","- ",34.193809509277344,-118.870361328125,VENTURA,"THOUSAND OAKS",-118.87045288085938,34.193805694580078
8982990,2019,2020-01-17,5604,2019-10-02,0011,5428,,3,5,6,5604,0,0,0,,0,041,"RINCON WY","C ST",0.00,,Y,B,-,N,,,,,,,,,,N,2,0,1,2,A,-,08,22107,,F,G,G,A,A,H,-,E,D,0,,Y,,,Y,,A,01,1,0,0,0,0,0,1,0,0,"- ","- ",34.168560028076172,-119.18179321289062,VENTURA,OXNARD,-119.18118286132812,34.168830871582031
8983014,2019,2020-01-17,5604,2019-10-24,2103,5563,,4,5,6,5604,0,0,0,,0,014,"VINEYARD AV","STROUBE ST",100.00,S,N,A,-,N,,,,,,,,,,N,2,0,1,2,A,-,11,21955,,F,G,B,D,A,H,-,C,D,0,Y,,,,Y,Y,N,60,1,0,0,0,1,0,0,0,0,"- ","- ",34.237209320068359,-119.16925811767578,VENTURA,OXNARD,-119.16943359375,34.237007141113281
8990076,2018,2019-12-31,5604,2018-04-21,1746,4674,,6,5,6,5604,0,0,0,,0,021,"HARBOR BL","COSTA DE ORO",0.00,,Y,A,-,N,,,,,,,,,,Y,2,0,5,2,A,-,12,21453,A,N,D,C,A,A,H,-,A,A,0,,,,,Y,,-,"- ",1,2,2,0,0,0,0,0,0,"- ","- ",34.180049896240234,-119.23268127441406,VENTURA,OXNARD,-119.23284149169922,34.180000305175781
8993835,2019,2019-12-18,5600,2019-10-03,1259,3469,8202,4,5,5,5601,0,0,0,,0,08C,"FLYNN RD","CALLE TECATE",0.00,,Y,A,-,N,,,,,,,,,,Y,2,0,1,2,A,-,09,21802,A,N,D,C,A,A,H,-,A,A,0,,,,,Y,,A,01,1,0,0,0,0,0,0,0,0,"- ","- ",,,VENTURA,CAMARILLO,-119.02272033691406,34.221488952636719
90014398,2015,2015-10-19,9765,2015-08-21,1820,018305,,5,2,9,5600,0,3,5,,2,004,"GRAND AVE","MUIR ST.",150.00,S,N,A,-,N,,,,,,,,,,Y,2,0,1,2,A,-,01,23152,A,N,E,I,A,A,H,-,A,D,0,,,,,Y,Y,D,22,1,0,0,0,0,0,0,0,0,"- ","- ",34.40916,-118.93473,VENTURA,UNINCORPORATED,-118.93472632,34.408834659999997
90015325,2015,2015-10-19,9770,2015-09-05,0625,016383,,6,1,6,5607,0,1,2,,2,075,"US-101 S/B (VENTURA FREEWAY)","HAMPSHIRE ROAD",500.00,N,N,A,-,Y,,,101,,,,,,S,Y,2,0,1,1,A,-,01,23152,A,N,E,I,A,A,D,-,B,D,0,,,Y,,Y,Y,C,02,1,0,0,0,0,0,0,0,1,"- ","- ",34.166609999999999,-118.83996999999999,VENTURA,"THOUSAND OAKS",-118.83964069,34.167106429999997
90015409,2015,2015-11-19,9770,2015-07-19,1905,018885,,7,2,9,5600,0,1,3,,1,052,"SR-118 W/B (LOS ANGELES AVENUE)","HITCH BOULEVARD",1480.00,E,N,B,C,Y,,,118,,,,,,W,Y,1,1,9,2,A,-,01,23152,A,N,A,C,A,B,H,-,A,D,0,,,,,Y,Y,A,01,1,7,1,0,0,0,0,0,0,"- ","- ",34.278179999999999,-118.92086,VENTURA,UNINCORPORATED,-118.92105875999999,34.278587229999999
9001809,2019,2020-01-13,5604,2019-09-21,1230,5592,,6,5,6,5604,0,0,0,,0,022,"W VENTURA RD","5TH ST",50.00,S,N,A,-,N,,,,,,,,,,N,2,0,1,2,A,-,"- ",,,F,G,G,A,A,H,-,A,D,0,,Y,,,Y,,A,01,1,0,0,0,0,0,1,0,0,"- ","- ",34.196559906005859,-119.19612121582031,VENTURA,OXNARD,-119.19487762451172,34.197574615478516
90025793,2015,2015-10-29,9765,2015-03-23,2017,020540,,1,2,9,5600,0,1,3,,1,055,SR-118,"WALNUT AVENUE",35.00,W,N,A,-,Y,,,118,,,,,,,N,1,1,0,2,C,-,18,,,N,G,B,E,A,H,-,D,D,0,Y,,,,Y,,-,"- ",0,0,0,1,0,0,0,0,0,"- ","- ",34.263649999999998,-119.07688,VENTURA,UNINCORPORATED,-119.07687986000001,34.263677780000002
90025800,2015,2015-10-29,9765,2015-03-23,2014,020540,,1,2,9,5600,0,1,3,,1,055,SR-118,"WALNUT AVENUE",146.00,W,N,A,-,Y,,,118,,,,,,,Y,2,0,1,2,A,-,11,21954,A,N,G,B,D,A,H,-,D,D,0,Y,,,,Y,,N,60,1,0,0,0,1,0,0,0,0,"- ","- ",34.2637,-119.07686,VENTURA,UNINCORPORATED,-119.07686012000001,34.263677680000001
90034331,2015,2015-10-20,9765,2015-09-30,1458,019057,,3,2,9,5600,0,2,4,,1,290,"CREEK RD","OAK KNOLL RD",457.00,S,N,A,-,N,,,,,,,,,,N,2,0,1,2,A,-,03,22350,,N,C,C,A,A,H,-,A,D,0,,,Y,Y,Y,,C,02,1,0,0,0,0,0,0,0,1,"- ","- ",34.243319999999997,-119.16843,VENTURA,UNINCORPORATED,-119.28081722,34.405513569999997
90035706,2015,2015-10-21,9765,2015-10-17,1220,017675,,6,1,9,5600,0,3,5,,2,006,"LEWIS RD.","CAWELTI RD.",1584.00,N,N,A,-,N,,,,,,,,,,N,2,0,1,1,C,-,18,,,N,F,A,A,A,H,-,A,D,0,,Y,,,Y,,-,"- ",1,0,0,0,0,0,1,0,0,"- ","- ",34.194040000000001,-119.03063,VENTURA,UNINCORPORATED,-119.0309427,34.194778290000002
90039829,2015,2015-12-09,9765,2015-10-07,1729,020423,,3,2,9,5600,0,3,5,,2,004,"FOOTHILL ROAD","BRIGGS ROAD",2640.00,E,N,A,-,N,,,,,,,,,,Y,2,0,1,1,A,-,01,23152,A,N,E,I,A,A,H,-,A,D,0,,,,,Y,Y,D,22,1,0,0,0,0,0,0,0,0,"- ","- ",34.343739999999997,-119.10921,VENTURA,UNINCORPORATED,-119.10905578000001,34.343833089999997
90043406,2015,2015-11-03,9765,2015-08-12,1030,018490,,3,1,9,5600,0,1,3,,1,021,SR-33,"NORTH MATILIJA ROAD",35534.00,N,N,A,-,Y,,,33,,,,,,,Y,1,1,0,2,A,-,03,22350,,N,F,A,A,A,H,-,A,D,0,,,Y,Y,Y,,C,02,0,0,0,0,0,0,0,1,0,"- ","- ",34.53078,-119.26443999999999,VENTURA,UNINCORPORATED,-119.26444644999999,34.530823009999999
90046269,2015,2015-11-06,9765,2015-07-21,0605,020302,,2,1,9,5600,0,2,4,,2,064,"HUENEME ROAD","EDISON DRIVE",1929.00,E,N,B,-,N,,,,,,,,,,Y,1,1,0,1,A,-,08,22107,,N,F,A,A,B,H,-,A,D,0,,,,,Y,,A,07,0,0,0,0,0,0,0,0,0,"- ","- ",34.147120000000001,-119.16005,VENTURA,UNINCORPORATED,-119.1602724,34.147323290000003
9004758,2019,2020-02-14,5600,2019-12-10,1614,5007,9106,2,5,6,5607,0,0,0,,0,9C01,"REINO RD","BORCHARD RD",723.00,N,N,B,-,N,,,,,,,,,,N,2,0,1,2,A,-,11,21950,B,N,G,B,D,A,H,-,A,D,0,Y,,,,Y,,N,60,1,0,0,0,1,0,0,0,0,"- ","- ",,,VENTURA,"THOUSAND OAKS",-118.95233154296875,34.178981781005859
90052258,2015,2015-11-17,9770,2015-11-10,0833,021020,,2,1,6,5607,0,1,2,,2,073,"US-101 S/B (VENTURA FREEWAY)","VENTU PARK ROAD",150.00,N,N,A,-,Y,,,101,,,,,,S,Y,2,0,1,1,B,-,22,,,N,F,A,A,A,H,-,A,D,0,,,Y,,Y,,C,02,1,0,0,0,0,0,0,0,1,"- ","- ",34.184229999999999,-118.91302,VENTURA,"THOUSAND OAKS",-118.91302036,34.184264650000003
90069416,2015,2015-12-10,9765,2015-11-12,1805,020912,,4,2,9,5600,0,1,3,,1,055,SR-118,"AGGEN ROAD",2112.00,E,N,A,-,Y,,,,,,,,,,Y,1,1,2,3,A,-,05,21460,A,N,A,C,A,A,H,-,D,D,0,,,,,Y,,A,01,0,1,1,0,0,0,0,0,0,"- ","- ",34.260019999999997,-119.22879,VENTURA,UNINCORPORATED,,
90081574,2015,2015-12-23,9765,2015-12-08,1155,018490,,2,1,9,5600,0,3,5,,2,005,"BALCOM CANYON RD.","S. MOUNTAIN LOOKOUT RD.",75.00,N,N,A,-,N,,,,,,,,,,Y,2,0,1,1,A,-,03,22350,,N,E,I,A,A,H,-,A,D,0,,,Y,,Y,,C,02,1,0,0,0,0,0,0,0,1,"- ","- ",34.329920000000001,-118.97842,VENTURA,UNINCORPORATED,-118.97845134000001,34.329983300000002
90088436,2015,2016-01-05,9765,2015-10-19,2217,014736,,1,3,6,5608,0,1,2,,2,302,"US 101 N/B (VENTURA FREEWAY)","VICTORIA AVENUE",26.00,N,N,A,-,Y,,,,,,,,,,N,1,1,0,2,A,-,11,21954,A,N,G,B,D,A,H,-,C,D,0,Y,,,,Y,,N,60,0,0,0,1,0,0,0,0,0,"- ","- ",34.252510000000001,-119.21062000000001,VENTURA,VENTURA,-119.21106979,34.25275165
90091965,2015,2016-01-11,9770,2015-12-01,0940,012869,,2,1,6,5607,0,1,2,,2,073,"US-101 S/B FROM LYNN ROAD N/B","LYNN ROAD",103.00,S,N,A,-,Y,,,101,,,,R,,S,N,2,0,2,2,A,-,11,21956,,N,G,B,E,A,H,-,A,D,0,Y,,Y,,Y,Y,N,60,1,1,0,0,1,0,0,0,1,"- ","- ",34.18242,-118.89153,VENTURA,"THOUSAND OAKS",-118.89153,34.18242
9009813,2019,2020-02-07,5604,2019-11-18,1555,4907,,1,5,6,5604,0,0,0,,0,042,"S ROSE AV","E BARD RD",0.00,,Y,A,-,N,,,,,,,,,,Y,2,0,4,2,A,-,09,21801,A,N,D,C,A,A,H,-,A,A,0,,,,,Y,,-,"- ",1,2,1,0,0,0,0,0,0,"- ","- ",34.162220001220703,-119.15943145751953,VENTURA,OXNARD,-119.15950012207031,34.1622314453125
90101748,2015,2016-01-25,9765,2015-11-15,2337,020880,,7,3,9,5600,0,2,4,,2,064,"HUENEME ROAD","RICE AVENUE",1624.00,E,N,B,G,N,,,,,,,,,,Y,1,1,0,1,A,-,08,22107,,N,E,I,A,A,H,-,D,D,0,,,,,Y,,D,22,0,0,0,0,0,0,0,0,0,"- ","- ",34.147089999999999,-119.13112,VENTURA,UNINCORPORATED,-119.13162982999999,34.147110599999998
90110649,2016,2016-02-08,9765,2016-01-28,2122,020001,,4,2,9,5600,0,3,5,,2,004,"SOUTH MOUNTAIN ROAD","BALCOM CANYON ROAD",2640.00,W,N,A,-,N,,,,,,,,,,Y,2,0,1,1,A,-,08,22107,,N,E,I,A,A,H,-,D,D,0,,,,,Y,,A,01,1,0,0,0,0,0,0,0,0,"- ","- ",34.354340000000001,-118.9859,VENTURA,UNINCORPORATED,-118.98965491,34.35432599
90115367,2016,2016-02-16,9765,2016-02-02,1238,018490,,2,1,9,5600,0,1,3,,1,022,SR-150,"RINCON MOUNTAIN RD.",9504.00,E,N,A,-,Y,,,150,,,,,,,Y,2,0,1,1,A,-,08,22107,,N,E,I,A,A,H,-,A,D,0,,,Y,,Y,,C,02,1,0,0,0,0,0,0,0,1,"- ","- ",34.38588,-119.41531000000001,VENTURA,UNINCORPORATED,-119.41528631,34.385896350000003
90123035,2015,2016-02-24,9765,2015-12-13,1621,020906,,7,2,9,5600,0,2,4,,2,590,"CENTRAL AVENUE","ROSE AVENUE",0.00,,Y,B,C,N,,,,,,,,,,Y,1,1,1,2,A,-,12,21453,A,N,D,C,A,B,H,-,C,A,0,,,Y,,Y,,C,02,0,0,1,0,0,0,0,1,0,"- ","- ",34.250700000000002,-119.14256,VENTURA,UNINCORPORATED,-119.14267003,34.250780089999999
90124069,2015,2016-02-25,9765,2015-12-26,1736,017599,,6,2,9,5600,0,2,4,,2,590,"SANTA CLARA AVENUE","CENTRAL AVENUE",50.00,N,N,A,-,Y,,,,,,,,,,Y,1,1,0,2,A,-,01,23152,E,N,E,I,A,A,H,-,C,A,0,,,,,Y,,A,01,0,0,0,0,0,0,0,0,0,"- ","- ",34.239280000000001,-119.12542999999999,VENTURA,UNINCORPORATED,-119.12562124999999,34.239253310000002
90137201,2015,2016-03-15,9765,2015-12-03,1350,014535,,4,1,9,5600,0,1,3,,1,042,"SR-126 (E. TELEGRAPH ROAD)","HOBSON RD",1210.00,E,N,B,-,Y,,,126,,,,,,,Y,1,1,2,5,A,-,05,21650,,N,A,C,A,A,H,-,A,D,0,,,Y,,Y,,A,01,0,0,2,0,0,0,0,0,0,"- ","- ",34.371499999999997,-119.01815999999999,VENTURA,UNINCORPORATED,-119.01815448000001,34.371491089999999
90144635,2016,2016-03-28,9430,2016-03-13,1210,017187,,7,1,9,5600,0,1,3,,1,030,"SR-33 N/B","LOCKWOOD VALLEY RD",22176.00,N,N,B,-,Y,,,33,,,,,,N,Y,1,1,0,1,A,-,08,22107,,N,E,J,A,A,H,-,A,A,0,,,Y,,Y,,C,02,0,0,0,0,0,0,0,1,0,"- ","- ",34.735770000000002,-119.39763000000001,VENTURA,UNINCORPORATED,-119.39763025000001,34.73576971
9014634,2019,2020-02-06,5600,2019-12-12,1500,4617,9126,4,5,6,5607,0,0,0,,0,9H01,"HILLCREST DR","TELLER RD",0.00,,Y,A,-,N,,,,,,,,,,N,2,0,1,2,A,-,21,22106,,N,D,G,A,A,H,-,A,A,0,,Y,,,Y,,A,01,1,0,0,0,0,0,1,0,0,"- ","- ",34.190109252929688,-118.93504333496094,VENTURA,"THOUSAND OAKS",-118.93508148193359,34.189998626708984
90175203,2016,2016-05-09,9765,2016-05-01,0900,020302,,7,1,9,5600,0,1,3,,1,021,SR-33,"N. MATILIJA ROAD",2240.00,N,N,A,-,Y,,,33,,,,,,,Y,2,0,1,1,A,-,08,22107,,N,E,I,A,A,H,-,A,D,0,,,Y,,Y,,C,02,1,0,0,0,0,0,0,0,1,"- ","- ",34.497500000000002,-119.30105,VENTURA,UNINCORPORATED,-119.30110241,34.497485959999999
90175998,2016,2016-05-10,9765,2016-05-03,1945,020540,,2,2,9,5600,0,1,3,,1,020,SR-33,"CREEK ROAD",0.00,,Y,A,-,Y,,,33,,,,,,,Y,2,0,1,2,A,-,09,21802,A,N,D,C,A,A,H,-,A,A,0,,,,,Y,,A,07,1,0,0,0,0,0,0,0,0,"- ","- ",34.3857,-119.30213000000001,VENTURA,UNINCORPORATED,-119.30214281000001,34.385713619999997
9017745,2019,2020-02-11,5600,2019-12-21,2110,4754,L9016,6,5,6,5607,0,0,0,,0,09A,"LYNN RD","AVENIDA DE LOS ARBOLES",0.00,,Y,A,-,N,,,,,,,,,,Y,2,0,2,2,A,-,09,21453,C,N,D,C,A,A,H,-,C,A,0,,,,,Y,,A,01,1,0,1,0,0,0,0,0,0,"- ","- ",,,VENTURA,"THOUSAND OAKS",-118.88828277587891,34.216701507568359
9017749,2019,2020-02-11,5600,2019-12-27,1511,4973,8153,5,5,5,5601,0,0,0,,0,08B,"PLEASANT VALLEY RD","DAWSON DR",0.00,,Y,A,-,N,,,,,,,,,,Y,2,0,1,2,A,-,09,21801,A,N,H,C,A,A,H,-,A,D,0,,,Y,,Y,,A,01,1,0,0,0,0,0,0,0,1,"- ","- ",34.205501556396484,-119.03575897216797,VENTURA,CAMARILLO,-119.03575134277344,34.205451965332031
90182197,2016,2016-05-18,9765,2016-05-09,0240,020912,,1,3,9,5600,0,1,2,,2,103,"US-101 SOUTHBOUND","W. MAIN ST.",725.00,N,N,A,-,Y,,,101,,,,,,S,Y,2,0,2,1,A,-,01,23152,A,N,E,I,A,A,H,-,D,D,0,,,,,Y,Y,A,01,1,1,0,0,0,0,0,0,0,"- ","- ",34.283639999999998,-119.31908,VENTURA,UNINCORPORATED,-119.31911796999999,34.283562400000001
90183395,2015,2016-05-19,9765,2015-12-28,2025,020866,,1,2,9,5600,0,3,5,,2,004,"OLD TELEGRAPH ROAD","7TH STREET",0.00,,Y,A,-,N,,,,,,,,,,Y,1,1,2,2,A,-,09,21802,A,F,D,C,A,A,H,-,D,A,0,,,,,Y,,D,22,1,0,1,0,0,0,0,0,0,"- ","- ",34.39902,-118.94923,VENTURA,UNINCORPORATED,-118.94919009,34.399050109999997
90186008,2016,2016-05-24,9765,2016-05-17,1815,020808,,2,2,9,5600,0,1,3,,1,021,SR-33,"FAIRVIEW RD.",0.00,,Y,A,-,Y,,,33,,,,,,,Y,2,0,1,2,A,-,09,21802,A,N,D,C,A,A,H,-,A,A,0,,,Y,,Y,,A,01,1,0,0,0,0,0,0,0,1,"- ","- ",34.456479999999999,-119.27821,VENTURA,UNINCORPORATED,-119.27828839999999,34.456480689999999
90188277,2016,2016-05-26,9765,2016-05-14,1620,020481,,6,2,9,5600,0,3,5,,2,004,"SYCAMORE ROAD",SR-126,4224.00,N,N,A,-,N,,,,,,,,,,Y,2,0,1,1,A,-,08,22107,,F,E,I,A,A,H,-,A,D,0,,,,,Y,,A,01,1,0,0,0,0,0,0,0,0,"- ","- ",34.307340000000003,-118.9811,VENTURA,UNINCORPORATED,-118.98103236999999,34.387291820000002
90194755,2016,2016-06-06,9765,2016-05-22,0633,019057,,7,1,5,5601,0,1,2,,2,502,"US-101 N/B","LAS POSAS RD",1194.00,N,N,A,-,Y,,,,,,,,,,Y,2,0,3,2,A,-,01,23152,A,N,B,C,A,A,H,-,A,D,0,,,,,Y,Y,A,01,2,0,1,0,0,0,0,0,0,"- ","- ",34.141030000000001,-119.17353,VENTURA,CAMARILLO,-119.06961,34.219970000000004
90194839,2016,2016-06-06,9765,2016-05-22,1225,020302,,7,1,9,5600,0,1,3,,2,040,"SR-126 E/B","SR-118 (WELLS ROAD)",5709.00,E,N,A,-,Y,,,126,,,,,,E,Y,2,0,2,1,C,-,18,,,N,E,I,A,A,H,-,A,D,0,,,,,Y,,-,"- ",2,0,0,0,0,0,0,0,0,"- ","- ",34.299970000000002,-119.13903999999999,VENTURA,UNINCORPORATED,-119.13897917,34.299867659999997
90196498,2016,2016-06-08,9765,2016-05-28,0408,020187,,6,3,6,5608,0,1,2,,2,302,"US-101 NORTHBOUND",SR-126,150.00,S,N,A,-,Y,,,101,,,,,,N,Y,2,0,1,1,A,-,08,22107,,N,E,I,A,A,H,-,D,D,0,,,,,Y,,A,07,1,0,0,0,0,0,0,0,0,"- ","- ",34.264569999999999,-119.23553,VENTURA,VENTURA,-119.23554704,34.264514869999999
90197689,2016,2016-06-09,9765,2016-05-31,1620,020423,,2,2,9,5600,0,1,3,,1,062,SR-1,"CALLEGUAS CREEK ROAD",5280.00,S,N,A,-,Y,,,1,,,,,,,N,2,0,1,1,A,-,03,22350,,N,E,I,A,A,H,-,A,D,0,,,Y,,Y,,C,02,1,0,0,0,0,0,0,0,1,"- ","- ",34.101309999999998,-119.08099,VENTURA,UNINCORPORATED,-119.08104285,34.101287849999999
90214752,2016,2016-07-01,9765,2016-06-28,0845,020302,,2,1,9,5600,0,1,3,,1,012,"SR-1 (PACIFIC COAST HIGHWAY)","EMMA WOOD STATE BEACH ACCESS ROAD",138.00,N,N,B,-,Y,,,1,,,,,,,N,2,0,1,1,A,-,08,22107,,N,F,A,A,A,D,-,A,D,0,,Y,,,Y,,L,04,1,0,0,0,0,0,1,0,0,"- ","- ",34.295879999999997,-119.34133,VENTURA,UNINCORPORATED,-119.34138281,34.295841080000002
90217904,2016,2016-07-07,9770,2016-06-25,1735,020998,,6,2,9,5600,0,2,4,,1,056,"GRIMES CANYON ROAD","TURFWAY ROAD",1320.00,N,N,A,-,Y,,,,,,,,,,Y,2,0,1,1,A,-,01,23152,A,N,E,I,A,A,H,-,A,D,0,,,,,Y,Y,D,22,1,0,0,0,0,0,0,0,0,"- ","- ",34.2971,-118.91755000000001,VENTURA,UNINCORPORATED,-118.91651266,34.29748592
90222679,2016,2016-07-14,9770,2016-07-03,2320,020549,,7,3,6,5607,0,1,2,,2,075,"US-101 S/B (VENTURA FREEWAY)","HAMPSHIRE ROAD",1000.00,N,N,A,-,Y,,,101,,,,,,S,Y,2,0,1,2,A,-,01,23152,A,N,C,C,A,A,D,-,C,D,0,,,Y,,Y,Y,C,02,1,0,0,0,0,0,0,0,1,"- ","- ",34.169460000000001,-118.84335,VENTURA,"THOUSAND OAKS",-118.84329954,34.169535430000003
9022294,2019,2020-02-11,5608,2019-12-27,1852,517,,5,5,6,5608,0,0,0,,0,001,"S CALIFORNIA ST","CALIFORNIA ST",10.00,E,N,A,-,N,,,,,,,,,,Y,2,0,3,2,A,-,12,22451,A,N,H,F,A,-,H,-,C,A,0,,,,,Y,,A,07,1,1,1,0,0,0,0,0,0,"- ","- ",,,VENTURA,VENTURA,-119.29309844970703,34.280818939208984
90235787,2016,2016-08-02,9770,2016-07-26,0550,017435,,2,3,9,5600,0,1,3,,1,053,"SR-118 (LOS ANGELES AVENUE)","BALCOM CANYON ROAD",0.00,,Y,E,-,Y,,,118,,,,,,,Y,2,0,1,2,A,-,09,21801,A,N,D,C,A,A,H,-,A,D,0,,,Y,,Y,,A,01,1,0,0,0,0,0,0,0,1,"- ","- ",34.26885,-118.95582,VENTURA,UNINCORPORATED,-118.9558146,34.268814370000001
90235907,2016,2016-08-02,9765,2016-07-20,1220,018490,,3,1,9,5600,0,1,3,,2,061,"SR-1 (PACIFIC COAST HIGHWAY)","SYCAMORE CANYON RD.",7920.00,N,N,A,-,Y,,,,,,,,,,N,2,0,1,3,A,-,03,22350,,N,H,G,A,A,H,-,A,D,0,,Y,,,Y,,L,04,1,0,0,0,0,0,1,0,0,"- ","- ",34.539000000000001,-119.45699999999999,VENTURA,UNINCORPORATED,,
90244701,2016,2016-08-15,9765,2016-08-06,0340,020187,,6,3,9,5600,0,3,5,,2,006,"RICE AVENUE","WOOLEY ROAD",0.00,,Y,A,-,N,,,,,,,,,,Y,2,0,2,2,A,-,01,23152,A,N,D,C,A,A,H,-,C,A,0,,,,,Y,Y,A,01,1,0,1,0,0,0,0,0,0,"- ","- ",34.189639999999997,-119.14234,VENTURA,UNINCORPORATED,-119.14246009,34.189720100000002
90247543,2016,2016-08-18,9770,2016-08-02,2130,021296,,2,2,6,5609,0,1,3,,2,082,"SR-118 W/B (RONALD REAGAN FREEWAY)","ERRINGER ROAD",750.00,W,N,A,-,Y,,,118,,,,,,W,Y,2,0,3,2,A,-,01,23152,A,N,C,C,A,A,H,-,D,D,0,,,,,Y,Y,A,01,1,0,2,0,0,0,0,0,0,"- ","- ",34.282440000000001,-118.76403000000001,VENTURA,"SIMI VALLEY",-118.76402999,34.282438880000001
90247564,2016,2017-02-09,9770,2016-08-12,0035,020238,,5,3,9,5600,0,2,4,,1,055,"SR-118 (LOS ANGELES AVENUE)","BALCOM CANYON ROAD",0.00,,Y,A,-,Y,,,118,,,,,,,Y,2,0,2,1,A,-,01,23152,A,N,E,I,A,A,H,-,C,A,0,,,,,Y,Y,A,01,1,0,1,0,0,0,0,0,0,"- ","- ",34.26876,-118.95578999999999,VENTURA,UNINCORPORATED,-118.95579065,34.268764339999997
90249559,2016,2016-08-22,9765,2016-08-14,1315,020087,,7,1,6,5608,0,1,3,,1,031,"SR-126 E/B TO SR-118","SR-118 (WELLS RD.)",470.00,W,N,A,-,Y,,,126,,,,R,,E,Y,2,0,1,1,A,-,03,22350,,N,E,I,A,A,H,-,A,D,0,,,Y,,Y,,C,02,1,0,0,0,0,0,0,0,1,"- ","- ",34.288600000000002,-119.1574,VENTURA,VENTURA,-119.1574,34.288600000000002