CASE_ID,ACCIDENT_YEAR,PROC_DATE,JURIS,COLLISION_DATE,COLLISION_TIME,OFFICER_ID,REPORTING_DISTRICT,DAY_OF_WEEK,CHP_SHIFT,POPULATION,CNTY_CITY_LOC,SPECIAL_COND,BEAT_TYPE,CHP_BEAT_TYPE,CITY_DIVISION_LAPD,CHP_BEAT_CLASS,BEAT_NUMBER,PRIMARY_RD,SECONDARY_RD,DISTANCE,DIRECTION,INTERSECTION,WEATHER_1,WEATHER_2,STATE_HWY_IND,CALTRANS_COUNTY,CALTRANS_DISTRICT,STATE_ROUTE,ROUTE_SUFFIX,POSTMILE_PREFIX,POSTMILE,LOCATION_TYPE,RAMP_INTERSECTION,SIDE_OF_HWY,TOW_AWAY,COLLISION_SEVERITY,NUMBER_KILLED,NUMBER_INJURED,PARTY_COUNT,PRIMARY_COLL_FACTOR,PCF_CODE_OF_VIOL,PCF_VIOL_CATEGORY,PCF_VIOLATION,PCF_VIOL_SUBSECTION,HIT_AND_RUN,TYPE_OF_COLLISION,MVIW,PED_ACTION,ROAD_SURFACE,ROAD_COND_1,ROAD_COND_2,LIGHTING,CONTROL_DEVICE,CHP_ROAD_TYPE,PEDESTRIAN_ACCIDENT,BICYCLE_ACCIDENT,MOTORCYCLE_ACCIDENT,TRUCK_ACCIDENT,NOT_PRIVATE_PROPERTY,ALCOHOL_INVOLVED,STWD_VEHTYPE_AT_FAULT,CHP_VEHTYPE_AT_FAULT,COUNT_SEVERE_INJ,COUNT_VISIBLE_INJ,COUNT_COMPLAINT_PAIN,COUNT_PED_KILLED,COUNT_PED_INJURED,COUNT_BICYCLIST_KILLED,COUNT_BICYCLIST_INJURED,COUNT_MC_KILLED,COUNT_MC_INJURED,PRIMARY_RAMP,SECONDARY_RAMP,LATITUDE,LONGITUDE,COUNTY,CITY,POINT_X,POINT_Y
90252961,2016,2016-08-25,9770,2016-03-28,1005,017662,,1,1,6,5609,0,1,3,,2,082,"SR-118 W/B (RONALD REAGAN FREEWAY)","GALENA AVENUE",230.00,W,N,B,C,Y,,,118,,,,,,W,Y,1,1,0,2,A,-,07,21658,A,F,E,I,A,B,H,-,A,D,0,,,,,Y,,A,07,0,0,0,0,0,0,0,0,0,"- ","- ",34.282470000000004,-118.73666,VENTURA,"SIMI VALLEY",-118.73666005,34.282418989999996
90266589,2016,2016-09-13,9765,2016-06-29,1400,017675,,3,2,9,5600,0,1,3,,1,068,"SR-34 (EAST 5TH STREET)","WOOD ROAD",785.00,W,N,A,-,Y,,,,,,,,,,Y,1,1,0,2,A,-,08,22107,,N,A,C,A,A,H,-,A,D,0,,,,,Y,,A,01,0,0,0,0,0,0,0,0,0,"- ","- ",34.196559999999998,-119.09878999999999,VENTURA,UNINCORPORATED,,
90266736,2016,2016-10-06,9770,2016-09-10,0048,020238,,6,3,9,5600,0,2,4,,2,079,"KANAN ROAD","CHURCHWOOD DRIVE",528.00,S,N,A,-,N,,,,,,,,,,Y,2,0,1,1,A,-,08,22107,,M,E,I,A,A,H,-,C,D,0,,,,,Y,,A,01,1,0,0,0,0,0,0,0,0,"- ","- ",34.18009,-118.77351,VENTURA,UNINCORPORATED,-118.77717921999999,34.178929340000003
90268066,2016,2016-09-15,9765,2016-06-09,2500,015696,,4,4,9,5600,0,1,3,,1,062,"SR-1  (PACIFIC COAST HIGHWAY)","DEER CREEK ROAD",2112.00,S,N,B,-,Y,,,1,,,,,,,Y,1,1,0,1,A,-,08,22107,,N,E,I,A,A,H,-,D,D,0,,,,,Y,,A,07,0,0,0,0,0,0,0,0,0,"- ","- ",34.061219999999999,-118.97951,VENTURA,UNINCORPORATED,-118.97948981,34.061111099999998
90275569,2016,2016-09-26,9770,2016-09-18,2230,020641,,7,3,5,5601,0,1,2,,2,070,"US-101 N/B (VENTURA FREEWAY)","CAMARILLO SPRINGS ROAD",175.00,S,N,E,-,Y,,,101,,,,,,N,Y,2,0,2,2,A,-,01,23152,E,N,B,C,A,A,H,-,D,D,0,,,,,Y,,A,08,1,1,0,0,0,0,0,0,0,"- ","- ",34.205150000000003,-118.98300999999999,VENTURA,CAMARILLO,-118.98300098,34.205176180000002
90281734,2016,2016-10-03,9765,2016-09-25,0120,020540,,7,3,9,5600,0,3,5,,2,006,"SR-34 (5TH STREET)","LOS POSAS",6336.00,E,N,A,-,Y,,,,,,,,,,Y,2,0,1,2,A,-,11,21954,A,N,G,B,D,A,H,-,D,D,0,Y,,,,Y,Y,N,60,1,0,0,0,1,0,0,0,0,"- ","- ",34.196300000000001,-119.04857,VENTURA,UNINCORPORATED,,
90284271,2016,2016-10-05,9765,2016-10-01,1125,020302,,6,1,9,5600,0,1,3,,1,020,SR-33,"CREEK ROAD",61.00,N,N,A,-,Y,,,33,,,,,,,N,2,0,1,2,A,-,01,23152,A,N,C,C,A,A,H,-,A,D,0,,,Y,,Y,Y,D,22,1,0,0,0,0,0,0,0,1,"- ","- ",34.385800000000003,-119.30206,VENTURA,UNINCORPORATED,-119.30206308,34.385802730000002
90284725,2016,2016-10-05,9770,2016-09-30,1525,016383,,5,2,6,5607,0,1,2,,2,074,"US-101 N/B (VENTURA FREEWAY)","MOORPARK ROAD",10.00,S,N,A,-,Y,,,101,,,,,,N,Y,2,0,3,3,A,-,03,22350,,N,C,C,A,A,D,-,A,D,0,,,,,Y,,D,22,1,1,1,0,0,0,0,0,0,"- ","- ",34.17747,-118.87608,VENTURA,"THOUSAND OAKS",-118.87608418000001,34.177415760000002
90291819,2016,2016-10-14,9770,2016-06-18,1418,020169,,6,2,6,5609,0,1,3,,2,083,"SR-118 E/B (RONALD REAGAN FREEWAY)","ROCKY PEAK ROAD",2640.00,W,N,A,-,Y,,,118,,,,,,E,Y,1,1,1,2,A,-,08,22107,,N,D,C,A,A,H,-,A,D,0,,,Y,,Y,,A,01,0,0,1,0,0,0,0,1,0,"- ","- ",34.266930000000002,-118.64286,VENTURA,"SIMI VALLEY",-118.64287104,34.266898939999997
90302205,2016,2016-10-26,9770,2016-06-12,0130,020549,,7,3,9,5600,0,1,3,,1,046,"SR-126 W/B (EAST TELEGRAPH ROAD)","CENTER STREET",8448.00,E,N,B,-,Y,,,126,,,,,,W,Y,1,3,0,2,A,-,01,23152,A,N,A,C,A,A,H,-,D,D,0,,,,,Y,Y,A,01,0,0,0,0,0,0,0,0,0,"- ","- ",34.406480000000002,-118.75275000000001,VENTURA,UNINCORPORATED,-118.75275250999999,34.406456810000002
9030651,2019,2020-01-28,5609,2019-11-27,1550,443,,3,5,6,5609,0,0,0,,0,003,"ERRINGER RD","ROYAL AV",206.00,N,N,B,-,N,,,,,,,,,,Y,2,0,3,2,A,-,09,21804,A,N,D,C,A,A,H,-,A,D,0,,,,,Y,,A,07,1,0,2,0,0,0,0,0,0,"- ","- ",34.263648986816406,-118.76136779785156,VENTURA,"SIMI VALLEY",-118.76138305664062,34.264205932617188
90334211,2016,2016-12-01,9765,2016-11-10,0502,018884,,4,3,9,5600,0,1,2,,2,502,"US 101 NORTHBOUND (VENTURA FREEWAY)","DEL NORTE BLVD.",2112.00,S,N,A,-,Y,,,,,,,,,,Y,2,0,2,1,A,-,08,22107,,N,E,I,A,A,H,-,C,D,0,,,,Y,Y,,G,25,1,1,0,0,0,0,0,0,0,"- ","- ",34.222149999999999,-119.11586,VENTURA,UNINCORPORATED,-119.12684,34.222169999999998
90335399,2016,2016-12-02,9765,2016-11-25,1030,018754,,5,1,9,5600,0,1,3,,1,022,SR-150,"RINCON MOUNTAIN RD.",3168.00,E,N,A,-,Y,,,150,,,,,,,Y,2,0,1,1,A,-,03,22350,,N,E,I,A,A,H,-,A,A,0,,,Y,,Y,,C,02,1,0,0,0,0,0,0,0,1,"- ","- ",34.389159999999997,-119.41428999999999,VENTURA,UNINCORPORATED,-119.41429617999999,34.389111759999999
90335694,2016,2016-12-02,9765,2016-11-28,0741,014967,,1,1,6,5608,0,1,3,,2,041,"SR-126 W/B TO E. MAIN ST.","E. MAIN ST.",788.00,E,N,A,-,Y,,,,,,,,,,N,2,0,1,2,A,-,03,22350,,N,C,C,A,A,H,-,A,A,0,,,Y,,Y,,C,02,1,0,0,0,0,0,0,0,1,"- ","- ",34.265079999999998,-119.24265,VENTURA,VENTURA,-119.24107307,34.265144599999999
90344385,2016,2016-12-14,9765,2016-12-11,0318,020924,,7,3,6,5608,0,1,2,,2,103,"US-101 SB","VISTA DEL MAR DRIVE",1056.00,S,N,A,-,Y,,,101,,,,,,S,N,2,0,1,2,A,-,11,21954,A,N,G,B,D,A,H,-,D,D,0,Y,,,,Y,Y,N,60,1,0,0,0,1,0,0,0,0,"- ","- ",34.271929999999998,-119.27869,VENTURA,VENTURA,-119.27869222,34.271889420000001
90347956,2016,2016-12-19,9765,2016-04-21,1800,017675,,4,2,9,5600,0,2,4,,2,064,"LAS POSAS ROAD","SR-34 (EAST 5TH STREET)",25.00,N,N,A,-,N,,,,,,,,,,Y,1,1,1,2,A,-,01,23152,E,N,E,I,A,A,H,-,A,A,0,,,Y,,Y,,C,02,1,0,0,0,0,0,0,1,1,"- ","- ",34.19661,-119.06981999999999,VENTURA,UNINCORPORATED,-119.01022017,34.242734429999999
90350248,2016,2016-12-21,9765,2016-12-14,1350,020423,,3,1,5,5601,0,1,2,,2,503,"US-101 S/B","ARNEILL ROAD",50.00,S,N,A,-,Y,,,101,,,,,,S,N,2,0,1,2,C,-,18,,,N,H,C,A,A,H,-,A,A,0,,,Y,,Y,,-,"- ",1,0,0,0,0,0,0,0,1,"- ","- ",34.217280000000002,-119.03877,VENTURA,CAMARILLO,-119.03876978,34.217290380000001
9035179,2020,2020-09-25,5600,2020-02-22,1124,2423,9006,6,5,6,5607,0,0,0,,0,09A,"OLSEN RD","RT 23",0.00,,Y,B,-,Y,VEN,7,23,-,R,8.056,R,4,N,N,2,0,1,1,A,-,03,22350,,N,H,G,A,B,H,-,A,A,0,,Y,,,Y,,L,04,1,0,0,0,0,0,1,0,0,"- ",NF,,,VENTURA,"THOUSAND OAKS",-118.84061431884766,34.239261627197266
90353840,2016,2016-12-27,9765,2016-12-16,1240,018754,,5,1,9,5600,0,3,5,,2,006,"STURGIS RD.","EAST PLEASANT VALLEY RD",1056.00,W,N,A,-,N,,,,,,,,,,Y,2,0,1,2,A,-,08,22107,,F,H,G,A,B,H,-,A,D,0,,Y,,,Y,,D,22,1,0,0,0,0,0,1,0,0,"- ","- ",34.20187,-119.10619,VENTURA,UNINCORPORATED,-119.10327684000001,34.201650649999998
90369047,2016,2017-01-13,9770,2016-09-18,1920,020964,,7,2,9,5600,0,1,3,,1,057,"SR-23 (WALNUT CANYON ROAD)","MOORPARK CITY LIMITS",1056.00,N,N,A,-,Y,,,23,,,,,,,Y,1,1,0,1,C,-,18,,,N,H,H,A,A,H,-,D,D,0,,,Y,,Y,,-,"- ",0,0,0,0,0,0,0,1,0,"- ","- ",34.310519999999997,-118.87936999999999,VENTURA,UNINCORPORATED,-118.87940546999999,34.310513810000003
90371628,2016,2017-01-18,9765,2016-10-29,0155,018884,,6,3,9,5600,0,3,5,,2,003,"HARBOR BOULEVARD","GONZALES ROAD",5280.00,N,N,A,-,N,,,,,,,,,,Y,1,2,1,2,A,-,01,23152,A,N,A,C,A,A,H,-,D,D,0,,,,,Y,Y,A,01,1,0,0,0,0,0,0,0,0,"- ","- ",34.23509,-119.25648,VENTURA,UNINCORPORATED,-119.25635749,34.232602350000001
90373967,2016,2017-01-20,9765,2016-10-08,1950,020924,,6,2,9,5600,0,1,3,,1,020,"SR-33  (VENTURA AVENUE)","CREEK ROAD",0.00,,Y,A,-,Y,,,33,,,,,,,Y,1,1,1,2,A,-,09,21802,A,N,D,C,A,A,H,-,D,D,0,,,Y,,Y,,A,07,0,1,0,0,0,0,0,1,0,"- ","- ",34.385669999999998,-119.30213999999999,VENTURA,UNINCORPORATED,-119.30212136999999,34.385653050000002
90374488,2017,2017-01-23,9765,2017-01-17,0510,020912,,2,3,9,5600,0,3,5,,2,006,"HUENEME ROAD","LAS POSAS ROAD",1830.00,W,N,A,-,N,,,,,,,,,,Y,2,0,1,3,A,-,08,22107,,N,B,E,A,A,H,-,D,D,0,,,,Y,Y,,G,25,1,0,0,0,0,0,0,0,0,"- ","- ",34.15457,-119.08183,VENTURA,UNINCORPORATED,-119.08183273,34.154735029999998
90376017,2016,2017-01-24,9765,2016-12-11,1636,020866,,7,2,9,5600,0,1,3,,1,062,"SR-1  (PACIFIC COAST HIGHWAY)","DEER CREEK ROAD",2112.00,S,N,B,-,Y,,,1,,,,,,,Y,1,1,0,1,A,-,03,22350,,N,E,I,A,A,H,-,B,D,0,,,Y,,Y,,C,02,0,0,0,0,0,0,0,1,0,"- ","- ",34.061369999999997,-118.97906999999999,VENTURA,UNINCORPORATED,-118.97903753999999,34.061194960000002
90391980,2017,2017-02-13,9770,2017-02-04,0205,020721,,6,3,6,5607,0,1,2,,2,073,"US-101 S/B (VENTURA FREEWAY)","BORCHARD ROAD",345.00,S,N,B,-,Y,,,101,,,,,,S,Y,2,0,3,1,A,-,08,22107,,N,E,I,A,A,H,-,C,D,0,,,,,Y,,A,01,2,1,0,0,0,0,0,0,0,"- ","- ",34.184240000000003,-118.92449999999999,VENTURA,"THOUSAND OAKS",-118.92450139,34.184213440000001
9039387,2019,2020-02-25,5604,2019-12-27,0617,5596,,5,5,6,5604,0,0,0,,0,012,"N RICE AV","AUTO CENTER DR",0.00,,Y,A,-,N,,,,,,,,,,Y,2,0,1,2,A,-,12,21453,A,N,B,C,A,A,H,-,D,A,0,,,,Y,Y,,-,"- ",1,0,0,0,0,0,0,0,0,"- ","- ",34.224311828613281,-119.14089965820312,VENTURA,OXNARD,-119.14105987548828,34.224330902099609
90408655,2017,2017-03-08,9770,2017-03-04,1545,017662,,6,2,9,5600,0,1,3,,1,044,"SR-126 W/B (EAST TELEGRAPH ROAD)","FISH HATCHERY ROAD",5280.00,E,N,A,-,Y,,,126,,,,,,W,Y,2,0,2,2,A,-,01,23152,A,N,A,C,A,A,H,-,A,A,0,,,,,Y,Y,D,22,2,0,0,0,0,0,0,0,0,"- ","- ",34.396059999999999,-118.86745999999999,VENTURA,UNINCORPORATED,-118.86745741,34.3960261
90413005,2017,2017-03-15,9765,2017-01-29,1418,017603,,7,2,9,5600,0,1,3,,1,023,"SR-150 (OJAI ROAD)","HAPPY VALLEY SCHOOL ROAD",2529.00,W,N,A,-,Y,,,150,,,,,,,Y,1,1,0,2,A,-,06,21750,,N,D,C,A,A,H,-,A,D,0,,,Y,,Y,,C,02,0,0,0,0,0,0,0,1,0,"- ","- ",34.433840000000004,-119.19503,VENTURA,UNINCORPORATED,-119.19502632,34.433826969999998
90420009,2017,2017-03-24,9765,2017-03-17,1120,013206,,5,1,9,5600,0,1,3,,1,044,"SR-150 (OJAI ROAD)","E. FORK TRAIL",1500.00,W,N,A,-,Y,,,150,,,,,,,Y,2,0,1,1,A,-,08,22107,,N,F,A,A,A,H,-,A,D,0,,,Y,,Y,,C,02,1,0,0,0,0,0,0,0,1,"- ","- ",34.427169999999997,-119.09626,VENTURA,UNINCORPORATED,-119.09624063,34.42702929
90441272,2017,2017-04-25,9765,2017-02-14,2346,019057,,2,3,9,5600,0,3,5,,2,004,"FOOTHILL ROAD","ALISO CANYON ROAD",528.00,W,N,A,-,N,,,,,,,,,,Y,1,1,1,1,A,-,01,23152,A,N,E,I,A,A,H,-,D,D,0,,,,,Y,Y,D,22,1,0,0,0,0,0,0,0,0,"- ","- ",34.31521,-119.14548000000001,VENTURA,UNINCORPORATED,-119.14584103,34.313870690000002
90462788,2017,2017-05-24,9770,2017-05-17,1645,021420,,3,2,9,5600,0,1,3,,1,044,"SR-126 W/B (EAST TELEGRAPH ROAD)","HOPPER CANYON ROAD",792.00,W,N,A,-,Y,,,126,,,,,,W,N,2,0,1,2,A,-,06,21755,,F,H,G,A,A,H,-,A,D,0,,Y,,,Y,,A,01,1,0,0,0,0,0,1,0,0,"- ","- ",34.401000000000003,-118.83475,VENTURA,UNINCORPORATED,-118.83475031,34.400930160000001
90462789,2017,2017-05-24,9765,2017-05-19,2025,020423,,5,2,9,5600,0,1,3,,1,062,SR-1,"SYCAMORE CANYON ROAD",0.00,,Y,A,-,Y,,,1,,,,,,,N,2,0,2,3,A,-,11,21954,A,N,G,B,D,A,H,-,D,D,0,Y,,,Y,Y,Y,N,60,2,0,0,0,2,0,0,0,0,"- ","- ",34.070779999999999,-119.01242999999999,VENTURA,UNINCORPORATED,-119.01243968,34.070757860000001
90463778,2017,2017-05-25,9765,2017-05-08,1015,016234,,1,1,9,5600,0,3,5,,2,005,"ROSE AVENUE","CENTRAL AVENUE",0.00,,Y,A,-,N,,,,,,,,,,Y,1,1,1,3,A,-,12,21453,A,N,D,C,A,A,H,-,A,A,0,,,,,Y,,A,01,1,0,0,0,0,0,0,0,0,"- ","- ",34.25074,-119.14255,VENTURA,UNINCORPORATED,-119.14267003,34.250780089999999
90467320,2017,2017-05-30,9430,2017-05-28,0200,013402,,7,3,9,5600,0,2,4,,1,031,SR-33,"LOCKWOOD VALLEY RD",7920.00,N,N,A,-,Y,,,33,,,,,,,Y,2,0,1,1,A,-,08,22107,,N,F,A,A,A,H,-,D,D,0,,,,,Y,,D,22,1,0,0,0,0,0,0,0,0,"- ","- ",34.70091,-119.37483,VENTURA,UNINCORPORATED,-119.3748059,34.700918110000003
90467733,2017,2017-05-31,9765,2017-05-20,1545,018754,,6,2,9,5600,0,1,3,,1,012,SR-1,"EMMA WOOD STATE BEACH",1056.00,N,N,A,-,Y,,,1,,,,,,,N,2,0,1,1,A,-,01,23152,A,N,F,A,A,A,H,-,A,D,0,,,Y,,Y,Y,C,02,1,0,0,0,0,0,0,0,1,"- ","- ",34.297580000000004,-119.34269999999999,VENTURA,UNINCORPORATED,-119.34273817,34.297549400000001
90472501,2017,2017-06-07,9770,2017-05-30,1745,014454,,2,2,9,5600,0,3,5,,2,007,"CALLE YUCCA","CALLE BORREGO",107.00,N,N,A,-,N,,,,,,,,,,Y,2,0,1,2,A,-,08,22107,,N,C,C,A,A,H,-,A,D,0,,,,,Y,,A,07,1,0,0,0,0,0,0,0,0,"- ","- ",34.20402,-118.90672000000001,VENTURA,UNINCORPORATED,-118.90622338,34.204309389999999
90475586,2017,2017-06-12,9765,2017-06-03,0655,018019,,6,1,9,5600,0,1,2,,1,102,"US-101 N/B (VENTURA FRWY)","PADRE JUAN CANYON ROAD",257.00,S,N,B,-,Y,,,101,,,,,,N,Y,2,0,1,1,A,-,01,23152,G,N,F,I,A,A,H,-,B,D,0,,,,,Y,Y,A,01,1,0,0,0,0,0,0,0,0,"- ","- ",34.32114,-119.38500000000001,VENTURA,UNINCORPORATED,-119.38500103,34.32109801
90484130,2017,2017-06-22,9765,2017-06-13,1750,017253,,2,2,9,5600,0,1,3,,1,044,"SR-150 (OJAI ROAD)","BRIDGE ROAD",1271.00,E,N,A,-,Y,,,150,,,,,,,Y,2,0,6,1,A,-,01,23152,A,N,E,I,A,A,H,-,A,D,0,,,,,Y,Y,A,01,2,4,0,0,0,0,0,0,0,"- ","- ",34.38561,-119.0715,VENTURA,UNINCORPORATED,-119.07154825000001,34.385576139999998
90493665,2017,2017-07-05,9765,2017-06-03,0835,018490,,6,1,9,5600,0,3,5,,2,006,"HOUSTON ROAD","PACIFIC VIEW DRIVE",67.00,S,N,A,-,N,,,,,,,,,,Y,2,0,1,1,A,-,08,22107,,N,E,I,A,A,H,-,A,D,0,,,,Y,Y,,F,27,1,0,0,0,0,0,0,0,0,"- ","- ",34.579999999999998,-118.58150000000001,VENTURA,UNINCORPORATED,-118.97033617,34.08647457
90503941,2017,2017-07-19,9765,2017-07-10,1914,018754,,1,2,9,5600,0,1,3,,1,023,SR-150,"REEVES RD",2640.00,E,N,A,-,Y,,,150,,,,,,,N,2,0,1,1,A,-,03,22350,,N,F,A,A,A,H,-,A,D,0,,,Y,,Y,,C,02,1,0,0,0,0,0,0,0,1,"- ","- ",34.443550000000002,-119.20187,VENTURA,UNINCORPORATED,-119.20180037999999,34.44352584
90518060,2017,2017-09-12,9770,2017-07-28,1836,020917,,5,2,9,5600,0,1,3,,1,044,"SR-126 W/B (EAST TELEGRAPH ROAD)","CAVIN ROAD",4224.00,W,N,A,-,Y,,,126,,,,,,W,Y,2,0,4,2,A,-,07,21658,A,N,C,C,A,A,H,-,A,D,0,,,,,Y,,A,01,1,2,1,0,0,0,0,0,0,"- ","- ",34.396230000000003,-118.86318,VENTURA,UNINCORPORATED,-118.86318163999999,34.396267000000002
90530242,2017,2017-08-24,9430,2017-08-15,1400,016825,,2,2,9,5600,0,2,4,,1,031,"LOCKWOOD VALLEY ROAD E/B",SR-33,21120.00,E,N,A,-,N,,,,,,,,,,Y,2,0,1,1,A,-,08,22107,,N,E,J,A,A,H,-,A,D,0,,,Y,,Y,,C,02,1,0,0,0,0,0,0,0,1,"- ","- ",34.694650000000003,-119.29116,VENTURA,UNINCORPORATED,-119.29145882,34.694759769999997
90534192,2017,2017-08-25,9765,2017-08-18,0740,018019,,5,1,9,5600,0,3,5,,2,003,"VICTORIA AVE.","SANTA CLARA RIVER BRIDGE",312.00,N,N,A,-,N,,,,,,,,,,Y,2,0,3,2,A,-,08,22107,,N,A,C,A,A,H,-,A,D,0,,,,,Y,,A,07,3,0,0,0,0,0,0,0,0,"- ","- ",34.23733,-119.21662999999999,VENTURA,UNINCORPORATED,-119.21649814,34.236131120000003
90546398,2017,2017-09-13,9770,2017-09-03,1945,021738,,7,2,9,5600,0,2,4,,2,079,"KANAN ROAD","CONIFER STREET",13.50,N,N,B,-,Y,,,,,,,,,,N,2,0,1,2,A,-,11,21950,B,N,G,B,B,A,H,-,C,A,0,Y,,,,Y,,N,60,1,0,0,0,1,0,0,0,0,"- ","- ",34.107970000000002,-118.75843,VENTURA,UNINCORPORATED,-118.75858814999999,34.170907010000001
90547038,2017,2017-09-13,9765,2017-09-04,1545,018754,,1,2,9,5600,0,3,5,,2,004,"SANTA PAULA STREET","PECK ROAD",1056.00,E,N,A,-,N,,,,,,,,,,N,2,0,1,1,A,-,08,22107,,N,E,I,A,A,H,-,A,D,0,,,Y,,Y,,C,02,1,0,0,0,0,0,0,0,1,"- ","- ",34.34431,-119.09302,VENTURA,UNINCORPORATED,-119.08718098999999,34.347739410000003
90550386,2017,2017-09-18,9765,2017-09-06,1817,020691,,3,2,9,5600,0,3,5,,2,002,"LA LUNA AVENUE","LOMITA AVENUE",1056.00,S,N,B,-,N,,,,,,,,,,Y,2,0,3,1,A,-,01,23152,A,N,E,I,A,A,H,-,A,D,0,,,,,Y,Y,D,22,1,2,0,0,0,0,0,0,0,"- ","- ",34.441380000000002,-119.28870999999999,VENTURA,UNINCORPORATED,-119.28839512,34.441834880000002
90562962,2017,2017-10-04,9765,2017-06-15,0440,018884,,4,3,9,5600,0,3,5,,2,005,"CENTRAL AVENUE","SR-232 (VINEYARD AVENUE)",60.00,E,N,A,-,N,,,,,,,,,,Y,1,1,3,3,A,-,01,23152,A,N,C,C,A,A,H,-,C,A,0,,,,,Y,Y,A,01,0,1,2,0,0,0,0,0,0,"- ","- ",34.257829999999998,-119.15295999999999,VENTURA,UNINCORPORATED,-119.15301024999999,34.257872640000002
90563330,2017,2017-10-04,9770,2017-09-25,0801,017627,,1,1,9,5600,0,2,4,,2,079,"KANAN ROAD E/B","DOUBLETREE ROAD",340.00,E,N,A,-,N,,,,,,,,,,N,2,0,1,2,A,-,05,21651,,N,H,G,A,A,H,-,A,D,0,,Y,,,Y,,L,04,1,0,0,0,0,0,1,0,0,"- ","- ",34.181019999999997,-118.76414,VENTURA,UNINCORPORATED,-118.76421807,34.181241270000001
90564041,2017,2017-10-05,9765,2017-09-16,1013,016592,,6,1,9,5600,0,3,5,,2,004,"BALCOM CANYON RD","SOUTH MOUNTAIN LOOKOUT RD",1750.00,S,N,A,-,N,,,,,,,,,,N,2,0,1,1,D,-,00,,,N,F,A,A,A,H,-,A,D,0,,Y,,,Y,,-,"- ",1,0,0,0,0,0,1,0,0,"- ","- ",34.322029999999998,-118.97508000000001,VENTURA,UNINCORPORATED,-118.97794845999999,34.325199830000003
90566881,2017,2017-10-10,9765,2017-10-02,1800,012252,,1,2,9,5600,0,1,3,,2,040,"SR-126 E/B","SR-118 (WELLS ROAD)",2500.00,E,N,A,-,Y,,,126,,,,,,E,Y,2,0,3,3,A,-,04,21703,,N,C,C,A,A,H,-,A,D,0,,,,,Y,,A,01,1,0,2,0,0,0,0,0,0,"- ","- ",34.293709999999997,-119.14946999999999,VENTURA,UNINCORPORATED,-119.14943572,34.29365233
90568406,2017,2017-10-11,9765,2017-10-04,2345,019884,,3,3,9,5600,0,3,5,,2,004,"TELEGRAPH ROAD","PISTACHIO AVENUE",1584.00,E,N,A,-,N,,,,,,,,,,Y,2,0,2,5,A,-,01,23152,A,N,B,C,E,A,H,-,D,D,0,Y,,,,Y,Y,A,01,1,0,1,0,1,0,0,0,0,"- ","- ",34.30077,-119.15157000000001,VENTURA,UNINCORPORATED,-119.15180577,34.30065681
90568717,2017,2017-10-12,9770,2017-10-04,0215,021082,,3,3,9,5600,0,2,4,,1,087,"SANTA SUSANA PASS ROAD","BOX CANYON ROAD",1056.00,W,N,A,-,N,,,,,,,,,,Y,2,0,1,1,A,-,03,22350,,N,F,A,A,A,H,-,C,D,0,,,Y,,Y,,C,02,1,0,0,0,0,0,0,0,1,"- ","- ",34.261279999999999,-118.64915000000001,VENTURA,UNINCORPORATED,-118.64722703,34.262782270000002
90574293,2017,2017-10-19,9770,2017-10-12,0830,017409,,4,1,4,5690,0,1,3,,2,081,"SR-118 E/B (RONALD REAGAN FREEWAY)","ARROYO SIMI OVERHEAD",105.00,W,N,A,-,Y,,,118,,,,,,E,N,2,0,1,1,A,-,03,22350,,N,F,A,A,A,H,-,A,D,0,,,Y,,Y,,C,02,1,0,0,0,0,0,0,0,1,"- ","- ",34.284730000000003,-118.86399,VENTURA,MOORPARK,-118.86396268,34.284739340000002
90598350,2017,2017-11-20,9765,2017-11-11,1330,019827,,6,1,9,5600,0,3,5,,2,006,"DEER CREEK ROAD",SR-1,14784.00,E,N,A,-,N,,,,,,,,,,N,2,0,1,1,A,-,03,22350,,N,F,A,A,A,H,-,A,D,0,,,Y,,Y,,C,02,1,0,0,0,0,0,0,0,1,"- ","- ",34.087560000000003,-118.97436999999999,VENTURA,UNINCORPORATED,-118.98716927,34.085187249999997
90598544,2017,2017-11-20,9765,2017-06-18,1335,019827,,7,1,9,5600,0,1,3,,1,062,SR-1,"CALLEGUAS CREEK ROAD",3907.00,S,N,A,-,Y,,,1,,,,,,,Y,1,1,0,1,A,-,01,23152,A,N,E,I,A,A,H,-,A,D,0,,,Y,,Y,Y,C,02,0,0,0,0,0,0,0,1,0,"- ","- ",34.101080000000003,-119.08105999999999,VENTURA,UNINCORPORATED,-119.08097131,34.101117170000002
90601072,2017,2017-11-22,9765,2017-11-11,1807,020691,,6,2,5,5601,0,1,2,,2,501,"US-101 S/B","ARNEILL ROAD",550.00,N,N,A,-,Y,,,101,,,,,,S,Y,2,0,1,2,A,-,01,23152,A,N,C,C,A,A,H,-,D,D,0,,,Y,,Y,Y,C,02,1,0,0,0,0,0,0,0,1,"- ","- ",34.217359999999999,-119.04093,VENTURA,CAMARILLO,-119.04093051,34.217335919999996
90603424,2017,2017-11-28,9765,2017-11-19,1843,020691,,7,2,9,5600,0,3,5,,2,005,"LA LOMA AVENUE","WALNUT AVENUE",0.00,,Y,B,-,N,,,,,,,,,,Y,2,0,1,1,A,-,01,23152,A,N,F,I,A,A,H,-,D,D,0,,,,,Y,Y,A,01,1,0,0,0,0,0,0,0,0,"- ","- ",34.283349999999999,-119.07669,VENTURA,UNINCORPORATED,-119.07676012,34.283230070000002