CASE_ID,ACCIDENT_YEAR,PROC_DATE,JURIS,COLLISION_DATE,COLLISION_TIME,OFFICER_ID,REPORTING_DISTRICT,DAY_OF_WEEK,CHP_SHIFT,POPULATION,CNTY_CITY_LOC,SPECIAL_COND,BEAT_TYPE,CHP_BEAT_TYPE,CITY_DIVISION_LAPD,CHP_BEAT_CLASS,BEAT_NUMBER,PRIMARY_RD,SECONDARY_RD,DISTANCE,DIRECTION,INTERSECTION,WEATHER_1,WEATHER_2,STATE_HWY_IND,CALTRANS_COUNTY,CALTRANS_DISTRICT,STATE_ROUTE,ROUTE_SUFFIX,POSTMILE_PREFIX,POSTMILE,LOCATION_TYPE,RAMP_INTERSECTION,SIDE_OF_HWY,TOW_AWAY,COLLISION_SEVERITY,NUMBER_KILLED,NUMBER_INJURED,PARTY_COUNT,PRIMARY_COLL_FACTOR,PCF_CODE_OF_VIOL,PCF_VIOL_CATEGORY,PCF_VIOLATION,PCF_VIOL_SUBSECTION,HIT_AND_RUN,TYPE_OF_COLLISION,MVIW,PED_ACTION,ROAD_SURFACE,ROAD_COND_1,ROAD_COND_2,LIGHTING,CONTROL_DEVICE,CHP_ROAD_TYPE,PEDESTRIAN_ACCIDENT,BICYCLE_ACCIDENT,MOTORCYCLE_ACCIDENT,TRUCK_ACCIDENT,NOT_PRIVATE_PROPERTY,ALCOHOL_INVOLVED,STWD_VEHTYPE_AT_FAULT,CHP_VEHTYPE_AT_FAULT,COUNT_SEVERE_INJ,COUNT_VISIBLE_INJ,COUNT_COMPLAINT_PAIN,COUNT_PED_KILLED,COUNT_PED_INJURED,COUNT_BICYCLIST_KILLED,COUNT_BICYCLIST_INJURED,COUNT_MC_KILLED,COUNT_MC_INJURED,PRIMARY_RAMP,SECONDARY_RAMP,LATITUDE,LONGITUDE,COUNTY,CITY,POINT_X,POINT_Y
90604231,2017,2017-11-28,9765,2017-11-20,1453,017469,,1,2,9,5600,0,1,3,,1,023,SR-150,"GORHAM ROAD",0.00,,Y,A,-,Y,,,150,,,,,,,Y,2,0,1,2,A,-,05,21460,A,N,D,C,A,A,H,-,A,D,0,,,Y,,Y,,C,02,1,0,0,0,0,0,0,0,1,"- ","- ",34.448459999999997,-119.22015,VENTURA,UNINCORPORATED,-119.22015404,34.448439389999997
90611044,2017,2017-12-20,9765,2017-07-05,2020,020762,,3,2,9,5600,0,1,3,,1,062,"SR-1 (PACIFIC COAST HIGHWAY)","LA JOLLA CANYON",4752.00,N,N,A,-,Y,,,1,,,,,,,Y,1,3,2,3,A,-,08,22107,,N,A,C,A,A,H,-,A,D,0,,,,,Y,,A,01,1,0,1,0,0,0,0,0,0,"- ","- ",34.084719999999997,-119.05155999999999,VENTURA,UNINCORPORATED,-119.05156119,34.084743809999999
9061898,2020,2020-03-20,5608,2020-01-09,1413,440,,4,5,6,5608,0,0,0,,0,002,"S SEAWARD AV","ALESSANDRO DR",345.00,N,N,A,-,N,,,,,,,,,,Y,2,0,1,2,A,-,03,22350,,N,B,C,A,A,H,-,A,D,0,,,,,Y,,-,,1,0,0,0,0,0,0,0,0,"- ","- ",,,VENTURA,VENTURA,-119.26853179931641,34.267158508300781
90631706,2017,2018-01-03,9765,2017-07-06,2345,020924,,4,3,6,5608,0,1,2,,2,302,"US-101 N/B","VICTORIA AVENUE",2640.00,N,N,A,-,Y,,,,,,,,,,Y,1,1,1,2,A,-,07,21658,A,F,C,C,A,A,H,-,D,D,0,,,,,Y,Y,A,01,0,1,0,0,0,0,0,0,0,"- ","- ",34.256729999999997,-119.21527,VENTURA,VENTURA,-119.2183248,34.256636239999999
90631786,2017,2018-01-03,9770,2017-12-23,1010,017435,,6,1,9,5600,0,2,4,,1,056,"SR-23 (GRIMES CANYON ROAD)","SHEKELL ROAD",0.00,,Y,A,-,N,,,23,,,,,,,Y,2,0,1,2,A,-,05,21650,,N,B,C,A,A,H,-,A,D,0,,,,,Y,,A,01,1,0,0,0,0,0,0,0,0,"- ","- ",34.328710000000001,-118.90326,VENTURA,UNINCORPORATED,-118.90326137,34.328709699999997
90634649,2017,2018-01-08,9765,2017-12-23,0315,020906,,6,3,9,5600,0,1,3,,1,062,SR-1,"SYCAMORE COVE",3300.00,N,N,A,-,Y,,,1,,,,,,,Y,2,0,2,2,A,-,01,23152,G,N,C,E,A,A,H,-,D,D,0,,,,,Y,Y,A,01,1,1,0,0,0,0,0,0,0,"- ","- ",34.073599999999999,-119.01936000000001,VENTURA,UNINCORPORATED,-119.01940775,34.073537049999999
90641377,2018,2018-01-17,9765,2018-01-09,0440,019721,,2,3,9,5600,0,1,2,,2,501,"US-101 S/B","DAWSON DRIVE",500.00,S,N,C,-,Y,,,,,,,,,,Y,2,0,2,2,A,-,03,22350,,N,D,C,A,B,H,-,C,D,0,,,,,Y,,A,01,1,1,0,0,0,0,0,0,0,"- ","- ",34.216548919677734,-119.03327178955078,VENTURA,UNINCORPORATED,,
90643533,2017,2018-01-19,9765,2017-11-23,1553,017603,,4,2,9,5600,0,3,5,,2,005,"ROSE AVENUE","CENTRAL AVENUE",0.00,,Y,A,-,N,,,,,,,,,,Y,1,1,3,2,A,-,12,21453,A,N,D,C,A,A,H,-,B,A,0,,,,,Y,Y,A,01,1,1,1,0,0,0,0,0,0,"- ","- ",34.250880000000002,-119.14266000000001,VENTURA,UNINCORPORATED,-119.14267003,34.250780089999999
90644718,2017,2018-01-22,9765,2017-06-30,1300,018019,,5,1,9,5600,0,3,5,,2,006,"DUFAU ROAD","NAUMAN ROAD",1394.00,S,N,A,-,N,,,,,,,,,,Y,1,1,1,2,A,-,09,21801,A,N,A,C,A,A,H,-,A,D,0,,,,Y,Y,,F,26,0,0,1,0,0,0,0,0,0,"- ","- ",34.152099999999997,-119.11866999999999,VENTURA,UNINCORPORATED,-119.11869768,34.152102069999998
90649319,2018,2018-01-26,9765,2018-01-23,1145,016592,,2,1,9,5600,0,2,S,,2,063,"SR-1 (PCH-RICE AVENUE)","WOOLEY ROAD",75.00,S,N,A,-,N,,,,,,,,,,Y,2,0,1,1,A,-,08,22107,,N,E,I,A,A,H,-,A,D,0,,,,,Y,,A,01,1,0,0,0,0,0,0,0,0,"- ","- ",34.189411163330078,-119.14225006103516,VENTURA,UNINCORPORATED,-119.1424560546875,34.189491271972656
90652698,2018,2018-02-01,9770,2018-01-27,0200,020238,,6,3,4,5690,0,1,3,,2,080,"SR-118(W/B) TO SR-118(LOS ANGELES AVE.)","SR-118 (LOS ANGELES AVENUE)",100.00,N,N,A,-,Y,,,118,,,,R,,,Y,2,0,1,1,C,-,18,,,N,E,I,A,A,H,-,C,D,0,,,,,Y,,-,"- ",1,0,0,0,0,0,0,0,0,"- ","- ",34.282619476318359,-118.86376953125,VENTURA,MOORPARK,-118.86376953125,34.282619476318359
90656419,2018,2018-02-07,9765,2018-02-02,1530,019827,,5,2,9,5600,0,3,5,,2,006,"HUENEME ROAD","EDISON DRIVE",2640.00,E,N,A,-,N,,,,,,,,,,N,2,0,4,2,A,-,08,22107,,N,D,C,A,A,H,-,A,D,0,,,,,Y,,D,22,2,1,1,0,0,0,0,0,0,"- ","- ",34.147380828857422,-119.16192626953125,VENTURA,UNINCORPORATED,-119.15792846679688,34.147308349609375
90665932,2017,2018-02-21,9770,2017-02-21,2500,016561,,2,4,6,5607,0,1,2,,2,074,"US-101 N/B (VENTURA FREEWAY)","SR-23 S/B TO US-101 S/B",1935.00,N,N,B,-,Y,,,101,,,,,,N,N,1,1,0,2,A,-,11,21954,A,F,G,B,E,A,H,-,C,D,0,Y,,,,Y,,N,60,0,0,0,1,0,0,0,0,0,"- ","- ",34.176670000000001,-118.86637,VENTURA,"THOUSAND OAKS",-118.86636575999999,34.176722900000001
90671143,2018,2018-02-27,9770,2018-02-17,1635,021553,,6,2,9,5600,0,2,4,,1,088,"BOX CANYON ROAD","STUDIO ROAD",528.00,N,N,A,-,N,,,,,,,,,,Y,2,0,1,1,A,-,08,22107,,N,F,A,A,A,H,-,A,D,0,,,Y,,Y,,C,02,1,0,0,0,0,0,0,0,1,"- ","- ",34.254810333251953,-118.64903259277344,VENTURA,UNINCORPORATED,-118.6490478515625,34.254413604736328
90673158,2018,2018-03-01,9770,2018-02-16,1845,019930,,5,2,9,5600,0,3,5,,2,005,"HEATHERTON ROAD","KINGSGROVE DRIVE",1000.00,N,N,A,-,N,,,,,,,,,,Y,2,0,2,1,A,-,03,22350,,N,E,I,A,A,H,-,D,D,0,,,,,Y,,A,01,2,0,0,0,0,0,0,0,0,"- ","- ",34.285400390625,-118.99893951416016,VENTURA,UNINCORPORATED,-118.99893951416016,34.2855224609375
90673210,2018,2018-07-11,9770,2018-02-21,1420,016561,,3,2,6,5607,0,1,3,,2,076,"SR-23 N/B (MOORPARK FREEWAY)","JANSS ROAD",1056.00,N,N,A,-,Y,,,23,,,,,,N,Y,1,1,0,1,A,-,08,22107,,N,E,I,A,A,H,-,A,D,0,,,,,Y,,A,01,0,0,0,0,0,0,0,0,0,"- ","- ",34.202049255371094,-118.8551025390625,VENTURA,"THOUSAND OAKS",-118.855224609375,34.202186584472656
90675076,2018,2018-03-05,9770,2018-02-24,1222,018659,,6,1,9,5600,0,3,5,,2,005,"BROADWAY ROAD","STOCKTON ROAD",40.00,E,N,A,-,N,,,,,,,,,,Y,2,0,1,1,A,-,03,22350,,N,F,A,A,A,H,-,A,D,0,,,Y,,Y,,C,02,1,0,0,0,0,0,0,0,1,"- ","- ",34.315410614013672,-118.92147827148438,VENTURA,UNINCORPORATED,-118.92121124267578,34.315204620361328
90675588,2018,2018-03-06,9770,2018-02-24,0850,017638,,6,1,9,5600,0,3,5,,2,008,"TAPO CANYON ROAD","LOST CANYONS DRIVE",2112.00,N,N,A,-,N,,,,,,,,,,Y,2,0,2,2,A,-,05,21460,A,N,A,C,A,A,H,-,A,D,0,,,,,Y,,A,08,1,1,0,0,0,0,0,0,0,"- ","- ",34.310749053955078,-118.71996307373047,VENTURA,UNINCORPORATED,-118.71981048583984,34.311187744140625
90678135,2018,2018-03-08,9770,2018-02-25,1900,021553,,7,2,9,5600,0,1,3,,1,054,"SR-34 (SOMIS ROAD)","CAMARILLO CITY LIMITS",3080.00,E,N,A,-,Y,,,34,,,,,,,Y,2,0,3,2,A,-,08,22107,,N,A,C,A,A,H,-,D,D,0,,,,,Y,,A,01,1,0,2,0,0,0,0,0,0,"- ","- ",34.249130249023438,-119.00366973876953,VENTURA,UNINCORPORATED,-119.00369262695312,34.249160766601562
90680506,2017,2019-04-29,9765,2017-10-19,0655,014535,,4,1,6,5608,0,1,3,,2,030,"SR-126 E/B  (SANTA PAULA FREEWAY)","SATCOY AVENUE",3920.00,W,N,A,-,Y,,,126,,,,,,E,Y,1,1,2,3,A,-,08,22107,,N,E,I,A,A,H,-,A,D,0,,,,Y,Y,,A,01,1,1,0,0,0,0,0,0,0,"- ","- ",34.278680000000001,-119.17469,VENTURA,VENTURA,-119.17467894000001,34.278661249999999
90690778,2018,2018-03-27,9770,2018-03-17,2145,020917,,6,2,6,5609,0,1,3,,2,083,"SR-118 E/B TO STEARNS STREET","STEARNS STREET",144.00,W,N,A,-,Y,,,118,,,,R,,E,Y,2,0,1,2,A,-,07,21658,A,N,B,C,A,A,H,-,C,D,0,,,Y,,Y,,C,02,1,0,0,0,0,0,0,0,1,"- ","- ",34.280471801757812,-118.69199371337891,VENTURA,"SIMI VALLEY",-118.69199371337891,34.280471801757812
90706475,2018,2018-04-16,9765,2018-04-08,0108,020880,,7,3,9,5600,0,1,3,,1,042,SR-126,"OLD TELEGRAPH ROAD",311.00,E,N,A,-,Y,,,126,,,,,,,Y,2,0,6,2,A,-,01,23152,A,N,A,C,A,A,H,-,D,D,0,,,,,Y,Y,A,07,2,3,1,0,0,0,0,0,0,"- ","- ",34.393028259277344,-118.95435333251953,VENTURA,UNINCORPORATED,-118.954345703125,34.393013000488281
90706928,2018,2018-04-17,9765,2018-04-09,2338,018884,,1,3,9,5600,0,3,5,,2,006,"LEWIS ROAD","CAWELTI ROAD",990.00,S,N,A,-,N,,,,,,,,,,N,2,0,1,2,A,-,11,21954,A,N,G,B,D,A,H,-,D,D,0,Y,,,,Y,,N,60,1,0,0,0,1,0,0,0,0,"- ","- ",34.188838958740234,-119.03456878662109,VENTURA,UNINCORPORATED,-119.03453826904297,34.188846588134766
90711431,2018,2018-04-24,9765,2018-04-10,1354,016592,,2,1,9,5600,0,3,5,,2,006,"POTRERO ROAD","VIA ACOSTA",1584.00,W,N,A,-,N,,,,,,,,,,Y,2,0,1,1,A,-,08,22107,,N,E,I,A,A,H,-,A,D,0,,,,,Y,,A,01,1,0,0,0,0,0,0,0,0,"- ","- ",34.159149169921875,-118.99491882324219,VENTURA,UNINCORPORATED,-118.99371337890625,34.158737182617188
90713138,2018,2018-04-25,9765,2018-04-14,1020,020497,,6,1,9,5600,0,1,3,,1,021,"SR-33 (MARICOPA HIGHWAY)","ROSE VALLEY ROAD",11616.00,S,N,A,-,Y,,,33,,,,,,,Y,2,0,1,1,A,-,03,22350,,N,F,A,A,A,H,-,A,D,0,,,Y,,Y,,C,02,1,0,0,0,0,0,0,0,1,"- ","- ",34.535480499267578,-119.2525634765625,VENTURA,UNINCORPORATED,-119.25257110595703,34.535533905029297
90713784,2018,2018-04-26,9770,2018-04-18,0955,017435,,3,1,6,5609,0,1,3,,2,082,"SR-118 W/B (RONALD REAGAN FREEWAY)","FIRST STREET",700.00,E,N,A,-,Y,,,118,,,,,,W,Y,2,0,1,5,A,-,03,22350,,N,C,C,A,A,H,-,A,D,0,,,,,Y,,A,07,1,0,0,0,0,0,0,0,0,"- ","- ",34.282390594482422,-118.77738952636719,VENTURA,"SIMI VALLEY",-118.77738952636719,34.282421112060547
90716041,2018,2018-04-30,9770,2018-04-21,1344,020169,,6,1,6,5607,0,1,2,,2,075,"US-101 S/B (VENTURA FREEWAY)","SR-23 N/B (MOORPARK FREEWAY)",2350.00,N,N,A,-,Y,,,101,,,,,,S,Y,2,0,1,2,A,-,03,22350,,N,C,C,A,A,H,-,A,D,0,,,,,Y,,A,01,1,0,0,0,0,0,0,0,0,"- ","- ",34.176700592041016,-118.86945343017578,VENTURA,"THOUSAND OAKS",-118.86944580078125,34.176734924316406
90718910,2018,2018-05-03,9770,2018-04-27,1520,019819,,5,2,6,5607,0,1,2,,2,072,"US-101 N/B (VENTURA FREEWAY)","CONEJO INSPECTION FACILITY",200.00,S,N,A,-,Y,,,101,,,,,,N,Y,2,0,1,2,A,-,03,22350,,N,C,C,A,A,H,-,A,D,0,,,Y,,Y,,C,02,1,0,0,0,0,0,0,0,1,"- ","- ",34.197280883789062,-118.95263671875,VENTURA,"THOUSAND OAKS",-118.95260620117188,34.197322845458984
90723122,2018,2018-05-09,9770,2018-05-01,0655,017435,,2,1,9,5600,0,2,4,,1,031,"SANTA ROSA ROAD","ANDALUSIA DRIVE",0.00,,Y,B,-,N,,,,,,,,,,Y,2,0,2,2,A,-,12,21453,A,N,D,C,A,A,H,-,A,A,0,,,,Y,Y,,G,55,2,0,0,0,0,0,0,0,0,"- ","- ",34.241428375244141,-118.8868408203125,VENTURA,UNINCORPORATED,-118.88686370849609,34.241428375244141
9073189,2020,2020-06-22,5608,2020-03-02,2022,514,VENTU,1,5,6,5608,0,0,0,,0,004,"RALSTON ST","CYPRESS POINT",10.00,E,N,A,-,N,,,,,,,,,,N,2,0,1,2,A,-,10,21950,A,N,-,B,B,A,H,-,C,A,0,Y,,,,Y,,A,01,1,0,0,0,1,0,0,0,0,"- ","- ",,,VENTURA,VENTURA,-119.21482849121094,34.260364532470703
90732610,2018,2018-05-23,9770,2018-05-16,1930,020238,,3,2,4,5690,0,1,3,,2,085,"SR-23 S/B (MOORPARK FREEWAY)","TIERRA REJADA ROAD",1550.00,N,N,A,-,Y,,,23,,,,,,S,Y,2,0,7,2,A,-,03,22350,,N,C,C,A,A,H,-,A,D,0,,,,,Y,Y,A,01,1,0,6,0,0,0,0,0,0,"- ","- ",34.270320892333984,-118.85440826416016,VENTURA,MOORPARK,-118.85438537597656,34.270343780517578
90740061,2018,2018-06-04,9770,2018-05-25,2045,019819,,5,2,9,5600,0,2,4,,2,079,"DUMAINE AVENUE","ROCK CASTLE COURT",235.00,S,N,A,-,N,,,,,,,,,,Y,2,0,3,4,A,-,01,23152,A,N,C,E,A,A,H,-,C,D,0,,,,,Y,Y,A,01,1,2,0,0,0,0,0,0,0,"- ","- ",34.193630218505859,-118.78285980224609,VENTURA,UNINCORPORATED,-118.78276824951172,34.193634033203125
90742427,2017,2018-06-06,9770,2017-09-14,1520,019819,,4,2,6,5607,0,1,2,,2,075,"US-101 S/B (VENTURA FREEWAY)","WESTLAKE BOULEVARD",324.00,N,N,A,-,Y,,,101,,,,,,S,Y,1,1,1,2,A,-,05,21651,B,N,A,C,A,A,H,-,A,D,0,,,,,Y,,A,01,1,0,0,0,0,0,0,0,0,"- ","- ",34.159610000000001,-118.82839,VENTURA,"THOUSAND OAKS",-118.82836792000001,34.159643199999998
90747191,2018,2018-06-13,9765,2018-04-06,2336,016234,,5,3,9,5600,0,3,5,,2,005,"SANTA CLARA AVENUE","FRIEDRICH ROAD",1125.00,N,N,A,-,N,,,,,,,,,,Y,1,1,0,1,A,-,01,23152,A,N,E,I,A,A,H,-,D,D,0,,,,,Y,Y,D,22,0,0,0,0,0,0,0,0,0,"- ","- ",34.232769012451172,-119.13201904296875,VENTURA,UNINCORPORATED,-119.13214111328125,34.232753753662109
90747424,2018,2018-06-13,9770,2018-06-09,1635,020169,,6,2,9,5600,0,3,5,,2,003,"RIDGE DRIVE","CALVERT COURT",95.00,W,N,A,-,N,,,,,,,,,,N,2,0,1,1,A,-,08,22107,,N,H,A,A,A,H,-,A,D,0,,,,,Y,,M,96,1,0,0,0,0,0,0,0,0,"- ","- ",34.248050689697266,-118.88584899902344,VENTURA,UNINCORPORATED,-118.88585662841797,34.248058319091797
90750561,2018,2018-06-19,9765,2018-02-03,1728,020691,,6,2,9,5600,0,1,2,,1,104,"US-101 N/B","PADRE JUAN CANYON ROAD",2640.00,N,N,A,-,Y,,,101,,,,,,N,Y,1,1,2,1,A,-,08,22107,,N,E,I,A,A,H,-,B,D,0,,,,,Y,,A,07,2,0,0,0,0,0,0,0,0,"- ","- ",34.326610565185547,-119.39469146728516,VENTURA,UNINCORPORATED,-119.39479827880859,34.326511383056641
9075249,2020,2020-06-19,5600,2020-03-06,1502,5360,9071,5,5,6,5607,0,0,0,,0,9D01,"WESTLAKE BL","FOUNTAIN CREST LN",70.00,S,N,A,-,N,,,,,,,,,,Y,2,0,2,2,A,-,03,22350,,N,E,I,A,A,H,-,A,A,0,,,,,Y,,A,01,1,0,1,0,0,0,0,0,0,"- ","- ",,,VENTURA,"THOUSAND OAKS",-118.8245849609375,34.209991455078125
90755883,2018,2018-09-18,9765,2018-06-06,1624,017469,,3,2,9,5600,0,3,5,,2,004,"FOOTHILL ROAD","OLIVE ROAD",1056.00,E,N,A,-,N,,,,,,,,,,Y,1,1,0,1,A,-,01,23152,A,N,F,A,A,A,H,-,A,D,0,,,,,Y,Y,D,22,0,0,0,0,0,0,0,0,0,"- ","- ",34.322601318359375,-119.14055633544922,VENTURA,UNINCORPORATED,-119.14043426513672,34.323146820068359
90764577,2018,2018-07-06,9765,2018-06-30,0500,019034,,6,3,9,5600,0,3,5,,2,006,"HUENEME ROAD","WOOD ROAD",92.00,W,N,A,-,Y,,,,,,,,,,Y,2,0,1,2,A,-,03,22350,,N,B,E,A,A,H,-,D,A,0,,,,Y,Y,,A,01,1,0,0,0,0,0,0,0,0,"- ","- ",34.146831512451172,-119.09689331054688,VENTURA,UNINCORPORATED,-119.0966796875,34.147090911865234
90764982,2018,2018-07-09,9430,2018-07-05,2040,018266,,4,2,9,5600,0,3,5,,2,003,"LOCKWOOD VALLEY RD","BOY SCOUT CAMP RD",3696.00,E,N,A,-,N,,,,,,,,,,Y,2,0,2,1,A,-,01,23152,A,N,E,I,A,A,H,-,D,A,0,,,,,Y,Y,A,01,1,1,0,0,0,0,0,0,0,"- ","- ",34.733119964599609,-119.09623718261719,VENTURA,UNINCORPORATED,-119.07866668701172,34.747104644775391
90767086,2018,2018-07-11,9765,2018-07-05,1650,020708,,4,2,9,5600,0,1,3,,1,021,SR-33,"SOUTH MATILIJA HOT SPRINGS RD",2600.00,N,N,A,-,N,,,33,,,,,,,Y,2,0,1,1,A,-,03,22350,,N,F,A,A,A,H,-,A,A,0,,,Y,,Y,,C,02,1,0,0,0,0,0,0,0,1,"- ","- ",34.490100860595703,-119.30547332763672,VENTURA,UNINCORPORATED,-119.30545043945312,34.490097045898438
90768961,2018,2018-07-13,9770,2018-07-10,1946,020238,,2,2,9,5600,0,2,4,,2,048,"PIRU CANYON ROAD","LAKE PIRU ENTRANCE",2000.00,S,N,A,-,N,,,,,,,,,,Y,2,0,1,1,A,-,01,23152,A,N,F,A,A,A,H,-,B,D,0,,,,,Y,Y,D,22,1,0,0,0,0,0,0,0,0,"- ","- ",34.469631195068359,-118.75939178466797,VENTURA,UNINCORPORATED,,
90782034,2018,2018-08-01,9430,2018-07-29,1715,018165,,7,2,9,5600,0,2,4,,1,031,"LOCKWOOD VALLEY ROAD","CHICO LARSON WAY",32208.00,W,N,A,-,N,,,,,,,,,,Y,2,0,1,2,A,-,03,22350,,N,A,C,A,A,H,-,A,D,0,,,Y,,Y,,C,02,1,0,0,0,0,0,0,0,1,"- ","- ",34.724388122558594,-119.18659973144531,VENTURA,UNINCORPORATED,-119.18650054931641,34.724666595458984
90787849,2018,2018-08-09,9770,2018-07-27,0453,020917,,5,3,9,5600,0,1,3,,1,046,"SR-126 W/B (EAST TELEGRAPH ROAD)","TORREY ROAD",1056.00,E,N,A,-,Y,,,126,,,,,,W,Y,2,0,1,2,A,-,09,21804,A,N,B,C,A,A,H,-,C,D,0,,,,Y,Y,Y,G,27,1,0,0,0,0,0,0,0,0,"- ","- ",34.407119750976562,-118.791259765625,VENTURA,UNINCORPORATED,-118.79122924804688,34.407066345214844
90788477,2018,2018-08-10,9765,2018-08-06,1140,015117,,1,1,9,5600,0,1,3,,2,061,"SR-1 S/B (PACIFIC COAST HIGHWAY)","NAUMEN RD",450.00,N,N,A,-,Y,,,1,,,,,,S,Y,2,0,1,1,A,-,03,22350,,N,F,I,A,A,H,-,A,D,0,,,Y,,Y,,C,02,1,0,0,0,0,0,0,0,1,"- ","- ",34.149158477783203,-119.11428833007812,VENTURA,UNINCORPORATED,-119.11430358886719,34.149147033691406
90791602,2018,2018-08-15,9765,2018-08-10,0525,015117,,5,3,9,5600,0,1,3,,1,062,"SR-1 N/B (PACIFIC COAST HIGHWAY)","HUENEME RD",1056.00,N,N,B,-,Y,,,1,,,,,,N,Y,2,0,3,1,A,-,01,23152,F,N,E,I,A,A,H,-,D,D,0,,,,,Y,,A,01,2,1,0,0,0,0,0,0,0,"- ","- ",34.15142822265625,-119.11788177490234,VENTURA,UNINCORPORATED,-119.11785888671875,34.151470184326172
90799238,2018,2018-08-27,9430,2018-07-28,1900,018631,,6,2,9,5600,0,3,5,,2,003,SR-33,"SANTA BARBARA COUNTY LINE",1584.00,S,N,A,-,Y,,,33,,,,,,,Y,1,1,1,1,A,-,01,23152,G,N,E,I,A,A,H,-,A,D,0,,,,,Y,Y,A,07,1,0,0,0,0,0,0,0,0,"- ","- ",34.786121368408203,-119.44062042236328,VENTURA,UNINCORPORATED,-119.44066619873047,34.786079406738281
90799534,2018,2018-08-28,9765,2018-08-18,0820,020880,,6,1,9,5600,0,1,3,,1,022,SR-150,"RED MOUNTAIN FIRE ROAD",3650.00,W,N,A,-,Y,,,150,,,,,,,N,2,0,1,1,A,-,08,22107,,N,E,I,A,A,H,-,A,A,0,,Y,,,Y,,L,04,1,0,0,0,0,0,1,0,0,"- ","- ",34.385478973388672,-119.38845825195312,VENTURA,UNINCORPORATED,-119.38845825195312,34.385478973388672
90805137,2018,2018-09-04,9765,2018-08-25,1753,018583,,6,2,6,5608,0,1,3,,2,030,"SR-126 E/B TO KIMBALL ROAD","KIMBALL ROAD",153.00,W,N,A,-,Y,,,126,,,,R,,E,Y,2,0,1,1,A,-,08,22107,,N,E,I,A,A,H,-,A,A,0,,,Y,,Y,,C,02,1,0,0,0,0,0,0,0,1,"- ","- ",34.273979187011719,-119.19100189208984,VENTURA,VENTURA,-119.19100189208984,34.273979187011719
90827086,2018,2018-10-03,9770,2018-09-20,2320,021082,,4,3,9,5600,0,1,3,,1,043,"SR-126 E/B (EAST TELEGRAPH ROAD)","HONEY LANE",2460.00,W,N,A,-,N,,,126,,,,,,E,Y,2,0,2,2,A,-,01,23152,A,N,C,E,A,A,D,-,C,A,0,,,,Y,Y,Y,D,22,1,1,0,0,0,0,0,0,0,"- ","- ",34.400768280029297,-118.82434844970703,VENTURA,UNINCORPORATED,-118.82434844970703,34.400741577148438
90829236,2018,2018-10-05,9770,2018-09-24,1555,014454,,1,2,6,5607,0,1,2,,2,073,"US-101 S/B (VENTURA FREEWAY)","WENDY DRIVE",3696.00,N,N,A,-,Y,,,101,,,,,,S,Y,2,0,1,1,A,-,01,23152,F,N,E,I,A,A,H,-,A,D,0,,,,,Y,,A,01,1,0,0,0,0,0,0,0,0,"- ","- ",34.1964111328125,-118.95201110839844,VENTURA,"THOUSAND OAKS",-118.95191192626953,34.196548461914062
9082963,2020,2020-07-16,5600,2020-03-13,2005,5064,6020,5,5,3,5602,0,0,0,,0,6B01,"MAIN ST","SARATOGA ST",26.00,W,N,B,C,N,,,,,,,,,,Y,2,0,1,4,A,-,01,23152,A,M,H,E,A,B,H,-,C,D,0,,,,,Y,Y,A,07,1,0,0,0,0,0,0,0,0,"- ","- ",,,VENTURA,FILLMORE,-118.91114807128906,34.399440765380859
90834028,2018,2018-10-26,9770,2018-06-21,2256,014454,,4,3,6,5607,0,1,2,,2,072,"US-101 N/B (VENTURA FREEWAY)","VENTU PARK ROAD",602.00,S,N,A,-,Y,,,101,,,,,,N,Y,2,0,1,2,A,-,11,21954,A,N,G,B,E,A,H,-,D,D,0,Y,,,Y,Y,,N,60,1,0,0,0,1,0,0,0,0,"- ","- ",34.184379577636719,-118.90778350830078,VENTURA,"THOUSAND OAKS",-118.90777587890625,34.18450927734375
90835885,2018,2018-10-15,9770,2018-10-09,2350,021341,,2,3,6,5607,0,1,2,,2,075,"US-101 S/B TO WESTLAKE BOULEVARD","WESTLAKE BOULEVARD",180.00,W,N,A,-,Y,,,101,,,,R,,S,Y,2,0,1,1,A,-,01,23152,A,N,F,I,A,A,H,-,C,D,0,,,,,Y,Y,A,01,1,0,0,0,0,0,0,0,0,"- ","- ",34.156749725341797,-118.82662963867188,VENTURA,"THOUSAND OAKS",-118.82662963867188,34.156749725341797
90846766,2018,2018-10-26,9765,2018-10-06,1400,020708,,6,2,4,5606,0,1,3,,2,040,"SR-126 E/B","PECK ROAD",580.00,W,N,A,-,Y,,,126,,,,,,E,Y,2,0,1,2,A,-,03,22350,,N,C,C,A,A,H,-,A,D,0,,,Y,,Y,,C,02,1,0,0,0,0,0,0,0,1,"- ","- ",34.336151123046875,-119.0843505859375,VENTURA,"SANTA PAULA",-119.0843505859375,34.336147308349609