CASE_ID,ACCIDENT_YEAR,PROC_DATE,JURIS,COLLISION_DATE,COLLISION_TIME,OFFICER_ID,REPORTING_DISTRICT,DAY_OF_WEEK,CHP_SHIFT,POPULATION,CNTY_CITY_LOC,SPECIAL_COND,BEAT_TYPE,CHP_BEAT_TYPE,CITY_DIVISION_LAPD,CHP_BEAT_CLASS,BEAT_NUMBER,PRIMARY_RD,SECONDARY_RD,DISTANCE,DIRECTION,INTERSECTION,WEATHER_1,WEATHER_2,STATE_HWY_IND,CALTRANS_COUNTY,CALTRANS_DISTRICT,STATE_ROUTE,ROUTE_SUFFIX,POSTMILE_PREFIX,POSTMILE,LOCATION_TYPE,RAMP_INTERSECTION,SIDE_OF_HWY,TOW_AWAY,COLLISION_SEVERITY,NUMBER_KILLED,NUMBER_INJURED,PARTY_COUNT,PRIMARY_COLL_FACTOR,PCF_CODE_OF_VIOL,PCF_VIOL_CATEGORY,PCF_VIOLATION,PCF_VIOL_SUBSECTION,HIT_AND_RUN,TYPE_OF_COLLISION,MVIW,PED_ACTION,ROAD_SURFACE,ROAD_COND_1,ROAD_COND_2,LIGHTING,CONTROL_DEVICE,CHP_ROAD_TYPE,PEDESTRIAN_ACCIDENT,BICYCLE_ACCIDENT,MOTORCYCLE_ACCIDENT,TRUCK_ACCIDENT,NOT_PRIVATE_PROPERTY,ALCOHOL_INVOLVED,STWD_VEHTYPE_AT_FAULT,CHP_VEHTYPE_AT_FAULT,COUNT_SEVERE_INJ,COUNT_VISIBLE_INJ,COUNT_COMPLAINT_PAIN,COUNT_PED_KILLED,COUNT_PED_INJURED,COUNT_BICYCLIST_KILLED,COUNT_BICYCLIST_INJURED,COUNT_MC_KILLED,COUNT_MC_INJURED,PRIMARY_RAMP,SECONDARY_RAMP,LATITUDE,LONGITUDE,COUNTY,CITY,POINT_X,POINT_Y
90848600,2018,2018-10-30,9765,2018-10-20,2210,021682,,6,3,9,5600,0,1,3,,2,011,"SR-33 S/B","CASITAS VISTA ROAD",338.00,N,N,A,-,Y,,,33,,,,,,S,N,2,0,1,2,A,-,11,21954,A,N,G,B,D,A,H,-,C,D,0,Y,,,,Y,,N,60,1,0,0,0,1,0,0,0,0,"- ","- ",34.353610992431641,-119.30734252929688,VENTURA,UNINCORPORATED,-119.30735015869141,34.353599548339844
90849347,2018,2018-10-31,9770,2018-10-23,1515,014454,,2,2,6,5607,0,1,2,,2,075,"US-101 S/B TO SR-23 N/B","THOUSAND OAKS BOULEVARD",528.00,S,N,A,-,Y,,,101,,,,R,,S,Y,2,0,1,2,A,-,07,21658,A,F,F,A,A,A,H,-,A,D,0,,,Y,,Y,,-,99,1,0,0,0,0,0,0,0,1,"- ","- ",34.177890777587891,-118.86026000976562,VENTURA,"THOUSAND OAKS",-118.86026000976562,34.177890777587891
90856503,2018,2018-11-08,9770,2018-10-31,0738,016383,,3,1,5,5601,0,1,2,,2,071,"US-101 S/B (VENTURA FREEWAY)","CONEJO INSPECTION FACILITY",2112.00,N,N,A,-,Y,,,101,,,,,,S,Y,2,0,1,2,A,-,03,22350,,F,C,C,A,A,H,-,A,D,0,,,,,Y,,A,01,1,0,0,0,0,0,0,0,0,"- ","- ",34.201160430908203,-118.96946716308594,VENTURA,CAMARILLO,-118.96947479248047,34.201118469238281
90857589,2018,2018-12-17,9765,2018-11-01,0905,019884,,4,1,9,5600,0,3,5,,2,006,"LEWIS ROAD","UNIVERSITY DRIVE",0.00,,Y,A,-,N,,,,,,,,,,Y,2,0,2,2,A,-,09,21453,C,N,D,C,A,A,H,-,A,A,0,,,,Y,Y,,A,07,1,1,0,0,0,0,0,0,0,"- ","- ",34.171848297119141,-119.05460357666016,VENTURA,UNINCORPORATED,-119.05500793457031,34.171649932861328
90863967,2018,2018-11-20,9765,2018-11-08,1538,016592,,4,2,9,5600,0,1,3,,2,053,"SR-232 (VINEYARD AVENUE)","CENTRAL AVENUE",32.00,N,N,A,-,Y,,,232,,,,,,,Y,2,0,3,4,A,-,12,21453,A,N,D,C,A,A,H,-,A,A,0,,,,,Y,,D,22,1,1,1,0,0,0,0,0,0,"- ","- ",34.258129119873047,-119.15306854248047,VENTURA,UNINCORPORATED,-119.15303802490234,34.258102416992188
90865149,2018,2018-11-21,9765,2018-10-18,1755,017469,,4,2,6,5608,0,3,5,,2,004,"FOOTHILL ROAD","CUMMINGS ROAD",528.00,W,N,A,-,N,,,,,,,,,,N,2,0,1,2,A,-,06,21760,D,F,B,G,A,A,H,-,A,D,0,,Y,,,Y,,A,01,1,0,0,0,0,0,1,0,0,"- ","- ",34.337551116943359,-119.12745666503906,VENTURA,VENTURA,-119.12683868408203,34.337646484375
90875569,2018,2018-12-05,9765,2018-11-26,0750,015117,,1,1,9,5600,0,3,5,,2,006,"PLEASANT VALLEY ROAD",SR-34,1584.00,S,N,A,-,N,,,,,,,,,,Y,2,0,2,4,A,-,03,22350,,N,C,C,A,A,H,-,A,D,0,,,,,Y,,A,01,1,0,1,0,0,0,0,0,0,"- ","- ",34.196571350097656,-119.10447692871094,VENTURA,UNINCORPORATED,-119.04585266113281,34.205493927001953
90883912,2018,2018-12-17,9765,2018-11-18,1611,020691,,7,2,9,5600,0,3,5,,2,005,"BALCOM CANYON ROAD","BRADLEY ROAD",2640.00,N,N,A,-,N,,,,,,,,,,Y,2,0,1,2,A,-,03,22350,,N,B,C,A,A,H,-,A,D,0,,,Y,,Y,,C,02,1,0,0,0,0,0,0,0,1,"- ","- ",34.319480895996094,-118.97348785400391,VENTURA,UNINCORPORATED,-118.97361755371094,34.320037841796875
90884824,2018,2018-12-18,9765,2018-12-09,0245,019034,,7,3,9,5600,0,1,3,,1,042,SR-126,"PERES LANE",324.00,E,N,A,-,Y,,,126,,,,,,,Y,2,0,1,1,A,-,01,23152,A,N,E,I,A,A,H,-,C,D,0,,,,,Y,Y,A,01,1,0,0,0,0,0,0,0,0,"- ","- ",34.365028381347656,-119.03533172607422,VENTURA,UNINCORPORATED,-119.03534698486328,34.365074157714844
90885803,2018,2018-12-19,9765,2018-12-11,1500,016420,,2,2,6,5608,0,1,2,,2,302,"US-101 N/B","NORTHBANK DRIVE",595.00,S,N,A,-,Y,,,101,,,,,,N,Y,2,0,1,2,A,-,03,22350,,N,C,C,A,A,H,-,A,D,0,,,,,Y,,A,01,1,0,0,0,0,0,0,0,0,"- ","- ",34.244338989257812,-119.19448852539062,VENTURA,VENTURA,-119.19449615478516,34.244316101074219
90888675,2018,2018-12-24,9765,2018-12-13,1815,017469,,4,2,9,5600,0,3,5,,2,004,"TELGRAPH ROAD","OLIVE ROAD",320.00,E,N,A,-,N,,,,,,,,,,N,2,0,1,2,A,-,08,22107,,N,C,G,A,A,H,-,D,D,0,,Y,,,Y,Y,L,04,1,0,0,0,0,0,1,0,0,"- ","- ",34.312049865722656,-119.13275146484375,VENTURA,UNINCORPORATED,-119.13278961181641,34.311946868896484
90891826,2018,2018-12-27,9765,2018-12-11,1805,017469,,2,2,5,5601,0,1,2,,2,502,"US-101 N/B","SANTA ROSA AVENUE",726.00,N,N,A,-,Y,,,101,,,,,,N,Y,2,0,1,2,A,-,03,22350,,N,C,C,A,A,H,-,A,D,0,,,,,Y,,A,01,1,0,0,0,0,0,0,0,0,"- ","- ",34.214611053466797,-119.0101318359375,VENTURA,CAMARILLO,-119.01014709472656,34.214569091796875
90896373,2018,2019-01-02,9765,2018-12-17,1743,017469,,1,2,9,5600,0,1,3,,1,022,"STATE ROUTE 150","CHLORINATION PLANT",2376.00,W,N,B,C,Y,,,150,,,,,,,Y,2,0,1,1,A,-,01,23152,A,N,F,A,A,B,H,-,D,D,0,,,,,Y,Y,D,22,1,0,0,0,0,0,0,0,0,"- ","- ",34.383739471435547,-119.38863372802734,VENTURA,UNINCORPORATED,-119.38864898681641,34.383823394775391
90899627,2018,2019-01-08,9765,2018-12-30,1155,019884,,7,1,9,5600,0,1,2,,2,103,"US-101 S/B","SOLIMAR BEACH DRIVE",3168.00,N,N,A,-,Y,,,101,,,,,,S,Y,2,0,1,2,A,-,03,22350,,N,C,C,A,A,H,-,A,D,0,,,Y,,Y,,C,02,1,0,0,0,0,0,0,0,1,"- ","- ",34.297931671142578,-119.34197998046875,VENTURA,UNINCORPORATED,-119.34195709228516,34.297946929931641
90900655,2018,2019-01-09,9765,2018-11-03,1040,020585,,6,1,9,5600,0,1,3,,1,021,SR-33,"CAMINO CIELO",207.00,N,N,A,-,Y,,,33,,,,,,,Y,1,1,1,2,A,-,05,21460,A,N,A,C,A,A,H,-,A,D,0,,,Y,,Y,,C,02,0,1,0,0,0,0,0,1,0,"- ","- ",34.483608245849609,-119.29644012451172,VENTURA,UNINCORPORATED,-119.29642486572266,34.483642578125
9090857,2019,2020-04-23,5604,2019-12-23,0209,5567,,1,5,6,5604,0,0,0,,0,022,"N VENTURA RD","5TH ST",528.00,N,N,A,-,N,,,,,,,,,,Y,2,0,1,1,A,-,01,23152,A,N,-,I,A,A,H,-,C,A,0,,,,,Y,Y,A,01,1,0,0,0,0,0,0,0,0,"- ","- ",34.202880859375,-119.19474029541016,VENTURA,OXNARD,-119.19484710693359,34.19915771484375
90910187,2019,2019-01-23,9765,2019-01-13,1239,016234,,7,1,9,5600,0,3,5,,2,005,"CENTRAL AVENUE","BEARDSLEY ROAD",1400.00,E,N,B,-,N,,,,,,,,,,Y,2,0,1,1,A,-,01,23152,F,N,E,I,A,A,H,-,A,D,0,,,,,Y,,A,07,1,0,0,0,0,0,0,0,0,"- ","- ",34.227451324462891,-119.10852813720703,VENTURA,UNINCORPORATED,-119.10867309570312,34.227443695068359
90910920,2019,2019-01-24,9765,2019-01-19,0220,018884,,6,3,6,5608,0,1,2,,2,301,"US 101 SOUTHBOUND (VENTURA FREEWAY)","SR-126 OVERCROSSING",1056.00,N,N,A,-,Y,,,,,,,,,,Y,2,0,1,1,A,-,08,22107,,N,E,I,A,A,H,-,C,D,0,,,,,Y,,A,07,1,0,0,0,0,0,0,0,0,"- ","- ",34.264530181884766,-119.24182891845703,VENTURA,VENTURA,-119.24311065673828,34.264278411865234
90912564,2019,2019-02-18,9770,2019-01-21,0720,017732,,1,1,6,5609,0,1,3,,2,082,"SR-118 W/B (RONALD REAGAN FREEWAY)","STOW STREET",397.00,W,N,A,-,Y,,,118,,,,,,W,Y,2,0,1,1,A,-,08,22107,,N,E,I,A,A,H,-,A,D,0,,,,,Y,,D,22,1,0,0,0,0,0,0,0,0,"- ","- ",34.281829833984375,-118.68412017822266,VENTURA,"SIMI VALLEY",-118.68412017822266,34.281742095947266
90915732,2019,2019-01-30,9770,2019-01-25,0755,017627,,5,1,6,5609,0,1,3,,2,082,"SR-118 W/B (RONALD REAGAN FREEWAY)","FIRST STREET",500.00,W,N,A,-,Y,,,118,,,,,,W,Y,2,0,1,1,A,-,08,22107,,N,E,I,A,A,H,-,A,D,0,,,,,Y,,A,01,1,0,0,0,0,0,0,0,0,"- ","- ",34.282558441162109,-118.78336334228516,VENTURA,"SIMI VALLEY",-118.78336334228516,34.282413482666016
90918520,2018,2019-06-06,9765,2018-10-20,2500,018884,,6,4,9,5600,0,3,5,,2,004,"TELEGRAPH ROAD","BRIGGS ROAD",820.00,E,N,A,-,N,,,,,,,,,,Y,2,0,2,1,A,-,08,22107,,F,E,I,A,A,H,-,D,D,0,,,,,Y,,A,01,1,1,0,0,0,0,0,0,0,"- ","- ",34.329349517822266,-119.10369873046875,VENTURA,UNINCORPORATED,-119.103759765625,34.3292236328125
90921985,2019,2019-02-08,9770,2019-01-28,1710,021738,,1,2,9,5600,0,1,3,,1,057,"SR-23 (GRIMES CANYON ROAD)","BARDSDALE AVENUE",2640.00,S,N,A,-,Y,,,23,,,,,,,Y,2,0,3,2,A,-,05,21460,A,N,A,C,A,A,H,-,A,D,0,,,,,Y,,A,01,1,2,0,0,0,0,0,0,0,"- ","- ",34.360828399658203,-118.92098236083984,VENTURA,UNINCORPORATED,-118.92086029052734,34.360763549804688
90930043,2019,2019-02-20,9770,2019-02-02,1449,020169,,6,2,9,5600,0,1,3,,1,053,"SR-118 E/B (LOS ANGELES AVENUE)","GRIMES CANYON ROAD",1490.00,W,N,B,-,Y,,,118,,,,,,E,Y,2,0,2,3,A,-,01,23152,G,N,B,C,A,B,H,-,A,A,0,,,,,Y,Y,A,01,1,0,1,0,0,0,0,0,0,"- ","- ",34.271991729736328,-118.93486022949219,VENTURA,UNINCORPORATED,-118.93486022949219,34.271987915039062
90934716,2019,2019-02-27,9765,2019-02-18,0100,020850,,1,3,9,5600,0,1,3,,1,062,SR-1,"CALLEGUAS CREEK ROAD",3696.00,S,N,A,-,Y,,,,,,,,,,Y,2,0,1,1,A,-,01,23152,F,M,E,I,A,A,H,-,D,D,0,,,,,Y,,A,07,1,0,0,0,0,0,0,0,0,"- ","- ",34.100788116455078,-119.08805847167969,VENTURA,UNINCORPORATED,,
90935432,2019,2019-02-27,9765,2019-02-23,1446,020691,,6,2,6,5608,0,1,2,,2,103,"US-101 S/B","FRONT STREET PEDESTRIAN BRIDGE",1269.00,E,N,A,-,Y,,,101,,,,,,S,Y,2,0,1,3,A,-,08,22107,,N,C,E,E,A,H,-,A,D,0,Y,,,,Y,,A,01,1,0,0,0,1,0,0,0,0,"- ","- ",34.274028778076172,-119.28618621826172,VENTURA,VENTURA,-119.28604888916016,34.274227142333984
90936384,2018,2019-02-28,9765,2018-11-18,2354,020873,,7,3,9,5600,0,3,5,,2,006,"HUENEME ROAD","SR-1 S/B",0.00,,Y,A,-,Y,,,,,,,,,,Y,1,1,0,2,A,-,12,21453,A,N,D,C,A,A,H,-,C,A,0,,,Y,,Y,,A,01,0,0,0,0,0,0,0,1,0,"- ","- ",34.146949768066406,-119.11266326904297,VENTURA,UNINCORPORATED,,
90941281,2019,2019-03-07,9770,2019-03-02,1015,017627,,6,1,6,5609,0,1,3,,2,080,"SR-118 W/B (RONALD REAGAN FREEWAY)","LANDFILL ACCESS ROAD",950.00,W,N,B,-,Y,,,118,,,,,,W,Y,2,0,1,1,A,-,03,22350,,N,E,I,A,B,H,-,A,D,0,,,,,Y,,A,01,1,0,0,0,0,0,0,0,0,"- ","- ",34.288799285888672,-118.80190277099609,VENTURA,"SIMI VALLEY",-118.80195617675781,34.288703918457031
90948570,2019,2019-03-19,9770,2019-03-09,1345,021738,,6,1,9,5600,0,1,3,,1,045,"SR-126 E/B (EAST TELEGRAPH ROAD)","CENTER STREET",80.00,W,N,A,-,Y,,,126,,,,,,E,Y,2,0,2,3,A,-,03,22350,,N,C,C,A,A,H,-,A,D,0,,,Y,,Y,,C,02,2,0,0,0,0,0,0,0,2,"- ","- ",34.410530090332031,-118.78043365478516,VENTURA,UNINCORPORATED,-118.78041076660156,34.410568237304688
90957142,2017,2019-03-29,9770,2017-01-07,1706,021173,,6,2,6,5607,0,1,2,,2,075,"US-101 S/B FROM WESTLAKE BLVD","WESTLAKE BLVD",220.00,N,N,B,-,Y,,,101,,,,R,,S,Y,1,1,0,2,A,-,01,23152,F,N,E,I,A,A,H,-,B,D,0,,,Y,,Y,,C,02,0,0,0,0,0,0,0,1,0,"- ","- ",34.157769999999999,-118.82597,VENTURA,"THOUSAND OAKS",-118.82597,34.157769999999999
90958504,2019,2019-04-02,9765,2019-03-21,1425,020708,,4,2,9,5600,0,3,5,,2,002,"CREEK ROAD","CREEK LANE",550.00,W,N,A,-,N,,,,,,,,,,Y,2,0,1,1,A,-,08,22107,,N,F,A,A,A,H,-,A,A,0,,,,,Y,,A,01,1,0,0,0,0,0,0,0,0,"- ","- ",34.434139251708984,-119.25005340576172,VENTURA,UNINCORPORATED,-119.30143737792969,34.385746002197266
90961540,2019,2019-07-29,9765,2019-03-26,0216,019721,,2,3,9,5600,0,1,2,,2,103,"US-101 S/B",SR-33,5.00,N,N,B,-,Y,,,,,,,,,,Y,1,1,1,2,A,-,03,22350,,N,A,C,A,A,H,-,C,D,0,,,,,Y,,A,01,0,1,0,0,0,0,0,0,0,"- ","- ",34.279018402099609,-119.30635833740234,VENTURA,UNINCORPORATED,,
9096222,2020,2020-06-15,5606,2020-02-23,1929,1133,5606,7,5,4,5606,0,0,0,,0,002,"12TH ST","VENTURA ST",1.00,E,N,A,-,N,,,,,,,,,,Y,2,0,1,1,A,-,08,22107,,N,A,I,A,A,H,-,C,A,0,,,,,Y,,A,01,1,0,0,0,0,0,0,0,0,"- ","- ",,,VENTURA,"SANTA PAULA",-119.05513000488281,34.353546142578125
90962897,2019,2019-04-08,9770,2019-04-01,0128,021341,,1,3,6,5607,0,1,2,,2,072,"US-101 N/B FROM MOORPARK ROAD","MOORPARK ROAD",145.00,W,N,A,-,Y,,,101,,,,R,,N,Y,2,0,1,1,A,-,01,23152,A,N,E,I,A,A,H,-,C,D,0,,,,,Y,Y,A,01,1,0,0,0,0,0,0,0,0,"- ","- ",34.177700042724609,-118.87715148925781,VENTURA,"THOUSAND OAKS",-118.87715148925781,34.177700042724609
90963788,2019,2019-04-09,9765,2019-03-29,2120,021522,,5,2,6,5608,0,1,2,,2,301,"US-101 S/B","SR-232 (VINEYARD AVENUE)",250.00,N,N,A,-,Y,,,,,,,,,,N,2,0,1,2,A,-,11,21954,A,F,G,B,D,A,H,-,C,D,0,Y,,,,Y,,N,60,1,0,0,0,1,0,0,0,0,"- ","- ",34.2322998046875,-119.17385101318359,VENTURA,VENTURA,,
90972055,2019,2019-04-22,9770,2019-04-15,1618,020169,,1,2,5,5601,0,1,2,,2,070,"US-101 N/B (VENTURA FREEWAY)","CAMARILLO SPRINGS ROAD",1500.00,S,N,A,-,Y,,,101,,,,,,N,Y,2,0,1,2,A,-,07,21658,A,N,B,C,A,A,H,-,A,D,0,,,,,Y,,A,01,1,0,0,0,0,0,0,0,0,"- ","- ",34.202899932861328,-118.97989654541016,VENTURA,CAMARILLO,-118.97991180419922,34.202884674072266
9097562,2020,2020-11-24,5608,2020-05-10,0402,525,VTA,7,5,6,5608,0,0,0,,0,004,"VICTORIA AV","RALSTON ST",61.00,S,N,B,-,N,,,,,,,,,,Y,2,0,1,2,A,-,11,21955,,N,A,B,D,A,H,-,C,A,0,Y,,,,Y,,A,01,1,0,0,0,1,0,0,0,0,"- ","- ",,,VENTURA,VENTURA,-119.21161651611328,34.260894775390625
90984075,2019,2019-05-08,9770,2019-04-29,2359,021909,,1,3,6,5607,0,1,2,,2,074,"US-101 N/B (VENTURA FREEWAY)","RANCHO ROAD",700.00,S,N,A,-,Y,,,101,,,,,,N,Y,2,0,1,1,A,-,08,22107,,N,A,I,A,A,H,-,C,D,0,,,,,Y,,D,22,1,0,0,0,0,0,0,0,0,"- ","- ",34.175891876220703,-118.85601806640625,VENTURA,"THOUSAND OAKS",-118.85601806640625,34.17596435546875
9098730,2020,2020-08-03,5604,2020-04-11,1644,5474,,6,5,6,5604,0,0,0,,0,023,"6TH ST","OXNARD BL",0.00,,Y,A,-,N,,,,,,,,,,Y,2,0,1,2,A,-,08,22107,,F,G,B,B,A,H,-,A,A,0,Y,,,,Y,,A,07,1,0,0,0,1,0,0,0,0,"- ","- ",34.196361541748047,-119.17739868164062,VENTURA,OXNARD,-119.17745971679688,34.19635009765625
91005836,2019,2019-06-07,9765,2019-06-01,1030,018019,,6,1,9,5600,0,3,5,,2,002,"CREEK ROAD","SR-33 (VENTURA AVE.)",2319.00,E,N,B,-,N,,,,,,,,,,Y,2,0,1,2,A,-,05,21460,A,N,B,C,A,A,H,-,A,D,0,,,Y,,Y,,C,02,1,0,0,0,0,0,0,0,1,"- ","- ",34.390399932861328,-119.29782104492188,VENTURA,UNINCORPORATED,-119.29905700683594,34.390300750732422
91010445,2019,2019-06-14,9765,2019-06-12,1150,016712,,3,1,9,5600,0,1,3,,1,022,SR-150,"RED MOUNTAIN FIRE RD.",528.00,W,N,A,-,Y,,,150,,,,,,,Y,2,0,1,1,A,-,08,22107,,N,E,I,A,A,H,-,A,D,0,,,,,Y,,A,01,1,0,0,0,0,0,0,0,0,"- ","- ",34.388999938964844,-119.37950134277344,VENTURA,UNINCORPORATED,-119.37950134277344,34.389007568359375
91011124,2019,2019-06-17,9765,2019-06-01,0032,018884,,6,3,6,5608,0,1,2,,2,302,"US 101 NORTHBOUND (VENTURA FREEWAY)",SR-126,450.00,S,N,A,-,Y,,,,,,,,,,Y,2,0,4,2,A,-,01,23152,A,F,C,C,A,A,H,-,C,D,0,,,,,Y,Y,A,01,3,0,1,0,0,0,0,0,0,"- ","- ",34.264690399169922,-119.25946807861328,VENTURA,VENTURA,-119.24368286132812,34.264289855957031
91011722,2019,2019-06-17,9765,2019-06-09,2250,020873,,7,3,9,5600,0,1,3,,1,021,SR-33,"MM 33.5",20.00,S,N,A,-,Y,,,33,,,,,,,Y,2,0,3,1,A,-,08,22107,,N,E,I,A,A,H,-,D,A,0,,,,,Y,,A,01,1,1,1,0,0,0,0,0,0,"- ","- ",34.590919494628906,-119.28697967529297,VENTURA,UNINCORPORATED,-119.28700256347656,34.590896606445312
91014430,2019,2019-06-21,9765,2019-05-15,0900,015117,,3,1,9,5600,0,3,5,,2,006,"DEER CREEK ROAD",SR-1,4752.00,E,N,B,-,N,,,,,,,,,,N,1,1,0,1,A,-,21,22106,,N,E,I,A,A,H,-,A,D,0,,,,Y,Y,,F,27,0,0,0,0,0,0,0,0,0,"- ","- ",34.062198638916016,-118.98554229736328,VENTURA,UNINCORPORATED,-118.99081420898438,34.067131042480469
91017393,2019,2019-06-25,9765,2019-06-16,2050,020729,,7,2,9,5600,0,3,5,,2,006,"HUENEME ROAD","EDISON DRIVE",1699.00,E,N,B,-,N,,,,,,,,,,Y,2,0,2,2,A,-,00,22017,,N,A,C,A,A,H,-,D,D,0,,,,,Y,,A,01,2,0,0,0,0,0,0,0,0,"- ","- ",34.147300720214844,-119.15959930419922,VENTURA,UNINCORPORATED,-119.16103363037109,34.147327423095703
91019270,2019,2019-06-27,9765,2019-06-01,1013,017469,,6,1,9,5600,0,1,3,,1,042,SR-126,"PYLE ROAD",390.00,W,N,A,-,Y,,,126,,,,,,,Y,2,0,4,2,A,-,01,23152,F,N,D,C,A,A,H,-,A,D,0,,,,,Y,,A,07,1,3,0,0,0,0,0,0,0,"- ","- ",34.381099700927734,-118.97801208496094,VENTURA,UNINCORPORATED,-118.97800445556641,34.381084442138672
91023360,2019,2019-07-02,9765,2019-06-26,0840,016712,,3,1,9,5600,0,3,5,,2,004,"SOUTH MOUNTAIN RD.","WILLARD POSEY RD.",528.00,S,N,A,-,N,,,,,,,,,,Y,2,0,1,1,A,-,03,22350,,N,F,A,A,A,H,-,A,D,0,,,Y,,Y,,C,02,1,0,0,0,0,0,0,0,1,"- ","- ",34.352588653564453,-119.01567840576172,VENTURA,UNINCORPORATED,-119.01567840576172,34.352588653564453
91030871,2019,2019-07-15,9770,2019-07-06,2030,020641,,6,2,9,5600,0,3,5,,2,008,"TAPO CANYON ROAD","LOST CANYONS DRIVE",1850.00,N,N,A,-,N,,,,,,,,,,Y,2,0,2,1,A,-,03,22350,,N,F,I,A,A,H,-,C,D,0,,,,,Y,,A,01,1,0,1,0,0,0,0,0,0,"- ","- ",34.310791015625,-118.71993255615234,VENTURA,UNINCORPORATED,-118.71979522705078,34.310497283935547
91040588,2019,2019-07-29,9770,2019-07-21,0215,021306,,7,3,9,5600,0,1,3,,1,052,"SR-118 W/B (LOS ANGELES AVENUE)","HITCH BOULEVARD",1320.00,E,N,A,-,Y,,,118,,,,,,W,Y,2,0,1,1,A,-,01,23152,A,N,F,A,A,A,H,-,D,D,0,,,Y,,Y,Y,C,02,1,0,0,0,0,0,0,0,1,"- ","- ",34.278701782226562,-118.92098999023438,VENTURA,UNINCORPORATED,-118.92095947265625,34.278636932373047
91046100,2019,2019-08-06,9770,2019-07-30,2340,018305,,2,3,6,5609,0,1,3,,2,082,"SR-118 W/B (RONALD REAGAN FREEWAY)","TAPO CANYON ROAD",1056.00,E,N,A,-,Y,,,118,,,,,,W,Y,2,0,2,3,A,-,08,22107,,N,B,C,A,A,H,-,C,D,0,,,,,Y,Y,A,07,1,1,0,0,0,0,0,0,0,"- ","- ",34.281841278076172,-118.71340179443359,VENTURA,"SIMI VALLEY",-118.71340179443359,34.281822204589844
91053672,2019,2019-08-16,9765,2019-08-08,1655,017395,,4,2,9,5600,0,1,3,,1,068,SR-34,"PLEASANT VALLEY ROAD",2112.00,W,N,A,-,Y,,,,,,,,,,Y,2,0,1,2,A,-,09,21801,A,N,D,C,A,A,H,-,A,D,0,,,Y,,Y,,A,07,1,0,0,0,0,0,0,0,1,"- ","- ",34.119171142578125,-119.04392242431641,VENTURA,UNINCORPORATED,,
91057921,2019,2019-08-23,9765,2019-08-14,1741,022318,,3,2,6,5608,0,1,3,,2,040,"SR-126 E/B","SR-118 (WELLS ROAD)",1130.00,E,N,A,-,Y,,,126,,,,,,E,Y,2,0,5,5,A,-,03,22350,,N,C,C,A,A,H,-,B,D,0,,,,,Y,,A,01,2,3,0,0,0,0,0,0,0,"- ","- ",34.287200927734375,-119.16071319580078,VENTURA,VENTURA,-119.16060638427734,34.287021636962891
91067439,2019,2019-09-04,9765,2019-08-25,0236,022340,,7,3,9,5600,0,1,2,,1,101,"US-101 S/B","PADRE JUAN CANYON ROAD",2766.00,S,N,A,-,Y,,,101,,,,,,S,Y,2,0,1,1,A,-,08,22107,,N,F,I,A,A,H,-,D,D,0,,,,,Y,,D,22,1,0,0,0,0,0,0,0,0,"- ","- ",34.321659088134766,-119.37920379638672,VENTURA,UNINCORPORATED,-119.37921905517578,34.321735382080078
91067881,2019,2019-09-05,9765,2019-08-28,2048,022318,,3,2,9,5600,0,1,3,,2,060,"SR-1 N/B","DEER CREEK ROAD",0.00,,Y,A,-,Y,,,,,,,,,,Y,2,0,4,2,A,-,09,21802,A,N,D,C,A,A,H,-,D,D,0,,,,,Y,,A,01,1,0,3,0,0,0,0,0,0,"- ","- ",34.062221527099609,-119.98558044433594,VENTURA,UNINCORPORATED,,
91070505,2019,2019-09-09,9765,2019-08-29,1539,022318,,4,2,6,5608,0,1,2,,2,301,"US-101 S/B","VICTORIA AVENUE",2000.00,S,N,A,-,Y,,,101,,,,,,S,Y,2,0,1,2,A,-,07,21658,A,N,B,C,A,A,H,-,A,D,0,,,,,Y,,A,08,1,0,0,0,0,0,0,0,0,"- ","- ",34.249309539794922,-119.205322265625,VENTURA,VENTURA,-119.20529937744141,34.249355316162109
91075711,2019,2019-09-16,9770,2019-03-23,0605,017973,,6,1,9,5600,0,1,3,,1,046,"SR-126 E/B (EAST TELEGRAPH ROAD)","NEWHALL RANCH (WEST U/C)",10824.00,E,N,A,-,Y,,,126,,,,,,E,Y,1,1,2,3,A,-,08,22107,,N,A,C,A,A,H,-,D,D,0,,,,,Y,,A,07,0,1,1,0,0,0,0,0,0,"- ","- ",34.403099060058594,-118.70500946044922,VENTURA,UNINCORPORATED,-118.70500183105469,34.403079986572266