CASE_ID,ACCIDENT_YEAR,PROC_DATE,JURIS,COLLISION_DATE,COLLISION_TIME,OFFICER_ID,REPORTING_DISTRICT,DAY_OF_WEEK,CHP_SHIFT,POPULATION,CNTY_CITY_LOC,SPECIAL_COND,BEAT_TYPE,CHP_BEAT_TYPE,CITY_DIVISION_LAPD,CHP_BEAT_CLASS,BEAT_NUMBER,PRIMARY_RD,SECONDARY_RD,DISTANCE,DIRECTION,INTERSECTION,WEATHER_1,WEATHER_2,STATE_HWY_IND,CALTRANS_COUNTY,CALTRANS_DISTRICT,STATE_ROUTE,ROUTE_SUFFIX,POSTMILE_PREFIX,POSTMILE,LOCATION_TYPE,RAMP_INTERSECTION,SIDE_OF_HWY,TOW_AWAY,COLLISION_SEVERITY,NUMBER_KILLED,NUMBER_INJURED,PARTY_COUNT,PRIMARY_COLL_FACTOR,PCF_CODE_OF_VIOL,PCF_VIOL_CATEGORY,PCF_VIOLATION,PCF_VIOL_SUBSECTION,HIT_AND_RUN,TYPE_OF_COLLISION,MVIW,PED_ACTION,ROAD_SURFACE,ROAD_COND_1,ROAD_COND_2,LIGHTING,CONTROL_DEVICE,CHP_ROAD_TYPE,PEDESTRIAN_ACCIDENT,BICYCLE_ACCIDENT,MOTORCYCLE_ACCIDENT,TRUCK_ACCIDENT,NOT_PRIVATE_PROPERTY,ALCOHOL_INVOLVED,STWD_VEHTYPE_AT_FAULT,CHP_VEHTYPE_AT_FAULT,COUNT_SEVERE_INJ,COUNT_VISIBLE_INJ,COUNT_COMPLAINT_PAIN,COUNT_PED_KILLED,COUNT_PED_INJURED,COUNT_BICYCLIST_KILLED,COUNT_BICYCLIST_INJURED,COUNT_MC_KILLED,COUNT_MC_INJURED,PRIMARY_RAMP,SECONDARY_RAMP,LATITUDE,LONGITUDE,COUNTY,CITY,POINT_X,POINT_Y
91080676,2019,2019-09-23,9765,2019-09-13,0952,020004,,5,1,9,5600,0,3,5,,2,002,"RICE ROAD","LOMITA AVENUE",390.00,N,N,A,-,N,,,,,,,,,,N,2,0,1,1,A,-,08,22107,,N,E,I,A,A,H,-,A,D,0,,Y,,,Y,,L,04,1,0,0,0,0,0,1,0,0,"- ","- ",34.446720123291016,-119.28910827636719,VENTURA,UNINCORPORATED,-119.28891754150391,34.446949005126953
91083256,2019,2019-10-04,9770,2019-04-25,1700,021799,,4,2,9,5600,0,1,3,,1,045,"SR-126 E/B (EAST TELEGRAPH ROAD)","CENTER STREET",550.00,W,N,A,-,Y,,,126,,,,,,E,Y,1,1,3,5,A,-,03,22350,,N,C,C,A,A,H,-,A,D,0,,,,Y,Y,,A,01,0,3,0,0,0,0,0,0,0,"- ","- ",34.411041259765625,-118.78285980224609,VENTURA,UNINCORPORATED,-118.78285980224609,34.411029815673828
91083524,2019,2019-09-26,9765,2019-09-18,1805,022345,,3,2,6,5608,0,3,5,,2,004,"TELEGRAPH ROAD","CUMMINGS ROAD",541.00,W,N,A,-,N,,,,,,,,,,Y,2,0,1,1,A,-,08,22107,,N,E,J,A,A,H,-,A,D,0,,,,,Y,,A,07,1,0,0,0,0,0,0,0,0,"- ","- ",34.192291259765625,-119.65175628662109,VENTURA,VENTURA,-119.11428070068359,34.322990417480469
9108722,2020,2020-11-13,5600,2020-05-31,1414,3147,9116,7,5,6,5607,0,0,0,,0,9C01,"FELTON ST","AMERICAN OAKS AV",0.00,,Y,A,-,N,,,,,,,,,,N,2,0,2,2,A,-,12,22450,A,N,D,C,A,A,H,-,A,A,0,,,Y,,Y,,C,02,1,1,0,0,0,0,0,0,2,"- ","- ",34.166221618652344,-118.93972778320312,VENTURA,"THOUSAND OAKS",-118.93978881835938,34.166240692138672
91088648,2019,2019-10-02,9770,2019-09-23,1318,016198,,1,1,6,5607,0,1,2,,2,072,"US-101 N/B (VENTURA FREEWAY)","LYNN ROAD",2112.00,S,N,A,-,Y,,,101,,,,,,N,Y,2,0,1,1,A,-,08,22107,,N,E,I,A,A,H,-,A,D,0,,,,,Y,,A,07,1,0,0,0,0,0,0,0,0,"- ","- ",34.180091857910156,-118.88414001464844,VENTURA,"THOUSAND OAKS",-118.88419342041016,34.179981231689453
91090163,2019,2019-11-07,9765,2019-07-17,2052,020729,,3,2,9,5600,0,1,2,,1,102,"US-101 N/B",SR-1,2112.00,N,N,A,-,Y,,,101,,,,,,N,Y,1,1,0,2,A,-,17,21200,,N,C,G,A,A,H,-,D,D,0,,Y,,Y,Y,,L,04,0,0,0,0,0,1,0,0,0,"- ","- ",34.293491363525391,-119.33828735351562,VENTURA,UNINCORPORATED,-119.33829498291016,34.293487548828125
91110738,2019,2019-10-31,9765,2019-10-25,1215,022345,,5,1,6,5608,0,1,3,,1,023,SR-150,"DENNISON ROAD",1690.00,W,N,A,-,Y,,,,,,,,,,N,2,0,1,2,A,-,08,22107,,N,B,C,A,A,H,-,A,D,0,,,Y,,Y,,C,02,1,0,0,0,0,0,0,0,1,"- ","- ",34.262500762939453,-119.11554718017578,VENTURA,VENTURA,,
91116781,2019,2019-11-08,9765,2019-10-20,1020,022337,,7,1,9,5600,0,3,5,,2,002,"SR-33 (MARICOPA HIGHWAY)","POTRERO CREEK",4752.00,N,N,A,-,Y,,,33,,,,,,,Y,2,0,1,1,A,-,08,22107,,N,E,I,A,A,H,-,A,D,0,,,Y,,Y,,C,02,1,0,0,0,0,0,0,0,1,"- ","- ",34.58966064453125,-119.28302764892578,VENTURA,UNINCORPORATED,-119.28305053710938,34.589633941650391
91117048,2019,2019-11-11,9770,2019-10-30,1729,019930,,3,2,9,5600,0,2,4,,1,056,"SR-23 (GRIMES CANYON ROAD)","BARDSDALE AVENUE",30.00,N,N,A,-,Y,,,,,,,,,,Y,2,0,3,2,A,-,12,22450,A,N,A,C,A,A,H,-,A,A,0,,,,,Y,,A,01,2,1,0,0,0,0,0,0,0,"- ","- ",34.373611450195312,-118.91741943359375,VENTURA,UNINCORPORATED,,
91121254,2019,2019-11-15,9765,2019-10-07,2200,022272,,1,3,9,5600,0,1,3,,2,061,SR-1,"LA JOLLA CANYON ROAD",2957.00,S,N,A,-,Y,,,,,,,,,,Y,2,0,3,3,A,-,01,23152,A,N,A,C,A,A,H,-,D,D,0,,,,Y,Y,Y,A,07,2,1,0,0,0,0,0,0,0,"- ","- ",34.4451904296875,-119.13948822021484,VENTURA,UNINCORPORATED,,
91123041,2019,2019-11-18,9765,2019-11-08,2110,020850,,5,2,9,5600,0,1,3,,1,021,"SR-33 (MARICOPA HIGHWAY)","WHEELER GORGE",13200.00,N,N,A,-,Y,,,33,,,,,,,Y,2,0,1,1,A,-,03,22350,,N,E,I,A,A,H,-,D,D,0,,,,,Y,,A,01,1,0,0,0,0,0,0,0,0,"- ","- ",34.521278381347656,-119.27809143066406,VENTURA,UNINCORPORATED,-119.278076171875,34.521228790283203
91139935,2019,2019-12-10,9770,2019-12-02,0900,016561,,1,1,6,5607,0,1,3,,2,077,"SR-23 S/B FROM SUNSET HILLS BLVD.","SUNSET HILLS BOULEVARD",528.00,S,N,A,-,Y,,,,,,,,,,Y,2,0,1,3,A,-,03,22350,,N,C,C,A,A,H,-,A,A,0,,,,,Y,,A,07,1,0,0,0,0,0,0,0,0,"- ","- ",34.263519287109375,-118.84800720214844,VENTURA,"THOUSAND OAKS",-118.84787750244141,34.226249694824219
9114133,2020,2020-08-24,5608,2020-06-15,2012,500,,1,5,6,5608,0,0,0,,0,002,"HARBOR BL","MONMOUTH WY",179.00,W,N,A,-,N,,,,,,,,,,Y,2,0,1,2,A,-,09,21804,A,N,-,C,A,A,H,-,C,A,0,,,,,Y,,A,01,1,0,0,0,0,0,0,0,0,"- ","- ",,,VENTURA,VENTURA,-119.27307891845703,34.267936706542969
91146099,2019,2019-12-18,9765,2019-12-06,1155,022337,,5,1,9,5600,0,1,3,,2,063,"SR-1 FROM PLEASANT VALLEY ROAD","CHANNEL ISLANDS BLVD.",530.00,S,N,B,-,Y,,,,,,,,,,Y,2,0,1,1,A,-,03,22350,,N,E,I,A,A,H,-,A,D,0,,,,,Y,,A,01,1,0,0,0,0,0,0,0,0,"- ","- ",34.171669006347656,-119.14250946044922,VENTURA,UNINCORPORATED,-119.15522003173828,34.171775817871094
91147606,2019,2019-12-19,9770,2019-12-14,1045,017973,,6,1,9,5600,0,2,4,,1,062,"POTRERO ROAD","TRENTWOOD DRIVE",2112.00,W,N,A,-,N,,,,,,,,,,N,2,0,1,1,A,-,03,22350,,N,E,J,A,A,H,-,A,D,0,,Y,,,Y,,L,04,1,0,0,0,0,0,1,0,0,"- ","- ",34.142818450927734,-118.89071655273438,VENTURA,UNINCORPORATED,-118.89064025878906,34.142860412597656
9115163,2020,2020-09-10,5600,2020-06-14,2359,3635,6007,7,5,3,5602,0,0,0,,0,06A,"SANTA CLARA ST","B ST",32.00,E,N,A,-,N,,,,,,,,,,N,2,0,1,2,A,-,11,21956,A,N,G,B,E,A,H,-,C,D,0,Y,,,,Y,Y,N,60,1,0,0,0,1,0,0,0,0,"- ","- ",,,VENTURA,FILLMORE,-118.92259216308594,34.396793365478516
91153487,2019,2019-12-26,9770,2019-12-15,2126,019276,,7,2,6,5609,0,1,3,,2,082,"SR-118 W/B (RONALD REAGAN FREEWAY)","SEQUOIA AVENUE",141.00,W,N,A,-,Y,,,118,,,,,,W,Y,2,0,1,1,A,-,03,22350,,N,E,I,A,A,H,-,D,D,0,,,,,Y,,A,01,1,0,0,0,0,0,0,0,0,"- ","- ",34.282489776611328,-118.73143005371094,VENTURA,"SIMI VALLEY",-118.73143005371094,34.282432556152344
91156289,2019,2019-12-31,9770,2019-12-22,2200,022221,,7,3,6,5607,0,1,2,,2,075,"US-101 S/B (VENTURA FREEWAY)","LAKEVIEW CANYON ROAD",810.00,S,N,C,-,Y,,,101,,,,,,S,Y,2,0,1,1,A,-,03,22350,,N,F,I,A,B,H,-,D,D,0,,,,,Y,,D,22,1,0,0,0,0,0,0,0,0,"- ","- ",34.151851654052734,-118.81385040283203,VENTURA,"THOUSAND OAKS",-118.81381988525391,34.151935577392578
91158512,2019,2020-01-03,9765,2019-12-14,2225,018305,,6,3,9,5600,0,1,3,,1,068,"SR-34 (E. 5TH STREET)","LAS POSAS RD.",1584.00,E,N,B,-,Y,,,34,,,,,,,Y,2,0,3,2,A,-,01,23152,A,N,C,C,A,A,H,-,D,D,0,,,,,Y,Y,A,01,1,2,0,0,0,0,0,0,0,"- ","- ",34.196319580078125,-119.06442260742188,VENTURA,UNINCORPORATED,-119.06442260742188,34.196308135986328
91164606,2020,2020-01-13,9765,2020-01-01,0212,022182,,3,3,6,5608,0,1,2,,2,301,"US-101 S/B","VICTORIA AVENUE",3432.00,S,N,A,-,Y,,,101,,,,,,S,Y,2,0,3,2,A,-,01,23153,A,N,C,C,A,A,H,-,D,D,0,,,,,Y,Y,A,01,2,1,0,0,0,0,0,0,0,"- ","- ",34.257801055908203,-119.22138977050781,VENTURA,VENTURA,-119.22142028808594,34.257736206054688
91170805,2019,2020-01-22,9765,2019-10-03,1933,020708,,4,2,6,5608,0,1,2,,2,302,"US-101 N/B (VENTURA FREEWAY)","JOHNSON DRIVE",52.00,N,N,A,-,Y,,,101,,,,,,N,Y,2,0,1,1,C,-,18,,,N,E,I,A,A,H,-,D,D,0,,,,,Y,,-,"- ",1,0,0,0,0,0,0,0,0,"- ","- ",34.243968963623047,-119.19302368164062,VENTURA,VENTURA,-119.19306945800781,34.243824005126953
91179064,2020,2020-02-03,9765,2020-01-22,1505,020334,,3,2,6,5608,0,1,3,,2,011,"SR-33 S/B","MAIN STREET",2640.00,N,N,A,-,Y,,,33,,,,,,S,Y,2,0,1,1,A,-,08,22107,,N,E,J,A,A,H,-,A,D,0,,,,,Y,,A,01,1,0,0,0,0,0,0,0,0,"- ","- ",34.289230346679688,-119.30683135986328,VENTURA,VENTURA,-119.30681610107422,34.289230346679688
91186091,2020,2020-02-13,9765,2020-02-03,1525,021985,,1,2,9,5600,0,1,3,,1,062,"SR-1 (PACIFIC COAST HIGHWAY)","SYCAMORE CANYON ROAD",1000.00,S,N,A,-,Y,,,1,,,,,,,Y,2,0,2,3,A,-,08,22107,,N,A,C,A,A,H,-,A,D,0,,,,,Y,,D,22,1,0,1,0,0,0,0,0,0,"- ","- ",34.068099975585938,-119.00969696044922,VENTURA,UNINCORPORATED,-119.00968170166016,34.068111419677734
91188000,2020,2020-02-18,9770,2020-02-07,1352,020169,,5,1,6,5607,0,1,2,,2,073,"US-101 S/B (VENTURA FREEWAY)","WENDY DRIVE",800.00,S,N,A,-,Y,,,101,,,,,,S,Y,2,0,1,2,A,-,07,21658,A,N,B,C,A,A,H,-,A,D,0,,,Y,,Y,,A,01,1,0,0,0,0,0,0,0,1,"- ","- ",34.188648223876953,-118.93682861328125,VENTURA,"THOUSAND OAKS",-118.93683624267578,34.188632965087891
91189654,2020,2020-02-19,9765,2020-02-07,0055,014736,,5,3,9,5600,0,1,3,,1,055,"SR 118 (LOS ANGELES AVENUE)","SANTA CLARA AVENUE",96.00,S,N,A,-,Y,,,118,,,,,,,Y,2,0,1,1,A,-,01,23152,A,N,F,A,A,A,D,-,C,A,0,,,,,Y,Y,A,01,1,0,0,0,0,0,0,0,0,"- ","- ",34.255809783935547,-119.10887908935547,VENTURA,UNINCORPORATED,-119.10899353027344,34.255924224853516
91194911,2020,2020-02-27,9765,2020-02-18,1055,013555,,2,1,9,5600,0,1,3,,1,068,"SR-34  (E. FIFTH STREET)","WOOD ROAD",0.00,,Y,B,-,Y,,,34,,,,,,,Y,2,0,2,2,A,-,09,21802,A,N,D,C,A,A,H,-,A,A,0,,,,Y,Y,,F,26,1,0,1,0,0,0,0,0,0,"- ","- ",34.196689605712891,-119.09587097167969,VENTURA,UNINCORPORATED,-119.09587097167969,34.196563720703125
91205382,2020,2020-03-10,9765,2020-03-01,2255,022182,,7,3,9,5600,0,1,3,,1,062,"SR-1 (PACIFIC COAST HIGHWAY)","DEER CREEK ROAD",2145.00,S,N,A,-,Y,,,1,,,,,,,Y,2,0,1,1,A,-,08,22107,,N,E,I,A,A,H,-,D,D,0,,,,,Y,,A,01,1,0,0,0,0,0,0,0,0,"- ","- ",34.061370849609375,-118.9788818359375,VENTURA,UNINCORPORATED,-118.97885894775391,34.06121826171875
91206638,2020,2020-03-12,9770,2020-02-28,1810,019276,,5,2,6,5609,0,1,3,,2,082,"SR-118 W/B (RONALD REAGAN FREEWAY)","FIRST STREET",1513.00,E,N,A,-,Y,,,118,,,,,,W,Y,2,0,1,2,A,-,03,22350,,N,C,C,A,A,H,-,D,D,0,,,Y,,Y,,C,02,1,0,0,0,0,0,0,0,1,"- ","- ",34.282459259033203,-118.77371978759766,VENTURA,"SIMI VALLEY",-118.77371978759766,34.282421112060547
91206641,2020,2020-03-12,9770,2020-02-29,1925,021738,,6,2,9,5600,0,1,3,,1,043,"SR-126 E/B (EAST TELEGRAPH ROAD)","CAVIN ROAD",2640.00,E,N,A,-,Y,,,126,,,,,,E,Y,2,0,1,2,A,-,01,23152,A,N,C,C,A,A,H,-,D,D,0,,,,,Y,Y,A,01,1,0,0,0,0,0,0,0,0,"- ","- ",34.399578094482422,-118.84117126464844,VENTURA,UNINCORPORATED,-118.84119415283203,34.399631500244141
91210427,2020,2020-03-17,9765,2020-03-08,0108,022318,,7,3,9,5600,0,3,5,,2,006,"WOOLEY ROAD","RICE AVENUE",2100.00,W,N,A,-,N,,,,,,,,,,Y,2,0,1,1,A,-,08,22107,,N,E,I,A,A,H,-,C,D,0,,,,,Y,,A,01,1,0,0,0,0,0,0,0,0,"- ","- ",34.189701080322266,-119.14980316162109,VENTURA,UNINCORPORATED,-119.14939880371094,34.189773559570312
91214806,2019,2020-03-24,9765,2019-07-11,1950,021985,,4,2,9,5600,0,3,5,,2,005,"FAIRWAY DRIVE","CENTER SCHOOL ROAD",721.00,S,N,A,-,N,,,,,,,,,,Y,1,1,0,1,A,-,16,24002,A,N,H,J,A,A,H,-,B,D,0,,,,Y,Y,,G,25,0,0,0,0,0,0,0,0,0,"- ","- ",34.251598358154297,-119.06950378417969,VENTURA,UNINCORPORATED,-119.06937408447266,34.251613616943359
91216075,2019,2020-05-01,9765,2019-10-20,0645,019057,,7,1,9,5600,0,1,3,,1,055,"SR-118 (LOS ANGELES AVENUE)","SR-232 (VINEYARD AVENUE)",0.00,,Y,A,-,Y,,,118,,,,,,,Y,1,1,0,1,A,-,08,22107,,N,E,I,A,A,H,-,B,A,0,,,,,Y,,A,01,0,0,0,0,0,0,0,0,0,"- ","- ",34.273841857910156,-119.13501739501953,VENTURA,UNINCORPORATED,-119.13504028320312,34.273811340332031
91218882,2020,2020-03-30,9765,2020-03-28,1100,022446,,6,1,9,5600,0,3,5,,2,002,SR-33,"CHERRY CREEK ROAD",10560.00,S,N,A,-,Y,,,33,,,,,,,N,2,0,1,1,A,-,08,22107,,N,F,A,A,A,H,-,A,D,0,,,Y,,Y,,C,02,1,0,0,0,0,0,0,0,1,"- ","- ",34.596351623535156,-119.32308959960938,VENTURA,UNINCORPORATED,-119.32308197021484,34.596317291259766
91219634,2020,2020-04-01,9765,2020-03-27,1815,021985,,5,2,9,5600,0,3,5,,2,006,"POTRERO ROAD","VIA ACOSTA",800.00,W,N,A,-,N,,,,,,,,,,Y,2,0,1,3,A,-,06,21750,,N,B,C,A,A,H,-,B,D,0,,,Y,,Y,,C,02,1,0,0,0,0,0,0,0,1,"- ","- ",34.158699035644531,-118.99379730224609,VENTURA,UNINCORPORATED,-118.99119567871094,34.158638000488281
91220137,2020,2020-04-30,9765,2020-02-27,0230,020850,,4,3,9,5600,0,1,2,,1,101,"US-101 S/B TO SR-1 (PCH)","SEACLIFF OVERHEAD",991.00,N,N,A,-,Y,,,101,,,,R,,S,Y,2,0,2,1,A,-,03,22350,,N,F,A,A,A,A,-,C,D,0,,,Y,,Y,,C,02,2,0,0,0,0,0,0,0,2,"- ","- ",34.344139099121094,-119.41966247558594,VENTURA,UNINCORPORATED,-119.41966247558594,34.344139099121094
91220504,2020,2020-04-03,9765,2020-04-01,1220,020087,,3,1,9,5600,0,1,3,,1,021,"SR-33 (MARICOPA HIGHWAY)","NORTH MATILIJA ROAD",2112.00,N,N,A,-,Y,,,33,,,,,,,Y,2,0,1,1,A,-,03,22350,,N,F,A,A,A,H,-,A,D,0,,,Y,,Y,,C,02,1,0,0,0,0,0,0,0,1,"- ","- ",34.497600555419922,-119.30110168457031,VENTURA,UNINCORPORATED,-119.30113983154297,34.497581481933594
91224301,2020,2020-04-13,9770,2020-04-09,0243,021306,,4,3,9,5600,0,3,5,,2,008,"BLACK CANYON ROAD","NORTH AMERICAN CUT OFF RD",500.00,N,N,B,C,N,,,,,,,,,,Y,2,0,4,1,A,-,01,23152,A,N,F,J,A,B,H,-,D,D,0,,,,,Y,Y,A,01,1,3,0,0,0,0,0,0,0,"- ","- ",34.242111206054688,-118.67266845703125,VENTURA,UNINCORPORATED,-118.67281341552734,34.242092132568359
91232796,2020,2020-05-01,9430,2020-04-25,1725,018481,,6,2,9,5600,0,1,3,,1,030,"SR-33 S/B","LOCKWOOD VALLEY RD",7392.00,S,N,A,-,Y,,,,,,,,,,Y,2,0,1,1,A,-,08,22107,,N,E,J,A,A,H,-,A,D,0,,,Y,,Y,,C,02,1,0,0,0,0,0,0,0,1,"- ","- ",34.723121643066406,-119.18795013427734,VENTURA,UNINCORPORATED,,
91236142,2020,2020-05-11,9770,2020-05-08,2240,018305,,5,3,9,5600,0,2,4,,2,048,"PIRU CANYON ROAD","ORCHARD STREET",12144.00,N,N,A,-,N,,,,,,,,,,Y,2,0,2,1,A,-,01,23152,A,N,E,I,A,A,H,-,D,D,0,,,,,Y,Y,A,07,2,0,0,0,0,0,0,0,0,"- ","- ",34.434219360351562,-118.76117706298828,VENTURA,UNINCORPORATED,-118.76117706298828,34.434467315673828
91236911,2020,2020-05-27,9765,2020-02-20,2245,022272,,4,3,9,5600,0,1,2,,1,101,"US-101 S/B","HOBSON ROAD",45.00,N,N,A,-,Y,,,101,,,,,,S,Y,1,1,0,1,A,-,01,23152,A,N,E,I,A,A,H,-,D,D,0,,,,,Y,Y,D,22,0,0,0,0,0,0,0,0,0,"- ","- ",34.342700958251953,-119.41515350341797,VENTURA,UNINCORPORATED,-119.41517639160156,34.342617034912109
91242300,2020,2020-05-26,9765,2020-05-08,2033,022340,,5,2,9,5600,0,1,3,,1,022,SR-150,"BURNHAM ROAD",5280.00,W,N,A,-,Y,,,150,,,,,,,Y,2,0,1,1,A,-,01,23152,A,N,F,I,A,A,H,-,D,D,0,,,,,Y,Y,A,01,1,0,0,0,0,0,0,0,0,"- ","- ",34.427539825439453,-119.32044219970703,VENTURA,UNINCORPORATED,-119.32044219970703,34.427513122558594
91242671,2020,2020-05-26,9765,2020-05-17,1250,022345,,7,1,9,5600,0,1,3,,1,021,SR-33,"SESPE CREEK BRIDGE",1320.00,N,N,A,-,Y,,,33,,,,,,,Y,2,0,1,1,C,-,18,,,N,E,H,A,A,H,-,A,D,0,,,Y,,Y,,-,"- ",1,0,0,0,0,0,0,0,1,"- ","- ",34.573341369628906,-119.25916290283203,VENTURA,UNINCORPORATED,-119.25907897949219,34.573390960693359
91243252,2020,2020-05-27,9765,2020-05-20,1818,022506,,3,2,9,5600,0,3,5,,2,002,"LA LUNA AVENUE","EL ROBLAR DRIVE",0.00,,Y,A,-,N,,,,,,,,,,Y,2,0,1,2,A,-,01,23152,A,F,D,C,A,A,H,-,A,A,0,,,,,Y,Y,D,22,1,0,0,0,0,0,0,0,0,"- ","- ",34.450340270996094,-119.28379821777344,VENTURA,UNINCORPORATED,-119.28379821777344,34.450328826904297
91243904,2020,2020-05-28,9770,2020-05-06,1820,016383,,3,2,6,5607,0,1,2,,2,072,"US-101 N/B (VENTURA FREEWAY)","CONEJO ENFORCEMENT FACILITY",1056.00,N,N,A,-,Y,,,101,,,,,,N,Y,1,1,0,1,A,-,08,22107,,N,E,I,A,A,H,-,A,D,0,,,,,Y,,A,07,0,0,0,0,0,0,0,0,0,"- ","- ",34.200271606445312,-118.96063995361328,VENTURA,"THOUSAND OAKS",-118.96064758300781,34.200336456298828
91245965,2020,2020-06-01,9770,2020-05-30,1444,016198,,6,2,6,5607,0,1,2,,2,072,"US-101 N/B (VENTURA FREEWAY)","VENTU PARK ROAD",1584.00,S,N,A,-,Y,,,101,,,,,,N,N,2,0,1,1,A,-,08,22107,,N,F,A,A,A,H,-,A,D,0,,,Y,,Y,,C,02,1,0,0,0,0,0,0,0,1,"- ","- ",34.184471130371094,-118.90483856201172,VENTURA,"THOUSAND OAKS",-118.90483856201172,34.184490203857422
91247447,2020,2022-06-09,9770,2020-06-03,1310,017627,,3,1,6,5609,0,1,3,,2,083,"SR-118 E/B (RONALD REAGAN FREEWAY)","SYCAMORE DRIVE",1584.00,W,N,A,-,Y,,,118,,,,,,E,Y,2,0,1,1,A,-,08,22107,,N,E,I,A,A,H,-,A,D,0,,,,Y,Y,,G,25,1,0,0,0,0,0,0,0,0,"- ","- ",34.282081604003906,-118.7503662109375,VENTURA,"SIMI VALLEY",-118.7503662109375,34.282138824462891
91250504,2020,2020-06-10,9765,2020-05-30,1535,016234,,6,2,9,5600,0,1,3,,2,053,"SR-232 (VINEYARD AVE)","CENTRAL AVENUE",0.00,,Y,A,-,Y,,,232,,,,,,,Y,2,0,2,2,A,-,12,21453,A,N,D,C,A,A,H,-,A,A,0,,,,,Y,,A,01,1,1,0,0,0,0,0,0,0,"- ","- ",34.257968902587891,-119.15312957763672,VENTURA,UNINCORPORATED,-119.15314483642578,34.257984161376953
91250522,2020,2020-08-25,9765,2020-05-30,2135,022340,,6,2,5,5601,0,1,2,,2,504,"US-101 N/B","FLYNN ROAD",300.00,W,N,A,-,Y,,,101,,,,,,N,N,2,0,1,2,A,-,03,22350,,N,C,C,A,A,H,-,D,D,0,,,Y,,Y,,C,02,1,0,0,0,0,0,0,0,1,"- ","- ",34.21588134765625,-119.02590942382812,VENTURA,CAMARILLO,-119.02590942382812,34.215850830078125
91250530,2020,2020-06-10,9765,2020-05-30,0150,022318,,6,3,5,5601,0,1,2,,2,504,"US-101 N/B","CARMEN DRIVE",388.00,N,N,A,-,Y,,,101,,,,,,N,Y,2,0,1,1,A,-,08,22107,,N,E,I,A,A,H,-,C,A,0,,,,,Y,,A,01,1,0,0,0,0,0,0,0,0,"- ","- ",34.217800140380859,-119.05159759521484,VENTURA,CAMARILLO,-119.05159759521484,34.217819213867188
91250891,2020,2020-06-11,9765,2020-02-17,1547,22506,,1,2,9,5600,0,1,3,,2,041,"SR-126 W/B FROM SR-118 W/B",SR-126,335.00,E,N,A,-,Y,,,126,,,,R,,W,Y,1,1,0,1,A,-,03,22350,,N,E,I,A,A,H,-,A,D,0,,,,Y,Y,,G,26,0,0,0,0,0,0,0,0,0,"- ","- ",34.290798187255859,-119.15648651123047,VENTURA,UNINCORPORATED,-119.15648651123047,34.290798187255859
91255541,2020,2020-06-22,9430,2020-06-20,1245,021197,,6,1,9,5600,0,1,3,,1,030,SR-33,"33 VEN 53.30",100.00,N,N,A,G,Y,,,33,,,,,,,Y,2,0,1,2,A,-,08,22107,,N,D,C,A,A,H,-,A,D,0,,,Y,,Y,,C,02,1,0,0,0,0,0,0,0,1,"- ","- ",34.741279602050781,-119.40381622314453,VENTURA,UNINCORPORATED,-119.40377807617188,34.741336822509766
91257078,2020,2020-06-24,9770,2020-06-14,1205,017732,,7,1,9,5600,0,1,3,,1,057,"SR-23 (GRIMES CANYON ROAD)","3500 GRIMES CANYON ROAD",880.00,N,N,A,-,Y,,,23,,,,,,,Y,2,0,1,2,A,-,08,22107,,N,B,C,A,A,H,-,A,D,0,,,Y,,Y,,C,02,1,0,0,0,0,0,0,0,1,"- ","- ",34.345630645751953,-118.91284942626953,VENTURA,UNINCORPORATED,-118.91281890869141,34.345653533935547
91263757,2020,2020-07-06,9765,2020-07-01,0550,022506,,3,3,9,5600,0,3,5,,2,005,"SR-118 W/B","LA VISTA AVENUE",0.14,W,N,B,-,Y,,,118,,,,,,W,Y,2,0,3,1,A,-,03,22350,,N,E,I,A,A,H,-,A,D,0,,,,,Y,,A,01,1,0,2,0,0,0,0,0,0,"- ","- ",34.263351440429688,-119.09645080566406,VENTURA,UNINCORPORATED,-119.09641265869141,34.263301849365234
91265467,2020,2020-07-08,9765,2020-07-06,1455,019988,,1,2,9,5600,0,1,2,,1,101,"US-101 S/B","HOBSON ROAD",1303.00,S,N,A,-,Y,,,101,,,,,,S,Y,2,0,2,1,A,-,08,22107,,N,E,I,A,A,H,-,A,D,0,,,,,Y,,D,22,1,0,1,0,0,0,0,0,0,"- ","- ",34.340461730957031,-119.41120910644531,VENTURA,UNINCORPORATED,-119.41109466552734,34.340621948242188
91273371,2020,2020-07-23,9770,2020-07-19,1015,020169,,7,1,9,5600,0,2,4,,1,062,"POTRERO ROAD","WHITE STALLION ROAD (WEST)",25.00,W,N,A,-,N,,,,,,,,,,N,2,0,1,1,B,-,22,,,N,F,I,A,A,B,-,A,D,0,,Y,,,Y,,L,04,1,0,0,0,0,0,1,0,0,"- ","- ",34.156608581542969,-118.93740081787109,VENTURA,UNINCORPORATED,-118.93714141845703,34.156711578369141