CASE_ID,ACCIDENT_YEAR,PROC_DATE,JURIS,COLLISION_DATE,COLLISION_TIME,OFFICER_ID,REPORTING_DISTRICT,DAY_OF_WEEK,CHP_SHIFT,POPULATION,CNTY_CITY_LOC,SPECIAL_COND,BEAT_TYPE,CHP_BEAT_TYPE,CITY_DIVISION_LAPD,CHP_BEAT_CLASS,BEAT_NUMBER,PRIMARY_RD,SECONDARY_RD,DISTANCE,DIRECTION,INTERSECTION,WEATHER_1,WEATHER_2,STATE_HWY_IND,CALTRANS_COUNTY,CALTRANS_DISTRICT,STATE_ROUTE,ROUTE_SUFFIX,POSTMILE_PREFIX,POSTMILE,LOCATION_TYPE,RAMP_INTERSECTION,SIDE_OF_HWY,TOW_AWAY,COLLISION_SEVERITY,NUMBER_KILLED,NUMBER_INJURED,PARTY_COUNT,PRIMARY_COLL_FACTOR,PCF_CODE_OF_VIOL,PCF_VIOL_CATEGORY,PCF_VIOLATION,PCF_VIOL_SUBSECTION,HIT_AND_RUN,TYPE_OF_COLLISION,MVIW,PED_ACTION,ROAD_SURFACE,ROAD_COND_1,ROAD_COND_2,LIGHTING,CONTROL_DEVICE,CHP_ROAD_TYPE,PEDESTRIAN_ACCIDENT,BICYCLE_ACCIDENT,MOTORCYCLE_ACCIDENT,TRUCK_ACCIDENT,NOT_PRIVATE_PROPERTY,ALCOHOL_INVOLVED,STWD_VEHTYPE_AT_FAULT,CHP_VEHTYPE_AT_FAULT,COUNT_SEVERE_INJ,COUNT_VISIBLE_INJ,COUNT_COMPLAINT_PAIN,COUNT_PED_KILLED,COUNT_PED_INJURED,COUNT_BICYCLIST_KILLED,COUNT_BICYCLIST_INJURED,COUNT_MC_KILLED,COUNT_MC_INJURED,PRIMARY_RAMP,SECONDARY_RAMP,LATITUDE,LONGITUDE,COUNTY,CITY,POINT_X,POINT_Y
91274528,2020,2020-07-27,9765,2020-07-18,1008,022518,,6,1,9,5600,0,1,2,,1,102,"US-101 N/B","SANTA BARBARA AVENUE",0.00,,N,A,-,Y,,,101,,,,,,N,N,2,0,1,1,C,-,18,,,N,H,A,A,A,H,-,A,D,0,,,Y,,Y,,-,"- ",1,0,0,0,0,0,0,0,1,"- ","- ",34.361980438232422,-119.44727325439453,VENTURA,UNINCORPORATED,-119.44733428955078,34.361923217773438
91279492,2020,2020-08-03,9770,2020-07-24,0320,021082,,5,3,6,5607,0,1,2,,2,073,"US-101 SB TO MOORPARK ROAD","MOORPARK ROAD",977.00,N,N,A,-,Y,,,101,,,,R,,S,Y,2,0,1,1,A,-,01,23152,F,N,E,I,A,A,H,-,C,D,0,,,,,Y,,A,01,1,0,0,0,0,0,0,0,0,"- ","- ",34.177719116210938,-118.87996673583984,VENTURA,"THOUSAND OAKS",-118.87996673583984,34.177719116210938
9128997,2020,2020-09-28,5604,2020-07-02,1747,5351,,4,5,6,5604,0,0,0,,0,024,"W CHANNEL ISLANDS BL","E MANZANITA ST",0.00,,Y,A,-,N,,,,,,,,,,Y,2,0,1,2,A,-,09,21801,A,N,D,C,A,A,A,H,A,D,0,,,Y,,Y,,A,01,1,0,0,0,0,0,0,0,1,"- ","- ",34.175579071044922,-119.19126129150391,VENTURA,OXNARD,-119.19225311279297,34.175640106201172
91291180,2020,2020-08-24,9765,2020-08-14,1840,022446,,5,2,9,5600,0,1,3,,2,061,"SR-1 TO NAUMAN ROAD","PIDDUCK ROAD",72.00,E,N,A,-,Y,,,1,,,,R,,,Y,2,0,2,1,A,-,01,23152,A,N,E,J,A,A,H,-,A,A,0,,,,,Y,Y,A,01,1,1,0,0,0,0,0,0,0,"- ","- ",34.153530120849609,-119.12261199951172,VENTURA,UNINCORPORATED,-119.12261199951172,34.153530120849609
91291276,2020,2022-05-31,9765,2020-08-18,2345,022318,,2,3,9,5600,0,3,5,,2,002,"SANTA ANA BLVD AND RIVERSIDE ROAD","MONTE VIA",273.00,W,N,A,-,N,,,,,,,,,,Y,2,0,1,2,A,-,01,23152,A,N,A,C,A,A,H,-,C,D,0,,,,,Y,Y,I,12,1,0,0,0,0,0,0,0,0,"- ","- ",34.40032958984375,-119.30680847167969,VENTURA,UNINCORPORATED,,
91296642,2020,2020-09-01,9770,2020-08-28,2000,020721,,5,2,9,5600,0,1,3,,1,057,"SR-23 (GRIMES CANYON ROAD)","BROADWAY ROAD",30.00,N,N,A,-,Y,,,23,,,,,,,Y,2,0,1,1,A,-,03,22350,,N,F,A,A,A,H,-,D,D,0,,,Y,,Y,,C,02,1,0,0,0,0,0,0,0,1,"- ","- ",34.315391540527344,-118.90209197998047,VENTURA,UNINCORPORATED,-118.90206146240234,34.315418243408203
91301400,2020,2020-09-09,9765,2020-08-30,2022,014736,,7,2,6,5604,0,1,2,,2,301,"US 101 S/B (VENTURA FREEWAY)","OXNARD BOULEVARD",840.00,N,N,A,-,Y,,,,,,,,,,N,2,0,1,2,A,-,08,22107,,F,G,B,E,A,H,-,C,D,0,Y,,,,Y,,-,99,1,0,0,0,1,0,0,0,0,"- ","- ",34.240200042724609,-119.1839599609375,VENTURA,OXNARD,-119.18369293212891,34.240226745605469
91303342,2020,2020-09-11,9430,2020-07-31,1410,021504,,5,2,9,5600,0,1,3,,1,030,"STATE ROUTE 33 (MARICOPA HIGHWAY)","APACHE CANYON ROAD",17846.00,N,N,A,-,Y,,,33,,,,,,,Y,1,2,0,1,A,-,03,22350,,N,E,I,A,A,H,-,A,D,0,,,,,Y,,-,"- ",0,0,0,0,0,0,0,0,0,"- ","- ",34.786479949951172,-119.44120788574219,VENTURA,UNINCORPORATED,-119.44123077392578,34.786434173583984
91303743,2020,2021-02-12,9765,2020-09-03,1517,016549,,4,2,6,5608,0,1,2,,2,302,"US-101 N/B TO TELEPHONE ROAD","TELEPHONE ROAD",236.00,S,N,A,-,Y,,,101,,,,R,,N,Y,2,0,1,7,C,-,18,,,N,B,C,A,A,H,-,A,A,0,,,,Y,Y,,-,"- ",1,0,0,0,0,0,0,0,0,"- ","- ",34.262081146240234,-119.22965240478516,VENTURA,VENTURA,-119.22965240478516,34.262081146240234
91304005,2020,2020-09-14,9770,2020-09-05,1900,021738,,6,2,9,5600,0,2,4,,1,088,"BOX CANYON ROAD","MESA ROAD",450.00,S,N,A,-,N,,,,,,,,,,Y,2,0,1,1,A,-,08,22107,,N,E,I,A,A,H,-,A,D,0,,,Y,,Y,,C,02,1,0,0,0,0,0,0,0,1,"- ","- ",34.241771697998047,-118.65068817138672,VENTURA,UNINCORPORATED,-118.65068054199219,34.241809844970703
91315148,2020,2020-09-30,9765,2020-09-20,2000,020729,,7,2,9,5600,0,3,5,,2,006,"NAVAL AIR ROAD","WOOD ROAD",1056.00,N,N,A,-,N,,,,,,,,,,Y,2,0,1,1,A,-,01,23152,A,N,F,A,A,A,H,-,D,D,0,,,Y,,Y,Y,C,02,1,0,0,0,0,0,0,0,1,"- ","- ",34.135578155517578,-119.10073852539062,VENTURA,UNINCORPORATED,-119.10086059570312,34.134986877441406
91315229,2020,2020-09-30,9765,2020-09-20,2018,020345,,7,2,9,5600,0,1,3,,1,062,"SR-1 (PACIFIC COAST HIGHWAY)","LAS POSAS ROAD",12672.00,S,N,A,-,Y,,,1,,,,,,,Y,2,0,1,1,A,-,01,23152,F,N,E,I,A,A,H,-,D,D,0,,,,,Y,,A,01,1,0,0,0,0,0,0,0,0,"- ","- ",34.090370178222656,-119.06485748291016,VENTURA,UNINCORPORATED,-119.06490325927734,34.09033203125
91315613,2020,2020-10-01,9770,2020-09-25,0545,017732,,5,3,9,5600,0,2,4,,1,087,"SANTA SUSANA PASS ROAD","BOX CANYON ROAD",108.00,W,N,A,-,N,,,,,,,,,,Y,2,0,1,2,A,-,05,21460,A,N,A,C,A,A,H,-,D,D,0,,,Y,,Y,,A,01,1,0,0,0,0,0,0,0,1,"- ","- ",34.2635498046875,-118.64437866210938,VENTURA,UNINCORPORATED,-118.64429473876953,34.263580322265625
91318336,2020,2020-10-06,9765,2020-09-27,1418,022488,,7,2,9,5600,0,1,3,,1,021,"SR-33 (MARICOPA HIGHWAY)","ROSE VALLEY ROAD",17160.00,N,N,A,-,Y,,,33,,,,,,,Y,2,0,1,1,A,-,03,22350,,N,E,I,A,A,H,-,A,D,0,,,Y,,Y,,C,02,1,0,0,0,0,0,0,0,1,"- ","- ",34.576839447021484,-119.25727844238281,VENTURA,UNINCORPORATED,-119.25733184814453,34.576869964599609
91322224,2020,2020-10-12,9765,2020-10-04,0647,022182,,7,1,6,5608,0,1,3,,1,031,"SR-126 W/B","BRIGGS ROAD",3168.00,W,N,A,-,Y,,,,,,,,,,Y,2,0,2,1,A,-,01,23152,F,N,E,I,A,A,H,-,A,D,0,,,,,Y,,A,01,1,1,0,0,0,0,0,0,0,"- ","- ",34.317378997802734,-119.10971832275391,VENTURA,VENTURA,-119.10975646972656,34.317459106445312
91340490,2020,2020-11-05,9770,2020-10-26,0916,016198,,1,1,6,5607,0,1,2,,2,074,"US-101 S/B (VENTURA FREEWAY)","HAMPSHIRE ROAD",75.00,S,N,A,-,Y,,,101,,,,,,S,N,2,0,1,4,A,-,01,23152,F,N,C,C,A,A,H,-,A,D,0,,,,Y,Y,,A,08,1,0,0,0,0,0,0,0,0,"- ","- ",34.166099548339844,-118.83750152587891,VENTURA,"THOUSAND OAKS",-118.83766937255859,34.165809631347656
91347052,2020,2020-11-17,9770,2020-11-05,2150,020721,,4,2,6,5607,0,1,2,,2,072,"US-101 N/B (VENTURA FREEWAY)","WENDY DRIVE",2640.00,N,N,A,-,Y,,,101,,,,,,N,Y,2,0,1,2,A,-,03,22350,,F,C,C,A,A,H,-,C,D,0,,,,,Y,,A,01,1,0,0,0,0,0,0,0,0,"- ","- ",34.194149017333984,-118.94831848144531,VENTURA,"THOUSAND OAKS",-118.94831848144531,34.19415283203125
91347170,2020,2020-11-17,9770,2020-11-05,0620,017973,,4,1,9,5600,0,3,5,,2,005,"BROADWAY ROAD","STOCKTON ROAD",830.00,E,N,A,-,N,,,,,,,,,,Y,2,0,1,2,A,-,03,22350,,N,D,C,A,A,H,-,A,D,0,,,Y,Y,Y,,C,02,1,0,0,0,0,0,0,0,1,"- ","- ",34.315219879150391,-118.9185791015625,VENTURA,UNINCORPORATED,-118.91860198974609,34.315181732177734
91355300,2020,2020-11-30,9765,2020-11-18,1730,020729,,3,2,9,5600,0,3,5,,2,006,"LAS POSAS ROAD","LAGUNA ROAD",0.00,,Y,A,-,N,,,,,,,,,,Y,2,0,3,2,A,-,09,21802,A,N,D,C,A,A,H,-,D,A,0,,,,,Y,,A,01,1,2,0,0,0,0,0,0,0,"- ","- ",34.176029205322266,-119.07127380371094,VENTURA,UNINCORPORATED,-119.07134246826172,34.176021575927734
91357735,2020,2020-12-02,9765,2020-11-22,1032,022182,,7,1,9,5600,0,1,3,,1,044,"SR-150 (OJAI ROAD)","MOTT PLACE",4224.00,E,N,A,-,Y,,,150,,,,,,,Y,2,0,3,2,A,-,05,21460,A,N,A,C,A,A,H,-,A,D,0,,,Y,,Y,,C,02,1,0,2,0,0,0,0,0,1,"- ","- ",34.425201416015625,-119.08718109130859,VENTURA,UNINCORPORATED,-119.08723449707031,34.425167083740234
91360647,2020,2020-12-07,9765,2020-11-26,1050,022488,,4,1,9,5600,0,3,5,,2,006,"POTRERO ROAD","RANCHO DOS VIENTOS",5280.00,W,N,A,-,N,,,,,,,,,,N,2,0,1,1,A,-,03,22350,,N,F,A,A,A,H,-,A,D,0,,,Y,,Y,,C,02,1,0,0,0,0,0,0,0,1,"- ","- ",34.158908843994141,-119.00171661376953,VENTURA,UNINCORPORATED,-118.99901580810547,34.159187316894531
91368461,2020,2020-12-16,9765,2020-05-25,1015,022345,,1,1,9,5600,0,1,3,,1,021,"SR-33 (MARICOPA HIGHWAY)","CHORRO GRANDE CREEK BRIDGE",2640.00,N,N,A,-,Y,,,33,,,,,,,Y,1,1,2,2,A,-,09,21804,A,N,D,C,A,A,H,-,A,D,0,,,Y,,Y,,A,07,0,1,1,0,0,0,0,1,0,"- ","- ",34.598991394042969,-119.33547210693359,VENTURA,UNINCORPORATED,-119.33544921875,34.599048614501953
91377442,2020,2020-12-30,9770,2020-12-19,2320,021738,,6,3,6,5607,0,1,2,,2,075,"US-101 S/B (VENTURA FREEWAY)","WESTLAKE BOULEVARD",1570.00,S,N,A,-,Y,,,101,,,,,,S,Y,2,0,3,6,A,-,01,23152,A,N,C,C,A,A,H,-,C,D,0,,,,,Y,Y,A,07,1,2,0,0,0,0,0,0,0,"- ","- ",34.154331207275391,-118.82044982910156,VENTURA,"THOUSAND OAKS",-118.82041931152344,34.154373168945312
91378609,2020,2020-12-31,9765,2020-12-23,0410,022464,,3,3,9,5600,0,3,5,,2,005,"CENTRAL AVENUE","SANTA CLARA AVE",0.00,,Y,B,-,N,,,,,,,,,,Y,2,0,4,2,A,-,12,21453,A,N,D,C,A,A,H,-,C,A,0,,,,,Y,,A,01,1,2,1,0,0,0,0,0,0,"- ","- ",34.239170074462891,-119.12589263916016,VENTURA,UNINCORPORATED,-119.125732421875,34.239151000976562
91385250,2020,2021-01-11,9765,2020-06-28,1528,022446,,7,2,9,5600,0,1,3,,1,021,SR-33,"ROSE VALLEY ROAD",57552.00,N,N,A,-,Y,,,33,,,,,,,Y,1,1,0,1,A,-,03,22350,,N,F,A,A,A,H,-,A,A,0,,,Y,,Y,,C,02,0,0,0,0,0,0,0,1,0,"- ","- ",34.599559783935547,-119.33645629882812,VENTURA,UNINCORPORATED,-119.33640289306641,34.599624633789062
9138781,2020,2020-09-23,5604,2020-07-21,1853,4577,,2,5,6,5604,0,0,0,,0,042,"SYRACUSE DR","NASHVILLE PL",25.00,S,N,A,-,N,,,,,,,,,,N,2,0,1,1,A,-,21,22106,,N,F,A,A,A,H,-,A,D,0,,,,,Y,,M,96,1,0,0,0,0,0,0,0,0,"- ","- ",,,VENTURA,OXNARD,-119.15541839599609,34.158302307128906
91389864,2020,2021-01-18,9765,2020-05-24,2225,022337,,7,3,9,5600,0,3,5,,2,006,"HUENEME ROAD","NAVAL AIR ROAD",810.00,W,N,A,-,N,,,,,,,,,,N,1,1,0,3,A,-,11,21954,A,N,G,B,D,A,H,-,D,D,0,Y,,,,Y,Y,N,60,0,0,0,1,0,0,0,0,0,"- ","- ",34.147029876708984,-119.11701202392578,VENTURA,UNINCORPORATED,-119.11531066894531,34.146976470947266
91389894,2020,2021-03-29,9765,2020-10-04,1407,020334,,7,2,9,5600,0,3,5,,2,006,"HUENEME ROAD","EDISON ROAD",1120.00,E,N,B,-,N,,,,,,,,,,Y,1,1,0,3,A,-,06,21750,A,N,D,C,A,A,H,-,A,D,0,,,Y,,Y,Y,C,02,0,0,0,0,0,0,0,1,0,"- ","- ",34.147361755371094,-119.16221618652344,VENTURA,UNINCORPORATED,-119.16294097900391,34.1473388671875
91392340,2020,2021-01-21,9765,2020-09-25,1022,022506,,5,1,9,5600,0,1,3,,2,041,"SR-126 W/B (SANTA PAULA FREEWAY)","TODD LANE",167.00,W,N,A,-,Y,,,126,,,,,,W,Y,1,1,0,2,C,-,18,,,N,B,C,A,A,H,-,A,D,0,,,,Y,Y,,-,"- ",0,0,0,0,0,0,0,0,0,"- ","- ",34.333580017089844,-119.08766174316406,VENTURA,UNINCORPORATED,-119.08765411376953,34.333576202392578
91393574,2020,2021-01-25,9765,2020-08-23,2054,022408,,7,2,6,5608,0,1,2,,2,302,"US-101 N/B","VICTORIA AVENUE",2112.00,N,N,A,-,Y,,,101,,,,,,N,Y,1,1,0,3,A,-,11,21954,A,N,G,B,D,A,H,-,D,D,0,Y,,,,Y,,N,60,0,0,0,1,0,0,0,0,0,"- ","- ",34.256660461425781,-119.21833038330078,VENTURA,VENTURA,-119.21833038330078,34.256660461425781
91393634,2020,2021-01-25,9770,2020-10-11,2005,019057,,7,2,9,5600,0,1,3,,1,046,"SR-126 W/B (EAST TELEGRAPH ROAD)","NEWHALL RANCH EAST UNDERCROSSING",363.00,W,N,A,-,Y,,,126,,,,,,W,Y,1,1,0,1,A,-,01,23152,A,N,E,I,A,A,H,-,D,D,0,,,,,Y,Y,A,07,0,0,0,0,0,0,0,0,0,"- ","- ",34.405368804931641,-118.70146942138672,VENTURA,UNINCORPORATED,-118.70145416259766,34.405311584472656
91395762,2021,2021-01-28,9765,2021-01-26,0825,019884,,2,1,9,5600,0,3,5,,2,006,"HUENEME ROAD","SR-1 N/B",50.00,E,N,A,-,Y,,,,,,,,,,N,2,0,1,2,A,-,06,21760,B,N,B,G,A,A,H,-,A,D,0,,Y,,,Y,,A,07,1,0,0,0,0,0,1,0,0,"- ","- ",34.146900177001953,-119.11121368408203,VENTURA,UNINCORPORATED,-119.11147308349609,34.146961212158203
91409432,2021,2021-02-18,9765,2021-02-07,1915,022488,,7,2,6,5608,0,1,3,,2,011,"SR-33 S/B (OJAI FREEWAY)","MAIN STREET",2376.00,N,N,A,-,Y,,,33,,,,,,S,Y,2,0,1,1,A,-,01,23152,A,N,F,A,A,A,H,-,D,D,0,,,Y,,Y,Y,C,02,1,0,0,0,0,0,0,0,1,"- ","- ",34.287990570068359,-119.30661773681641,VENTURA,VENTURA,-119.30661773681641,34.287990570068359
91412308,2021,2021-02-22,9770,2021-02-13,1142,017627,,6,1,6,5609,0,1,3,,2,082,"SR-118 W/B (RONALD REAGAN FREEWAY)","SEQUOIA AVENUE",108.00,E,N,A,-,Y,,,118,,,,,,W,Y,2,0,1,2,A,-,03,22350,,N,C,C,A,A,H,-,A,D,0,,,,,Y,,A,01,1,0,0,0,0,0,0,0,0,"- ","- ",34.282371520996094,-118.7301025390625,VENTURA,"SIMI VALLEY",-118.7301025390625,34.282432556152344
91413000,2021,2021-02-22,9770,2021-02-02,1444,020641,,2,2,6,5609,0,1,3,,2,083,"SR-118 E/B (RONALD REAGAN FREEWAY)","KUEHNER DRIVE",1035.00,E,N,A,-,Y,,,118,,,,,,E,Y,2,0,1,1,A,-,01,23152,A,M,B,I,A,A,H,-,A,D,0,,,,,Y,Y,A,01,1,0,0,0,0,0,0,0,0,"- ","- ",34.277599334716797,-118.6590576171875,VENTURA,"SIMI VALLEY",-118.65913391113281,34.277515411376953
9141593,2020,2020-10-01,5604,2020-08-03,2132,5521,,1,5,6,5604,0,0,0,,0,041,"S C ST","TEAKWOOD ST",50.00,N,N,A,-,N,,,,,,,,,,N,2,0,1,2,A,-,08,22107,,F,G,B,D,A,H,-,C,D,0,Y,,,,Y,Y,-,99,1,0,0,0,1,0,0,0,0,"- ","- ",34.170528411865234,-119.18115234375,VENTURA,OXNARD,-119.18116760253906,34.170696258544922
91419076,2020,2021-03-02,9765,2020-11-06,2054,022408,,5,2,9,5600,0,1,3,,1,046,"SR-118 (LOS ANGELES AVENUE)","SANTA CLARA RIVER BRIDGE",385.00,E,N,B,-,Y,,,118,,,,,,,N,1,1,0,2,A,-,05,21202,A,N,C,G,A,A,H,-,D,D,0,,Y,,,Y,,L,04,0,0,0,0,0,1,0,0,0,"- ","- ",34.278289794921875,-119.14119720458984,VENTURA,UNINCORPORATED,-119.14119720458984,34.278293609619141
91427231,2021,2021-03-15,9765,2021-02-28,2019,022464,,7,2,6,5608,0,1,2,,2,301,"US-101 S/B",SR-126,776.00,N,N,A,-,Y,,,101,,,,,,S,Y,2,0,2,1,A,-,08,22107,,F,E,I,A,A,H,-,D,D,0,,,,,Y,,A,01,2,0,0,0,0,0,0,0,0,"- ","- ",34.264961242675781,-119.24021911621094,VENTURA,VENTURA,-119.24021911621094,34.264934539794922
91430344,2021,2022-01-31,9770,2021-02-28,2030,021738,,7,2,9,5600,0,1,3,,1,046,"SR-126 W/B (EAST TELEGRAPH ROAD)","CENTER STREET",415.00,E,N,A,-,Y,,,126,,,,,,W,Y,2,0,2,2,C,-,18,,,N,E,H,A,A,H,-,D,D,0,,,,,Y,,-,"- ",1,1,0,0,0,0,0,0,0,"- ","- ",34.409828186035156,-118.77911376953125,VENTURA,UNINCORPORATED,-118.77909088134766,34.409854888916016
91430359,2021,2021-03-18,9770,2021-03-14,1400,020832,,7,2,9,5600,0,2,4,,1,031,"SANTA ROSA ROAD","GERRY ROAD",2006.00,E,N,A,-,N,,,,,,,,,,Y,2,0,1,2,A,-,03,22350,,N,C,C,A,A,H,-,A,D,0,,,Y,,Y,,C,02,1,0,0,0,0,0,0,0,1,"- ","- ",34.235038757324219,-118.93802642822266,VENTURA,UNINCORPORATED,-118.93810272216797,34.235069274902344
91437310,2020,2021-04-12,9765,2020-09-26,2025,022488,,6,2,9,5600,0,1,3,,1,020,"SR-33 (VENTURA AVENUE)","LARMIER AVENUE",0.00,,Y,A,-,Y,,,33,,,,,,,Y,1,1,0,2,A,-,11,21954,A,N,G,B,D,A,H,-,C,A,0,Y,,,,Y,Y,N,60,0,0,0,1,0,0,0,0,0,"- ","- ",34.392929077148438,-119.30120849609375,VENTURA,UNINCORPORATED,-119.30120849609375,34.392929077148438
91441798,2021,2021-04-02,9770,2021-03-25,1450,021909,,4,2,6,5609,0,1,3,,2,080,"SR-118 W/B (RONALD REAGAN FREEWAY)","MADERA ROAD",2600.00,W,N,B,-,Y,,,118,,,,,,W,Y,2,0,1,2,A,-,01,23152,F,N,C,C,A,A,H,-,A,D,0,,,,,Y,,A,01,1,0,0,0,0,0,0,0,0,"- ","- ",34.287891387939453,-118.80030059814453,VENTURA,"SIMI VALLEY",-118.80031585693359,34.287860870361328
91449821,2021,2021-04-13,9765,2021-04-03,1628,022464,,6,2,9,5600,0,1,3,,1,023,SR-150,"MOUNTAIN LION RD",1600.00,E,N,A,-,Y,,,150,,,,,,,Y,2,0,1,1,A,-,03,22350,,N,F,A,A,A,H,-,A,D,0,,,Y,,Y,,C,02,1,0,0,0,0,0,0,0,1,"- ","- ",34.437770843505859,-119.16851806640625,VENTURA,UNINCORPORATED,-119.16854858398438,34.437694549560547
91466518,2021,2021-08-27,9765,2021-02-02,0810,019884,,2,1,9,5600,0,3,5,,2,006,"RICE AVENUE",SR-34,1125.00,S,N,A,-,N,,,,,,,,,,Y,1,1,0,2,A,-,08,22107,,N,D,G,A,A,H,-,A,D,0,,Y,,,Y,,L,04,0,0,0,0,0,1,0,0,0,"- ","- ",34.193641662597656,-119.14225006103516,VENTURA,UNINCORPORATED,-119.14240264892578,34.193752288818359
91467850,2021,2021-05-07,9765,2021-02-01,0137,020873,,1,3,9,5600,0,1,3,,1,062,"SR-1 (PACIFIC COAST HIGHWAY)","THORNHILL BROOME BEACH",3696.00,S,N,A,-,Y,,,1,,,,,,,Y,1,1,0,1,A,-,01,23152,F,N,E,I,A,A,H,-,D,D,0,,,,,Y,,A,01,0,0,0,0,0,0,0,0,0,"- ","- ",34.064128875732422,-118.99057769775391,VENTURA,UNINCORPORATED,-118.99053192138672,34.064296722412109
91469361,2021,2021-05-10,9765,2021-04-25,0330,022296,,7,3,9,5600,0,3,5,,2,005,"BRADLEY ROAD","GREENTREE DRIVE",6336.00,N,N,A,-,N,,,,,,,,,,Y,2,0,1,1,A,-,01,23152,A,N,E,I,A,A,H,-,D,D,0,,,,,Y,Y,A,01,1,0,0,0,0,0,0,0,0,"- ","- ",34.296779632568359,-119.00266265869141,VENTURA,UNINCORPORATED,-118.99897003173828,34.300666809082031
91470363,2021,2021-05-11,9765,2021-05-02,1350,022518,,7,1,9,5600,0,1,3,,1,023,SR-150,"BLACK MOUNTAIN FIRE ROAD",723.00,E,N,A,-,Y,,,150,,,,,,,Y,2,0,1,1,A,-,08,22107,,N,E,I,A,A,H,-,A,D,0,,,Y,,Y,,C,02,1,0,0,0,0,0,0,0,1,"- ","- ",34.432899475097656,-119.20043182373047,VENTURA,UNINCORPORATED,-119.20033264160156,34.433010101318359
91472646,2021,2021-08-12,9765,2021-05-08,1842,022488,,6,2,9,5600,0,3,5,,2,002,"ENCINO DR","THOMAS STREET",0.00,,Y,A,-,N,,,,,,,,,,N,2,0,1,2,A,-,09,21801,A,N,D,G,A,A,H,-,A,D,0,,Y,,,Y,,D,22,1,0,0,0,0,0,1,0,0,"- ","- ",34.40142822265625,-119.29010772705078,VENTURA,UNINCORPORATED,-119.29006195068359,34.401481628417969
91476768,2020,2021-05-19,9770,2020-10-27,0543,018659,,2,3,9,5600,0,1,3,,1,046,"SR-126 W/B (EAST TELEGRAPH ROAD)","PIRU CREEK BRIDGE",647.00,W,N,A,-,Y,,,126,,,,,,W,Y,1,1,1,5,A,-,17,21200,,M,C,G,A,A,H,-,D,D,0,,Y,,,Y,,L,04,0,0,1,0,0,1,0,0,0,"- ","- ",34.407928466796875,-118.78971099853516,VENTURA,UNINCORPORATED,-118.78970336914062,34.407917022705078
91487952,2021,2021-06-02,9770,2021-05-19,0935,021738,,3,1,6,5607,0,1,2,,2,074,"US-101 (VENTURA FREEWAY) NORTHBOUND","RANCHO ROAD",1056.00,S,N,A,-,Y,,,101,,,,,,N,Y,2,0,1,1,A,-,01,23152,F,N,E,8,A,A,H,-,A,D,0,,,,,Y,,A,01,1,0,0,0,0,0,0,0,0,"- ","- ",34.176071166992188,-118.85437774658203,VENTURA,"THOUSAND OAKS",-118.85441589355469,34.175807952880859
91497814,2021,2021-06-15,9430,2021-04-24,1250,017187,,6,1,9,5600,0,1,3,,1,030,SR-33,"BERGES CREEK (BRIDGE 52-90)",580.00,S,N,A,-,Y,,,33,,,,,,,Y,1,1,0,1,A,-,03,22350,,N,E,I,A,A,H,-,A,A,0,,,Y,,Y,Y,C,02,0,0,0,0,0,0,0,1,0,"- ","- ",34.786659240722656,-119.441650390625,VENTURA,UNINCORPORATED,-119.441650390625,34.786655426025391
9150158,2019,2020-11-09,5604,2019-11-08,1045,5392,,5,5,6,5604,0,0,0,,0,012,"E GONZALES RD","WILLIAMS DR",0.00,,Y,A,-,N,,,,,,,,,,Y,2,0,3,2,A,-,03,22350,,N,D,C,A,A,H,-,A,A,0,,,,,Y,,A,01,2,0,1,0,0,0,0,0,0,"- ","- ",34.218860626220703,-119.15392303466797,VENTURA,OXNARD,-119.15392303466797,34.218940734863281
91501813,2021,2021-06-21,9765,2021-06-10,1318,022318,,4,1,9,5600,0,1,3,,1,012,"SR-1 S/B (OLD PACIFIC COAST HIGHWAY)","SOLIMAR OFF RAMP",238.00,N,N,A,-,Y,,,1,,,,,,S,Y,2,0,2,2,A,-,08,22107,,N,A,C,A,A,H,-,A,D,0,,,Y,,Y,,A,01,2,0,0,0,0,0,0,0,2,"- ","- ",34.290458679199219,-119.33585357666016,VENTURA,UNINCORPORATED,-119.33584594726562,34.290462493896484
91502106,2021,2021-06-21,9765,2021-06-20,0814,022182,,7,1,6,5608,0,1,2,,2,301,"US-101 S/B","VICTORIA AVENUE",1056.00,N,N,B,-,Y,,,101,,,,,,S,Y,2,0,2,2,A,-,03,22350,,N,C,C,A,A,H,-,A,D,0,,,,,Y,,A,08,1,0,1,0,0,0,0,0,0,"- ","- ",34.254749298095703,-119.21495056152344,VENTURA,VENTURA,-119.2149658203125,34.254714965820312