CASE_ID,ACCIDENT_YEAR,PROC_DATE,JURIS,COLLISION_DATE,COLLISION_TIME,OFFICER_ID,REPORTING_DISTRICT,DAY_OF_WEEK,CHP_SHIFT,POPULATION,CNTY_CITY_LOC,SPECIAL_COND,BEAT_TYPE,CHP_BEAT_TYPE,CITY_DIVISION_LAPD,CHP_BEAT_CLASS,BEAT_NUMBER,PRIMARY_RD,SECONDARY_RD,DISTANCE,DIRECTION,INTERSECTION,WEATHER_1,WEATHER_2,STATE_HWY_IND,CALTRANS_COUNTY,CALTRANS_DISTRICT,STATE_ROUTE,ROUTE_SUFFIX,POSTMILE_PREFIX,POSTMILE,LOCATION_TYPE,RAMP_INTERSECTION,SIDE_OF_HWY,TOW_AWAY,COLLISION_SEVERITY,NUMBER_KILLED,NUMBER_INJURED,PARTY_COUNT,PRIMARY_COLL_FACTOR,PCF_CODE_OF_VIOL,PCF_VIOL_CATEGORY,PCF_VIOLATION,PCF_VIOL_SUBSECTION,HIT_AND_RUN,TYPE_OF_COLLISION,MVIW,PED_ACTION,ROAD_SURFACE,ROAD_COND_1,ROAD_COND_2,LIGHTING,CONTROL_DEVICE,CHP_ROAD_TYPE,PEDESTRIAN_ACCIDENT,BICYCLE_ACCIDENT,MOTORCYCLE_ACCIDENT,TRUCK_ACCIDENT,NOT_PRIVATE_PROPERTY,ALCOHOL_INVOLVED,STWD_VEHTYPE_AT_FAULT,CHP_VEHTYPE_AT_FAULT,COUNT_SEVERE_INJ,COUNT_VISIBLE_INJ,COUNT_COMPLAINT_PAIN,COUNT_PED_KILLED,COUNT_PED_INJURED,COUNT_BICYCLIST_KILLED,COUNT_BICYCLIST_INJURED,COUNT_MC_KILLED,COUNT_MC_INJURED,PRIMARY_RAMP,SECONDARY_RAMP,LATITUDE,LONGITUDE,COUNTY,CITY,POINT_X,POINT_Y
91504634,2021,2021-06-23,9765,2021-06-14,1408,017483,,1,2,9,5600,0,1,3,,1,020,SR-33,"PORTAL STREET",787.00,S,N,A,-,Y,,,33,,,,,,,Y,2,0,7,4,A,-,05,21460,A,N,B,C,A,A,H,-,A,D,0,,,,,Y,,A,01,1,6,0,0,0,0,0,0,0,"- ","- ",34.388389587402344,-119.301513671875,VENTURA,UNINCORPORATED,-119.30152130126953,34.388389587402344
9150583,2020,2020-10-13,5600,2020-08-31,2005,3147,9042,1,5,6,5607,0,0,0,,0,9A01,"LYNN RD","JANSS RD",374.00,S,N,A,-,N,,,,,,,,,,Y,2,0,1,1,A,-,08,22107,,N,E,I,A,-,H,-,C,D,0,,,,,Y,,A,07,1,0,0,0,0,0,0,0,0,"- ","- ",34.206100463867188,-118.88638305664062,VENTURA,"THOUSAND OAKS",-118.88744354248047,34.205406188964844
9150916,2020,2020-09-21,5604,2020-07-31,0652,5285,,5,5,6,5604,0,0,0,,0,031,"3RD ST","GARFIELD ST",0.00,,Y,A,-,N,,,,,,,,,,Y,2,0,2,3,A,-,09,21801,B,F,B,C,A,A,H,-,A,A,0,,,,,Y,,A,07,1,0,1,0,0,0,0,0,0,"- ","- ",34.200580596923828,-119.17381286621094,VENTURA,OXNARD,-119.173828125,34.2005615234375
91512399,2021,2021-07-02,9765,2021-06-20,0022,022446,,7,3,6,5604,0,3,5,,2,006,"OLDS ROAD S/OF SANFORD STREET","SANFORD STREET",365.00,S,N,A,-,N,,,,,,,,,,Y,2,0,2,1,A,-,01,23152,A,N,F,A,A,A,H,-,D,D,0,,,,,Y,Y,A,01,1,1,0,0,0,0,0,0,0,"- ","- ",34.153888702392578,-119.14888000488281,VENTURA,OXNARD,-119.14888763427734,34.153949737548828
91515161,2021,2021-07-07,9765,2021-06-27,1045,022182,,7,1,9,5600,0,1,3,,1,023,SR-150,"HAPPY VALLEY SCHOOL ROAD",224.00,W,N,A,-,Y,,,150,,,,,,,Y,2,0,2,2,A,-,08,22107,,N,D,C,A,A,H,-,A,D,0,,,Y,,Y,,A,07,2,0,0,0,0,0,0,0,2,"- ","- ",34.434341430664062,-119.188232421875,VENTURA,UNINCORPORATED,-119.188232421875,34.434391021728516
91519070,2021,2021-07-13,9765,2021-07-01,1825,020187,,4,2,9,5600,0,3,5,,2,006,"HUENEME ROAD","RICE AVENUE",985.00,W,N,A,-,N,,,,,,,,,,Y,2,0,2,1,A,-,01,23152,A,N,E,I,A,A,H,-,A,D,0,,,,,Y,Y,A,07,1,1,0,0,0,0,0,0,0,"- ","- ",34.147060394287109,-119.14024353027344,VENTURA,UNINCORPORATED,-119.14024353027344,34.147190093994141
91519439,2021,2021-07-13,9765,2021-02-21,1430,022337,,7,2,9,5600,0,1,3,,1,042,SR-126,"SPALDING DRIVE",350.00,W,N,A,-,Y,,,126,,,,,,,Y,1,2,2,3,A,-,01,23152,G,N,A,C,A,A,H,-,A,D,0,,,,,Y,Y,A,01,1,0,1,0,0,0,0,0,0,"- ","- ",34.383060455322266,-118.96791076660156,VENTURA,UNINCORPORATED,-118.9678955078125,34.383018493652344
91521107,2021,2021-07-15,9765,2021-07-03,0307,022272,,6,3,9,5600,0,3,5,,2,003,"BRISTOL ROAD","ERMINE AVENUE",1200.00,E,N,A,-,N,,,,,,,,,,Y,2,0,1,1,A,-,01,23152,A,N,F,A,A,A,H,-,D,D,0,,,,,Y,Y,A,01,1,0,0,0,0,0,0,0,0,"- ","- ",34.258041381835938,-119.18389129638672,VENTURA,UNINCORPORATED,-119.18399047851562,34.257831573486328
91522774,2021,2021-07-19,9770,2021-07-11,1905,020721,,7,2,9,5600,0,2,4,,1,088,"BOX CANYON ROAD","BRYANT DR",1584.00,S,N,A,-,N,,,,,,,,,,N,2,0,1,1,A,-,08,22107,,N,F,I,A,A,H,-,A,D,0,,,Y,,Y,,C,02,1,0,0,0,0,0,0,0,1,"- ","- ",34.248619079589844,-118.64980316162109,VENTURA,UNINCORPORATED,-118.64978790283203,34.248394012451172
91523687,2021,2021-07-19,9770,2021-07-18,1210,018942,,7,1,9,5600,0,2,4,,1,062,"POTRERO ROAD","HIDDEN VALLEY ROAD",528.00,E,N,A,-,N,,,,,,,,,,N,2,0,1,1,D,-,00,,,N,F,I,A,A,H,-,A,D,0,,Y,,,Y,,-,"- ",1,0,0,0,0,0,1,0,0,"- ","- ",34.155601501464844,-118.91948699951172,VENTURA,UNINCORPORATED,-118.91980743408203,34.155467987060547
91524187,2021,2021-07-20,9765,2021-07-08,1347,020729,,4,1,5,5601,0,1,2,,2,504,"US-101 N/B","CARMEN DRIVE",1920.00,N,N,A,-,Y,,,101,,,,,,N,Y,2,0,1,2,A,-,07,21658,A,N,F,A,A,A,H,-,A,D,0,,,Y,,Y,,A,01,1,0,0,0,0,0,0,0,1,"- ","- ",34.21820068359375,-119.05682373046875,VENTURA,CAMARILLO,-119.05681610107422,34.218242645263672
91529913,2021,2021-07-27,9770,2021-07-15,0332,021341,,4,3,9,5600,0,1,3,,1,044,"SR-126 W/B (EAST TELEGRAPH ROAD)","MAIN STREET (PIRU)",20.00,E,N,A,-,N,,,126,,,,,,W,Y,2,0,1,1,A,-,01,23152,A,N,E,I,A,A,H,-,C,D,0,,,,,Y,Y,A,01,1,0,0,0,0,0,0,0,0,"- ","- ",34.405368804931641,-118.79451751708984,VENTURA,UNINCORPORATED,-118.79446411132812,34.405265808105469
91532184,2021,2021-07-29,9765,2021-07-18,1230,022318,,7,1,9,5600,0,1,3,,1,021,"SR-33 (MARICOPA HIGHWAY)","CHORRO GRANDE CREEK BRIDGE",2640.00,N,N,A,-,Y,,,33,,,,,,,Y,2,0,1,1,A,-,08,22107,,N,F,A,A,A,H,-,A,D,0,,,Y,,Y,,C,02,1,0,0,0,0,0,0,0,1,"- ","- ",34.598941802978516,-119.335693359375,VENTURA,UNINCORPORATED,-119.33561706542969,34.599117279052734
91542846,2021,2021-08-11,9765,2021-07-31,2215,022272,,6,3,9,5600,0,3,5,,2,003,"FOOTHILL ROAD","WELLS ROAD",40.00,N,N,A,-,N,,,,,,,,,,Y,2,0,1,1,A,-,12,22450,A,N,E,J,A,A,H,-,C,A,0,,,,,Y,,A,07,1,0,0,0,0,0,0,0,0,"- ","- ",34.300361633300781,-119.16597747802734,VENTURA,UNINCORPORATED,-119.16585540771484,34.300395965576172
91544292,2021,2021-08-13,9765,2021-07-16,2105,022461,,5,2,6,5608,0,1,3,,1,031,"SR-126 W/B FROM WELLS RD.","WELLS ROAD",730.00,W,N,A,-,Y,,,126,,,,R,,W,N,2,0,1,1,A,-,08,22107,,N,E,J,A,A,H,-,C,D,0,,,Y,,Y,,C,02,1,0,0,0,0,0,0,0,1,"- ","- ",34.288600921630859,-119.15853118896484,VENTURA,VENTURA,-119.15853118896484,34.288600921630859
91544749,2021,2021-08-13,9770,2021-08-11,1510,019955,,3,2,9,5600,0,1,3,,1,045,"SR-126 E/B (EAST TELEGRAPH ROAD)","CAMINO DEL RIO ROAD",190.00,E,N,A,-,Y,,,126,,,,,,E,Y,2,0,1,1,A,-,08,22107,,N,F,I,A,A,H,-,A,D,0,,,,,Y,,D,22,1,0,0,0,0,0,0,0,0,"- ","- ",34.402740478515625,-118.70558929443359,VENTURA,UNINCORPORATED,-118.70561218261719,34.402793884277344
91546971,2021,2021-08-17,9765,2021-08-07,0345,022272,,6,3,6,5608,0,1,3,,2,041,"SR-126 W/B","KIMBALL ROAD",1584.00,E,N,A,-,Y,,,126,,,,,,W,Y,2,0,1,1,A,-,08,22107,,N,E,J,A,A,H,-,D,D,0,,,,,Y,,A,01,1,0,0,0,0,0,0,0,0,"- ","- ",34.275619506835938,-119.18518829345703,VENTURA,VENTURA,-119.18518829345703,34.275608062744141
91550516,2021,2021-08-20,9765,2021-08-10,0655,019884,,2,1,9,5600,0,3,5,,2,005,"BRADLEY ROAD","GREENTREE DRIVE",870.00,N,N,E,-,N,,,,,,,,,,Y,2,0,2,2,A,-,05,21460,A,N,A,C,A,A,H,-,B,D,0,,,,Y,Y,,A,01,1,0,1,0,0,0,0,0,0,"- ","- ",34.287570953369141,-119.00700378417969,VENTURA,UNINCORPORATED,-119.00702667236328,34.287525177001953
91554280,2021,2021-08-25,9765,2021-08-14,1230,022318,,6,1,9,5600,0,3,5,,2,003,"OLIVAS PARK DRIVE","VICTORIA AVENUE",115.00,W,N,A,-,N,,,,,,,,,,N,2,0,1,1,A,-,03,22350,,N,E,I,A,A,H,-,A,D,0,,Y,,,Y,,L,04,1,0,0,0,0,0,1,0,0,"- ","- ",34.244491577148438,-119.21685028076172,VENTURA,UNINCORPORATED,-119.2154541015625,34.244232177734375
91555018,2021,2021-08-26,9765,2021-08-20,1440,020729,,5,2,9,5600,0,3,5,,2,003,"TELEPHONE ROAD","OLIVAS PARK DRIVE",925.00,N,N,A,-,N,,,,,,,,,,Y,2,0,2,3,A,-,03,22350,,N,B,C,A,A,H,-,A,D,0,,,,,Y,,A,01,1,1,0,0,0,0,0,0,0,"- ","- ",34.246971130371094,-119.23433685302734,VENTURA,UNINCORPORATED,-119.23431396484375,34.246936798095703
91555332,2021,2021-08-26,9765,2021-08-15,1300,020334,,7,1,9,5600,0,3,5,,2,006,"ETTING ROAD","E PLEASANT VALLEY RD",2500.00,E,N,A,-,N,,,,,,,,,,N,2,0,1,3,A,-,08,22107,,F,B,G,A,A,H,-,A,D,0,,Y,,,Y,,-,99,1,0,0,0,0,0,1,0,0,"- ","- ",34.161731719970703,-119.14311981201172,VENTURA,UNINCORPORATED,-119.14325714111328,34.161754608154297
91561167,2021,2021-09-02,9765,2021-08-25,0725,022318,,3,1,6,5608,0,1,3,,1,020,SR-33,"NYE ROAD",0.00,,Y,A,-,Y,,,,,,,,,,N,2,0,1,2,A,-,06,21755,A,M,D,C,A,A,H,-,A,D,0,,,Y,,Y,,C,02,1,0,0,0,0,0,0,0,1,"- ","- ",34.374710083007812,-119.30616760253906,VENTURA,VENTURA,-119.30635833740234,34.365753173828125
91562130,2021,2022-03-16,9765,2021-05-30,1655,022464,,7,2,9,5600,0,3,5,,2,004,"SYCAMORE ROAD","SR-126 (TELEGRAPH ROAD)",3781.00,N,N,A,-,N,,,,,,,,,,Y,1,1,1,1,A,-,01,23152,A,N,E,I,A,A,H,-,A,D,0,,,,,Y,Y,A,07,1,0,0,0,0,0,0,0,0,"- ","- ",34.386730194091797,-118.98182678222656,VENTURA,UNINCORPORATED,-118.98188781738281,34.386566162109375
91564733,2021,2021-09-07,9765,2021-08-28,2050,022345,,6,2,9,5600,0,3,5,,2,003,"ROOSEVELT BLVD.","ANACAPA AVENUE",31.00,S,N,E,-,N,,,,,,,,,,Y,2,0,1,1,A,-,01,23152,A,N,E,I,A,A,H,-,C,D,0,,,Y,,Y,Y,C,02,1,0,0,0,0,0,0,0,1,"- ","- ",34.158241271972656,-119.22200775146484,VENTURA,UNINCORPORATED,-119.22197723388672,34.158351898193359
91570255,2021,2021-09-14,9765,2021-09-01,2225,019034,,3,3,9,5600,0,1,3,,1,062,"SR-1 N/B","LOS POSAS RD.",6072.00,S,N,A,-,Y,,,1,,,,,,N,Y,2,0,1,1,A,-,01,23152,A,N,E,8,A,A,H,-,D,D,0,,,,,Y,Y,A,07,1,0,0,0,0,0,0,0,0,"- ","- ",34.101211547851562,-119.08113861083984,VENTURA,UNINCORPORATED,-119.08103179931641,34.10125732421875
91570856,2021,2021-09-15,9765,2021-02-05,1335,019988,,5,1,9,5600,0,3,5,,2,003,"FOOTHILL ROAD","N. SATICOY AVENUE",776.00,E,N,A,-,N,,,,,,,,,,Y,1,1,1,2,A,-,01,23152,G,N,A,C,A,A,H,-,A,D,0,,,,,Y,Y,A,07,1,0,0,0,0,0,0,0,0,"- ","- ",34.297760009765625,-119.17151641845703,VENTURA,UNINCORPORATED,-119.17105102539062,34.297996520996094
91573472,2021,2021-09-17,9770,2021-02-04,1209,016198,,4,1,6,5607,0,1,2,,2,072,"US-101 N/B (VENTURA FREEWAY)","BORCHARD ROAD",401.00,N,N,A,-,Y,,,101,,,,,,N,Y,1,2,1,3,A,-,01,23153,F,N,B,C,A,A,H,-,A,D,0,,,,,Y,,A,01,1,0,0,0,0,0,0,0,0,"- ","- ",34.185100555419922,-118.92800140380859,VENTURA,"THOUSAND OAKS",-118.92798614501953,34.185134887695312
9157607,2020,2020-12-01,5600,2020-09-26,0900,4938,9136,6,5,6,5607,0,0,0,,0,9C01,"LYNN RD","GREENMEADOW DR",9.00,N,N,A,-,,,,,,,,,,,,2,0,1,2,D,-,00,,,N,G,B,B,A,H,-,A,A,0,Y,,,,Y,,-,"- ",1,0,0,0,1,0,0,0,0,"- ","- ",34.175270080566406,-118.89830780029297,VENTURA,"THOUSAND OAKS",-118.894287109375,34.178215026855469
91581387,2021,2021-09-28,9765,2021-09-17,0425,020873,,5,3,6,5608,0,1,3,,2,030,"SR-126 E/B","VICTORIA AVENUE",220.00,W,N,A,-,Y,,,126,,,,,,E,Y,2,0,1,1,A,-,08,22107,,N,F,A,A,A,H,-,D,D,0,,,,,Y,Y,D,22,1,0,0,0,0,0,0,0,0,"- ","- ",34.270618438720703,-119.2169189453125,VENTURA,VENTURA,-119.21695709228516,34.270870208740234
91586879,2021,2021-10-04,9765,2021-09-26,0530,022337,,7,3,9,5600,0,1,2,,1,104,"US-101 N/B","A LEASE CANYON ROAD",5.00,N,N,B,-,Y,,,101,,,,,,N,Y,2,0,1,1,A,-,08,22107,,N,E,I,A,A,H,-,D,D,0,,,,,Y,,A,01,1,0,0,0,0,0,0,0,0,"- ","- ",34.318340301513672,-119.36538696289062,VENTURA,UNINCORPORATED,-119.36541748046875,34.318294525146484
91589584,2021,2021-10-06,9770,2021-09-28,1040,016561,,2,1,9,5600,0,3,5,,2,006,"SR-23 S/B (WESTLAKE BLVD.)","CARLISLE RD.",0.00,,Y,B,-,Y,,,23,,,,,,S,N,2,0,1,2,A,-,09,21802,A,N,D,G,A,A,H,-,A,A,0,,Y,,,Y,,D,22,1,0,0,0,0,0,1,0,0,"- ","- ",34.126850128173828,-118.85655975341797,VENTURA,UNINCORPORATED,-118.85647583007812,34.1268310546875
91589777,2021,2021-10-06,9765,2021-10-01,1300,016234,,5,1,9,5600,0,1,3,,1,062,SR-1,"SYCAMORE CYN",0.00,,Y,A,-,Y,,,1,,,,,,,N,2,0,1,2,A,-,08,22107,,F,D,G,A,A,H,-,A,D,0,,Y,,,Y,,-,99,1,0,0,0,0,0,1,0,0,"- ","- ",34.070789337158203,-119.01255035400391,VENTURA,UNINCORPORATED,-119.01255035400391,34.070796966552734
91593366,2021,2021-10-11,9765,2021-10-01,1750,020334,,5,2,9,5600,0,1,2,,2,501,"RT 101","DEL NORTE BLVD.",3300.00,S,N,A,-,Y,,,101,,,,,,,Y,2,0,1,2,A,-,07,21658,A,N,B,C,A,A,H,-,A,D,0,,,Y,,Y,,A,07,1,0,0,0,0,0,0,0,1,"- ","- ",34.221900939941406,-119.11580657958984,VENTURA,UNINCORPORATED,-119.11580657958984,34.221904754638672
91596937,2021,2021-10-14,9430,2021-10-09,1420,021296,,6,2,9,5600,0,2,4,,1,031,"SR-33 S/B","POTRERO SECO RD.",240.00,S,N,A,-,Y,,,33,,,,,,S,Y,2,0,1,1,A,-,03,22350,,N,E,I,A,A,H,-,A,D,0,,,Y,,Y,,C,02,1,0,0,0,0,0,0,0,1,"- ","- ",34.648590087890625,-119.38498687744141,VENTURA,UNINCORPORATED,-119.38495635986328,34.648643493652344
91600729,2021,2021-10-19,9765,2021-10-11,0230,022272,,1,3,9,5600,0,3,5,,2,005,"CENTRAL AVENUE","ROSE AVENUE",990.00,E,N,A,-,N,,,,,,,,,,Y,2,0,1,1,A,-,08,22107,,N,E,J,A,A,H,-,D,D,0,,,,,Y,,A,01,1,0,0,0,0,0,0,0,0,"- ","- ",34.248989105224609,-119.14000701904297,VENTURA,UNINCORPORATED,-119.14014434814453,34.249050140380859
91600797,2021,2021-10-19,9765,2021-10-11,0640,022408,,1,1,6,5608,0,3,5,,2,006,"WOOD ROAD","HUENEME ROAD",3696.00,S,N,A,-,N,,,,,,,,,,N,2,0,1,2,A,-,08,22107,,N,A,G,A,A,H,-,A,D,0,,Y,,,Y,Y,L,04,1,0,0,0,0,0,1,0,0,"- ","- ",34.136970520019531,-119.09673309326172,VENTURA,VENTURA,-119.09676361083984,34.136947631835938
91603017,2021,2021-10-21,9765,2021-10-16,1025,020334,,6,1,9,5600,0,1,3,,2,060,"SR-1 (PACIFIC COAST HIGHWAY) (PCH)","YERBA BUENA ROAD",150.00,S,N,A,-,Y,,,1,,,,,,,Y,2,0,4,4,A,-,03,22350,,N,C,C,A,A,H,-,A,D,0,,,Y,,Y,,C,02,1,3,0,0,0,0,0,0,4,"- ","- ",34.053089141845703,-118.96279144287109,VENTURA,UNINCORPORATED,-118.96279907226562,34.053070068359375
91604576,2021,2021-10-25,9765,2021-10-16,1855,022488,,6,2,9,5600,0,3,5,,2,002,"LOMITA AVENUE","EL ROBLAR DR",115.00,N,N,A,-,N,,,,,,,,,,N,2,0,1,2,A,-,08,22107,,N,B,E,A,A,H,-,C,D,0,,Y,,,Y,,L,04,1,0,0,0,0,0,1,0,0,"- ","- ",34.448841094970703,-119.27615356445312,VENTURA,UNINCORPORATED,-119.27619934082031,34.44879150390625
91627649,2021,2021-11-18,9770,2021-07-18,1350,019057,,7,1,9,5600,0,2,4,,1,062,"EAST POTRERO ROAD W/B","LAKE SHERWOOD DRIVE",350.00,E,N,A,-,N,,,,,,,,,,Y,1,1,1,2,A,-,01,23152,F,N,F,A,A,A,H,-,A,D,0,,,Y,,Y,,C,02,0,0,1,0,0,0,0,1,1,"- ","- ",34.142448425292969,-118.87683868408203,VENTURA,UNINCORPORATED,-118.87665557861328,34.142593383789062
91629873,2021,2021-11-19,9770,2021-11-07,2140,021341,,7,2,4,5690,0,1,3,,2,082,"SR-118 W/B (RONALD REAGAN FREEWAY)","PRINCETON AVENUE",1056.00,W,N,A,-,Y,,,118,,,,,,W,Y,2,0,1,1,A,-,01,23152,A,N,F,A,A,A,H,-,C,D,0,,,,,Y,Y,D,22,1,0,0,0,0,0,0,0,0,"- ","- ",34.291969299316406,-118.86141204833984,VENTURA,MOORPARK,-118.86148071289062,34.292133331298828
9163023,2020,2020-11-25,5608,2020-09-19,0641,500,,6,5,6,5608,0,0,0,,0,002,"HARBOR BL","BEACHMONT ST",2.00,W,N,A,-,N,,,,,,,,,,Y,2,0,1,1,A,-,08,22107,,N,A,I,A,A,H,-,A,D,0,,,,,Y,,A,01,1,0,0,0,0,0,0,0,0,"- ","- ",,,VENTURA,VENTURA,-119.25955963134766,34.254104614257812
91633443,2021,2021-11-23,9765,2021-11-11,0625,022182,,4,1,9,5600,0,3,5,,2,006,"HUENEME ROAD","LAS POSAS ROAD",0.00,,Y,A,-,N,,,,,,,,,,Y,2,0,1,2,D,-,00,,,N,D,C,A,A,H,-,B,A,0,,,,,Y,,-,"- ",1,0,0,0,0,0,0,0,0,"- ","- ",34.1573486328125,-119.07663726806641,VENTURA,UNINCORPORATED,-119.07669067382812,34.157367706298828
91635571,2021,2021-11-26,9765,2021-11-16,1330,016712,,2,1,9,5600,0,1,3,,1,042,SR-126,"PERES LANE",252.00,E,N,A,-,Y,,,126,,,,,,,Y,2,0,1,2,A,-,21,22106,,N,C,C,A,A,H,-,A,D,0,,,,Y,Y,,G,25,1,0,0,0,0,0,0,0,0,"- ","- ",34.36492919921875,-119.03565979003906,VENTURA,UNINCORPORATED,-119.03565979003906,34.364936828613281
91635668,2021,2021-11-26,9770,2021-11-15,2006,019930,,1,2,9,5600,0,2,4,,2,078,"THERESA DRIVE","CATHY DRIVE",36.00,W,N,A,-,N,,,,,,,,,,Y,2,0,1,3,A,-,08,22107,,N,C,E,A,A,H,-,C,D,0,,,,,Y,,A,01,1,0,0,0,0,0,0,0,0,"- ","- ",34.179290771484375,-118.94233703613281,VENTURA,UNINCORPORATED,-118.94229125976562,34.179237365722656
91637983,2021,2021-11-30,9770,2021-11-20,2301,021799,,6,3,9,5600,0,2,4,,1,055,"BALCOM CANYON ROAD","STOCKTON ROAD",1584.00,S,N,A,-,N,,,,,,,,,,N,2,0,1,1,A,-,03,22350,,N,H,A,A,A,H,-,D,D,0,,,,,Y,,D,22,1,0,0,0,0,0,0,0,0,"- ","- ",34.285541534423828,-118.95957946777344,VENTURA,UNINCORPORATED,-118.95964813232422,34.285964965820312
91642569,2021,2021-12-03,9765,2021-11-19,1750,017483,,5,2,9,5600,0,1,3,,1,021,SR-33,"MATILIJA CANYON ROAD",2112.00,N,N,A,-,Y,,,33,,,,,,,Y,2,0,1,2,A,-,05,21460,A,N,A,C,A,A,H,-,D,D,0,,,Y,,Y,Y,C,02,1,0,0,0,0,0,0,0,1,"- ","- ",34.497398376464844,-119.30108642578125,VENTURA,UNINCORPORATED,-119.30108642578125,34.497402191162109
91644398,2021,2021-12-06,9765,2021-11-27,0850,022337,,6,1,9,5600,0,3,5,,2,001,"SR-1 N/B","VEN MPM 27",1584.00,S,N,A,-,Y,,,1,,,,,,N,N,2,0,1,2,A,-,03,22350,,N,F,A,A,A,H,-,A,D,0,,Y,,,Y,,L,04,1,0,0,0,0,0,1,0,0,"- ","- ",34.334739685058594,-119.40579986572266,VENTURA,UNINCORPORATED,-119.40581512451172,34.334712982177734
91644593,2021,2021-12-06,9765,2021-11-29,1805,017483,,1,2,9,5600,0,3,5,,2,001,SR-1,"SOUTH CONCRETE EDGE OF DRIVEWAY AT 3808 SR-1",11.00,N,N,A,-,Y,,,1,,,,,,,N,2,0,3,2,A,-,21,22106,,N,D,C,A,A,H,-,D,D,0,,,,,Y,,A,01,1,0,2,0,0,0,0,0,0,"- ","- ",34.320339202880859,-119.38069915771484,VENTURA,UNINCORPORATED,-119.38071441650391,34.320404052734375
91646440,2021,2021-12-17,9770,2021-04-04,1620,019057,,7,2,9,5600,0,2,4,,1,062,"WEST POTRERO ROAD E/B","WHITE STALLION ROAD (EAST)",326.00,W,N,A,-,N,,,,,,,,,,Y,1,1,0,1,A,-,01,23152,A,N,E,I,A,A,H,-,A,D,0,,,,,Y,Y,A,01,0,0,0,0,0,0,0,0,0,"- ","- ",34.156581878662109,-118.92598724365234,VENTURA,UNINCORPORATED,-118.93791961669922,34.156208038330078
91646620,2021,2021-12-08,9765,2021-11-26,1915,020187,,5,2,9,5600,0,1,3,,2,060,"STATE ROUTE 1 (SR-1, PACIFIC COAST HIGHWAY)","LA JOLLA CANYON",254.00,N,N,A,-,Y,,,1,,,,,,,Y,2,0,1,1,A,-,08,22107,,N,F,A,A,A,H,-,D,D,0,,,Y,,Y,,C,02,1,0,0,0,0,0,0,0,1,"- ","- ",34.083911895751953,-119.03710174560547,VENTURA,UNINCORPORATED,-119.037109375,34.083869934082031
91657791,2021,2021-12-21,9765,2021-12-14,0220,019034,,2,3,5,5601,0,1,2,,2,503,"US-101 S/B (VENTURA FREEWAY)","CARMEN DR.",1582.00,S,N,C,-,Y,,,101,,,,,,S,N,2,0,1,2,A,-,11,21954,A,N,G,B,D,B,H,-,C,D,0,Y,,,Y,Y,,N,60,1,0,0,0,1,0,0,0,0,"- ","- ",34.217388153076172,-119.04492950439453,VENTURA,CAMARILLO,-119.04492950439453,34.217418670654297
9166189,2020,2020-11-10,5608,2020-09-27,2248,499,100,7,5,6,5608,0,0,0,,0,003,"TELEGRAPH RD","BROOKSHIRE AV",0.00,,Y,A,-,N,,,,,,,,,,Y,2,0,2,2,A,-,09,21800,A,N,D,C,A,A,H,-,C,D,0,,,,,Y,Y,-,,1,1,0,0,0,0,0,0,0,"- ","- ",,,VENTURA,VENTURA,-119.21195220947266,34.278388977050781
91663408,2021,2021-12-28,9770,2021-12-18,0130,021485,,6,3,9,5600,0,2,4,,1,056,"GRIMES CANYON ROAD","TURFWAY ROAD",1500.00,N,N,A,-,N,,,,,,,,,,Y,2,0,1,1,A,-,01,23152,A,N,E,I,A,A,H,-,D,D,0,,,,,Y,Y,D,22,1,0,0,0,0,0,0,0,0,"- ","- ",34.297859191894531,-118.91593170166016,VENTURA,UNINCORPORATED,-118.91607666015625,34.297813415527344
91666749,2021,2021-12-30,9765,2021-12-17,1125,022337,,5,1,9,5600,0,1,3,,1,023,SR-150,"BLACK MOUNTAIN FIRE ROAD",667.00,E,N,A,-,Y,,,150,,,,,,,Y,2,0,1,2,A,-,08,22107,,N,B,C,A,A,H,-,A,D,0,,,Y,,Y,,-,"- ",1,0,0,0,0,0,0,0,1,"- ","- ",34.432830810546875,-119.20028686523438,VENTURA,UNINCORPORATED,-119.20021820068359,34.432926177978516
91677722,2022,2022-01-13,9765,2022-01-01,0330,021682,,6,3,9,5600,0,1,3,,1,055,"SR-118 E/B","WALNUT AVENUE",2165.00,E,N,A,-,Y,VEN,,118,,,6.629,H,,R,Y,2,0,2,1,A,-,01,23152,A,N,E,I,A,A,H,-,D,D,0,,,,,Y,Y,-,"- ",2,0,0,0,0,0,0,0,0,"- ","- ",34.263629913330078,-119.06939697265625,VENTURA,UNINCORPORATED,-119.06939697265625,34.263694763183594
91679194,2022,2022-01-17,9765,2022-01-09,1100,022318,,7,1,9,5600,0,3,5,,2,005,"BRADLEY ROAD","BALCOM CANYON ROAD",3250.00,S,N,A,-,N,,,,,,,,,,Y,2,0,3,1,A,-,08,22107,,N,E,I,A,A,H,-,A,D,0,,,,,Y,,A,07,1,2,0,0,0,0,0,0,0,"- ","- ",34.309791564941406,-118.98226165771484,VENTURA,UNINCORPORATED,-118.98218536376953,34.309860229492188