CASE_ID,ACCIDENT_YEAR,PROC_DATE,JURIS,COLLISION_DATE,COLLISION_TIME,OFFICER_ID,REPORTING_DISTRICT,DAY_OF_WEEK,CHP_SHIFT,POPULATION,CNTY_CITY_LOC,SPECIAL_COND,BEAT_TYPE,CHP_BEAT_TYPE,CITY_DIVISION_LAPD,CHP_BEAT_CLASS,BEAT_NUMBER,PRIMARY_RD,SECONDARY_RD,DISTANCE,DIRECTION,INTERSECTION,WEATHER_1,WEATHER_2,STATE_HWY_IND,CALTRANS_COUNTY,CALTRANS_DISTRICT,STATE_ROUTE,ROUTE_SUFFIX,POSTMILE_PREFIX,POSTMILE,LOCATION_TYPE,RAMP_INTERSECTION,SIDE_OF_HWY,TOW_AWAY,COLLISION_SEVERITY,NUMBER_KILLED,NUMBER_INJURED,PARTY_COUNT,PRIMARY_COLL_FACTOR,PCF_CODE_OF_VIOL,PCF_VIOL_CATEGORY,PCF_VIOLATION,PCF_VIOL_SUBSECTION,HIT_AND_RUN,TYPE_OF_COLLISION,MVIW,PED_ACTION,ROAD_SURFACE,ROAD_COND_1,ROAD_COND_2,LIGHTING,CONTROL_DEVICE,CHP_ROAD_TYPE,PEDESTRIAN_ACCIDENT,BICYCLE_ACCIDENT,MOTORCYCLE_ACCIDENT,TRUCK_ACCIDENT,NOT_PRIVATE_PROPERTY,ALCOHOL_INVOLVED,STWD_VEHTYPE_AT_FAULT,CHP_VEHTYPE_AT_FAULT,COUNT_SEVERE_INJ,COUNT_VISIBLE_INJ,COUNT_COMPLAINT_PAIN,COUNT_PED_KILLED,COUNT_PED_INJURED,COUNT_BICYCLIST_KILLED,COUNT_BICYCLIST_INJURED,COUNT_MC_KILLED,COUNT_MC_INJURED,PRIMARY_RAMP,SECONDARY_RAMP,LATITUDE,LONGITUDE,COUNTY,CITY,POINT_X,POINT_Y
91679896,2021,2022-01-18,9765,2021-07-15,1428,017483,,4,2,9,5600,0,1,3,,1,031,"SR-1 (PACIFIC COAST HIGHWAY)","STATE BEACH ACCESS RD (EMMA WOOD STATE BEACH)",4646.00,N,N,A,-,Y,,,1,,,,,,,Y,1,1,0,3,A,-,09,21801,A,N,A,C,A,A,H,-,A,D,0,,,Y,,Y,,A,07,0,0,0,0,0,0,0,1,0,"- ","- ",34.305671691894531,-119.35037231445312,VENTURA,UNINCORPORATED,-119.35037231445312,34.305671691894531
91679952,2021,2022-01-18,9765,2021-09-01,1435,017483,,3,2,9,5600,0,1,3,,1,022,SR-150,"RAMELI RANCH ROAD",3168.00,W,N,A,-,Y,,,150,,,,,,,Y,1,1,0,2,A,-,05,21460,A,N,B,C,A,A,H,-,A,D,0,,,Y,Y,Y,,C,02,0,0,0,0,0,0,0,1,0,"- ","- ",34.388458251953125,-119.41358947753906,VENTURA,UNINCORPORATED,-119.41358184814453,34.388462066650391
91680989,2022,2022-01-19,9765,2022-01-10,1915,021167,,1,2,9,5600,0,3,5,,2,004,"S. MOUNTAIN RD.","RICHARDSON CANYON ROAD",2170.00,E,N,A,-,N,,,,,,,,,,Y,2,0,1,1,A,-,01,23152,A,N,F,I,A,A,H,-,D,D,0,,,,,Y,Y,A,07,1,0,0,0,0,0,0,0,0,"- ","- ",34.34857177734375,-119.04147338867188,VENTURA,UNINCORPORATED,,
91682656,2022,2022-01-21,9770,2022-01-09,1535,016383,,7,2,9,5600,0,2,4,,2,079,"DEERHILL ROAD","POPPYVIEW DRIVE",90.00,N,N,A,-,N,,,,,,,,,,N,2,0,1,2,A,-,11,21955,,N,G,B,D,A,H,-,A,D,0,Y,,,,Y,,N,60,1,0,0,0,1,0,0,0,0,"- ","- ",34.182838439941406,-118.75959014892578,VENTURA,UNINCORPORATED,-118.75966644287109,34.182865142822266
91683672,2021,2022-01-24,9765,2021-10-03,0200,022182,,7,3,6,5608,0,1,2,,2,301,"SR-126 E/B (SANTA PAULA FREEWAY)","EAST MAIN STREET",273.00,E,N,A,-,Y,,,,,,,,,,Y,1,1,0,1,A,-,01,23152,A,N,E,8,A,A,H,-,D,D,0,,,Y,,Y,Y,C,02,0,0,0,0,0,0,0,1,0,"- ","- ",34.264530181884766,-119.24181365966797,VENTURA,VENTURA,-119.24228668212891,34.26434326171875
91688395,2022,2022-01-28,9765,2022-01-16,1240,022296,,7,1,9,5600,0,1,3,,1,021,"SR-33 (MARICOPA HIGHWAY)","33 VEN MM SR-33 23.75",10.00,S,N,A,-,Y,VEN,,33,,,23.638,H,,R,Y,2,0,1,1,A,-,03,22350,,N,F,J,A,A,H,-,A,D,0,,,Y,,Y,,C,02,1,0,0,0,0,0,0,0,1,"- ","- ",34.535530090332031,-119.25241851806641,VENTURA,UNINCORPORATED,-119.25244140625,34.535568237304688
91689783,2022,2022-01-31,9770,2022-01-22,0825,018659,,6,1,9,5600,0,1,3,,1,057,"SR-23 (GRIMES CANYON ROAD)","3500 GRIMES CANYON ROAD",2320.00,N,N,A,-,Y,VEN,,23,,,20.694,H,,R,Y,2,0,2,2,A,-,08,22107,,N,A,C,A,A,H,-,A,D,0,,,,,Y,,A,01,1,0,1,0,0,0,0,0,0,"- ","- ",34.348358154296875,-118.91622161865234,VENTURA,UNINCORPORATED,-118.91622924804688,34.348354339599609
9169177,2020,2020-11-19,5604,2020-09-02,1909,5359,,3,5,6,5604,0,0,0,,0,032,"E GUAVA ST","GILSER AV",300.00,W,N,A,-,N,,,,,,,,,,N,2,0,1,2,A,-,11,21954,A,N,G,B,D,A,H,-,A,D,0,Y,,,,Y,,N,60,1,0,0,0,1,0,0,0,0,"- ","- ",34.181251525878906,-119.17359924316406,VENTURA,OXNARD,-119.17243194580078,34.181049346923828
91693013,2021,2022-02-03,9770,2021-11-27,0700,018942,,6,1,6,5609,0,1,3,,2,082,"SR-118 W/B (RONALD REAGAN FREEWAY)","KADOTA STREET",820.00,E,N,A,-,Y,,,118,,,,,,W,Y,1,1,0,1,A,-,01,23152,F,N,E,I,A,A,H,-,A,D,0,,,,,Y,,A,07,0,0,0,0,0,0,0,0,0,"- ","- ",34.281639099121094,-118.69795989990234,VENTURA,"SIMI VALLEY",-118.69795989990234,34.281772613525391
91696049,2022,2022-02-08,9765,2022-01-29,1055,021682,,6,1,9,5600,0,3,5,,2,006,"POTRERO RD","VIA ACOSTA",2429.00,W,N,A,-,N,,,,,,,,,,N,2,0,1,1,C,-,18,,,N,E,I,A,A,H,-,A,D,0,,Y,,,Y,,-,"- ",1,0,0,0,0,0,1,0,0,"- ","- ",34.158439636230469,-118.99575042724609,VENTURA,UNINCORPORATED,-118.99564361572266,34.158428192138672
91699057,2021,2022-02-11,9765,2021-09-05,1055,016549,,7,1,6,5608,0,1,2,,2,302,"US-101 N/B (VENTURA FWY)","SR-126 W/B (SANTA PAULA FWY) O/C",925.00,S,N,A,-,Y,,,101,,,,,,N,Y,1,1,0,2,A,-,03,22350,,N,B,2,A,A,H,-,A,D,0,,,Y,,Y,,C,02,0,0,0,0,0,0,0,1,0,"- ","- ",34.264030456542969,-119.234130859375,VENTURA,VENTURA,-119.23416137695312,34.263961791992188
91700043,2022,2022-02-14,9770,2022-02-04,1225,017973,,5,1,9,5600,0,2,4,,1,030,"SANTA ROSA ROAD","MOORPARK ROAD",265.00,W,N,A,G,N,,,,,,,,,,N,2,0,1,2,A,-,03,22350,,N,C,G,A,A,H,-,A,A,0,,Y,,,Y,,D,22,1,0,0,0,0,0,1,0,0,"- ","- ",34.246028900146484,-118.86958312988281,VENTURA,UNINCORPORATED,-118.86944580078125,34.246101379394531
91700080,2022,2022-02-14,9770,2022-02-12,0155,021306,,6,3,9,5600,0,2,4,,1,086,"TIERRA REJADA ROAD","SR-23 N/B (MOORPARK FREEWAY)",940.00,E,N,A,-,N,,,,,,,,,,Y,2,0,1,1,A,-,01,23152,A,N,F,I,A,B,H,-,D,D,0,,,,,Y,Y,D,22,1,0,0,0,0,0,0,0,0,"- ","- ",34.268489837646484,-118.84854888916016,VENTURA,UNINCORPORATED,-118.85107421875,34.2667236328125
91702145,2022,2022-02-16,9770,2022-02-07,0842,016198,,1,1,6,5607,0,1,2,,2,074,"US-101 N/B (VENTURA FREEWAY)","CONEJO SCHOOL ROAD",2640.00,N,N,A,-,Y,VEN,,101,,,2.278,H,,R,N,2,0,1,3,A,-,08,22107,,N,C,C,A,A,H,-,A,A,0,,,,,Y,,A,01,1,0,0,0,0,0,0,0,0,"- ","- ",34.172080993652344,-118.84648132324219,VENTURA,"THOUSAND OAKS",-118.84657287597656,34.171989440917969
91702151,2022,2022-02-16,9770,2022-02-14,0600,017627,,1,1,6,5609,0,1,3,,2,082,"SR-118 W/B (RONALD REAGAN FREEWAY)","STEARNS STREET",200.00,E,N,A,-,Y,VEN,,118,,R,28.853,H,,L,Y,2,0,1,2,A,-,07,21658,A,N,C,C,A,A,H,-,C,D,0,,,Y,,Y,,C,02,1,0,0,0,0,0,0,0,1,"- ","- ",34.28179931640625,-118.69097900390625,VENTURA,"SIMI VALLEY",-118.69097900390625,34.281761169433594
9170473,2020,2020-12-16,5608,2020-10-14,2123,511,VENTU,3,5,6,5608,0,0,0,,0,001,"S CHESTNUT ST","E MAIN ST",124.00,S,N,A,-,N,,,,,,,,,,N,2,0,1,1,A,-,03,22350,,N,F,A,A,A,H,-,C,A,0,,Y,,,Y,Y,L,04,1,0,0,0,0,0,1,0,0,"- ","- ",,,VENTURA,VENTURA,-119.29154968261719,34.280490875244141
91705607,2022,2022-02-22,9765,2022-02-11,0335,018884,,5,3,6,5608,0,1,2,,2,503,"US 101 S/B (VENTURA FREEWAY)","PLEASANT VALLEY ROAD",3696.00,N,N,A,-,Y,VEN,,101,,,13.026,H,,L,Y,2,0,2,1,A,-,08,22107,,N,F,8,A,A,H,-,D,D,0,,,,,Y,,D,22,2,0,0,0,0,0,0,0,0,"- ","- ",34.215648651123047,-119.02008819580078,VENTURA,VENTURA,-119.02008819580078,34.215682983398438
91707239,2022,2022-02-23,9765,2022-02-14,1040,019884,,1,1,9,5600,0,3,5,,2,006,"LAS POSAS ROAD","REVOLON SLOUGH",535.00,S,N,A,-,N,,,,,,,,,,Y,2,0,2,2,A,-,01,23152,A,N,B,C,A,A,H,-,A,D,0,,,,,Y,Y,D,22,1,1,0,0,0,0,0,0,0,"- ","- ",34.130050659179688,-119.08116149902344,VENTURA,UNINCORPORATED,,
91708260,2022,2022-02-24,9765,2022-02-18,1400,022318,,5,2,5,5601,0,1,2,,2,503,"US-101 S/B TO PLEASANT VALLEY ROAD","PLEASANT VALLEY RD O/C",324.00,N,N,A,-,Y,VEN,,101,,,12.369,H,,L,N,2,0,1,1,A,-,03,22350,,N,F,A,A,A,H,-,A,D,0,,,Y,,Y,,C,02,1,0,0,0,0,0,0,0,1,"- ","- ",34.213790893554688,-119.00904083251953,VENTURA,CAMARILLO,-119.00894165039062,34.213996887207031
91712380,2022,2022-03-01,9765,2022-02-07,1735,022318,,1,2,5,5601,0,1,2,,2,501,"US-101 S/B (VENTURA FREEWAY)","ARNEIL ROAD O/C",372.00,N,N,A,-,Y,VEN,,101,,,14.207,H,,L,N,2,0,1,2,A,-,03,22350,,N,B,C,A,A,H,-,A,D,0,,,Y,,Y,,C,02,1,0,0,0,0,0,0,0,1,"- ","- ",34.217350006103516,-119.04041290283203,VENTURA,CAMARILLO,-119.04041290283203,34.217323303222656
91712406,2022,2022-03-01,9765,2022-02-15,0300,022272,,2,3,9,5600,0,3,5,,2,002,"FAIRVIEW ROAD","CAMP RAMAH ROAD",157.00,E,N,A,-,N,,,,,,,,,,Y,2,0,1,1,A,-,01,23152,A,N,E,I,A,A,H,-,D,D,0,,,,,Y,Y,A,01,1,0,0,0,0,0,0,0,0,"- ","- ",34.4581298828125,-119.26708984375,VENTURA,UNINCORPORATED,,
91716980,2022,2022-03-07,9765,2022-02-27,2104,020729,,7,2,6,5608,0,1,S,,2,703,"SR-126 E/B","MAIN STREET",250.00,E,N,A,-,Y,,,,,,,,,,Y,2,0,2,1,A,-,01,23152,A,N,E,8,A,A,H,-,C,D,0,,,,,Y,Y,A,01,1,1,0,0,0,0,0,0,0,"- ","- ",34.264629364013672,-119.24056243896484,VENTURA,VENTURA,-119.24235534667969,34.264328002929688
91717036,2022,2022-05-03,9765,2022-02-27,1454,022337,,7,2,9,5600,0,3,5,,2,001,"SR-1 (PACIFIC COASTV HIGHWAY)","EMMA WOOD STATE BEACH",1600.00,N,N,A,-,N,,,,,,,,,,Y,2,0,7,2,A,-,08,22107,,N,A,C,A,A,H,-,A,D,0,,,,,Y,,A,01,1,4,2,0,0,0,0,0,0,"- ","- ",34.297531127929688,-119.34269714355469,VENTURA,UNINCORPORATED,-119.34271240234375,34.297519683837891
91721751,2022,2022-03-14,9765,2022-03-02,1655,017253,,3,2,4,5606,0,1,3,,2,040,"SR-126 E/B (SANTA PAULA FREEWAY)","PECK ROAD",1222.00,E,N,A,-,Y,VEN,,126,,R,10.617,H,,R,Y,2,0,1,1,A,-,01,23152,A,N,E,8,A,A,H,-,A,D,0,,,,,Y,Y,D,22,1,0,0,0,0,0,0,0,0,"- ","- ",34.339031219482422,-119.07930755615234,VENTURA,"SANTA PAULA",-119.07936096191406,34.339088439941406
91735971,2021,2022-03-29,9765,2021-12-09,1600,020729,,4,2,9,5600,0,1,3,,2,063,"RICE AVENUE","CHANNEL ISLANDS BOULEVARD",0.00,,Y,A,-,Y,,,,,,,,,,Y,1,1,0,1,A,-,03,22350,,N,E,I,A,A,H,-,A,A,0,,,,,Y,,A,01,0,0,0,0,0,0,0,0,0,"- ","- ",34.173049926757812,-119.14282989501953,VENTURA,UNINCORPORATED,-119.14266204833984,34.173206329345703
91741084,2021,2022-04-05,9765,2021-12-12,0226,019277,,7,3,6,5608,0,1,2,,2,302,"US-101 N/B (VENTURA FREEWAY)","TELEPHONE ROAD",238.00,N,N,A,-,Y,,,101,,,,,,N,Y,1,1,0,1,A,-,01,23152,A,N,E,8,A,A,H,-,D,D,0,,,,,Y,Y,A,01,0,0,0,0,0,0,0,0,0,"- ","- ",34.262760162353516,-119.23159790039062,VENTURA,VENTURA,-119.23161315917969,34.262737274169922
9174143,2020,2021-02-03,5600,2020-11-23,1756,4615,8010,1,5,5,5601,0,0,0,,0,8A01,"LAS POSAS RD","CRESTVIEW AV",0.00,,Y,A,-,,,,,,,,,,,Y,2,0,1,2,D,-,00,,,F,H,C,A,A,H,-,C,A,0,,,,,Y,,-,"- ",1,0,0,0,0,0,0,0,0,"- ","- ",34.229141235351562,-119.06976318359375,VENTURA,CAMARILLO,-119.06999969482422,34.229038238525391
91743317,2022,2022-04-07,9770,2022-03-26,1530,021738,,6,2,6,5607,0,1,2,,2,072,"US-101 N/B (VENTURA FREEWAY)","VENTU PARK ROAD OVERCROSSING",1584.00,S,N,A,-,Y,VEN,,101,,,5.836,H,,R,Y,2,0,3,3,A,-,01,23152,A,N,C,C,A,A,H,-,A,D,0,,,Y,,Y,Y,C,02,1,2,0,0,0,0,0,0,3,"- ","- ",34.1844482421875,-118.90506744384766,VENTURA,"THOUSAND OAKS",-118.90506744384766,34.184494018554688
91746315,2022,2022-04-12,9765,2022-04-05,0905,016234,,2,1,9,5600,0,1,3,,1,062,"SR-1 (PACIFIC COAST HWY)","POINT MUGU STATE PARK",1150.00,S,N,A,-,Y,VEN,,1,,,7.521,H,,R,Y,2,0,1,2,A,-,08,22107,,N,D,C,A,A,H,-,A,D,0,,Y,,Y,Y,,L,04,1,0,0,0,0,0,1,0,0,"- ","- ",34.086780548095703,-119.06050872802734,VENTURA,UNINCORPORATED,-119.06052398681641,34.086742401123047
91753602,2022,2022-04-21,9765,2022-04-16,1455,022453,,6,2,6,5604,0,1,2,,2,502,"US-101 N/B (VENTURA FREEWAY)","VINEYARD AVENUE",0.00,,N,A,-,Y,VEN,,101,,,21.737,H,,R,Y,2,0,2,3,A,-,07,21658,A,N,D,C,A,A,H,-,A,D,0,,,Y,,Y,,A,01,2,0,0,0,0,0,0,0,1,"- ","- ",34.229129791259766,-119.17021942138672,VENTURA,OXNARD,-119.17025756835938,34.229091644287109
91755672,2021,2022-04-25,9765,2021-05-31,0550,022337,,1,3,9,5600,0,3,5,,2,006,"RICE AVENUE","WOOLEY ROAD",2030.00,S,N,B,-,N,,,,,,,,,,Y,1,1,0,1,A,-,01,23152,F,N,E,I,A,A,H,-,A,D,0,,,,,Y,,D,22,0,0,0,0,0,0,0,0,0,"- ","- ",34.184120178222656,-119.14266967773438,VENTURA,UNINCORPORATED,-119.14253234863281,34.184150695800781
91756617,2022,2022-04-26,9770,2022-04-17,2142,021485,,7,2,6,5609,0,1,3,,2,082,"SR-118 W/B (RONALD REAGAN FREEWAY)","KUEHNER DRIVE",900.00,E,N,A,-,Y,VEN,,118,,R,30.732,H,,L,Y,2,0,4,4,A,-,01,23152,A,N,B,C,A,A,H,-,D,D,0,,,,,Y,Y,A,01,2,2,0,0,0,0,0,0,0,"- ","- ",34.277820587158203,-118.65902709960938,VENTURA,"SIMI VALLEY",-118.65906524658203,34.277786254882812
91760819,2022,2022-04-29,9430,2022-04-23,1355,018631,,6,1,9,5600,0,2,4,,1,031,"LOCKWOOD VALLEY ROAD","FOREST RTE 8N04",6547.00,W,N,A,-,N,,,,,,,,,,N,2,0,1,1,A,-,03,22350,,N,F,I,A,A,H,-,A,D,0,,,Y,,Y,,C,02,1,0,0,0,0,0,0,0,1,"- ","- ",34.797958374023438,-119.02867126464844,VENTURA,UNINCORPORATED,-119.02870178222656,34.797897338867188
91761139,2022,2022-04-29,9765,2022-03-12,1750,022337,,6,2,6,5604,0,1,2,,2,502,"US-101 N/B (VENTURA FREEWAY)","VINEYARD AVENUE",2112.00,S,N,A,-,Y,VEN,,101,,,21.601,H,,R,Y,2,0,1,2,A,-,08,22107,,N,C,C,A,A,H,-,A,D,0,,,Y,,Y,,C,02,1,0,0,0,0,0,0,0,1,"- ","- ",34.227928161621094,-119.16832733154297,VENTURA,OXNARD,-119.1683349609375,34.227920532226562
91762035,2021,2022-05-02,9765,2021-09-11,1256,020345,,6,1,9,5600,0,1,3,,1,062,"SR-1 (PACIFIC COAST HIGHWAY)","DEER CREEK ROAD",2967.00,N,N,A,-,Y,,,1,,,,,,,Y,1,2,3,2,A,-,08,22107,,N,A,C,A,A,H,-,A,D,0,,,,,Y,Y,A,07,3,0,0,0,0,0,0,0,0,"- ","- ",34.065750122070312,-118.99443054199219,VENTURA,UNINCORPORATED,-118.99443054199219,34.065750122070312
91763616,2022,2022-05-03,9765,2022-03-09,2038,022337,,3,2,6,5608,0,1,3,,2,030,"SR-126 E/B (SANTA PAULA FREEWAY)","WELLS ROAD",1056.00,W,N,A,-,Y,VEN,,126,,,4.861,H,,R,N,2,0,1,2,A,-,11,21956,A,F,G,B,D,A,H,-,C,D,0,Y,,,,Y,,N,60,1,0,0,0,1,0,0,0,0,"- ","- ",34.288150787353516,-119.15869903564453,VENTURA,VENTURA,-119.15869903564453,34.288154602050781
91763639,2022,2022-05-03,9765,2022-03-18,1710,022337,,5,2,9,5600,0,1,3,,1,062,"SR-1 (PACIFIC COAST HIGHWAY)","DEER CREEK ROAD",5800.00,N,N,A,-,Y,VEN,,1,,,3.770,H,,R,Y,2,0,3,3,A,-,08,22107,,N,D,C,A,A,D,-,A,D,0,,,,,Y,,A,01,1,0,2,0,0,0,0,0,0,"- ","- ",34.066341400146484,-119.004150390625,VENTURA,UNINCORPORATED,-119.00417327880859,34.066596984863281
91778060,2022,2022-05-23,9765,2022-05-15,1954,021999,,7,2,6,5608,0,1,2,,2,302,"US-101 N/B TO JOHNSON DRIVE","VENTURA ROAD",90.00,S,N,B,-,Y,VEN,,101,,R,23.673,H,,R,Y,2,0,1,1,A,-,01,23152,A,N,E,I,A,A,H,-,B,A,0,,,,,Y,Y,A,01,1,0,0,0,0,0,0,0,0,"- ","- ",34.245311737060547,-119.19606781005859,VENTURA,VENTURA,-119.19622039794922,34.245094299316406
91778951,2022,2022-05-24,9765,2022-05-14,1150,022318,,6,1,5,5601,0,1,2,,2,502,"US-101 N/B (VENTURA FREEWAY)","LAS POSAS RD",436.00,S,N,A,-,Y,VEN,,101,,,15.800,H,,R,Y,2,0,1,3,A,-,03,22350,,N,B,C,A,A,H,-,A,D,0,,,Y,,Y,,C,02,1,0,0,0,0,0,0,0,1,"- ","- ",34.219120025634766,-119.06826019287109,VENTURA,CAMARILLO,-119.06825256347656,34.219165802001953
91779038,2022,2022-05-24,9765,2022-05-16,1540,020187,,1,2,9,5600,0,3,5,,2,006,"PLEASANT VALLEY RD","LAGUNA RD",1294.00,N,N,A,-,N,,,,,,,,,,Y,2,0,1,3,A,-,06,21755,A,N,D,C,A,A,H,-,A,D,0,,,,,Y,,A,01,1,0,0,0,0,0,0,0,0,"- ","- ",34.17926025390625,-119.12065124511719,VENTURA,UNINCORPORATED,-119.12059020996094,34.17938232421875
91785089,2021,2022-05-31,9765,2021-06-13,1609,022488,,7,2,5,5601,0,1,2,,2,503,"US-101 S/B (VENTURA FREEWAY)","CAMARILLO SPRINGS ROAD",1800.00,N,N,A,-,Y,,,101,,,,,,S,Y,1,1,0,2,A,-,00,23103,,N,B,C,A,A,H,-,A,D,0,,,Y,,Y,,C,02,0,0,0,0,0,0,0,1,0,"- ","- ",34.205661773681641,-118.98959350585938,VENTURA,CAMARILLO,-118.98959350585938,34.205657958984375
91786128,2022,2022-06-01,9770,2022-05-25,0448,020721,,3,3,5,5601,0,1,2,,2,071,"US-101 S/B (VENTURA FREEWAY)","CAMARILLO SPRINGS ROAD",2112.00,S,N,B,-,Y,VEN,,101,,,10.326,H,,L,Y,2,0,2,2,C,-,18,,,N,D,C,A,A,H,-,D,D,0,,,,,Y,Y,-,"- ",1,1,0,0,0,0,0,0,0,"- ","- ",34.201431274414062,-118.97785186767578,VENTURA,CAMARILLO,-118.97783660888672,34.201450347900391
91787608,2022,2022-06-03,9765,2022-05-26,1625,022518,,4,2,6,5608,0,1,2,,1,104,"US101 NB (VENTURA FREEWAY)",SANJON,358.00,N,N,A,-,Y,VEN,,101,,,29.623,H,,R,Y,2,0,1,1,A,-,08,22107,,N,E,I,A,A,H,-,A,A,0,,,,,Y,,A,01,1,0,0,0,0,0,0,0,0,"- ","- ",34.274188995361328,-119.28558349609375,VENTURA,VENTURA,-119.28558349609375,34.274188995361328
91788701,2022,2022-06-06,9765,2022-05-28,2019,021852,,6,2,9,5600,0,1,3,,2,040,"MISSION ROCK RD","SHELL ROAD",1584.00,N,N,A,-,Y,,,,,,,,,,Y,2,0,1,1,A,-,08,22107,,N,E,I,A,A,H,-,D,D,0,,,,,Y,,A,01,1,0,0,0,0,0,0,0,0,"- ","- ",34.317989349365234,-119.10561370849609,VENTURA,UNINCORPORATED,,
91789716,2022,2022-06-07,9765,2022-05-18,1705,020708,,3,2,4,5606,0,1,3,,2,040,"SR-126 E/B","HALLOCK DRIVE",1390.00,W,N,A,-,Y,VEN,,126,,R,12.975,H,,R,Y,2,0,4,4,A,-,03,22350,,N,C,C,A,A,H,-,A,D,0,,,,,Y,,D,22,1,1,2,0,0,0,0,0,0,"- ","- ",34.357410430908203,-119.04488372802734,VENTURA,"SANTA PAULA",-119.04486846923828,34.357398986816406
91792897,2022,2022-06-10,9770,2022-01-09,0340,021341,,7,3,5,5601,0,1,2,,2,070,"US-101 N/B (VENTURA FREEWAY)","CONEJO ENFORCEMENT FACILITY",688.00,N,N,A,-,Y,VEN,,101,,,9.247,H,,R,Y,1,1,0,1,A,-,01,23152,A,N,E,I,A,A,H,-,C,D,0,,,,,Y,Y,A,01,0,0,0,0,0,0,0,0,0,"- ","- ",34.20050048828125,-118.95906066894531,VENTURA,CAMARILLO,-118.95906829833984,34.200408935546875
9179386,2020,2020-12-04,5600,2020-10-26,1939,3147,9154,1,5,6,5607,0,0,0,,0,9G01,"HAMPSHIRE RD","THOUSAND OAKS BL",252.00,S,N,A,-,N,,,,,,,,,,Y,2,0,1,1,A,-,03,22350,,N,E,I,A,A,H,-,A,A,0,,,,,Y,,A,01,1,0,0,0,0,0,0,0,0,"- ","- ",34.169239044189453,-118.836181640625,VENTURA,"THOUSAND OAKS",-118.83653259277344,34.168636322021484
91796034,2022,2022-06-15,9765,2022-06-07,1030,016712,,2,1,9,5600,0,1,3,,1,044,"SR-150 (N. OJAI RD)","BEASLEY (PRIVATE ROAD)",27.00,S,N,A,-,Y,VEN,,150,,,28.282,H,,R,Y,2,0,1,2,A,-,09,21804,A,N,A,C,A,A,H,-,A,D,0,,,Y,,Y,,A,08,1,0,0,0,0,0,0,0,1,"- ","- ",34.426929473876953,-119.09529876708984,VENTURA,UNINCORPORATED,-119.09530639648438,34.426914215087891
91803316,2022,2022-06-27,9770,2022-06-19,1250,017973,,7,1,9,5600,0,3,5,,2,008,"SANTA SUSANA PASS ROAD","BOX CANYON ROAD",250.00,E,N,A,-,N,,,,,,,,,,N,2,0,1,2,A,-,08,22107,,N,B,C,A,A,H,-,A,D,0,,,Y,,Y,,C,02,1,0,0,0,0,0,0,0,1,"- ","- ",34.263759613037109,-118.64311981201172,VENTURA,UNINCORPORATED,-118.64314270019531,34.263740539550781
91806321,2022,2022-06-29,9765,2022-06-09,0550,022296,,4,3,9,5600,0,1,3,,1,020,SR-33,"CASITAS VISTA RD",2165.00,N,N,B,-,Y,VEN,,33,,T,5.910,H,,R,Y,2,0,2,2,A,-,08,22107,,N,A,C,A,A,H,-,B,D,0,,,,Y,Y,,A,01,1,1,0,0,0,0,0,0,0,"- ","- ",34.358470916748047,-119.30921936035156,VENTURA,UNINCORPORATED,-119.30917358398438,34.358478546142578
91816304,2022,2022-07-13,9765,2022-07-04,1238,022872,,1,1,9,5600,0,1,3,,1,021,"SR-33 S/B (MARICOPA HWY)","ROSE VALLEY ROAD",2112.00,S,N,A,-,Y,,,,,,,,,,Y,2,0,1,1,A,-,08,22107,,N,E,I,A,A,H,-,A,D,0,,,Y,,Y,,C,02,1,0,0,0,0,0,0,0,1,"- ","- ",34.315601348876953,-119.14409637451172,VENTURA,UNINCORPORATED,-119.24504089355469,34.532039642333984
91816509,2022,2022-07-13,9765,2022-06-26,1340,022318,,7,1,9,5600,0,1,3,,2,040,"SR-126 E/B (SANTA PAULA FREEWAY)","10 TH STREET",912.00,W,N,A,-,Y,VEN,,126,,R,11.873,H,,R,Y,2,0,1,1,A,-,08,22107,,M,E,I,A,A,H,-,A,D,0,,,,,Y,,A,01,1,0,0,0,0,0,0,0,0,"- ","- ",34.349338531494141,-119.06120300292969,VENTURA,UNINCORPORATED,-119.06117248535156,34.349277496337891
91818920,2022,2022-07-18,9770,2022-07-06,2055,019057,,3,2,4,5690,0,1,3,,2,085,"SR-23 S/B (MOORPARK FREEWAY)","LOS ANGELES AVENUE",575.00,S,N,A,-,Y,,,,,,,,,,Y,2,0,1,1,A,-,01,23152,G,N,E,I,A,A,H,-,C,D,0,,,,,Y,Y,A,01,1,0,0,0,0,0,0,0,0,"- ","- ",34.280208587646484,-118.86334991455078,VENTURA,MOORPARK,-118.86263275146484,34.280696868896484