CASE_ID,ACCIDENT_YEAR,PROC_DATE,JURIS,COLLISION_DATE,COLLISION_TIME,OFFICER_ID,REPORTING_DISTRICT,DAY_OF_WEEK,CHP_SHIFT,POPULATION,CNTY_CITY_LOC,SPECIAL_COND,BEAT_TYPE,CHP_BEAT_TYPE,CITY_DIVISION_LAPD,CHP_BEAT_CLASS,BEAT_NUMBER,PRIMARY_RD,SECONDARY_RD,DISTANCE,DIRECTION,INTERSECTION,WEATHER_1,WEATHER_2,STATE_HWY_IND,CALTRANS_COUNTY,CALTRANS_DISTRICT,STATE_ROUTE,ROUTE_SUFFIX,POSTMILE_PREFIX,POSTMILE,LOCATION_TYPE,RAMP_INTERSECTION,SIDE_OF_HWY,TOW_AWAY,COLLISION_SEVERITY,NUMBER_KILLED,NUMBER_INJURED,PARTY_COUNT,PRIMARY_COLL_FACTOR,PCF_CODE_OF_VIOL,PCF_VIOL_CATEGORY,PCF_VIOLATION,PCF_VIOL_SUBSECTION,HIT_AND_RUN,TYPE_OF_COLLISION,MVIW,PED_ACTION,ROAD_SURFACE,ROAD_COND_1,ROAD_COND_2,LIGHTING,CONTROL_DEVICE,CHP_ROAD_TYPE,PEDESTRIAN_ACCIDENT,BICYCLE_ACCIDENT,MOTORCYCLE_ACCIDENT,TRUCK_ACCIDENT,NOT_PRIVATE_PROPERTY,ALCOHOL_INVOLVED,STWD_VEHTYPE_AT_FAULT,CHP_VEHTYPE_AT_FAULT,COUNT_SEVERE_INJ,COUNT_VISIBLE_INJ,COUNT_COMPLAINT_PAIN,COUNT_PED_KILLED,COUNT_PED_INJURED,COUNT_BICYCLIST_KILLED,COUNT_BICYCLIST_INJURED,COUNT_MC_KILLED,COUNT_MC_INJURED,PRIMARY_RAMP,SECONDARY_RAMP,LATITUDE,LONGITUDE,COUNTY,CITY,POINT_X,POINT_Y
91821749,2022,2022-07-21,9770,2022-07-19,1815,020169,,2,2,9,5600,0,1,3,,1,050,"SR-118 (LOS ANGELES AVENUE)","SOMIS ROAD",890.00,E,N,A,-,N,,,,,,,,,,Y,2,0,1,2,A,-,01,23152,G,N,A,C,A,A,H,-,A,A,0,,,,,Y,Y,A,08,1,0,0,0,0,0,0,0,0,"- ","- ",34.263439178466797,-118.99153900146484,VENTURA,UNINCORPORATED,-118.99153900146484,34.263427734375
9182211,2020,2020-12-10,5604,2020-10-24,1039,5566,,6,5,6,5604,0,0,0,,0,023,"S OXNARD BL","E 6TH ST E",0.00,,Y,A,-,N,,,,,,,,,,Y,2,0,6,2,A,-,17,21461,A,N,D,C,A,A,H,-,A,A,0,,,,,Y,,A,07,1,0,5,0,0,0,0,0,0,"- ","- ",34.196361541748047,-119.17739868164062,VENTURA,OXNARD,-119.17735290527344,34.19635009765625
91823122,2022,2022-07-22,9765,2022-04-18,0910,020873,,1,1,9,5600,0,1,3,,1,055,"SR-118 (E. LOS ANGELES AVE)","BRADLEY ROAD",0.00,,Y,A,-,Y,VEN,,118,,,9.993,H,,R,Y,1,1,0,2,A,-,05,21752,D,N,A,C,A,A,H,-,A,A,0,,,Y,,Y,,C,02,0,0,0,0,0,0,0,1,0,"- ","- ",34.263759613037109,-119.01116943359375,VENTURA,UNINCORPORATED,-119.01116943359375,34.263763427734375
91832204,2022,2023-01-20,9765,2022-07-26,2115,022337,,2,2,9,5600,0,1,3,,2,011,"SR-33 S/B (OJAI FREEWAY)","STANLEY AVENUE",30.00,N,N,A,-,Y,VEN,,33,,,1.582,H,,L,N,2,0,1,2,A,-,00,21960,A,N,G,B,E,A,H,-,C,D,0,Y,,,,Y,Y,-,"- ",1,0,0,0,1,0,0,0,0,"- ","- ",34.300998687744141,-119.30187225341797,VENTURA,UNINCORPORATED,-119.30184173583984,34.300991058349609
91840444,2022,2022-08-15,9765,2022-08-07,1345,022345,,7,1,9,5600,0,1,3,,1,021,"SR-33 (MARICOPA HIGHWAY)","NORTH FORK MATILIJA CREEK",60.00,S,N,A,-,Y,VEN,,33,,,19.707,H,,R,Y,2,0,1,2,A,-,09,21801,A,N,D,2,A,A,H,-,A,D,0,,,Y,,Y,,A,01,1,0,0,0,0,0,0,0,1,"- ","- ",34.518318176269531,-119.27098846435547,VENTURA,UNINCORPORATED,-119.27096557617188,34.518321990966797
91841240,2022,2022-08-16,9770,2022-06-13,2255,021909,,1,3,6,5609,0,1,3,,2,082,"SR-118 W/B (RONALD REAGAN FREEWAY) TO SYCAMORE DRI","SYCAMORE DRIVE",958.00,E,N,A,-,Y,VEN,,118,,R,26.016,H,,L,N,1,1,0,2,A,-,11,21954,A,N,G,B,E,A,H,-,C,D,0,Y,,,,Y,,N,60,0,0,0,1,0,0,0,0,0,"- ","- ",34.282558441162109,-118.74053192138672,VENTURA,"SIMI VALLEY",-118.74053192138672,34.282424926757812
91842782,2022,2022-08-17,9770,2022-08-06,0159,020832,,6,3,9,5600,0,1,3,,1,044,"SR-126 W/B (EAST TELEGRAPH ROAD)","FISH HATCHERY ROAD",250.00,E,N,A,-,Y,VEN,,126,,R,23.173,H,,L,Y,2,0,2,2,A,-,01,23152,A,N,A,C,A,A,H,-,D,D,0,,,,,Y,Y,A,01,1,1,0,0,0,0,0,0,0,"- ","- ",34.395580291748047,-118.88358306884766,VENTURA,UNINCORPORATED,-118.88358306884766,34.395557403564453
9184407,2020,2020-12-17,5600,2020-09-06,1900,5179,8128,7,5,5,5601,0,0,0,,0,8C01,"LANDEN ST","MUNSON ST N",0.00,,Y,A,-,N,,,,,,,,,,Y,2,0,1,2,A,-,03,22350,,N,H,A,A,A,H,-,A,D,0,,Y,,,Y,,L,04,1,0,0,0,0,0,1,0,0,"- ","- ",34.237888336181641,-119.03105163574219,VENTURA,CAMARILLO,-119.03446197509766,34.234931945800781
91845005,2022,2022-12-23,9765,2022-08-09,1640,022318,,2,2,9,5600,0,1,2,,1,101,"US-101 NB (VENTURA FREWAY)","BATES ROAD",4688.00,S,N,A,-,Y,VEN,,101,,,42.692,H,,R,Y,2,0,2,3,A,-,08,22107,,N,D,C,A,A,H,-,A,D,0,,,,,Y,,A,07,2,0,0,0,0,0,0,0,0,"- ","- ",34.374809265136719,-119.46217346191406,VENTURA,UNINCORPORATED,-119.46213531494141,34.374908447265625
91848072,2022,2022-08-24,9770,2022-08-18,1905,019955,,4,2,9,5600,0,1,3,,1,046,"SR-126 W/B (EAST TELEGRAPH ROAD)","MAIN STREET",20.00,E,N,A,-,Y,VEN,,126,,R,28.351,H,,L,Y,2,0,1,1,A,-,03,22350,,N,F,A,A,A,H,-,A,D,0,,,Y,,Y,,C,02,1,0,0,0,0,0,0,0,1,"- ","- ",34.405361175537109,-118.79450225830078,VENTURA,UNINCORPORATED,-118.79443359375,34.405281066894531
91851913,2022,2022-08-29,9765,2022-08-19,2335,022518,,5,3,6,5608,0,1,2,,1,104,"US-101 NB (VENTURA FREEWAY)","MONMOUTH WAY",148.00,N,N,A,-,Y,VEN,,101,,,28.724,H,,R,N,2,0,1,2,A,-,00,21960,A,N,G,B,D,A,H,-,C,D,0,Y,,,,Y,,N,60,1,0,0,0,1,0,0,0,0,"- ","- ",34.268459320068359,-119.27162933349609,VENTURA,VENTURA,-119.27165222167969,34.268451690673828
91853397,2022,2022-08-30,9765,2022-08-16,1533,022872,,2,2,9,5600,0,1,3,,1,062,"SR-1 N/B (PACIFIC COAST HIGHWAY)","CALLEGUAS CREEK ROAD",3696.00,S,N,A,-,Y,VEN,,1,,,9.069,H,,R,Y,2,0,2,2,A,-,01,23152,A,N,A,C,A,A,H,-,A,D,0,,,,,Y,Y,A,07,2,0,0,0,0,0,0,0,0,"- ","- ",34.101398468017578,-119.08106231689453,VENTURA,UNINCORPORATED,-119.08108520507812,34.101390838623047
9185628,2020,2021-01-11,5600,2020-10-24,1002,5008,8077,6,5,5,5601,0,0,0,,0,8A01,"PONDEROSA DR","EARL JOSEPH DR",0.00,,Y,A,-,N,,,,,,,,,,Y,2,0,1,2,A,-,09,21801,,N,D,C,A,A,H,-,A,A,0,,,,,Y,,D,72,1,0,0,0,0,0,0,0,0,"- ","- ",34.223590850830078,-119.07874298095703,VENTURA,CAMARILLO,-119.07868194580078,34.223628997802734
91857611,2022,2022-09-06,9770,2022-08-25,1810,020641,,4,2,9,5600,0,3,5,,2,005,"CITRUS DRIVE","HITCH BOULEVARD",800.00,W,N,A,-,N,,,,,,,,,,N,2,0,1,2,A,-,03,22350,,N,B,G,A,A,H,-,B,D,0,,Y,Y,,Y,Y,C,03,1,0,0,0,0,0,1,0,0,"- ","- ",34.265510559082031,-118.91803741455078,VENTURA,UNINCORPORATED,-118.91794586181641,34.265472412109375
91860700,2022,2022-09-09,9765,2022-09-04,1945,022453,,7,2,5,5601,0,1,2,,2,504,"CARMEN DRIVE TO N/B US-101","CARMEN DRIVE",150.00,N,N,A,-,Y,VEN,,101,,,14.880,H,,R,N,2,0,3,2,A,-,01,23153,A,N,F,C,A,A,H,-,C,D,0,,,,,Y,Y,A,01,3,0,0,0,0,0,0,0,0,"- ","- ",34.217971801757812,-119.05193328857422,VENTURA,CAMARILLO,-119.05194091796875,34.217842102050781
91865288,2022,2022-09-15,9765,2022-08-25,1509,022872,,4,2,9,5600,0,3,5,,2,006,"E PLEASANT VALLEY ROAD","HAILES ROAD",131.00,N,N,A,-,N,,,,,,,,,,Y,2,0,2,2,A,-,08,22107,,N,C,C,A,A,H,-,A,D,0,,,,,Y,,A,01,1,0,1,0,0,0,0,0,0,"- ","- ",34.175239562988281,-119.12448883056641,VENTURA,UNINCORPORATED,-119.12460327148438,34.175178527832031
91868140,2022,2022-09-19,9765,2022-05-30,1845,022518,,1,2,9,5600,0,1,3,,1,062,"SR-1 (PACIFIC COAST HIGHWAY)","LAGUNA PEAK ACCESS ROAD",1584.00,S,N,A,-,Y,VEN,,1,,,9.506,H,,R,Y,1,1,0,1,A,-,01,23152,A,N,E,I,A,A,H,-,A,D,0,,,Y,,Y,Y,C,02,0,0,0,0,0,0,0,1,0,"- ","- ",34.107631683349609,-119.07917022705078,VENTURA,UNINCORPORATED,-119.07935333251953,34.107608795166016
91870647,2022,2022-09-22,9770,2022-09-11,1952,020169,,7,2,9,5600,0,2,4,,2,079,"KANAN ROAD",SMOKETREE,13.00,N,N,A,-,N,,,,,,,,,,Y,2,0,2,3,A,-,12,21453,A,N,G,B,B,A,H,-,C,A,0,Y,,,,Y,,A,01,2,0,0,0,2,0,0,0,0,"- ","- ",34.175029754638672,-118.75919342041016,VENTURA,UNINCORPORATED,-118.75933837890625,34.174915313720703
91876449,2022,2022-09-29,9770,2022-09-18,2043,020832,,7,2,9,5600,0,1,3,,1,053,"SR-118 E/B (LOS ANGELES AVENUE)","HITCH BOULEVARD",623.00,E,N,A,-,Y,VEN,,118,,,15.017,H,,R,Y,2,0,1,2,A,-,16,24002,A,N,E,I,A,A,H,-,C,D,0,,,,,Y,,A,01,1,0,0,0,0,0,0,0,0,"- ","- ",34.276309967041016,-118.92552947998047,VENTURA,UNINCORPORATED,-118.92557525634766,34.2763671875
91876524,2022,2022-09-29,9770,2022-09-23,2245,021911,,5,3,6,5607,0,1,2,,2,073,"US-101 S/B (VENTURA FREEWAY)","VENTU PARK ROAD",1950.00,N,N,A,-,Y,VEN,,101,,,6.563,H,,L,Y,2,0,1,1,A,-,08,22107,,N,E,I,A,A,H,-,C,D,0,,,,,Y,,-,"- ",1,0,0,0,0,0,0,0,0,"- ","- ",34.184120178222656,-118.91777038574219,VENTURA,"THOUSAND OAKS",-118.91777038574219,34.184234619140625
91876926,2021,2022-09-29,9765,2021-12-18,0305,022461,,6,3,6,5608,0,1,2,,1,104,"US-101 N/B (VENTURA FREEWAY)","CALIFORNIA STREET OVER CROSSING",1605.00,S,N,A,-,Y,,,101,,,,,,N,Y,1,1,4,3,A,-,01,23152,A,N,A,C,A,A,H,-,C,D,0,,,,,Y,Y,A,01,1,3,0,0,0,0,0,0,0,"- ","- ",34.27593994140625,-119.28800201416016,VENTURA,VENTURA,-119.28802490234375,34.275901794433594
91883219,2022,2022-12-06,9765,2022-04-29,0700,019884,,5,1,9,5600,0,1,3,,2,060,"SR-1 N/B (PACIFIC COAST HIGHWAY)","WOOD ROAD",1584.00,N,N,A,-,Y,VEN,,1,,,11.979,H,,R,Y,1,1,0,3,A,-,08,22107,,N,B,4,E,A,H,-,A,D,0,Y,,,,Y,,A,07,0,0,0,1,0,0,0,0,0,"- ","- ",34.138038635253906,-119.10214996337891,VENTURA,UNINCORPORATED,-119.10218048095703,34.138023376464844
9188705,2020,2021-01-11,5600,2020-10-24,2300,4964,9064,6,5,6,5607,0,0,0,,0,9B01,"JANSS RD","MOORPARK RD",43.00,E,N,A,-,N,,,,,,,,,,Y,2,0,1,2,A,-,01,23152,A,N,C,C,A,A,H,-,C,A,0,,,,,Y,Y,A,01,1,0,0,0,0,0,0,0,0,"- ","- ",34.199741363525391,-118.86846160888672,VENTURA,"THOUSAND OAKS",-118.86842346191406,34.199737548828125
91892087,2022,2022-10-17,9770,2022-07-12,1822,020832,,2,2,9,5600,0,1,3,,1,057,"SR-23 (CHAMBERSBURG ROAD)","SCHOOL FARM ROAD",593.00,S,N,A,-,Y,VEN,,23,,,23.347,H,,R,Y,1,1,0,1,A,-,01,23152,F,N,E,8,A,A,H,-,A,D,0,,,,,Y,,A,07,0,0,0,0,0,0,0,0,0,"- ","- ",34.384380340576172,-118.91565704345703,VENTURA,UNINCORPORATED,-118.91574096679688,34.384380340576172
91892585,2022,2022-10-18,9765,2022-09-08,1935,022453,,4,2,9,5600,0,1,3,,1,062,"STATE ROUTE 1 (PACIFIC COAST HIGHWAY)","LOS ANGELES COUNTY LINE",1816.80,N,N,A,-,Y,VEN,,1,,,0.334,H,,R,N,1,1,0,2,A,-,11,21954,A,N,G,B,E,A,H,-,D,D,0,Y,,,,Y,,N,60,0,0,0,1,0,0,0,0,0,"- ","- ",34.048458099365234,-118.95002746582031,VENTURA,UNINCORPORATED,-118.95004272460938,34.048427581787109
91906635,2022,2022-11-01,9765,2022-10-26,0200,021682,,3,3,9,5600,0,1,3,,1,062,"SR-1 (PACIFIC COASH HIGHWAY)","LAS POSAS RD",6178.00,S,N,A,-,N,,,,,,,,,,N,2,0,1,1,A,-,01,23152,A,N,E,I,A,A,H,-,C,D,0,,,Y,,Y,Y,C,02,1,0,0,0,0,0,0,0,1,"- ","- ",34.101371765136719,-119.0811767578125,VENTURA,UNINCORPORATED,-119.08109283447266,34.101406097412109
91911209,2022,2022-11-07,9765,2022-10-23,0510,018884,,7,3,6,5608,0,1,3,,2,030,"SR-126 EB FROM VICTORIA AVE NB","VICTORIA AVENUE O/C",380.00,E,N,A,-,Y,VEN,,126,,,1.536,H,,R,N,2,0,1,2,A,-,00,21960,A,N,G,B,D,A,H,-,D,D,0,Y,,,,Y,,N,60,1,0,0,0,1,0,0,0,0,"- ","- ",34.271358489990234,-119.212158203125,VENTURA,VENTURA,-119.21217346191406,34.271476745605469
91919110,2022,2022-12-06,9765,2022-11-05,2155,022992,,6,2,9,5600,0,3,5,,2,005,"HUENEME ROAD","ARNOLD ROAD",1292.00,W,N,A,-,N,,,,,,,,,,Y,2,0,1,1,A,-,01,23152,A,N,E,I,A,A,H,-,D,D,0,,,,,Y,Y,A,08,1,0,0,0,0,0,0,0,0,"- ","- ",34.147369384765625,-119.15776824951172,VENTURA,UNINCORPORATED,-119.15766143798828,34.147308349609375
91924048,2022,2022-11-22,9765,2022-11-08,2358,022387,,2,3,9,5600,0,1,2,,1,101,"US-101 S/B (VENTURA FREEWAY)","MOBIL PIER RD",2900.00,S,N,B,-,Y,VEN,,101,,R,39.229,H,,R,Y,2,0,2,3,A,-,03,22350,,N,D,C,E,B,D,-,D,D,0,Y,,,,Y,,A,01,1,0,1,0,1,0,0,0,0,"- ","- ",34.344799041748047,-119.41992950439453,VENTURA,UNINCORPORATED,-119.41994476318359,34.344779968261719
91932968,2022,2022-12-05,9770,2022-11-19,0245,021306,,6,3,6,5609,0,1,3,,2,083,"SR-118 E/B (RONALD REAGAN FREEWAY)","KUEHNER DRIVE",4224.00,E,N,A,G,Y,VEN,,118,,R,31.443,H,,R,Y,2,0,2,1,A,-,01,23152,A,N,E,I,A,A,H,-,D,D,0,,,,,Y,Y,A,07,1,1,0,0,0,0,0,0,0,"- ","- ",34.270179748535156,-118.651123046875,VENTURA,"SIMI VALLEY",-118.65110015869141,34.270290374755859
91943335,2022,2022-12-15,9770,2022-12-07,0835,016561,,3,1,6,5607,0,1,2,,2,075,"US-101 S/B (VENTURA FREEWAY)","CONEJO SCHOOL ROAD",528.00,S,N,A,-,Y,VEN,,101,,,2.114,H,,L,Y,2,0,2,3,A,-,03,22350,,N,C,C,A,A,H,-,A,D,0,,,,,Y,,D,22,1,0,1,0,0,0,0,0,0,"- ","- ",34.170269012451172,-118.84456634521484,VENTURA,"THOUSAND OAKS",-118.84450531005859,34.170337677001953
91945611,2022,2022-12-19,9765,2022-12-09,1715,022488,,5,2,9,5600,0,1,3,,1,020,"SR-33 (N. VENTURA AVE)","W. PORTAL ST",0.00,,Y,A,-,Y,VEN,,33,,,8.419,H,,R,Y,2,0,1,2,A,-,09,21802,A,N,D,C,A,A,H,-,C,A,0,,,Y,,Y,,C,02,1,0,0,0,0,0,0,0,1,"- ","- ",34.391498565673828,-119.30162048339844,VENTURA,UNINCORPORATED,-119.30156707763672,34.391460418701172
91959436,2022,2023-01-04,9765,2022-12-24,1402,021999,,6,2,9,5600,0,1,3,,2,060,"SR-1 (PACIFIC COAST HIGHWAY)","YERBA BUENA ROAD",250.00,S,N,A,-,Y,VEN,,1,,,1.105,H,,R,Y,2,0,2,2,A,-,09,21801,B,N,D,C,A,A,H,-,A,D,0,,,Y,,Y,,A,01,1,0,1,0,0,0,0,0,1,"- ","- ",34.052791595458984,-118.96235656738281,VENTURA,UNINCORPORATED,-118.96230316162109,34.052898406982422
9196018,2020,2021-02-02,5604,2020-11-15,0906,5608,,7,5,6,5604,0,0,0,,0,031,"N BONITA AV","COLONIA RD",0.00,,Y,A,-,N,,,,,,,,,,Y,2,0,1,2,A,-,10,21950,A,F,G,B,D,A,H,-,A,D,0,Y,,,,Y,Y,A,07,1,0,0,0,1,0,0,0,0,"- ","- ",34.206401824951172,-119.17048645019531,VENTURA,OXNARD,-119.17063140869141,34.206409454345703
91961587,2022,2023-01-06,9770,2022-12-29,1900,019930,,4,2,9,5600,0,3,5,,2,005,"BROADWAY ROAD","SR-23 N/B (GRIMES CANYON ROAD)",25.00,W,N,B,-,Y,VEN,,23,,,16.797,H,,R,Y,2,0,1,1,A,-,03,22350,,N,E,I,A,B,H,-,D,A,0,,,,,Y,,A,01,1,0,0,0,0,0,0,0,0,"- ","- ",34.315189361572266,-118.90204620361328,VENTURA,UNINCORPORATED,-118.90193939208984,34.315315246582031
91965772,2022,2023-01-11,9765,2022-12-31,1718,022992,,6,2,6,5608,0,1,2,,2,103,"US-101 SOUTHBOUND FROM CHESTNUT STREET","S CALIFORNIA STREET",493.00,E,N,C,-,Y,,,,,,,,,,Y,2,0,4,1,A,-,03,22350,,N,E,I,A,B,H,-,D,D,0,,,,,Y,,D,22,2,2,0,0,0,0,0,0,0,"- ","- ",34.276588439941406,-119.29136657714844,VENTURA,VENTURA,-119.29136657714844,34.276588439941406
91966037,2023,2023-01-11,9765,2023-01-03,"755 ",017253,,2,1,6,5608,0,1,2,,1,104,"US-101 N/B (VENTURA FREEWAY)","SANJON RD",180.00,N,N,B,-,Y,VEN,,101," "," ",29.577,H,,R,N,2,0,1,2,A,-,07,21658,A,N,B,C,A,A,H,-,A,D,0,,,Y,,Y,,A,01,1,0,0,0,0,0,0,0,1,"- ","- ",34.273830413818359,-119.28502655029297,VENTURA,VENTURA,-119.28505706787109,34.273807525634766
91975583,2023,2023-02-08,9770,2023-01-20,1235,023088,,5,1,6,5607,0,1,3,,2,085,"SR-23 S/B (MOORPARK FREEWAY)","OLSEN ROAD",2640.00,N,N,A,-,Y,VEN,,23," ",R,8.758,H,,L,Y,2,0,2,2,A,-,01,23152,F,N,A,C,A,A,H,-,A,D,0,,,,,Y,,A,01,1,1,0,0,0,0,0,0,0,"- ","- ",34.249198913574219,-118.84004974365234,VENTURA,"THOUSAND OAKS",-118.84010314941406,34.249198913574219
9197681,2020,2021-01-12,5608,2020-11-22,1356,532,,7,5,6,5608,0,0,0,,0,001,"EL MEDIO ST","NORTH VENTURA AV",281.00,W,N,A,-,N,,,,,,,,,,N,2,0,1,2,A,-,03,22350,,N,G,B,E,A,H,-,A,D,0,Y,,,,Y,,A,01,1,0,0,0,1,0,0,0,0,"- ","- ",,,VENTURA,VENTURA,-119.29721069335938,34.293319702148438
9198611,2020,2021-02-02,5608,2020-11-29,1705,518,,7,5,6,5608,0,0,0,,0,001,"VENTURA AV","SANTA CLARA ST",0.00,,Y,A,-,N,,,,,,,,,,Y,2,0,1,2,A,-,09,21801,A,F,D,C,A,A,H,-,B,A,0,,,Y,,Y,Y,-,,1,0,0,0,0,0,0,0,0,"- ","- ",,,VENTURA,VENTURA,-119.30077362060547,34.279521942138672
91989524,2023,2023-02-08,9765,2023-01-27,2144,022296,,5,2,5,5601,0,1,2,,2,504,"US-101 N/B (VENTURA FREEWAY)","DAWSON RD",3300.00,S,N,A,-,Y,VEN,,101," "," ",13.100,H,,R,Y,2,0,2,4,A,-,08,22107,,N,C,C,A,A,H,-,C,D,0,,,,,Y,,A,01,1,1,0,0,0,0,0,0,0,"- ","- ",34.215831756591797,-119.02133178710938,VENTURA,CAMARILLO,-119.02133178710938,34.215850830078125
91991880,2022,2023-02-10,9770,2022-09-14,1419,019955,,3,2,9,5600,0,1,3,,1,053,"SR-118 E/B (LOS ANGELES AVENUE)","MEJICO CREEK BRIDGE",543.00,W,N,A,-,Y,VEN,,118,,,14.427,H,,R,Y,1,1,1,2,A,-,01,23152,G,N,A,C,A,A,H,-,A,D,0,,,,,Y,,A,01,0,0,1,0,0,0,0,0,0,"- ","- ",34.272071838378906,-118.93441772460938,VENTURA,UNINCORPORATED,-118.93444061279297,34.272109985351562
91994449,2023,2023-02-14,9765,2023-02-09,1545,021999,,4,2,6,5604,0,1,2,,2,501,"US-101 S/B (VENTURA FREEWAY)","DEL NORTE BLVD.",335.00,N,N,A,-,Y,VEN,,101," "," ",18.991,H,,L,Y,2,0,1,1,C,-,18,,,N,E,I,A,A,H,-,A,D,0,,,,,Y,,-,"- ",1,0,0,0,0,0,0,0,0,"- ","- ",34.221889495849609,-119.12783050537109,VENTURA,OXNARD,-119.12783050537109,34.222038269042969
9200397,2020,2021-02-23,5604,2020-12-05,1733,5435,,6,5,6,5604,0,0,0,,0,024,"W HEMLOCK ST","UKIAH ST",20.00,W,N,A,-,N,,,,,,,,,,Y,2,0,1,2,A,-,05,21651,A,N,A,E,A,A,-,-,C,D,0,,,,,Y,Y,A,01,1,0,0,0,0,0,0,0,0,"- ","- ",34.181400299072266,-119.20010375976562,VENTURA,OXNARD,-119.19947814941406,34.18115234375
92017409,2022,2023-03-14,9765,2022-11-05,2155,022472,,6,2,9,5600,0,3,5,,2,004,"FOOTHILL ROAD","ALISO CANYON ROAD",850.00,W,N,A,-,N,,,,,,,,,,Y,1,1,0,1,A,-,01,23152,A,N,E,I,A,A,H,-,D,A,0,,,,,Y,Y,A,07,0,0,0,0,0,0,0,0,0,"- ","- ",34.312801361083984,-119.14642333984375,VENTURA,UNINCORPORATED,-119.14622497558594,34.31304931640625
92017709,2023,2023-04-10,9765,2023-01-06,1443,022872,,5,2,9,5600,0,1,3,,1,021,"SR-33 N/B (MARICOPA HIGHWAY)","NORTH FORK MATILIJA CREEK",500.00,N,N,A,-,Y,VEN,,33," "," ",15.948,H,,R,Y,1,1,3,2,A,-,03,22350,,N,A,C,A,A,H,-,A,D,0,,,Y,,Y,,C,02,0,1,2,0,0,0,0,1,0,"- ","- ",34.490238189697266,-119.30548858642578,VENTURA,UNINCORPORATED,-119.30550384521484,34.490238189697266
92018322,2023,2023-04-10,9765,2023-01-08,1727,022337,,7,2,9,5600,0,3,5,,2,003,"OLIVAS PARK DRIVE","TELEPHONE ROAD",1054.00,E,N,B,-,N,,,,,,,,,,Y,1,1,0,2,A,-,11,21954,A,N,G,B,D,A,H,-,D,D,0,Y,,,,Y,Y,N,60,0,0,0,1,0,0,0,0,0,"- ","- ",34.244651794433594,-119.23052978515625,VENTURA,UNINCORPORATED,-119.230712890625,34.244659423828125
92018328,2022,2023-04-26,9765,2022-11-23,1822,022488,,3,2,9,5600,0,1,3,,1,022,"SR-150 (BALDWIN ROAD)","DE LA GARRIGUE RD",715.90,E,N,A,-,Y,VEN,,150,,,12.297,H,,R,Y,1,1,0,2,A,-,01,23152,F,N,H,A,A,A,H,-,D,D,0,,,,,Y,,A,01,0,0,0,0,0,0,0,0,0,"- ","- ",34.427089691162109,-119.32340240478516,VENTURA,UNINCORPORATED,-119.32340240478516,34.427089691162109
9203903,2020,2021-01-11,5604,2020-11-30,1338,4950,,1,5,6,5604,0,0,0,,0,032,"ARCADIA ST","ARCADIA ST 2328",0.00,,-,A,-,N,,,,,,,,,,Y,2,0,3,1,A,-,03,22350,,N,E,I,A,A,H,-,A,D,0,,,,,Y,Y,A,01,1,0,2,0,0,0,0,0,0,"- ","- ",34.178451538085938,-119.16900634765625,VENTURA,OXNARD,-119.169281,34.177466000000003
9204026,2020,2021-02-11,5604,2020-12-01,1733,5614,,2,5,6,5604,0,0,0,,0,011,"C ST","DEVONSHIRE DR",50.00,N,N,A,-,N,,,,,,,,,,N,2,0,1,2,A,-,11,21954,A,N,G,B,D,A,H,-,C,D,0,Y,,,,Y,,N,60,1,0,0,0,1,0,0,0,0,"- ","- ",34.211570739746094,-119.18093872070312,VENTURA,OXNARD,-119.18093109130859,34.211715698242188
92040607,2023,2023-04-10,9770,2023-03-31,"650 ",017973,,5,1,6,5609,0,1,3,,2,080,"SR-118 W/B (RONALD REAGAN FREEWAY)","KUEHNER DRIVE",2000.00,E,N,A,-,Y,VEN,,118," ",R,30.941,H,,L,N,2,0,1,1,A,-,08,22107,,N,F,A,A,A,H,-,A,D,0,,,Y,,Y,,C,02,1,0,0,0,0,0,0,0,1,"- ","- ",34.2752685546875,-118.65708923339844,VENTURA,"SIMI VALLEY",-118.65705108642578,34.275287628173828
9204099,2020,2021-02-25,5604,2020-11-21,1623,5475,,6,5,6,5604,0,0,0,,0,011,"W GONZALES RD","PATTERSON RD",100.00,E,N,A,-,N,,,,,,,,,,Y,2,0,1,1,A,-,08,22107,,N,E,I,A,A,H,-,A,A,0,,,,,Y,,A,07,1,0,0,0,0,0,0,0,0,"- ","- ",34.2193603515625,-119.20702362060547,VENTURA,OXNARD,-119.20683288574219,34.219444274902344
9204335,2020,2021-01-08,5604,2020-10-24,1915,5567,,6,5,6,5604,0,0,0,,0,022,"C ST","WOOLEY RD",50.00,N,N,A,-,N,,,,,,,,,,N,2,0,1,2,-,-,"- ",,,F,C,G,A,A,H,-,C,A,0,,Y,,,Y,,-,,1,0,0,0,0,0,1,0,0,"- ","- ",34.216350555419922,-119.15589904785156,VENTURA,OXNARD,-119.18119049072266,34.190288543701172