CASE_ID,ACCIDENT_YEAR,PROC_DATE,JURIS,COLLISION_DATE,COLLISION_TIME,OFFICER_ID,REPORTING_DISTRICT,DAY_OF_WEEK,CHP_SHIFT,POPULATION,CNTY_CITY_LOC,SPECIAL_COND,BEAT_TYPE,CHP_BEAT_TYPE,CITY_DIVISION_LAPD,CHP_BEAT_CLASS,BEAT_NUMBER,PRIMARY_RD,SECONDARY_RD,DISTANCE,DIRECTION,INTERSECTION,WEATHER_1,WEATHER_2,STATE_HWY_IND,CALTRANS_COUNTY,CALTRANS_DISTRICT,STATE_ROUTE,ROUTE_SUFFIX,POSTMILE_PREFIX,POSTMILE,LOCATION_TYPE,RAMP_INTERSECTION,SIDE_OF_HWY,TOW_AWAY,COLLISION_SEVERITY,NUMBER_KILLED,NUMBER_INJURED,PARTY_COUNT,PRIMARY_COLL_FACTOR,PCF_CODE_OF_VIOL,PCF_VIOL_CATEGORY,PCF_VIOLATION,PCF_VIOL_SUBSECTION,HIT_AND_RUN,TYPE_OF_COLLISION,MVIW,PED_ACTION,ROAD_SURFACE,ROAD_COND_1,ROAD_COND_2,LIGHTING,CONTROL_DEVICE,CHP_ROAD_TYPE,PEDESTRIAN_ACCIDENT,BICYCLE_ACCIDENT,MOTORCYCLE_ACCIDENT,TRUCK_ACCIDENT,NOT_PRIVATE_PROPERTY,ALCOHOL_INVOLVED,STWD_VEHTYPE_AT_FAULT,CHP_VEHTYPE_AT_FAULT,COUNT_SEVERE_INJ,COUNT_VISIBLE_INJ,COUNT_COMPLAINT_PAIN,COUNT_PED_KILLED,COUNT_PED_INJURED,COUNT_BICYCLIST_KILLED,COUNT_BICYCLIST_INJURED,COUNT_MC_KILLED,COUNT_MC_INJURED,PRIMARY_RAMP,SECONDARY_RAMP,LATITUDE,LONGITUDE,COUNTY,CITY,POINT_X,POINT_Y
92044035,2023,2023-04-13,9770,2023-04-01,1449,020169,,6,2,6,5607,0,1,2,,2,072,"US-101 N/B TO BORCHARD ROAD","BORCHARD ROAD",485.00,N,N,A,-,Y,VEN,,101," "," ",7.126,H,,R,Y,2,0,2,1,A,-,03,22350,,N,E,8,A,A,H,-,A,A,0,,,,,Y,,A,01,2,0,0,0,0,0,0,0,0,"- ","- ",34.185050964355469,-118.92739105224609,VENTURA,"THOUSAND OAKS",-118.92744445800781,34.184940338134766
92046236,2023,2023-04-17,9765,2023-04-06,2247,019034,,4,3,6,5608,0,1,3,,2,030,"SR-126 E/B","E. MAIN ST.",700.00,E,N,A,-,Y,,,,,,,,,,Y,2,0,2,1,A,-,01,23152,A,F,E,I,A,A,H,-,C,D,0,,,,,Y,Y,A,01,1,1,0,0,0,0,0,0,0,"- ","- ",34.264358520507812,-119.24024963378906,VENTURA,VENTURA,-119.24088287353516,34.264450073242188
92050361,2023,2023-04-21,9765,2023-04-15,1335,021999,,6,1,9,5600,0,3,5,,2,001,"SR-33 S/B FROM SHELL ROAD","MILL CANYON ROAD",140.00,N,N,A,-,Y,,,,,,,,,,N,2,0,1,1,A,-,03,22350,,N,F,I,A,A,H,-,A,D,0,,,Y,,Y,,C,02,1,0,0,0,0,0,0,0,1,"- ","- ",34.316719055175781,-119.29456329345703,VENTURA,UNINCORPORATED,-119.29456329345703,34.316719055175781
92079125,2023,2023-05-26,9765,2023-05-13,"214 ",018884,,6,3,6,5608,0,1,2,,2,301,"US 101 S/B (VENTURA FREEWAY)","SEAWARD AVENUE",3168.00,S,N,A,-,Y,VEN,,101," "," ",27.809,H,,L,Y,2,0,1,2,A,-,05,21651,B,N,A,D,A,A,H,-,C,D,0,,,Y,,Y,Y,C,02,1,0,0,0,0,0,0,0,1,"- ","- ",34.26068115234375,-119.25946044921875,VENTURA,VENTURA,-119.25946807861328,34.260665893554688
92089558,2023,2023-06-08,9765,2023-05-30,1020,018332,,2,1,9,5600,0,3,5,,2,004,"SYCAMORE RD","SR-126 (SANTA PAULA FREEWAY)",5280.00,N,N,B,-,N,,,,,,,,,,N,2,0,1,1,C,-,18,,,N,F,A,A,A,H,-,A,D,0,,Y,,,Y,,-,"- ",1,0,0,0,0,0,1,0,0,"- ","- ",34.387069702148438,-118.98136901855469,VENTURA,UNINCORPORATED,-118.97864532470703,34.389678955078125
92089930,2023,2024-05-28,9765,2023-05-30,2015,022387,,2,2,9,5600,0,1,3,,1,055,"SR-118 (W. LOS ANGELES AVE)","SANTA CLARA AVE",1600.00,E,N,A,-,Y,VEN,,118," "," ",4.469,H,,R,Y,2,0,2,2,A,-,08,22107,,N,A,C,A,A,H,-,D,D,0,,,,,Y,,D,22,2,0,0,0,0,0,0,0,0,"- ","- ",34.259189605712891,-119.10536193847656,VENTURA,UNINCORPORATED,-119.10536193847656,34.259197235107422
92096886,2023,2023-06-19,9765,2023-06-05,1745,020353,,1,2,6,5608,0,1,2,,2,302,"US-101 N/B","JOHNSON DRIVE",112.00,N,N,B,-,Y,VEN,,101," ",R,23.488,H,,R,Y,2,0,1,2,A,-,01,23152,A,N,C,2,A,A,H,-,A,D,0,,,,,Y,Y,A,01,1,0,0,0,0,0,0,0,0,"- ","- ",34.243991851806641,-119.19326782226562,VENTURA,VENTURA,-119.19331359863281,34.243907928466797
92098602,2023,2023-06-21,9765,2023-06-13,"45  ",022296,,2,3,9,5600,0,3,5,,2,006,"SB NAVAL AIR RD","WOOD RD",10.00,N,N,A,-,N,,,,,,,,,,N,2,0,1,1,A,-,03,22350,,N,E,I,A,A,H,-,D,D,0,,,Y,,Y,,C,02,1,0,0,0,0,0,0,0,1,"- ","- ",34.132369995117188,-119.10060119628906,VENTURA,UNINCORPORATED,-119.10045623779297,34.132301330566406
92100165,2023,2023-06-22,9765,2023-06-19,1910,019988,,1,2,9,5600,0,1,3,,2,040,"SR-126 E/B","EDWARDS RD",189.00,W,N,B,-,Y,,,,,,,,,,Y,2,0,1,1,A,-,08,22107,,N,E,I,A,A,H,-,A,C,0,,,,,Y,,D,22,1,0,0,0,0,0,0,0,0,"- ","- ",34.305419921875,-119.12581634521484,VENTURA,UNINCORPORATED,-119.00404357910156,34.375568389892578
92109561,2023,2023-07-05,9765,2023-02-03,1910,022518,,5,2,9,5600,0,1,3,,1,020,"SR-33 (N. VENTURA AVE)","SHORT STREET",32.00,S,N,A,-,Y,VEN,,33," "," ",8.688,H,,R,N,1,1,0,2,A,-,11,21954,A,N,G,B,D,D,H,-,D,D,0,Y,,,,Y,,N,60,0,0,0,1,0,0,0,0,0,"- ","- ",34.395538330078125,-119.30016326904297,VENTURA,UNINCORPORATED,-119.30001831054688,34.395500183105469
92109641,2023,2023-09-14,9765,2023-03-07,"20  ",019034,,2,3,9,5600,0,1,3,,1,062,"SR-1 (PACIFIC COAST HIGHWAY)","NAVAL BASE VENTURA COUNTY WEAPONS RANGE ENTRANCE",5048.00,N,N,A,-,Y,VEN,,1," "," ",8.924,H,,R,Y,1,1,4,2,A,-,01,23152,A,N,A,C,A,A,H,-,C,D,0,,,,,Y,Y,A,01,2,2,0,0,0,0,0,0,0,"- ","- ",34.099849700927734,-119.07937622070312,VENTURA,UNINCORPORATED,-119.07939910888672,34.099834442138672
92109951,2023,2023-07-05,9765,2023-06-27,1630,022472,,2,2,9,5600,0,1,3,,1,023,"SR-150 (OJAI ROAD)","OJAI VALLEY SCHOOL ROAD",250.00,W,N,A,-,Y,VEN,,150," "," ",24.499,H,,R,Y,2,0,1,1,A,-,01,23152,A,N,E,I,A,A,H,-,A,A,0,,,,,Y,Y,D,22,1,0,0,0,0,0,0,0,0,"- ","- ",34.438339233398438,-119.15453338623047,VENTURA,UNINCORPORATED,-119.15450286865234,34.438282012939453
9212032,2020,2021-01-11,5604,2020-12-01,1831,5231,,2,5,6,5604,0,0,0,,0,032,"CHANNEL ISLANDS BL","STATHAM BL",0.00,,Y,A,-,N,,,,,,,,,,Y,2,0,2,2,A,-,12,21453,A,N,D,C,A,A,H,-,C,A,0,,,,,Y,,A,01,1,0,1,0,0,0,0,0,0,"- ","- ",,,VENTURA,OXNARD,-119.1656494140625,34.173431396484375
92123110,2023,2023-07-21,9765,2023-07-11,1156,018332,,2,1,9,5600,0,1,3,,1,042,"SR-126 (EAST TELEGRAPH RD.)","CALL BOX 126-153",80.00,E,N,A,-,Y,VEN,,126," ",R,13.962,H,,R,Y,2,0,1,1,A,-,08,22107,,N,E,I,A,A,H,-,A,D,0,,,,,Y,,A,07,1,0,0,0,0,0,0,0,0,"- ","- ",34.366489410400391,-119.03195190429688,VENTURA,UNINCORPORATED,-119.03188323974609,34.366344451904297
9212467,2020,2021-01-21,5604,2020-12-18,1918,5569,,5,5,6,5604,0,0,0,,0,014,"VINEYARD AV","SIMON WY",10.00,N,N,A,-,Y,VEN,7,232,-,-,1.460,H,-,S,Y,2,0,1,2,A,-,03,22350,,N,F,C,A,A,H,-,C,A,0,,,,,Y,,A,01,1,0,0,0,0,0,0,0,0,"- ","- ",34.244060516357422,-119.1640625,VENTURA,OXNARD,-119.16386413574219,34.244342803955078
9212469,2020,2021-02-01,5604,2020-12-13,1620,5210,,7,5,6,5604,0,0,0,,0,014,"FOREST PARK BL","RT 232",0.00,,Y,A,-,Y,VEN,7,232,-,-,1.118,I,5,S,Y,2,0,2,3,A,-,12,21453,A,N,D,C,A,A,H,-,A,A,0,,,Y,,Y,,C,02,1,1,0,0,0,0,0,0,2,"- ","- ",34.240169525146484,-119.16700744628906,VENTURA,OXNARD,-119.16704559326172,34.240146636962891
92127893,2023,2023-07-27,9765,2023-07-18,2254,018884,,2,3,9,5600,0,3,5,,2,003,"ROOSEVELT BLVD","ANACAPA AVENUE",30.00,S,N,A,-,N,,,,,,,,,,Y,2,0,4,4,A,-,01,23152,A,F,E,I,A,A,H,-,D,D,0,,,,,Y,Y,A,01,2,2,0,0,0,0,0,0,0,"- ","- ",34.158241271972656,-119.22203063964844,VENTURA,UNINCORPORATED,-119.22198486328125,34.158351898193359
92136203,2023,2023-08-04,9770,2023-07-25,2240,023089,,2,3,6,5607,0,1,2,,2,072,"US-101 N/B (VENTURA FREEWAY) FROM RANCHO CONEJO BO","BORCHARD ROAD",470.00,N,N,A,-,Y,,,,,,,,,,N,2,0,1,2,A,-,03,22350,,N,B,C,A,A,H,-,D,D,0,,,Y,,Y,,C,02,1,0,0,0,0,0,0,0,1,"- ","- ",34.186061859130859,-118.92700958251953,VENTURA,"THOUSAND OAKS",-118.92700958251953,34.186061859130859
92141793,2023,2023-08-11,9765,2023-08-04,1700,022472,,5,2,9,5600,0,1,3,,1,022,"SR-150 (CASITAS PASS ROAD)","RAMELI RANCH ROAD",6864.00,E,N,A,-,Y,VEN,,150," "," ",4.802,H,,R,N,2,0,1,1,A,-,03,22350,,N,F,A,A,A,H,-,A,D,0,,,Y,,Y,,C,02,1,0,0,0,0,0,0,0,1,"- ","- ",34.3837890625,-119.38786315917969,VENTURA,UNINCORPORATED,-119.38786315917969,34.383758544921875
92146588,2023,2023-08-17,9765,2023-08-15,"445 ",022083,,2,3,9,5600,0,3,5,,2,004,"WELLS RD","NARDO ST",0.00,,Y,B,-,N,,,,,,,,,,Y,2,0,1,2,D,-,00,,,N,D,C,A,A,H,-,C,A,0,,,,,Y,,-,"- ",1,0,0,0,0,0,0,0,0,"- ","- ",34.281978607177734,-119.14752197265625,VENTURA,UNINCORPORATED,-119.14759063720703,34.282024383544922
92150196,2023,2023-08-22,9765,2023-05-10,2000,021999,,3,2,9,5600,0,1,2,,1,102,"US-101 N/B (VENTURA FREEWAY)","PADRE JUAN CANYON ROAD",1175.40,S,N,A,-,Y,VEN,,101," ",R,36.531,H,,R,N,1,1,0,1,A,-,08,22107,,N,E,8,A,A,D,-,B,A,0,,,Y,,Y,,C,02,0,0,0,0,0,0,0,1,0,"- ","- ",34.321109771728516,-119.38436889648438,VENTURA,UNINCORPORATED,-119.38436889648438,34.321098327636719
92156079,2023,2023-08-28,9770,2023-08-18,"541 ",023131,,5,3,6,5607,0,1,2,,2,075,"US-101 S/B (VENTURA FREEWAY)","SOUTH RANCHO ROAD",900.00,S,N,A,-,Y,VEN,,101," "," ",2.859,H,,L,N,2,0,1,2,A,-,11,21954,A,N,G,B,E,A,H,-,A,D,0,Y,,,Y,Y,,N,60,1,0,0,0,1,0,0,0,0,"- ","- ",34.175678253173828,-118.85543060302734,VENTURA,"THOUSAND OAKS",-118.85542297363281,34.175724029541016
92157138,2023,2023-08-29,9770,2023-08-27,"855 ",017627,,7,1,9,5600,0,1,3,,1,054,"SR-34 (SOMIS ROAD)","SR-118 (LOS ANGELES AVENUE)",960.00,S,N,A,-,Y,VEN,,34," "," ",17.478,H,,R,Y,2,0,1,2,A,-,01,23152,A,N,C,G,A,A,H,-,A,D,0,,Y,,,Y,Y,A,01,1,0,0,0,0,0,1,0,0,"- ","- ",34.261070251464844,-118.99462890625,VENTURA,UNINCORPORATED,-118.99468231201172,34.261074066162109
92162099,2023,2023-09-05,9770,2023-08-25,1909,021485,,5,2,9,5600,0,1,3,,1,053,"SR-118 E/B (LOS ANGELES AVENUE)","SR-34 (SOMIS ROAD)",1435.00,E,N,A,-,Y,VEN,,118," "," ",11.195,H,,R,Y,2,0,1,1,A,-,01,23152,F,N,E,I,A,A,H,-,A,D,0,,,,,Y,,A,01,1,0,0,0,0,0,0,0,0,"- ","- ",34.263511657714844,-118.98999786376953,VENTURA,UNINCORPORATED,-118.99000549316406,34.263538360595703
92162655,2023,2023-09-05,9765,2023-08-27,1358,022472,,7,1,9,5600,0,1,3,,2,011,"SR-33 S/B (OJAI FREEWAY)","W. MAIN STREET",2970.00,N,N,A,-,Y,VEN,,33," "," ",0.761,H,,L,Y,2,0,1,1,A,-,08,22107,,N,F,I,A,A,H,-,A,D,0,,,Y,,Y,,C,02,1,0,0,0,0,0,0,0,1,"- ","- ",34.289901733398438,-119.30697631835938,VENTURA,UNINCORPORATED,-119.306884765625,34.289901733398438
92166796,2023,2023-09-11,9765,2023-08-29,1830,020832,,2,2,9,5600,0,3,5,,2,006,"RICE AVENUE","CHANNEL ISLANDS BLVD.",220.00,N,N,A,-,N,,,,,,,,,,Y,2,0,1,1,A,-,08,22107,,N,E,I,A,A,H,-,A,D,0,,,,,Y,,-,"- ",1,0,0,0,0,0,0,0,0,"- ","- ",34.173858642578125,-119.14243316650391,VENTURA,UNINCORPORATED,-119.14265441894531,34.173812866210938
9216865,2021,2021-03-10,5608,2021-01-01,1424,492,VENTU,5,5,6,5608,0,0,0,,0,003,"TELEGRAPH RD","MILLS RD",37.00,W,N,A,-,N,,,,,,,,,,Y,2,0,1,3,A,-,03,22350,A,N,C,C,A,A,H,-,A,A,0,,,Y,,Y,,A,01,1,0,0,0,0,0,0,0,1,"- ","- ",,,VENTURA,VENTURA,-119.24794006347656,34.273063659667969
92174813,2023,2023-09-20,9765,2023-09-11,1805,020353,,1,2,9,5600,0,1,3,,2,011,"SR-33 S/B (OJAI FREEWAY)","N. VENTURA AVENUE",65.00,N,N,B,-,Y,VEN,,33," ",R,4.092,H,,L,Y,2,0,1,2,A,-,01,23152,A,N,B,4,A,A,H,-,A,D,0,,,,Y,Y,Y,A,01,1,0,0,0,0,0,0,0,0,"- ","- ",34.335788726806641,-119.29280090332031,VENTURA,UNINCORPORATED,-119.29275512695312,34.335792541503906
92182332,2023,2023-09-28,9770,2023-09-18,"215 ",017435,,1,3,9,5600,0,1,3,,1,050,"SR-118 WB (LOS ANGELES AVENUE)","LA CUMBRE ROAD",470.00,W,N,E,-,Y,VEN,,118," "," ",11.651,H,,L,Y,2,0,1,1,A,-,08,22107,,N,E,I,A,A,H,-,D,D,0,,,,,Y,,A,01,1,0,0,0,0,0,0,0,0,"- ","- ",34.264808654785156,-118.98206329345703,VENTURA,UNINCORPORATED,-118.98204803466797,34.264759063720703
92183686,2023,2023-10-02,9765,2023-09-16,1837,021852,,6,2,9,5600,0,3,5,,2,004,"TELEGRAPH RD","BRIGGS ROAD",0.00,,Y,A,-,N,,,,,,,,,,Y,2,0,1,1,A,-,01,23152,A,N,E,I,A,A,H,-,A,A,0,,,,,Y,Y,A,08,1,0,0,0,0,0,0,0,0,"- ","- ",34.327770233154297,-119.10595703125,VENTURA,UNINCORPORATED,-119.10595703125,34.327907562255859
92198706,2023,2023-10-13,9770,2023-10-04,"755 ",016561,,3,1,6,5607,0,1,2,,2,072,"US-101 N/B (VENTURA FREEWAY)","WENDY DR.",2112.00,S,N,A,-,Y,VEN,,101," "," ",7.464,H,,R,Y,2,0,1,4,A,-,03,22350,,N,C,C,A,A,H,-,A,D,0,,,,,Y,,A,07,1,0,0,0,0,0,0,0,0,"- ","- ",34.187141418457031,-118.93269348144531,VENTURA,"THOUSAND OAKS",-118.93271636962891,34.187095642089844
92203561,2023,2023-10-19,9765,2023-10-15,1455,021999,,7,2,6,5608,0,1,2,,2,301,"US-101 S/B (VENTURA FREEWAY)","VICTORIA AVENUE",1100.00,S,N,A,-,Y,VEN,,101," ",R,24.440,H,,L,Y,2,0,2,3,A,-,08,22107,,F,B,C,A,A,H,-,A,D,0,,,Y,,Y,,C,02,2,0,0,0,0,0,0,0,2,"- ","- ",34.2506103515625,-119.20818328857422,VENTURA,VENTURA,-119.20814514160156,34.250644683837891
9220649,2020,2021-02-17,5604,2020-12-30,1755,5181,,3,5,6,5604,0,0,0,,0,011,"N C ST","IVYWOOD DR",5.00,S,N,A,-,N,,,,,,,,,,N,2,0,1,2,A,-,11,21954,A,N,B,B,D,A,H,-,C,A,0,Y,,,,Y,,N,60,1,0,0,0,1,0,0,0,0,"- ","- ",34.215728759765625,-119.18087768554688,VENTURA,OXNARD,-119.18087005615234,34.215747833251953
92206942,2023,2023-10-24,9770,2023-10-21,1745,021738,,6,2,6,5609,0,1,3,,2,083,"SR-118 E/B (RONALD REAGAN FREEWAY)","ROCKY PEAK ROAD OVERCROSSING",83.00,W,N,A,-,Y,VEN,,118," ",R,32.408,H,,R,Y,2,0,3,4,A,-,01,23152,A,N,G,4,E,A,H,-,B,D,0,Y,,,,Y,Y,D,22,1,1,1,0,2,0,0,0,0,"- ","- ",34.26763916015625,-118.63575744628906,VENTURA,"SIMI VALLEY",-118.63580322265625,34.267681121826172
92206966,2022,2023-10-24,9770,2022-12-25,1800,021738,,7,2,9,5600,0,2,4,,1,087,"SANTA SUSANA ROAD","BOX CANYON ROAD",880.00,E,N,A,-,N,,,,,,,,,,Y,1,1,1,1,A,-,01,23152,G,N,E,I,A,A,H,-,D,D,0,,,,,Y,Y,A,01,1,0,0,0,0,0,0,0,0,"- ","- ",34.264011383056641,-118.64118194580078,VENTURA,UNINCORPORATED,-118.64118957519531,34.263942718505859
92232371,2023,2023-11-09,9770,2023-11-01,1848,016383,,3,2,9,5600,0,2,4,,2,079,"DOUBLETREE ROAD","OAK SPRINGS DRIVE",175.00,E,N,A,-,N,,,,,,,,,,Y,2,0,2,1,A,-,03,22350,,N,E,8,A,A,H,-,C,D,0,,,,,Y,,A,07,1,0,1,0,0,0,0,0,0,"- ","- ",34.182151794433594,-118.75153350830078,VENTURA,UNINCORPORATED,-118.75144958496094,34.181610107421875
92242253,2023,2023-11-22,9765,2023-11-20,1820,022318,,1,2,9,5600,0,3,5,,2,006,"CHANNEL ISLANDS BLVD","RICE AVENUE",556.00,W,N,A,-,N,,,,,,,,,,N,2,0,1,2,A,-,11,21954,A,N,G,B,D,A,H,-,D,D,0,Y,,,,Y,,N,60,1,0,0,0,1,0,0,0,0,"- ","- ",34.173160552978516,-119.14466094970703,VENTURA,UNINCORPORATED,-119.14449310302734,34.173191070556641
9224275,2021,2021-03-24,5600,2021-02-15,1254,4691,9126,1,5,6,5607,0,0,0,,0,9H01,"HILLCREST DR","LAWRENCE DR",0.00,,Y,A,-,N,,,,,,,,,,N,2,0,1,2,A,-,05,21202,A,N,D,G,A,A,H,-,A,A,0,,Y,,,Y,,L,04,1,0,0,0,0,0,1,0,0,"- ","- ",34.186519622802734,-118.92997741699219,VENTURA,"THOUSAND OAKS",-118.92990112304688,34.186447143554688
92249069,2023,2023-11-30,9770,2023-11-20,2001,019849,,1,2,6,5607,0,1,3,,2,077,"SR-23 S/B (MOORPARK FREEWAY)","AVENIDA DE LOS ARBOLES",8.00,N,N,A,-,Y,VEN,,23," ",R,6.095,H,,L,N,2,0,1,1,A,-,01,23152,A,N,E,I,A,A,H,-,C,D,0,,,,,Y,Y,A,01,1,0,0,0,0,0,0,0,0,"- ","- ",34.212421417236328,-118.84928894042969,VENTURA,"THOUSAND OAKS",-118.84939575195312,34.212413787841797
92249161,2023,2023-11-30,9765,2023-04-14,"42  ",022992,,5,3,6,5604,0,1,2,,2,502,"US-101 NORTHBOUND TO SANTA CLARA AVE / RICE AVE","SANTA CLARA AVENUE / RICE AVENUE",390.00,S,N,A,-,Y,,,,,,,,,,Y,1,1,1,1,A,-,01,23152,A,N,E,I,A,A,H,-,D,D,0,,,,,Y,Y,A,07,0,1,0,0,0,0,0,0,0,"- ","- ",34.223239898681641,-119.14037322998047,VENTURA,OXNARD,-119.14037322998047,34.223239898681641
92251623,2023,2023-12-04,9770,2023-11-25,1410,022823,,6,2,9,5600,0,3,5,,2,007,"CALLE SEQUOIA","CALLE YUCCA",0.00,,Y,A,-,N,,,,,,,,,,N,2,0,1,1,A,-,03,22350,,N,E,I,A,A,H,-,A,A,0,,,Y,,Y,Y,C,02,1,0,0,0,0,0,0,0,1,"- ","- ",34.185920715332031,-118.89379119873047,VENTURA,UNINCORPORATED,-118.89364624023438,34.185943603515625
92259729,2023,2023-12-12,9765,2023-05-27,1312,022872,,6,1,9,5600,0,1,3,,1,020,"SR-33 (MARICOPA HWY)","MEINERS RD",0.00,,Y,A,-,Y,VEN,,33," "," ",12.308,H,,R,N,1,1,0,2,A,-,09,21802,A,N,D,C,A,A,H,-,A,A,0,,,Y,,Y,,A,01,0,0,0,0,0,0,0,1,0,"- ","- ",34.451320648193359,-119.27294158935547,VENTURA,UNINCORPORATED,-119.27301025390625,34.451271057128906
92263123,2023,2023-12-15,9765,2023-03-26,2500,019988,,7,4,9,5600,0,1,3,,2,041,"SR-126 W/B (SANTA PAULA FREEWAY","ELLSWORTH BARRANCA",54.00,W,N,A,-,Y,VEN,,126," ",R,6.418,H,,L,Y,1,1,0,1,A,-,08,22107,,N,E,I,A,A,H,-,D,D,0,,,,,Y,,A,01,0,0,0,0,0,0,0,0,0,"- ","- ",34.301490783691406,-119.13674926757812,VENTURA,UNINCORPORATED,-119.13669586181641,34.301425933837891
9226342,2021,2021-04-07,5608,2021-02-03,0846,423,,3,5,6,5608,0,0,0,,0,003,"TELEGRAPH RD","LONG CANYON RD",130.00,E,N,-,-,N,,,,,,,,,,Y,2,0,1,1,C,-,18,,,N,E,I,A,A,H,-,A,D,0,,,,,Y,,-,"- ",1,0,0,0,0,0,0,0,0,"- ","- ",,,VENTURA,VENTURA,-119.1746826171875,34.287033081054688
92263942,2023,2024-01-25,9765,2023-12-10,"225 ",022296,,7,3,9,5600,0,3,5,,2,005,"CENTRAL AVE","SANTA CLARA AVE",2482.00,W,N,A,-,N,,,,,,,,,,Y,2,0,1,1,A,-,01,23152,A,N,F,A,A,A,H,-,D,D,0,,,,,Y,Y,A,01,1,0,0,0,0,0,0,0,0,"- ","- ",34.243431091308594,-119.13188171386719,VENTURA,UNINCORPORATED,-119.13205718994141,34.243488311767578
92264460,2023,2023-12-18,9765,2023-10-15,1420,022387,,7,2,9,5600,0,1,3,,1,022,"SR-150 E/B (CASITAS PASS ROAD)","RED MOUNTAIN FIRE ROAD",2347.00,W,N,A,-,Y,VEN,,150," "," ",4.490,H,,R,Y,1,1,1,2,A,-,01,23152,F,N,A,C,A,A,H,-,A,D,0,,,Y,,Y,,C,02,1,0,0,0,0,0,0,1,1,"- ","- ",34.385829925537109,-119.38890838623047,VENTURA,UNINCORPORATED,-119.388916015625,34.38580322265625
92269645,2023,2023-12-22,9765,2023-01-17,1605,022318,,2,2,9,5600,0,1,3,,1,044,"SR-150 (N OJAI ROAD)","STECKEL PARK",4000.00,E,N,B,-,Y,VEN,,150," "," ",30.689,H,,R,Y,1,1,0,1,A,-,03,22350,,N,E,I,A,B,H,-,A,D,0,,,Y,,Y,,C,02,0,0,0,0,0,0,0,1,0,"- ","- ",34.398670196533203,-119.07953643798828,VENTURA,UNINCORPORATED,-119.07952117919922,34.398685455322266
92276774,2023,2024-01-02,9765,2023-12-16,2039,022506,,6,2,9,5600,0,1,3,,1,062,"SR-1 (PACIFIC COAST HIGHWAY)","DEER CREEK ROAD",2640.00,N,N,A,-,Y,VEN,,1," "," ",3.144,H,,R,Y,2,0,2,2,A,-,01,23152,A,N,A,C,A,A,H,-,D,D,0,,,,,Y,Y,A,01,1,0,1,0,0,0,0,0,0,"- ","- ",34.065559387207031,-118.99350738525391,VENTURA,UNINCORPORATED,-118.9935302734375,34.065525054931641
92281508,2023,2024-01-08,9765,2023-12-29,1715,021485,,5,2,9,5600,0,1,3,,1,055,"SR-118 (LOS ANGELES AVENUE)","NORTH STREET",0.00,,Y,A,-,Y,VEN,,118," "," ",10.101,H,,R,Y,2,0,1,2,A,-,12,22450,A,N,D,C,A,A,H,-,C,A,0,,,,Y,Y,,A,01,1,0,0,0,0,0,0,0,0,"- ","- ",34.263721466064453,-119.00901794433594,VENTURA,UNINCORPORATED,-119.00901794433594,34.263767242431641
92284910,2023,2024-01-11,9770,2023-09-30,2251,021911,,6,3,9,5600,0,1,3,,1,046,"SR-126 W/B (EAST TELEGRAPH ROAD)","MAIN STREET",1780.00,E,N,B,-,Y,VEN,,126," ",R,28.696,H,,L,Y,1,1,0,1,A,-,08,22107,,N,E,8,A,A,H,-,D,D,0,,,,,Y,,A,01,0,0,0,0,0,0,0,0,0,"- ","- ",34.408088684082031,-118.78948974609375,VENTURA,UNINCORPORATED,-118.78945922851562,34.408054351806641
92285788,2024,2024-01-12,9765,2024-01-02,"145 ",023509,,2,3,9,5600,0,3,5,,2,005,"ROSE AVENUE",SR-118,1690.00,S,N,A,-,N,,,,,,,,,,Y,2,0,1,1,A,-,01,23152,A,M,E,I,A,A,H,-,D,D,0,,,,,Y,Y,A,01,1,0,0,0,0,0,0,0,0,"- ","- ",34.263408660888672,-119.12851715087891,VENTURA,UNINCORPORATED,-119.12850189208984,34.263679504394531
92287891,2023,2024-01-16,9765,2023-12-18,"858 ",018332,,1,1,9,5600,0,1,3,,2,053,"SR-232 (VINEYARD AVE.)","CENTRAL AVE.",300.00,S,N,B,-,Y,VEN,,232," "," ",2.519,H,,R,Y,2,0,1,2,A,-,09,21801,A,N,D,C,A,A,H,-,A,D,0,,,,Y,Y,,A,01,1,0,0,0,0,0,0,0,0,"- ","- ",34.257331848144531,-119.15386962890625,VENTURA,UNINCORPORATED,-119.15376281738281,34.257259368896484