CASE_ID,ACCIDENT_YEAR,PROC_DATE,JURIS,COLLISION_DATE,COLLISION_TIME,OFFICER_ID,REPORTING_DISTRICT,DAY_OF_WEEK,CHP_SHIFT,POPULATION,CNTY_CITY_LOC,SPECIAL_COND,BEAT_TYPE,CHP_BEAT_TYPE,CITY_DIVISION_LAPD,CHP_BEAT_CLASS,BEAT_NUMBER,PRIMARY_RD,SECONDARY_RD,DISTANCE,DIRECTION,INTERSECTION,WEATHER_1,WEATHER_2,STATE_HWY_IND,CALTRANS_COUNTY,CALTRANS_DISTRICT,STATE_ROUTE,ROUTE_SUFFIX,POSTMILE_PREFIX,POSTMILE,LOCATION_TYPE,RAMP_INTERSECTION,SIDE_OF_HWY,TOW_AWAY,COLLISION_SEVERITY,NUMBER_KILLED,NUMBER_INJURED,PARTY_COUNT,PRIMARY_COLL_FACTOR,PCF_CODE_OF_VIOL,PCF_VIOL_CATEGORY,PCF_VIOLATION,PCF_VIOL_SUBSECTION,HIT_AND_RUN,TYPE_OF_COLLISION,MVIW,PED_ACTION,ROAD_SURFACE,ROAD_COND_1,ROAD_COND_2,LIGHTING,CONTROL_DEVICE,CHP_ROAD_TYPE,PEDESTRIAN_ACCIDENT,BICYCLE_ACCIDENT,MOTORCYCLE_ACCIDENT,TRUCK_ACCIDENT,NOT_PRIVATE_PROPERTY,ALCOHOL_INVOLVED,STWD_VEHTYPE_AT_FAULT,CHP_VEHTYPE_AT_FAULT,COUNT_SEVERE_INJ,COUNT_VISIBLE_INJ,COUNT_COMPLAINT_PAIN,COUNT_PED_KILLED,COUNT_PED_INJURED,COUNT_BICYCLIST_KILLED,COUNT_BICYCLIST_INJURED,COUNT_MC_KILLED,COUNT_MC_INJURED,PRIMARY_RAMP,SECONDARY_RAMP,LATITUDE,LONGITUDE,COUNTY,CITY,POINT_X,POINT_Y
92295746,2023,2024-01-24,9765,2023-08-11,1635,022872,,5,2,9,5600,0,1,3,,1,062,"SR-1 (PACIFIC COAST HIGHWAY)","LAS POSAS ROAD",3168.00,S,N,A,-,Y,VEN,,1," "," ",9.604,H,,R,Y,1,1,6,3,A,-,05,21460,A,N,D,2,A,A,H,-,A,D,0,,,,,Y,,A,07,0,3,3,0,0,0,0,0,0,"- ","- ",34.109031677246094,-119.07968902587891,VENTURA,UNINCORPORATED,-119.07972717285156,34.109024047851562
92300552,2024,2024-01-30,9765,2024-01-22,"436 ",023509,,1,3,5,5601,0,1,2,,2,502,"US-101 N/B","CENTRAL AVENUE OVERCORSSING",1121.00,N,N,B,C,Y,VEN,,101," "," ",17.929,H,,R,Y,2,0,1,1,A,-,08,22107,,N,E,I,A,B,H,-,D,D,0,,,,,Y,,A,01,1,0,0,0,0,0,0,0,0,"- ","- ",34.222198486328125,-119.10575866699219,VENTURA,CAMARILLO,-119.10575866699219,34.222087860107422
92324583,2023,2024-02-27,9765,2023-06-13,"648 ",016234,,2,1,9,5600,0,1,3,,1,055,"SR-118 (LOS ANGELES AVE)","WALNUT AVE",1300.00,W,N,B,-,Y,VEN,,118," "," ",5.957,H,,R,Y,1,1,0,2,A,-,06,21750,A,N,D,C,A,A,H,-,A,D,0,,,Y,,Y,,C,02,0,0,0,0,0,0,0,1,0,"- ","- ",34.263660430908203,-119.08112335205078,VENTURA,UNINCORPORATED,-119.08112335205078,34.263668060302734
9233358,2020,2021-03-06,5608,2020-12-29,2115,365,126,2,5,6,5608,0,0,0,,0,004,"NORTH BANK DR","MONTGOMERY AV",0.00,,Y,A,-,N,,,,,,,,,,Y,2,0,1,2,A,-,11,21453,D,N,G,B,-,A,H,-,C,A,0,Y,,,,Y,Y,N,60,1,0,0,0,1,0,0,0,0,"- ","- ",,,VENTURA,VENTURA,-119.17709350585938,34.262039184570312
9234287,2021,2021-03-20,5604,2021-01-17,2330,5614,,7,5,6,5604,0,0,0,,0,042,"SAVIERS RD","HOOD WY",0.00,,Y,-,-,N,,,,,,,,,,Y,2,0,2,2,A,-,01,23152,A,F,C,D,A,A,H,-,C,D,0,,,,,Y,Y,A,01,2,0,0,0,0,0,0,0,0,"- ","- ",34.149200439453125,-119.17781066894531,VENTURA,OXNARD,-119.17790985107422,34.149204254150391
92344589,2024,2024-03-22,9765,2024-03-17,2023,021485,,7,2,9,5600,0,1,3,,2,061,"SR-1 (PACIFIC COAST HIGHWAY) S/B","WOOD ROAD",3313.00,N,N,A,-,Y,VEN,,1," "," ",12.225,H,,L,Y,2,0,1,1,A,-,08,22107,,N,E,8,A,A,H,-,D,D,0,,,,,Y,,A,01,1,0,0,0,0,0,0,0,0,"- ","- ",34.14080810546875,-119.10495758056641,VENTURA,UNINCORPORATED,-119.10490417480469,34.140853881835938
92346258,2024,2024-03-25,9765,2024-02-17,2043,022472,,6,2,9,5600,0,3,5,,2,001,"SR-33 N/B (OJAI FREEWAY)","SHELL ROAD UNDERCROSSING",200.00,S,N,C,-,Y,VEN,,33," "," ",2.637,H,,R,Y,2,0,3,2,A,-,01,23152,A,F,B,C,A,A,H,-,D,D,0,,,,,Y,Y,A,07,1,1,1,0,0,0,0,0,0,"- ","- ",34.315361022949219,-119.29450225830078,VENTURA,UNINCORPORATED,-119.29447937011719,34.315349578857422
92352818,2024,2024-04-02,9765,2024-03-22,1613,020353,,5,2,9,5600,0,3,5,,2,006,"HUENEME ROAD","LAGUNA ROAD",702.00,W,N,A,-,N,,,,,,,,,,Y,2,0,1,4,A,-,03,22350,,N,C,2,A,A,H,-,A,A,0,,,,,Y,,A,07,1,0,0,0,0,0,0,0,0,"- ","- ",34.163558959960938,-119.06487274169922,VENTURA,UNINCORPORATED,-119.06471252441406,34.163658142089844
92357298,2023,2024-04-05,9765,2023-11-08,1603,022472,,3,2,9,5600,0,1,3,,1,021,"SR-33 (MARICOPA HWY)","CAMINO CIELO",100.00,N,N,A,-,Y,VEN,,33," "," ",15.122,H,,R,Y,1,1,0,1,A,-,01,23152,A,N,F,A,A,A,H,-,A,D,0,,,Y,,Y,Y,C,02,0,0,0,0,0,0,0,1,0,"- ","- ",34.483501434326172,-119.29617309570312,VENTURA,UNINCORPORATED,-119.29615783691406,34.483524322509766
92368963,2024,2024-04-19,9765,2024-04-15,1452,023739,,1,2,6,5608,0,1,2,,2,302,"US-101 N/B",SR-126,20.00,S,N,A,-,Y,VEN,,101," "," ",26.367,H,,R,Y,2,0,3,1,A,-,08,22107,,N,E,I,A,A,H,-,A,D,0,,,,,Y,,A,07,2,1,0,0,0,0,0,0,0,"- ","- ",34.265029907226562,-119.23674774169922,VENTURA,VENTURA,-119.23680114746094,34.264846801757812
92376953,2024,2024-04-29,9765,2024-04-13,"50  ",023024,,6,3,9,5600,0,1,3,,2,053,"VINEYARD AVE (SR-232)","CENTRAL AVENUE",4260.00,E,N,A,-,Y,VEN,,232," ",R,3.417,H,,R,Y,2,0,1,2,A,-,01,23152,F,M,A,J,A,A,H,-,D,A,0,,,,,Y,,A,01,1,0,0,0,0,0,0,0,0,"- ","- ",34.267078399658203,-119.14398956298828,VENTURA,UNINCORPORATED,-119.14382171630859,34.267013549804688
92383573,2023,2024-05-07,9765,2023-05-04,1507,020353,,4,2,6,5604,0,1,2,,2,501,"US-101 S/B (VENTURA FREEWAY)","ROSE AVENUE",51.30,S,N,B,-,Y,VEN,,101," "," ",21.002,H,,L,N,2,0,1,2,A,-,00,21461,,N,G,B,E,A,H,-,A,A,0,Y,,,,Y,,N,60,1,0,0,0,1,0,0,0,0,"- ","- ",34.224998474121094,-119.15841674804688,VENTURA,OXNARD,-119.15843200683594,34.224967956542969
92395491,2024,2024-05-21,9765,2024-02-25,"945 ",020983,,7,1,9,5600,0,1,3,,1,055,"SR-118 (LOS ANGELES AVENUE)","MARTIN DRIVE",207.00,W,N,A,-,Y,VEN,,118," "," ",8.986,H,,R,N,1,1,1,1,A,-,08,22107,,N,E,I,A,A,H,-,A,D,0,,,,,Y,,A,01,0,0,1,0,0,0,0,0,0,"- ","- ",34.263698577880859,-119.02876281738281,VENTURA,UNINCORPORATED,-119.02876281738281,34.263740539550781
92399273,2022,2024-05-27,9765,2022-12-22,0217,022472,,4,3,6,5608,0,1,3,,2,030,"SR-126 E/B","KIMBALL ROAD",4858.00,E,N,A,-,Y,VEN,,126,,,3.709,H,,R,Y,2,0,2,1,A,-,01,23152,A,F,F,8,A,A,H,-,D,A,0,,,,,Y,Y,A,01,1,1,0,0,0,0,0,0,0,"- ","- ",34.27825927734375,-119.17501831054688,VENTURA,VENTURA,-119.17513275146484,34.278392791748047
92408146,2024,2024-06-06,9765,2024-05-28,1550,021015,,2,2,4,5606,0,1,3,,2,041,"SR-126 W/B (SANTA PAULA FREEWAY)","12TH STREET",1214.00,E,N,A,-,Y,VEN,,126," ",R,12.539,H,,L,Y,2,0,4,2,A,-,08,22107,,N,B,C,A,A,H,-,A,D,0,,,,,Y,,A,01,1,1,2,0,0,0,0,0,0,"- ","- ",34.353569030761719,-119.05078125,VENTURA,"SANTA PAULA",-119.05077362060547,34.353565216064453
92409284,2024,2024-06-07,9765,2024-05-06,1630,023509,,1,2,9,5600,0,1,3,,1,012,"US-101 S/B FROM SR-1","EMMA WOOD STATE BEACH ENTRANCE",264.00,S,N,A,-,Y,VEN,,101," ",R,32.724,H,,L,Y,2,0,1,2,A,-,08,22107,,F,D,C,A,A,H,-,A,D,0,,,Y,,Y,,-,99,1,0,0,0,0,0,0,0,1,"- ","- ",34.290130615234375,-119.33534240722656,VENTURA,UNINCORPORATED,-119.33516693115234,34.290325164794922
9241065,2021,2021-03-27,5604,2021-02-27,0900,5434,,6,5,6,5604,0,0,0,,0,031,"S ROSE AV","LA PUERA AV",0.00,,Y,A,-,N,,,,,,,,,,N,2,0,1,2,A,-,00,20202,A,N,A,C,A,A,A,H,A,D,0,,Y,,,Y,Y,L,04,1,0,0,0,0,0,1,0,0,"- ","- ",34.199420928955078,-119.15975189208984,VENTURA,OXNARD,-119.15969848632812,34.199432373046875
92411438,2024,2024-06-11,9765,2024-06-01,"727 ",016549,,6,1,9,5600,0,1,3,,2,010,"SR-33 N/B (OJAI FWY)","VENTURA AVENUE",1923.00,S,N,B,-,Y,VEN,,33," ",R,4.970,H,,R,Y,2,0,1,2,A,-,03,22350,,N,C,C,A,A,C,-,A,D,0,,,,,Y,,A,08,1,0,0,0,0,0,0,0,0,"- ","- ",34.347671508789062,-119.29644012451172,VENTURA,UNINCORPORATED,-119.29650115966797,34.347629547119141
92415999,2024,2024-06-28,9770,2024-06-06,1615,023517,,4,2,9,5600,0,1,3,,1,057,"SR-23 (GRIMES CANYON ROAD)","SHEKELL ROAD",0.00,,Y,A,-,Y,VEN,,23," "," ",17.750,H,,R,N,2,0,1,2,A,-,09,21802,A,N,D,C,A,A,H,-,A,D,0,,,,,Y,,A,08,1,0,0,0,0,0,0,0,0,"- ","- ",34.328750610351562,-118.90325164794922,VENTURA,UNINCORPORATED,-118.90326690673828,34.328746795654297
92440953,2024,2024-07-17,9770,2024-07-07,"625 ",023853,,7,1,6,5607,0,1,2,,2,074,"US-101 N/B (VENTURA HIGHWAY)","HAMPSHIRE ROAD N ROADWAY EDGE",140.00,S,N,B,-,Y,VEN,,101," "," ",1.627,H,,R,Y,2,0,1,1,A,-,08,22107,,N,E,8,A,A,H,-,A,D,0,,,,,Y,,A,01,1,0,0,0,0,0,0,0,0,"- ","- ",34.166000366210938,-118.83766174316406,VENTURA,"THOUSAND OAKS",-118.83760070800781,34.166061401367188
9250035,2021,2021-04-24,5608,2021-03-27,1844,483,VENTU,6,5,6,5608,0,0,0,,0,003,"TELEGRAPH RD","WELLS RD",0.00,,Y,A,-,N,,,,,,,,,,N,2,0,1,1,A,-,08,22107,,N,E,I,A,A,H,-,A,A,0,,Y,,,Y,,L,04,1,0,0,0,0,0,1,0,0,"- ","- ",,,VENTURA,VENTURA,-119.16130828857422,34.295013427734375
9254007,2021,2021-05-03,5600,2021-04-04,2228,5349,9138,7,5,6,5607,0,0,0,,0,9G01,"MOORPARK RD","LOS PADRES DR",600.00,N,N,A,-,N,,,,,,,,,,Y,2,0,1,1,A,-,03,22350,,N,E,I,A,A,H,-,C,A,0,,,,,Y,,A,01,1,0,0,0,0,0,0,0,0,"- ","- ",34.172981262207031,-118.87786102294922,VENTURA,"THOUSAND OAKS",-118.87623596191406,34.174018859863281
9254019,2021,2021-05-03,5608,2021-04-13,0439,463,,2,5,6,5608,0,0,0,,0,002,"TELEPHONE RD","TRANSPORT ST",0.00,,Y,A,-,N,,,,,,,,,,Y,2,0,2,1,A,-,12,21453,A,N,E,I,A,A,H,-,C,A,0,,,,,Y,,A,01,2,0,0,0,0,0,0,0,0,"- ","- ",,,VENTURA,VENTURA,-119.23482513427734,34.25433349609375
9254147,2021,2021-05-03,5608,2021-03-29,0727,513,VENTU,1,5,6,5608,0,0,0,,0,004,"OLIVAS PARK DR","GOLF COURSE DR",0.00,,Y,A,-,N,,,,,,,,,,N,2,0,1,2,A,-,05,21650,1,N,D,G,A,A,H,-,A,D,0,,Y,,Y,Y,,L,04,1,0,0,0,0,0,1,0,0,"- ","- ",,,VENTURA,VENTURA,-119.2076416015625,34.242237091064453
9256270,2021,2021-06-30,5608,2021-04-29,2026,451,,4,5,6,5608,0,0,0,,0,002,"THOMPSON BL","MACMILLAN AV",264.00,E,N,A,-,N,,,,,,,,,,Y,1,1,0,2,A,-,11,21954,A,N,G,B,D,A,H,-,C,D,0,Y,,,,Y,,N,60,0,0,0,1,0,0,0,0,0,"- ","- ",,,VENTURA,VENTURA,-119.27621459960938,34.275516510009766
9256441,2020,2022-06-11,5604,2020-11-15,1948,5532,23,7,5,6,5604,0,0,0,,0,023,"S C ST","5TH ST",111.00,N,N,A,-,N,,,,,,,,,,Y,1,1,0,2,A,-,11,21954,A,N,G,B,D,A,H,-,C,D,0,Y,,,,Y,Y,N,60,0,0,0,1,0,0,0,0,0,"- ","- ",,,VENTURA,OXNARD,-119.18109893798828,34.198432922363281
9263276,2020,2021-06-07,5606,2020-08-25,1511,1018,5606,2,5,4,5606,0,0,0,,0,002,"RT 150","HARVEY DR",40.00,S,N,A,-,Y,VEN,7,150,-,-,33.070,H,-,E,N,2,0,1,1,D,-,00,,,N,H,J,A,A,H,-,A,D,0,,Y,,,Y,,-,"- ",1,0,0,0,0,0,1,0,0,"- ","- ",,,VENTURA,"SANTA PAULA",-119.06317138671875,34.368072509765625
92726448,2024,2024-07-26,9765,2024-07-17,1535,023739,,3,2,9,5600,0,3,5,,2,006,"HUNEME ROAD","3939 HUENEME RD, OXNARD, CA 93033, PRIVATE PROPERT",0.00,,Y,A,-,N,,,,,,,,,,Y,2,0,2,2,A,-,03,22350,,N,C,C,A,A,H,-,A,D,0,,,,Y,Y,,A,08,1,1,0,0,0,0,0,0,0,"- ","- ",34.146991729736328,-119.11712646484375,VENTURA,UNINCORPORATED,,
9277111,2021,2021-06-23,5604,2021-05-15,1921,5532,,6,5,6,5604,0,0,0,,0,031,"GRAVES AV","CAMINO DEL SOL",0.00,,Y,-,-,N,,,,,,,,,,Y,2,0,2,2,A,-,12,22450,A,N,B,C,A,A,H,-,A,A,0,,,,,Y,Y,A,01,1,1,0,0,0,0,0,0,0,"- ","- ",34.206218719482422,-119.14653015136719,VENTURA,OXNARD,-119.14655303955078,34.206211090087891
92800723,2024,2024-07-29,9765,2024-07-18,2105,023739,,4,2,6,5608,0,1,2,,2,301,"US-101 S/B FROM VICTORIA AVENUE","VICTORIA AVENUE",25.00,E,N,A,-,Y,,,,,,,,,,Y,2,0,1,1,A,-,03,22350,,N,E,8,A,A,H,-,D,D,0,,,Y,,Y,,C,02,1,0,0,0,0,0,0,0,1,"- ","- ",34.251899719238281,-119.21116638183594,VENTURA,VENTURA,-119.21116638183594,34.252487182617188
9284613,2021,2021-09-14,5608,2021-07-01,2220,520,,4,5,6,5608,0,0,0,,0,002,"S CATALINA ST","S CATILINA ST 294",0.00,,N,A,-,N,,,,,,,,,,N,2,0,1,3,A,-,08,22107,,F,B,B,E,A,H,-,C,D,0,Y,,,Y,Y,,F,21,1,0,0,0,1,0,0,0,0,"- ","- ",,,VENTURA,VENTURA,-119.26911926269531,34.277767181396484
9289420,2021,2021-07-27,5608,2021-06-03,2034,483,VENTU,4,5,6,5608,0,0,0,,0,003,"WELLS RD","DARLING RD",0.00,,Y,A,-,N,,,,,,,,,,Y,2,0,1,2,A,-,08,22107,,N,D,C,A,A,H,-,D,A,0,,,,,Y,,A,01,1,0,0,0,0,0,0,0,0,"- ","- ",,,VENTURA,VENTURA,-119.15362548828125,34.286617279052734
9293392,2021,2021-08-06,5604,2021-06-18,1252,5563,,5,5,6,5604,0,0,0,,0,031,"COOPER RD","ROOSEVELT AV",100.00,E,N,A,-,N,,,,,,,,,,N,2,0,2,2,A,-,08,22107,,N,D,A,A,A,H,-,A,D,0,,,,,Y,Y,A,07,1,0,1,0,0,0,0,0,0,"- ","- ",34.205219268798828,-119.17270660400391,VENTURA,OXNARD,-119.17238616943359,34.204524993896484
9299086,2021,2021-09-01,5604,2021-07-16,1554,5630,,5,5,6,5604,0,0,0,,0,031,"CAMINO DEL SOL","RT 1",0.00,,Y,A,-,N,,,,,,,,,,Y,2,0,4,3,D,-,00,,,N,A,C,A,A,H,-,A,A,0,,,,Y,Y,,-,"- ",1,0,3,0,0,0,0,0,0,"- ","- ",34.204788208007812,-119.13815307617188,VENTURA,OXNARD,-119.14227,34.206159999999997
9301915,2021,2021-09-22,5604,2021-08-16,1941,5415,,1,5,6,5604,0,0,0,,0,042,"PLEASANT VALLEY RD","SAVIER RD",100.00,W,N,A,-,N,,,,,,,,,,Y,2,0,3,2,A,-,03,22350,1,N,C,-,A,A,-,-,A,A,0,,,Y,,Y,,A,01,1,0,2,0,0,0,0,0,2,"- ","- ",34.154708862304688,-119.17774963378906,VENTURA,OXNARD,-119.17817687988281,34.154720306396484
9301919,2021,2021-09-29,5604,2021-08-21,0530,4914,,6,5,6,5604,0,0,0,,0,021,"WEST 5TH ST","VENTURA RD",300.00,W,N,A,-,N,,,,,,,,,,Y,2,0,1,1,D,-,00,,,N,E,I,A,A,H,-,C,D,0,,,,,Y,Y,-,"- ",1,0,0,0,0,0,0,0,0,"- ","- ",34.197669982910156,-119.19473266601562,VENTURA,OXNARD,-119.19585418701172,34.197425842285156
9302218,2021,2021-08-28,5608,2021-07-20,1905,505,,2,5,6,5608,0,0,0,,0,003,"TEAGUE DR","PETIT AV",17.00,W,N,A,-,N,,,,,,,,,,N,2,0,1,2,A,-,03,22350,,N,A,B,B,A,H,-,A,A,0,Y,,,,Y,,A,01,1,0,0,0,1,0,0,0,0,"- ","- ",,,VENTURA,VENTURA,,
9309562,2021,2021-10-08,5608,2021-08-03,1440,522,,2,5,6,5608,0,0,0,,0,002,"THOMPSON BL","SAN CLEMENTE ST",9.00,W,N,A,-,N,,,,,,,,,,N,2,0,2,2,A,-,09,21802,A,N,D,C,A,A,H,-,A,D,0,,,,,Y,,A,01,1,0,1,0,0,0,0,0,0,"- ","- ",,,VENTURA,VENTURA,-119.26918792724609,34.274135589599609
9320334,2021,2022-02-03,5608,2021-11-28,1806,451,,7,5,6,5608,0,0,0,,0,001,"THOMPSON BL","PALM ST",183.00,W,N,A,-,N,,,,,,,,,,Y,1,1,0,2,A,-,10,21952,,N,G,B,F,A,H,-,D,D,0,Y,,,,Y,,A,01,0,0,0,1,0,0,0,0,0,"- ","- ",,,VENTURA,VENTURA,-119.29679870605469,34.27825927734375
9320416,2021,2022-03-03,5604,2021-02-22,1850,5428,,1,5,6,5604,0,0,0,,0,022,"W WOOLEY RD","S E ST S",0.00,,Y,A,-,N,,,,,,,,,,Y,1,1,0,2,A,-,09,21801,A,N,D,C,A,A,H,-,D,D,0,,,Y,,Y,,A,01,0,0,0,0,0,0,0,1,0,"- ","- ",,,VENTURA,OXNARD,-119.1837158203125,34.189990997314453
9320617,2022,2022-04-19,5608,2022-02-13,1957,365,,7,5,6,5608,0,0,0,,0,002,"HARBOR BL","OLIVAS PARK DR",1032.00,S,N,A,-,N,,,,,,,,,,N,1,1,0,3,A,-,11,21954,A,F,G,B,E,A,H,-,C,D,0,Y,,,,Y,,N,60,0,0,0,1,0,0,0,0,0,"- ","- ",,,VENTURA,VENTURA,-119.25668334960938,34.241458892822266
9322000,2021,2021-10-21,5604,2021-09-06,1939,5608,,1,5,6,5604,0,0,0,,0,011,"DEVONSHIRE DR","OXFORD DR",500.00,W,N,A,-,N,,,,,,,,,,N,2,0,2,3,A,-,11,21954,A,N,G,B,E,A,H,-,C,D,0,Y,,,,Y,,N,60,1,1,0,0,2,0,0,0,0,"- ","- ",34.211811065673828,-119.19760131835938,VENTURA,OXNARD,-119.19815063476562,34.211624145507812
9322002,2021,2021-10-21,5604,2021-09-04,1934,5585,,6,5,6,5604,0,0,0,,0,011,"VENTURA RD","DEVONSHIRE DR",5.00,N,N,A,-,N,,,,,,,,,,Y,2,0,3,4,A,-,01,23153,F,N,C,C,A,A,H,-,C,A,0,,,Y,,Y,,A,01,1,1,1,0,0,0,0,0,1,"- ","- ",34.211498260498047,-119.19464111328125,VENTURA,OXNARD,-119.19464111328125,34.211524963378906
9322735,2021,2021-10-04,5604,2021-07-15,2237,5435,,4,5,6,5604,0,0,0,,0,022,"W 1ST ST","S A ST S",0.00,,Y,A,-,N,,,,,,,,,,N,2,0,1,2,A,-,12,22450,A,F,G,G,A,A,H,-,C,A,0,,Y,,,Y,,-,,1,0,0,0,0,0,1,0,0,"- ","- ",34.202960968017578,-119.17852020263672,VENTURA,OXNARD,-119.17855072021484,34.202960968017578
9324839,2021,2021-10-18,5608,2021-09-14,1426,342,,2,5,6,5608,0,0,0,,0,004,"JOHNSON DR","RT 101",282.00,N,N,A,-,N,,,,,,,,,,N,2,0,1,2,A,-,09,21804,A,N,D,G,A,A,H,-,A,D,0,,Y,,,Y,,L,04,1,0,0,0,0,0,1,0,0,"- ","- ",,,VENTURA,VENTURA,,
9336661,2021,2021-10-09,5604,2021-08-24,1528,4795,,2,5,6,5604,0,0,0,,0,031,"CAMINO DEL SOL","GRAVES AV",0.00,,Y,A,-,N,,,,,,,,,,Y,2,0,4,3,A,-,09,21802,A,N,D,C,A,A,H,-,A,A,0,,,,,Y,,D,22,1,2,1,0,0,0,0,0,0,"- ","- ",34.206218719482422,-119.14653015136719,VENTURA,OXNARD,-119.14655303955078,34.206211090087891
9336740,2021,2021-10-06,5604,2021-08-26,2333,4759,,4,5,6,5604,0,0,0,,0,011,"VENTURA RD","KINGSWOOD WY",60.00,S,N,A,-,N,,,,,,,,,,N,2,0,1,1,A,-,"- ",,,N,F,A,A,A,H,-,C,D,0,,,Y,,Y,,C,02,1,0,0,0,0,0,0,0,1,"- ","- ",34.217258453369141,-119.193359375,VENTURA,OXNARD,-119.19438171386719,34.21734619140625
9339013,2021,2021-10-20,5608,2021-09-23,1915,507,,4,5,6,5608,0,0,0,,0,004,"SARATOGA AV","TELEPHONE RD",297.00,S,N,A,-,N,,,,,,,,,,Y,2,0,3,3,A,-,08,22107,,N,D,C,A,A,H,-,A,D,0,,,,,Y,,A,07,1,1,1,0,0,0,0,0,0,"- ","- ",,,VENTURA,VENTURA,-119.21981048583984,34.263557434082031
9341883,2021,2021-12-14,5608,2021-10-01,1210,508,,5,5,6,5608,0,0,0,,0,001,"EAST THOMPSON BL","S CHESTNUT ST",0.00,,Y,A,-,N,,,,,,,,,,Y,2,0,1,2,A,-,12,21453,A,N,D,C,A,A,H,-,A,A,0,,,,,Y,,A,01,1,0,0,0,0,0,0,0,0,"- ","- ",,,VENTURA,VENTURA,-119.29154968261719,34.278263092041016
9341885,2021,2021-11-23,5608,2021-10-01,0739,517,,5,5,6,5608,0,0,0,,0,001,"S CALIFORNIA ST","EAST THOMPSON BL",5.00,S,N,A,-,N,,,,,,,,,,N,2,0,1,2,A,-,10,21950,A,F,G,G,A,A,H,-,A,A,0,,Y,,,Y,Y,A,01,1,0,0,0,0,0,1,0,0,"- ","- ",,,VENTURA,VENTURA,-119.29306030273438,34.278236389160156
9341888,2021,2021-12-15,5608,2021-10-07,1414,535,,4,5,6,5608,0,0,0,,0,,"SOUTH VICTORIA AV","RALSTON ST",1584.00,S,N,A,-,N,,,,,,,,,,,2,0,1,1,D,-,00,,,N,H,J,A,A,H,-,A,D,0,,Y,,,Y,,-,"- ",1,0,0,0,0,0,1,0,0,"- ","- ",,,VENTURA,VENTURA,-119.21074676513672,34.256778717041016
9353054,2021,2021-11-29,5608,2021-10-12,1817,525,,2,5,6,5608,0,0,0,,0,004,"TELEPHONE RD","CLINTON AV",0.00,,Y,A,-,N,,,,,,,,,,N,2,0,1,2,A,-,12,21453,,N,D,G,A,A,H,-,A,A,0,,Y,,,Y,,-,,1,0,0,0,0,0,1,0,0,"- ","- ",,,VENTURA,VENTURA,-119.17434692382812,34.270984649658203
9353779,2021,2021-12-17,5608,2021-10-18,1859,527,,1,5,6,5608,0,0,0,,0,003,"RT 126","VICTORIA AV",0.00,,-,A,-,Y,VEN,7,126,,-,1.241,R,3,W,N,2,0,1,2,A,-,03,22350,A,N,G,B,C,A,H,-,C,D,0,Y,,,,Y,,A,01,1,0,0,0,1,0,0,0,0,WO,"- ",,,VENTURA,VENTURA,-119.21369934082031,34.271316528320312
9354338,2021,2021-11-18,5608,2021-07-07,1856,530,,3,5,6,5608,0,0,0,,0,,"TELEPHONE RD","N GATEWAY PLAZA EXIT",21.00,E,N,A,-,N,,,,,,,,,,N,1,1,0,2,A,-,11,21955,,N,G,B,D,A,H,-,A,A,0,Y,,,,Y,,N,60,0,0,0,1,0,0,0,0,0,"- ","- ",34.263278961181641,-119.22049713134766,VENTURA,VENTURA,-119.22663116455078,34.263389587402344
9355411,2021,2021-11-17,5604,2021-10-11,1525,5567,,1,5,6,5604,0,0,0,,0,042,"E PLEASANT VALLEY RD","CLOYNE ST",5.00,W,N,A,-,N,,,,,,,,,,N,2,0,1,2,A,-,03,22350,,F,A,B,E,A,H,-,A,A,0,Y,,,Y,Y,,F,26,1,0,0,0,1,0,0,0,0,"- ","- ",34.154548645019531,-119.17626190185547,VENTURA,OXNARD,-119.17301940917969,34.154720306396484
9368193,2021,2021-12-20,5608,2021-11-11,1804,498,,4,5,6,5608,0,0,0,,0,003,"TELEPHONE RD","KIMBALL RD",305.00,E,N,A,-,N,,,,,,,,,,Y,2,0,2,1,A,-,00,25153,G,N,E,I,A,A,H,-,C,A,0,,,,,Y,Y,A,08,1,1,0,0,0,0,0,0,0,"- ","- ",,,VENTURA,VENTURA,-119.18766784667969,34.269008636474609
9370683,2021,2021-12-27,5604,2021-11-02,0443,5641,,2,5,6,5604,0,0,0,,0,024,"S C ST","W CHANNEL ISLANDS BL",15.00,N,N,A,-,N,,,,,,,,,,,2,0,1,2,-,-,"- ",,,N,G,B,D,A,H,-,C,A,0,Y,,,,Y,,-,"- ",1,0,0,0,1,0,0,0,0,"- ","- ",34.173679351806641,-119.18110656738281,VENTURA,OXNARD,-119.18112945556641,34.173740386962891
9373059,2021,2021-12-09,5604,2021-10-14,0649,5064,,4,5,6,5604,0,0,0,,0,022,"WEST 5TH ST","S VENTURA RD",0.00,,Y,A,-,N,,,,,,,,,,N,2,0,1,2,A,-,11,21456,A,N,G,B,B,A,H,-,A,A,0,Y,,,,Y,,N,60,1,0,0,0,1,0,0,0,0,"- ","- ",34.197669982910156,-119.19473266601562,VENTURA,OXNARD,-119.19487762451172,34.197578430175781
93767985,2024,2024-08-07,9765,2024-07-28,"400 ",023024,,7,3,9,5600,0,1,3,,1,012,"SR-1 N/B","NAUMANN RD",2168.00,N,N,A,-,Y,VEN,,1," "," ",14.021,H,,R,N,2,0,1,2,A,-,11,21954,A,F,G,B,E,A,H,-,D,A,0,Y,,,,Y,,N,60,1,0,0,0,1,0,0,0,0,"- ","- ",34.157249450683594,-119.12899017333984,VENTURA,UNINCORPORATED,-119.12898254394531,34.157257080078125