CASE_ID,ACCIDENT_YEAR,PROC_DATE,JURIS,COLLISION_DATE,COLLISION_TIME,OFFICER_ID,REPORTING_DISTRICT,DAY_OF_WEEK,CHP_SHIFT,POPULATION,CNTY_CITY_LOC,SPECIAL_COND,BEAT_TYPE,CHP_BEAT_TYPE,CITY_DIVISION_LAPD,CHP_BEAT_CLASS,BEAT_NUMBER,PRIMARY_RD,SECONDARY_RD,DISTANCE,DIRECTION,INTERSECTION,WEATHER_1,WEATHER_2,STATE_HWY_IND,CALTRANS_COUNTY,CALTRANS_DISTRICT,STATE_ROUTE,ROUTE_SUFFIX,POSTMILE_PREFIX,POSTMILE,LOCATION_TYPE,RAMP_INTERSECTION,SIDE_OF_HWY,TOW_AWAY,COLLISION_SEVERITY,NUMBER_KILLED,NUMBER_INJURED,PARTY_COUNT,PRIMARY_COLL_FACTOR,PCF_CODE_OF_VIOL,PCF_VIOL_CATEGORY,PCF_VIOLATION,PCF_VIOL_SUBSECTION,HIT_AND_RUN,TYPE_OF_COLLISION,MVIW,PED_ACTION,ROAD_SURFACE,ROAD_COND_1,ROAD_COND_2,LIGHTING,CONTROL_DEVICE,CHP_ROAD_TYPE,PEDESTRIAN_ACCIDENT,BICYCLE_ACCIDENT,MOTORCYCLE_ACCIDENT,TRUCK_ACCIDENT,NOT_PRIVATE_PROPERTY,ALCOHOL_INVOLVED,STWD_VEHTYPE_AT_FAULT,CHP_VEHTYPE_AT_FAULT,COUNT_SEVERE_INJ,COUNT_VISIBLE_INJ,COUNT_COMPLAINT_PAIN,COUNT_PED_KILLED,COUNT_PED_INJURED,COUNT_BICYCLIST_KILLED,COUNT_BICYCLIST_INJURED,COUNT_MC_KILLED,COUNT_MC_INJURED,PRIMARY_RAMP,SECONDARY_RAMP,LATITUDE,LONGITUDE,COUNTY,CITY,POINT_X,POINT_Y
94064237,2024,2024-08-12,9765,2024-02-29,1215,020983,,4,1,9,5600,0,1,3,,1,046,"SR-118 E/B (LOS ANGELES AVENUE)","VINEYARD AVENUE",375.00,W,N,B,-,N,,,,,,,,,,N,1,1,1,2,A,-,03,22350,,N,C,C,A,A,H,-,A,A,0,,,,,Y,,A,07,1,0,0,0,0,0,0,0,0,"- ","- ",34.274688720703125,-119.13627624511719,VENTURA,UNINCORPORATED,-119.13622283935547,34.274681091308594
9406746,2022,2022-03-10,5608,2022-02-08,1534,440,5608,2,5,6,5608,0,0,0,,0,004,"BRISTOL RD","RAILROAD TRACK",107.00,W,N,A,-,N,,,,,,,,,,Y,2,0,2,1,A,-,03,22350,,M,F,J,A,A,H,-,A,D,0,,,,,Y,,-,,1,1,0,0,0,0,0,0,0,"- ","- ",,,VENTURA,VENTURA,,
9407083,2022,2022-03-17,5608,2022-02-14,1935,506,,1,5,6,5608,0,0,0,,0,001,"EAST THOMPSON BL","ASH ST",0.00,,Y,A,-,N,,,,,,,,,,Y,2,0,4,3,A,-,09,21802,A,N,B,C,A,A,H,-,C,A,0,,,,,Y,,A,01,1,2,1,0,0,0,0,0,0,"- ","- ",,,VENTURA,VENTURA,-119.28849029541016,34.278282165527344
9410489,2022,2022-03-01,5608,2022-01-26,1937,463,,3,5,6,5608,0,0,0,,0,004,"JOHNSON DR","CRESCENT ST",0.00,,Y,A,-,N,,,,,,,,,,N,2,0,1,2,A,-,08,22101,D,F,G,B,B,A,H,-,C,A,0,Y,,,,Y,,-,"- ",1,0,0,0,1,0,0,0,0,"- ","- ",,,VENTURA,VENTURA,-119.19660949707031,34.250526428222656
9412395,2022,2022-03-11,5604,2022-01-18,2018,5534,,2,5,6,5604,0,0,0,,0,031,"3RD ST","NAVARRO ST",0.00,,Y,A,-,N,,,,,,,,,,Y,2,0,1,2,A,-,01,23152,A,N,C,C,A,A,H,-,C,D,0,,,,,Y,Y,A,08,1,0,0,0,0,0,0,0,0,"- ","- ",34.200469970703125,-119.16533660888672,VENTURA,OXNARD,-119.16536712646484,34.200485229492188
9412818,2022,2022-03-04,5604,2022-01-14,0605,5569,,5,5,6,5604,0,0,0,,0,014,"VINEYARD AV","FOREST PARK BL",10.00,W,N,A,-,N,,,,,,,,,,N,2,0,1,2,A,-,11,21954,A,N,G,B,D,A,H,-,C,A,0,Y,,,,Y,,N,60,1,0,0,0,1,0,0,0,0,"- ","- ",34.240169525146484,-119.16700744628906,VENTURA,OXNARD,-119.16703033447266,34.240196228027344
9412924,2021,2022-03-07,5604,2021-12-02,2358,5051,2,4,5,6,5604,0,0,0,,0,021,"WEST 5TH ST","PATTERSON RD",976.00,W,N,A,-,N,,,,,,,,,,Y,2,0,1,1,A,-,08,22107,,N,E,I,A,A,H,-,C,A,0,,,,,Y,,A,07,1,0,0,0,0,0,0,0,0,"- ","- ",,,VENTURA,OXNARD,-119.21117401123047,34.197578430175781
9413209,2022,2022-03-09,5604,2022-01-11,0204,5451,,2,5,6,5604,0,0,0,,0,011,"W GONZALES RD","MERION PL",75.00,W,N,A,-,N,,,,,,,,,,Y,2,0,2,1,A,-,03,22350,,N,A,I,A,A,H,-,C,D,0,,,,,Y,Y,A,01,1,1,0,0,0,0,0,0,0,"- ","- ",34.21942138671875,-119.214111328125,VENTURA,OXNARD,-119.21442413330078,34.219486236572266
9430162,2022,2022-04-14,5604,2022-03-04,0123,4914,,5,5,6,5604,0,0,0,,0,021,"VICTORIA AV","TEAL CLUB",100.00,S,N,A,-,N,,,,,,,,,,,2,0,1,2,A,-,08,22107,,N,C,E,A,A,H,-,C,D,0,,,,,Y,Y,A,01,1,0,0,0,0,0,0,0,0,"- ","- ",34.203079223632812,-119.22109985351562,VENTURA,OXNARD,-119.22109222412109,34.202804565429688
9430218,2022,2022-04-11,5604,2022-03-01,1432,5071,,2,5,6,5604,0,0,0,,0,022,"W FIFTH ST","S K ST S",0.00,,Y,A,-,N,,,,,,,,,,N,2,0,1,2,A,-,12,21453,A,F,G,B,B,A,H,-,A,A,0,Y,,,,Y,,A,01,1,0,0,0,1,0,0,0,0,"- ","- ",,,VENTURA,OXNARD,-119.19168090820312,34.197731018066406
9434668,2022,2022-05-26,5608,2022-03-01,1759,530,,2,5,6,5608,0,0,0,,0,004,"RALSTON ST","CYPRESS POINT LN",0.00,,Y,A,-,N,,,,,,,,,,Y,2,0,1,2,A,-,09,21801,,N,D,C,A,A,H,-,C,D,0,,,Y,,Y,Y,A,01,1,0,0,0,0,0,0,0,0,"- ","- ",,,VENTURA,VENTURA,-119.21485900878906,34.260353088378906
94368943,2024,2024-08-26,9770,2024-08-18,1000,022823,,7,1,9,5600,0,1,3,,1,057,"SR-23 N/B (GRIMES CANYON RD)","WAYNES WAY",1170.00,N,N,A,-,Y,VEN,,23," "," ",18.589,H,,R,N,2,0,1,1,A,-,08,22107,,N,E,I,A,A,H,-,A,A,0,,,Y,,Y,,C,02,1,0,0,0,0,0,0,0,1,"- ","- ",34.340221405029297,-118.90110778808594,VENTURA,UNINCORPORATED,-118.90113067626953,34.340202331542969
94379007,2024,2024-09-03,9770,2024-08-21,2256,023813,,3,3,6,5607,0,1,3,,2,077,"SR-23 S/B (MOORPARK FREEWAY)","JANSS RD",2112.00,N,N,A,-,Y,VEN,,23," ",R,5.512,H,,L,Y,2,0,1,1,A,-,01,23152,A,N,E,I,A,A,H,-,D,D,0,,,,,Y,Y,A,07,1,0,0,0,0,0,0,0,0,"- ","- ",34.204658508300781,-118.85243225097656,VENTURA,"THOUSAND OAKS",-118.85237884521484,34.204605102539062
94379202,2024,2024-09-03,9765,2024-08-24,"620 ",020983,,6,1,9,5600,0,1,3,,2,040,"SR-126 E/B (SANTA PAULA FREEWAY)","WELLS ROAD",4476.00,E,N,A,-,Y,VEN,,126," ",R,5.888,H,,R,N,2,0,2,1,A,-,08,22107,,N,E,8,A,A,H,-,B,D,0,,,,Y,Y,,F,26,1,1,0,0,0,0,0,0,0,"- ","- ",34.296791076660156,-119.14408111572266,VENTURA,UNINCORPORATED,-119.14410400390625,34.296821594238281
94379701,2024,2024-09-03,9765,2024-08-25,1500,022472,,7,2,9,5600,0,3,5,,2,001,"US 101 S/B","BATES ROAD",330.00,S,N,A,-,Y,VEN,,101," ",R,43.501,H,,L,Y,2,0,1,1,A,-,03,22350,,N,F,I,A,A,H,-,A,D,0,,,Y,,Y,,C,02,1,0,0,0,0,0,0,0,1,"- ","- ",34.375751495361328,-119.4761962890625,VENTURA,UNINCORPORATED,-119.47618103027344,34.375804901123047
9440143,2022,2022-04-26,5604,2022-03-18,0313,5071,,5,5,6,5604,0,0,0,,0,042,"W HUENEME RD","PERKINS RD",240.00,E,N,A,-,N,,,,,,,,,,Y,2,0,1,1,A,-,03,22350,1,N,E,I,A,A,H,-,C,D,0,,,,,Y,,A,01,1,0,0,0,0,0,0,0,0,"- ","- ",34.147480010986328,-119.18392944335938,VENTURA,OXNARD,-119.18315124511719,34.147438049316406
94431353,2024,2024-10-15,9770,2024-10-06,"415 ",023849,,7,3,9,5600,0,1,3,,1,057,"SR-23 (CHAMBERSBURG)",BELLEVUE,60.00,S,N,E,-,Y,VEN,,23," "," ",22.539,H,,R,Y,2,0,1,1,A,-,03,22350,,N,E,8,A,A,H,-,D,D,0,,,,,Y,,D,22,1,0,0,0,0,0,0,0,0,"- ","- ",34.372318267822266,-118.91581726074219,VENTURA,UNINCORPORATED,-118.91584014892578,34.372371673583984
94438466,2024,2024-10-21,9765,2024-10-10,1540,023498,,4,2,9,5600,0,3,5,,2,005,"BRADLEY RD","COYOTE CANYON RD",947.00,E,N,A,-,N,,,,,,,,,,Y,2,0,2,1,A,-,01,23152,A,N,E,I,A,A,H,-,A,D,0,,,,,Y,Y,D,22,2,0,0,0,0,0,0,0,0,"- ","- ",34.304100036621094,-118.99481201171875,VENTURA,UNINCORPORATED,,
9444461,2022,2022-05-26,5608,2022-04-23,2347,527,,6,5,6,5608,0,0,0,,0,001,"THOMPSON BL","OAK ST",5.00,W,N,A,-,N,,,,,,,,,,Y,2,0,4,1,A,-,08,22107,,F,E,I,A,A,H,-,C,A,0,,,,,Y,,-,,2,2,0,0,0,0,0,0,0,"- ","- ",,,VENTURA,VENTURA,-119.294677734375,34.278251647949219
94447958,2024,2024-10-28,9765,2024-10-20,"815 ",017253,,7,1,9,5600,0,1,3,,1,023,"SR-150 (OJAI ROAD)","GORHAM ROAD",0.00,,Y,A,-,Y,VEN,,150," "," ",19.043,H,,R,N,2,0,1,2,A,-,09,21801,A,N,D,6,A,A,D,-,A,D,0,,Y,,,Y,,A,01,1,0,0,0,0,0,1,0,0,"- ","- ",34.448490142822266,-119.22015380859375,VENTURA,UNINCORPORATED,-119.22016143798828,34.448440551757812
94458531,2024,2024-11-05,9765,2024-10-28,1747,020924,,1,2,9,5600,0,3,5,,2,003,"HARBOR BLVD","SANTA CLARA RIVER BRIDGE",295.00,S,N,G,-,N,,,,,,,,,,N,2,0,4,3,A,-,03,22350,,N,C,C,A,A,H,-,A,D,0,,,,,Y,,D,22,1,0,3,0,0,0,0,0,0,"- ","- ",34.230751037597656,-119.25627899169922,VENTURA,UNINCORPORATED,,
94460073,2024,2024-11-06,9765,2024-02-25,1305,017253,,7,1,9,5600,0,1,2,,1,101,"US-101 S/B (VENTURA FREEWAY)","MOBILE PIER RD U/C",5280.00,S,N,A,-,N,,,,,,,,,,Y,1,1,2,2,A,-,01,23152,A,N,C,C,A,A,D,E,A,D,0,,,,,Y,Y,D,22,0,2,0,0,0,0,0,0,0,"- ","- ",34.350738525390625,-119.42558288574219,VENTURA,UNINCORPORATED,-119.04429626464844,34.217571258544922
94461978,2024,2024-11-07,9765,2024-10-29,1913,022318,,2,2,9,5600,0,1,3,,2,061,"SR-1 S/B (RICE AVE)","PLEASANT VALLEY ROAD",106.00,S,N,A,-,N,,,,,,,,,,Y,2,0,1,2,A,-,11,21954,A,N,G,B,E,A,H,-,C,D,0,Y,,,,Y,,N,60,1,0,0,0,1,0,0,0,0,"- ","- ",34.165779113769531,-119.14248657226562,VENTURA,UNINCORPORATED,-119.14385223388672,34.165275573730469
94480763,2024,2024-11-22,9770,2024-11-09,1845,023849,,6,2,9,5600,0,2,4,,2,079,"DEERHILL ROAD","KANAN ROAD",525.00,N,N,A,-,N,,,,,,,,,,Y,2,0,1,2,A,-,08,22107,,N,B,2,A,A,H,-,C,D,0,,,,,Y,Y,D,22,1,0,0,0,0,0,0,0,0,"- ","- ",34.181369781494141,-118.76024627685547,VENTURA,UNINCORPORATED,-118.76042938232422,34.18121337890625
94489502,2024,2024-12-02,9765,2024-07-04,"302 ",022083,,4,3,6,5608,0,1,3,,2,053,"SR-232 (VINEYARD AVE)","CARNEGIE PL",21.00,N,N,B,-,Y,VEN,,232," "," ",1.849,H,,R,Y,1,1,0,1,A,-,01,23152,F,N,E,I,A,A,H,-,C,D,0,,,,,Y,,A,07,0,0,0,0,0,0,0,0,0,"- ","- ",34.249240875244141,-119.16033172607422,VENTURA,VENTURA,-119.16014099121094,34.249137878417969
94504871,2024,2024-12-16,9765,2024-11-24,2244,023739,,7,3,9,5600,0,3,5,,2,006,"COTHARIN ROAD","LAZY J RANCH DRIVE",312.00,W,N,A,-,N,,,,,,,,,,N,2,0,2,1,A,-,08,22107,,N,F,J,A,A,H,-,D,D,0,,,,,Y,,A,07,1,0,1,0,0,0,0,0,0,"- ","- ",34.091888427734375,-118.95548248291016,VENTURA,UNINCORPORATED,-118.95278167724609,34.091495513916016
94520667,2024,2024-12-30,9765,2024-12-23,1355,021015,,1,1,9,5600,0,3,5,,2,002,"CASITAS VISTA ROAD","FOSTER PARK WAY",291.00,E,N,B,-,N,,,,,,,,,,N,2,0,1,1,A,-,03,22350,,N,E,I,A,A,H,-,A,D,0,,,Y,,Y,,C,02,1,0,0,0,0,0,0,0,1,"- ","- ",34.352218627929688,-119.30919647216797,VENTURA,UNINCORPORATED,-119.31389617919922,34.356777191162109
94528825,2024,2025-01-07,9765,2024-12-28,1425,023267,,6,2,9,5600,0,3,5,,2,006,"POTRERO ROAD","OLD HUENEME ROAD",50.00,W,N,A,-,N,,,,,,,,,,N,2,0,1,1,A,-,03,22350,,N,F,A,A,A,H,-,A,D,0,,,Y,,Y,,C,02,1,0,0,0,0,0,0,0,1,"- ","- ",34.164779663085938,-119.06105041503906,VENTURA,UNINCORPORATED,-119.06279754638672,34.164749145507812
94543933,2025,2025-01-21,9765,2025-01-11,1315,023911,,6,1,9,5600,0,1,3,,1,021,"SR-33 (MARICOPA HIGHWAY)","MM 35.10",130.00,N,N,A,-,Y,VEN,,33," "," ",35.138,H,,R,Y,2,0,1,1,A,-,08,22107,,N,E,8,A,A,B,-,A,D,0,,,Y,,Y,,C,02,1,0,0,0,0,0,0,0,1,"- ","- ",34.594528198242188,-119.31060028076172,VENTURA,UNINCORPORATED,-119.31061553955078,34.594551086425781
94545512,2025,2025-01-22,9770,2025-01-18,1535,023928,,6,2,6,5607,0,1,2,,2,072,"US-101 N/B (VENTURA FREEWAY)","MOORPARK ROAD",1800.00,N,N,A,-,Y,VEN,,101," "," ",4.440,H,,R,Y,2,0,1,4,A,-,03,22350,,N,C,C,A,A,H,-,A,D,0,,,,,Y,,A,07,1,0,0,0,0,0,0,0,0,"- ","- ",34.179100036621094,-118.88236999511719,VENTURA,"THOUSAND OAKS",-118.88239288330078,34.179073333740234
9454871,2022,2022-06-29,5604,2022-06-10,1829,5650,,5,5,6,5604,0,0,0,,0,042,"SAVIERS RD","PLEASANT VALLEY RD",3.00,S,N,A,-,N,,,,,,,,,,Y,2,0,3,2,A,-,03,22350,,N,C,C,A,A,G,H,A,A,0,,,,,Y,,A,01,1,1,1,0,0,0,0,0,0,"- ","- ",34.154708862304688,-119.17774963378906,VENTURA,OXNARD,-119.17784881591797,34.154720306396484
94557818,2024,2025-01-31,9765,2024-08-21,"608 ",018884,,3,1,5,5601,0,1,2,,2,502,"US 101 N/B (VENTURA FREEWAY)","SPRINGVILLE DRIVE",1584.00,S,N,A,-,Y,VEN,,101," "," ",16.412,H,,R,Y,1,1,0,1,A,-,08,22107,,N,E,I,A,A,H,-,A,D,0,,,Y,,Y,,C,02,0,0,0,0,0,0,0,1,0,"- ","- ",34.220050811767578,-119.078857421875,VENTURA,CAMARILLO,-119.07887268066406,34.219970703125
94557826,2023,2025-01-31,9765,2023-10-17,1619,020832,,2,2,9,5600,0,3,5,,2,006,"PLEASANT VALLEY ROAD","LAGUNA ROAD",0.00,,Y,A,-,N,,,,,,,,,,Y,1,1,2,2,A,-,09,21801,A,N,D,2,A,A,H,-,A,A,0,,,,,Y,Y,A,01,1,0,1,0,0,0,0,0,0,"- ","- ",34.176609039306641,-119.12319183349609,VENTURA,UNINCORPORATED,-119.12319946289062,34.17657470703125
94567217,2025,2025-02-06,9770,2025-01-27,1137,019849,,1,1,9,5600,0,1,3,,2,084,"SR-23 N/B FROM TIERRA REJADA ROAD E/B","TIERRA REJADA RD",143.00,S,N,A,-,Y,VEN,,23," ",R,10.140,H,,R,Y,2,0,1,1,A,-,03,22350,,N,E,9,A,A,H,-,A,D,0,,,Y,,Y,,C,02,1,0,0,0,0,0,0,0,1,"- ","- ",34.266380310058594,-118.85056304931641,VENTURA,UNINCORPORATED,-118.85067749023438,34.266315460205078
94571444,2025,2025-02-10,9765,2025-02-01,1000,021349,,6,1,9,5600,0,3,5,,2,006,"LAS POSAS RD","HUENEME RD",0.00,,Y,A,-,N,,,,,,,,,,Y,2,0,4,2,A,-,12,21453,A,N,D,C,A,A,H,-,A,A,0,,,,,Y,,A,01,2,2,0,0,0,0,0,0,0,"- ","- ",34.157218933105469,-119.07675170898438,VENTURA,UNINCORPORATED,-119.07669067382812,34.157367706298828
94578115,2025,2025-02-13,9765,2025-02-06,1940,023911,,4,2,9,5600,0,1,3,,1,044,SR-150,"MUPU ROAD",6072.00,W,N,C,-,N,,,,,,,,,,Y,2,0,1,1,A,-,01,23152,A,N,E,8,A,B,H,-,D,A,0,,,,,Y,Y,A,01,1,0,0,0,0,0,0,0,0,"- ","- ",34.426189422607422,-119.08915710449219,VENTURA,UNINCORPORATED,-119.08406829833984,34.412502288818359
9457819,2022,2022-06-15,5604,2022-05-16,1812,4795,,1,5,6,5604,0,0,0,,0,012,"SAINT MARYS DR","VILLANOVA DR",700.00,W,N,A,-,N,,,,,,,,,,Y,2,0,2,4,A,-,01,23152,A,N,C,B,E,A,H,-,A,D,0,Y,,,,Y,,A,01,1,0,1,0,2,0,0,0,0,"- ","- ",34.22711181640625,-119.1732177734375,VENTURA,OXNARD,-119.17393493652344,34.226894378662109
9458261,2022,2022-06-15,5604,2022-05-14,2125,5532,,6,5,6,5604,0,0,0,,0,021,"HEMLOCK ST","VICTORIA RD",0.00,,Y,A,-,N,,,,,,,,,,Y,2,0,1,2,A,-,00,21461,,N,G,B,B,A,H,-,C,A,0,Y,,,,Y,,N,60,1,0,0,0,1,0,0,0,0,"- ","- ",34.181331634521484,-119.22164916992188,VENTURA,OXNARD,-119.22168731689453,34.181316375732422
94583017,2024,2025-02-18,9770,2024-08-12,2255,020721,,1,3,9,5600,0,1,3,,1,045,"SR-126 E/B (EAST TELEGRAPH ROAD)","CENTER STREET",4415.00,E,N,A,-,Y,VEN,,126," ",R,30.137,H,,R,Y,1,1,0,2,A,-,11,21954,A,N,G,B,E,A,H,-,D,D,0,Y,,,,Y,Y,N,60,0,0,0,1,0,0,0,0,0,"- ","- ",34.407398223876953,-118.76692962646484,VENTURA,UNINCORPORATED,-118.76692962646484,34.407363891601562
9458423,2022,2022-06-27,5608,2022-05-28,1625,544,,6,5,6,5608,0,0,0,,0,002,"HARBOR BL","VISTA DEL MAR DR",0.00,S,N,A,-,N,,,,,,,,,,Y,2,0,2,2,A,-,07,21658,,N,A,C,A,A,H,-,A,D,0,,,,,Y,,A,01,1,1,0,0,0,0,0,0,0,"- ","- ",34.271629333496094,-119.27744293212891,VENTURA,VENTURA,-119.27741241455078,34.271766662597656
94586584,2024,2025-02-21,9770,2024-11-01,"222 ",023131,,5,3,9,5600,0,1,3,,1,046,"SR-126 W/B (EAST TELEGRAPH ROAD)","PENA RANCH ROAD",40.00,E,N,A,-,Y,VEN,,126," ",R,34.139,H,,L,Y,1,1,0,1,A,-,01,23152,A,N,E,8,A,A,H,-,D,D,0,,,,,Y,Y,A,01,0,0,0,0,0,0,0,0,0,"- ","- ",34.405338287353516,-118.70146942138672,VENTURA,UNINCORPORATED,-118.70145416259766,34.405311584472656
9459874,2022,2022-06-27,5608,2022-06-01,1508,575,,3,5,6,5608,0,0,0,,0,001,"N PALM ST","POLI ST",150.00,S,N,A,-,N,,,,,,,,,,N,2,0,1,1,A,-,01,21200,5,N,G,A,A,A,H,-,A,D,0,,Y,,,Y,Y,L,04,1,0,0,0,0,0,1,0,0,"- ","- ",,,VENTURA,VENTURA,-119.29618835449219,34.281719207763672
94601628,2025,2025-03-18,9765,2025-03-02,1010,020832,,7,1,9,5600,0,3,5,,2,006,"DEER CREEK ROAD","PACIFIC VIEW DRIVE",2112.00,S,N,A,-,N,,,,,,,,,,Y,2,0,1,1,A,-,03,22350,,N,F,A,A,A,H,-,A,D,0,,,,,Y,,A,01,1,0,0,0,0,0,0,0,0,"- ","- ",34.084751129150391,-118.98674774169922,VENTURA,UNINCORPORATED,-118.98712158203125,34.083629608154297
9460608,2022,2022-06-23,5608,2022-06-04,2020,475,,6,5,6,5608,0,0,0,,0,001,"NORTH VENTURA AV","E WARNER ST",0.00,,Y,A,-,N,,,,,,,,,,Y,2,0,1,2,A,-,03,22350,,N,D,C,A,A,H,-,A,A,0,,,,,Y,,-,,1,0,0,0,0,0,0,0,0,"- ","- ",,,VENTURA,VENTURA,-119.29747009277344,34.292484283447266
94608981,2025,2025-03-18,9770,2025-02-21,1135,017732,,5,1,9,5600,0,1,3,,1,050,"SR-118 W/B (LOS ANGELES AVENUE)","SR-34 (SOMIS ROAD)",0.00,,Y,A,-,Y,VEN,,118," "," ",10.935,H,,L,Y,2,0,1,3,A,-,12,21453,A,N,D,2,A,A,H,-,A,D,0,,,,Y,Y,,A,07,1,0,0,0,0,0,0,0,0,"- ","- ",34.263820648193359,-118.99445343017578,VENTURA,UNINCORPORATED,-118.99445343017578,34.263744354248047
94631847,2025,2025-03-31,9770,2025-03-24,"625 ",019849,,1,1,9,5600,0,2,4,,1,030,"SANTA ROSA ROAD","GLENSIDE LANE",0.00,,Y,A,-,N,,,,,,,,,,Y,2,0,6,2,A,-,09,21802,A,N,D,C,A,A,H,-,B,A,0,,,,,Y,,D,22,1,0,5,0,0,0,0,0,0,"- ","- ",34.238029479980469,-118.90897369384766,VENTURA,UNINCORPORATED,-118.90897369384766,34.237998962402344
94639686,2025,2025-04-07,9770,2025-03-29,1300,023928,,6,1,9,5600,0,1,3,,1,052,"SR-118 W/B (LOS ANGELES AVENUE)","SAND CANYON ROAD",750.00,E,N,A,-,Y,VEN,,118," "," ",12.108,H,,L,Y,2,0,1,3,A,-,03,22350,,N,C,C,A,A,H,-,A,D,0,,,Y,,Y,,C,02,1,0,0,0,0,0,0,0,1,"- ","- ",34.265968322753906,-118.97432708740234,VENTURA,UNINCORPORATED,-118.97432708740234,34.265945434570312
9464388,2022,2022-09-06,5608,2022-07-21,0716,501,VENTU,4,5,6,5608,0,0,0,,0,002,"HARBOR BL","SCHOONER DR",428.00,N,N,A,-,N,,,,,,,,,,Y,1,1,0,1,A,-,03,22350,,N,E,I,A,A,H,-,A,D,0,,,,,Y,,A,01,0,0,0,0,0,0,0,0,0,"- ","- ",,,VENTURA,VENTURA,-119.25830841064453,34.250236511230469
9464986,2022,2022-12-01,5604,2022-10-17,1900,5655,,1,5,6,5604,0,0,0,,0,011,"N VENTURA RD","W DORIS AV",0.00,,Y,A,-,N,,,,,,,,,,Y,2,0,2,2,A,-,09,21801,A,N,D,C,A,A,C,H,C,A,0,,,Y,,Y,,A,01,1,0,1,0,0,0,0,0,1,"- ","- ",34.208328247070312,-119.19467163085938,VENTURA,OXNARD,-119.19464111328125,34.208362579345703
94663095,2024,2025-04-24,9770,2024-10-27,"628 ",020721,,7,1,6,5609,0,1,3,,2,082,"SR-118 W/B (RONALD REAGAN FREEWAY)","ROCKY PEAK ROAD",5280.00,W,N,B,-,Y,VEN,,118," ",R,31.554,H,,L,Y,1,2,0,2,A,-,11,21954,A,N,G,B,E,A,H,-,D,D,0,Y,,Y,,Y,Y,N,60,0,0,0,1,0,0,0,1,0,"- ","- ",34.270221710205078,-118.64927673339844,VENTURA,"SIMI VALLEY",-118.64927673339844,34.270244598388672
94668350,2024,2025-04-29,9765,2024-06-08,1816,023498,,6,2,9,5600,0,3,5,,2,004,"BARDSDALE AVENUE","VENTURA STREET",0.00,,Y,A,-,N,,,,,,,,,,Y,1,1,5,2,A,-,01,23152,A,N,D,2,A,A,H,-,A,A,0,,,,,Y,Y,A,01,0,5,0,0,0,0,0,0,0,"- ","- ",34.371559143066406,-118.93331909179688,VENTURA,UNINCORPORATED,-118.93324279785156,34.371559143066406
9467459,2023,2023-02-17,5604,2023-01-07,"22  ",5657,,6,5,6,5604,0,0,0,,0,014,"H ST","VIOLET WY",0.00,,Y,A,-,N,,,,,,,,,,Y,2,0,2,1,A,-,01,23153,A,N,A,I,A,A,H,-,A,A,0,,,,,Y,Y,A,01,1,0,1,0,0,0,0,0,0,"- ","- ",34.236831665039062,-119.18601226806641,VENTURA,OXNARD,-119.18608856201172,34.236721038818359
9467462,2023,2023-02-14,5604,2023-01-05,"12  ",5659,,4,5,6,5604,0,0,0,,0,011,"DORIS AV","A ST",200.00,W,N,B,C,N,,,,,,,,,,N,2,0,1,2,A,-,11,21954,A,F,G,B,E,B,H,-,D,D,0,Y,,,,Y,,N,60,1,0,0,0,1,0,0,0,0,"- ","- ",34.207889556884766,-119.17845916748047,VENTURA,OXNARD,-119.17913818359375,34.207901000976562
94677559,2025,2025-05-06,9765,2025-04-27,"30  ",022488,,7,3,6,5608,0,1,2,,2,301,"US-101 S/B (VENTURA FREEWAY)","CHANNEL DR",300.00,S,N,A,-,Y,VEN,,101," "," ",27.326,H,,L,Y,2,0,5,3,A,-,01,23152,A,N,A,2,A,A,H,-,D,D,0,,,,,Y,Y,A,01,2,3,0,0,0,0,0,0,0,"- ","- ",34.259220123291016,-119.25138092041016,VENTURA,VENTURA,-119.25137329101562,34.259201049804688
94681872,2024,2025-05-09,9770,2024-10-25,"820 ",018942,,5,1,6,5607,0,1,3,,2,077,"SR-23 S/B FROM AVENIDA DE LOS ARBOLES E/B","AVENIDA DE LOS ARBOLES",166.00,W,N,A,-,Y,,,,,,,,,,N,1,1,0,2,A,-,10,21950,A,N,G,B,C,A,H,-,A,D,0,Y,,,,Y,,A,08,0,0,0,1,0,0,0,0,0,"- ","- ",34.211528778076172,-118.85005187988281,VENTURA,"THOUSAND OAKS",-118.84937286376953,34.212074279785156
94685936,2025,2025-05-13,9765,2025-05-07,2315,022296,,3,3,9,5600,0,1,S,,2,841,SR-150,"KOENIGSTEIN RD",124.00,E,N,B,-,Y,VEN,,150," "," ",26.177,H,,R,Y,2,0,1,1,A,-,01,23152,A,N,E,I,A,A,H,-,D,D,0,,,,,Y,Y,A,01,1,0,0,0,0,0,0,0,0,"- ","- ",34.43463134765625,-119.12673187255859,VENTURA,UNINCORPORATED,-119.12673187255859,34.434658050537109