CASE_ID,ACCIDENT_YEAR,PROC_DATE,JURIS,COLLISION_DATE,COLLISION_TIME,OFFICER_ID,REPORTING_DISTRICT,DAY_OF_WEEK,CHP_SHIFT,POPULATION,CNTY_CITY_LOC,SPECIAL_COND,BEAT_TYPE,CHP_BEAT_TYPE,CITY_DIVISION_LAPD,CHP_BEAT_CLASS,BEAT_NUMBER,PRIMARY_RD,SECONDARY_RD,DISTANCE,DIRECTION,INTERSECTION,WEATHER_1,WEATHER_2,STATE_HWY_IND,CALTRANS_COUNTY,CALTRANS_DISTRICT,STATE_ROUTE,ROUTE_SUFFIX,POSTMILE_PREFIX,POSTMILE,LOCATION_TYPE,RAMP_INTERSECTION,SIDE_OF_HWY,TOW_AWAY,COLLISION_SEVERITY,NUMBER_KILLED,NUMBER_INJURED,PARTY_COUNT,PRIMARY_COLL_FACTOR,PCF_CODE_OF_VIOL,PCF_VIOL_CATEGORY,PCF_VIOLATION,PCF_VIOL_SUBSECTION,HIT_AND_RUN,TYPE_OF_COLLISION,MVIW,PED_ACTION,ROAD_SURFACE,ROAD_COND_1,ROAD_COND_2,LIGHTING,CONTROL_DEVICE,CHP_ROAD_TYPE,PEDESTRIAN_ACCIDENT,BICYCLE_ACCIDENT,MOTORCYCLE_ACCIDENT,TRUCK_ACCIDENT,NOT_PRIVATE_PROPERTY,ALCOHOL_INVOLVED,STWD_VEHTYPE_AT_FAULT,CHP_VEHTYPE_AT_FAULT,COUNT_SEVERE_INJ,COUNT_VISIBLE_INJ,COUNT_COMPLAINT_PAIN,COUNT_PED_KILLED,COUNT_PED_INJURED,COUNT_BICYCLIST_KILLED,COUNT_BICYCLIST_INJURED,COUNT_MC_KILLED,COUNT_MC_INJURED,PRIMARY_RAMP,SECONDARY_RAMP,LATITUDE,LONGITUDE,COUNTY,CITY,POINT_X,POINT_Y
94694527,2025,2025-05-20,9770,2025-05-08,"50  ",021911,,4,3,9,5600,0,1,3,,1,053,"SR-118 W/B (LOS ANGELES AVENUE)","LA CUMBRE ROAD",360.00,E,N,A,-,Y,VEN,,118," "," ",11.805,H,,L,Y,2,0,1,2,A,-,05,21650,,N,A,C,A,A,H,-,D,D,0,,,,Y,Y,Y,D,22,1,0,0,0,0,0,0,0,0,"- ","- ",34.265190124511719,-118.97943878173828,VENTURA,UNINCORPORATED,-118.97943115234375,34.265163421630859
9469814,2023,2023-09-25,5604,2023-07-09,2339,5650,,7,5,6,5604,0,0,0,,0,014,"SIMON WY","N VINEYARD AV N",0.00,,Y,A,-,N,,,,,,,,,,Y,2,0,3,2,A,-,09,21802,A,N,D,C,A,A,H,-,C,A,0,,,Y,,Y,,A,01,2,0,1,0,0,0,0,0,2,"- ","- ",34.244060516357422,-119.1640625,VENTURA,OXNARD,-119.1640625,34.244098663330078
9469900,2023,2023-10-02,5604,2023-08-16,1317,5417,,3,5,6,5604,0,0,0,,0,042,"S J ST","SONOMA WY",250.00,N,N,A,-,N,,,,,,,,,,N,2,0,1,2,A,-,06,21750,A,F,B,G,A,A,H,-,A,D,0,,Y,,,Y,Y,A,01,1,0,0,0,0,0,1,0,0,"- ","- ",34.156501770019531,-119.18557739257812,VENTURA,OXNARD,-119.18585205078125,34.156196594238281
94728815,2025,2025-06-17,9765,2025-06-05,1731,019988,,4,2,9,5600,0,1,3,,1,020,"SR-33 (MARICOPA HIGHWAY)","FAIRVIEW RD.",0.00,,Y,A,-,Y,VEN,,33," "," ",12.805,H,,R,Y,2,0,2,2,A,-,09,21802,A,N,D,C,A,A,H,-,A,D,0,,,Y,,Y,,A,08,1,1,0,0,0,0,0,0,1,"- ","- ",34.456508636474609,-119.27837371826172,VENTURA,UNINCORPORATED,-119.27828979492188,34.456508636474609
9473224,2022,2022-08-05,5608,2022-07-16,2009,530,,6,5,6,5608,0,0,0,,0,002,"HARBOR BL","SEAWARD AV",190.00,S,N,A,-,N,,,,,,,,,,Y,2,0,1,1,A,-,01,23152,A,N,F,I,A,A,H,-,A,A,0,,,Y,,Y,Y,C,02,1,0,0,0,0,0,0,0,1,"- ","- ",,,VENTURA,VENTURA,-119.26998901367188,34.264389038085938
94732786,2025,2025-06-20,9770,2025-06-07,2235,023849,,6,3,6,5607,0,1,2,,2,072,"US-101 N/B (VENTURA FREEWAY)","VENTU PARK ROAD",440.00,S,N,A,-,Y,,,,,,,,,,N,2,0,1,1,A,-,03,22350,,N,E,J,A,A,H,-,D,D,0,,,Y,,Y,,C,02,1,0,0,0,0,0,0,0,1,"- ","- ",34.184978485107422,-118.90969848632812,VENTURA,"THOUSAND OAKS",-118.91163635253906,34.184440612792969
94755874,2025,2025-07-10,9770,2025-06-28,"108 ",023849,,6,3,6,5607,0,1,3,,2,077,"SR-23 S/B TO US-101 S/B","RANCHO ROAD",1705.00,S,N,A,-,Y,VEN,,101," "," ",2.704,H,,L,Y,2,0,1,1,A,-,08,22107,,N,F,A,A,A,H,-,D,D,0,,,,,Y,,-,"- ",1,0,0,0,0,0,0,0,0,"- ","- ",34.17510986328125,-118.85285949707031,VENTURA,"THOUSAND OAKS",-118.85279846191406,34.175277709960938
9475750,2022,2022-07-15,5604,2022-02-20,2257,5608,,7,5,6,5604,0,0,0,,0,023,"OXNARD BL","WOOLEY RD",100.00,N,N,A,-,N,,,,,,,,,,Y,2,0,1,2,A,-,11,21953,,N,G,B,D,A,H,-,C,A,0,Y,,,,Y,,N,60,1,0,0,0,1,0,0,0,0,"- ","- ",34.190811157226562,-119.17769622802734,VENTURA,OXNARD,-119.17752838134766,34.190807342529297
94759550,2025,2025-07-14,9765,2025-06-15,"955 ",020983,,7,1,9,5600,0,1,3,,1,012,"SR-1 (PACIFIC COAST HIGHWAY) (3700 BLOCK)","PADRE JUAN CANYON ROAD",1235.00,S,N,A,-,Y,VEN,,1," "," ",24.707,H,,R,N,2,0,1,2,A,-,08,22107,,F,G,B,E,A,H,-,A,D,0,Y,,,,Y,,A,01,1,0,0,0,1,0,0,0,0,"- ","- ",34.320930480957031,-119.37848663330078,VENTURA,UNINCORPORATED,-119.37852478027344,34.321022033691406
94795689,2024,2025-08-08,9770,2024-12-24,1420,022443,,2,2,9,5600,0,1,3,,1,043,"SR-126 E/B (EAST TELEGRAPH ROAD)","PROPANE ROAD",600.00,E,N,A,-,Y,VEN,,126," ",R,24.086,H,,R,Y,1,2,3,2,A,-,08,22107,,N,A,C,A,A,H,-,A,D,0,,,,,Y,,A,07,3,0,0,0,0,0,0,0,0,"- ","- ",34.395999908447266,-118.86765289306641,VENTURA,UNINCORPORATED,-118.86763763427734,34.395900726318359
9482352,2022,2022-08-23,5608,2022-08-08,1033,539,,1,5,6,5608,0,0,0,,0,002,"SEAWARD AV","HARBOR BL",0.00,,Y,A,-,N,,,,,,,,,,Y,2,0,1,2,A,-,08,22101,D,N,D,C,A,A,H,-,A,A,0,,,Y,,Y,,A,01,1,0,0,0,0,0,0,0,1,"- ","- ",,,VENTURA,VENTURA,-119.27024078369141,34.264862060546875
9483451,2022,2022-08-05,5608,2022-07-13,2130,545,,3,5,6,5608,0,0,0,,0,003,"SOUTH VICTORIA AV",WEBSTER,36.00,N,N,A,-,N,,,,,,,,,,Y,2,0,1,2,A,-,00,21954,,N,A,B,D,A,H,-,C,A,0,Y,,,,Y,Y,N,60,1,0,0,0,1,0,0,0,0,"- ","- ",,,VENTURA,VENTURA,-119.21336364746094,34.2705078125
94837209,2025,2025-09-09,9765,2025-01-26,1930,022296,,7,2,9,5600,0,1,3,,1,062,"SR-1 (PACIFIC COAST HIGHWAY)","SYCAMORE CNYN RD",1690.00,S,N,B,-,Y,VEN,,1," "," ",4.050,H,,R,Y,1,1,0,1,A,-,01,23152,A,N,E,I,A,A,H,-,D,D,0,,,,,Y,Y,D,22,0,0,0,0,0,0,0,0,0,"- ","- ",34.067050933837891,-119.0087890625,VENTURA,UNINCORPORATED,-119.00875091552734,34.067092895507812
9488829,2022,2022-10-27,5608,2022-07-31,1938,535,,7,5,6,5608,0,0,0,,0,001,"THOMPSON BL","KALORAMA ST",0.00,,Y,A,-,N,,,,,,,,,,N,2,0,1,1,A,-,03,22350,,N,H,J,A,A,H,-,B,D,0,,,,,Y,,-,,1,0,0,0,0,0,0,0,0,"- ","- ",,,VENTURA,VENTURA,-119.2869873046875,34.278282165527344
9493312,2022,2022-10-06,5608,2022-09-04,1112,533,30,7,5,6,5608,0,0,0,,0,003,"WELLS RD","HENDERSON RD",167.00,N,N,A,-,Y,VEN,7,118,-,-,0.610,H,-,W,Y,2,0,4,2,A,-,01,23152,G,N,D,C,A,A,H,-,A,A,0,,,,,Y,Y,A,01,2,2,0,0,0,0,0,0,0,"- ","- ",,,VENTURA,VENTURA,-119.15534973144531,34.288631439208984
9504142,2021,2022-10-28,5604,2021-09-29,2034,5317,,3,5,6,5604,0,0,0,,0,024,"HEMLOCK ST","N ST",244.00,E,N,A,-,N,,,,,,,,,,Y,1,1,0,2,A,-,01,23152,A,N,C,G,A,A,H,-,C,D,0,,Y,,,Y,Y,A,01,0,0,0,0,0,1,0,0,0,"- ","- ",,,VENTURA,OXNARD,-119.19142150878906,34.181098937988281
9510792,2022,2023-01-31,5608,2022-12-13,1635,544,,2,5,6,5608,0,0,0,,0,004,"MOON DR","GRAND AV",300.00,E,N,A,-,N,,,,,,,,,,Y,2,0,1,1,A,-,03,22350,,N,F,A,A,A,H,-,A,D,0,,,,,Y,Y,A,01,1,0,0,0,0,0,0,0,0,"- ","- ",34.256359100341797,-119.20690155029297,VENTURA,VENTURA,-119.20693969726562,34.25640869140625
9514218,2021,2022-11-04,5606,2021-10-23,2145,1119,5606,6,5,4,5606,0,0,0,,0,001,"BECKWITH S RD","TELEGRAPH RD",171.00,N,N,A,-,N,,,,,,,,,,N,2,0,1,2,A,-,07,21658,A,N,B,G,A,A,H,-,C,D,0,,Y,,,Y,,A,01,1,0,0,0,0,0,1,0,0,"- ","- ",,,VENTURA,"SANTA PAULA",-119.09246063232422,34.336521148681641
9516379,2022,2022-12-16,5604,2022-11-20,0010,5377,,7,5,6,5604,0,0,0,,0,014,"GARONNE ST","GREEN RIVER ST",30.00,S,N,A,-,N,,,,,,,,,,Y,2,0,1,1,A,-,01,23152,A,N,F,I,A,A,H,-,C,D,0,,,,,Y,Y,A,07,1,0,0,0,0,0,0,0,0,"- ","- ",34.243141174316406,-118.17250823974609,VENTURA,OXNARD,-119.17226409912109,34.243236541748047
9517552,2022,2023-01-12,5604,2022-11-02,1625,5065,,3,5,6,5604,0,0,0,,0,032,"PINE ST","DATE ST",50.00,S,N,A,-,N,,,,,,,,,,N,2,0,1,6,A,-,03,22350,,F,C,E,F,A,H,-,A,D,0,Y,,,Y,Y,,F,26,1,0,0,0,1,0,0,0,0,"- ","- ",34.185001373291016,-119.16961669921875,VENTURA,OXNARD,-119.16952514648438,34.1849365234375
9521504,2022,2022-11-15,5604,2022-08-12,2040,5540,,5,5,6,5604,0,0,0,,0,014,"W VINEYARD AV","VENTURA RD",150.00,E,N,A,-,N,,,,,,,,,,N,2,0,1,2,A,-,05,21650,1,N,A,G,A,A,H,-,C,D,0,,Y,,,Y,,L,04,1,0,0,0,0,0,1,0,0,"- ","- ",34.229358673095703,-119.19444274902344,VENTURA,OXNARD,-119.19407653808594,34.229290008544922
9521642,2022,2022-11-15,5604,2022-08-16,1834,5615,,2,5,6,5604,0,0,0,,0,021,"S HARBOR BL","W CHANNEL ISLANDS BL",150.00,S,N,A,-,N,,,,,,,,,,Y,2,0,1,1,A,-,03,22350,,N,E,I,A,A,H,-,A,A,0,,,Y,,Y,,C,02,1,0,0,0,0,0,0,0,1,"- ","- ",,,VENTURA,OXNARD,-119.23027038574219,34.176040649414062
9521664,2022,2022-11-16,5604,2022-08-26,0101,5459,,5,5,6,5604,0,0,0,,0,021,"SOUTH VICTORIA AV","CURLEW WY",330.00,N,N,B,-,N,,,,,,,,,,N,2,0,1,1,A,-,"- ",,D,N,E,I,A,A,H,-,C,D,0,,Y,,,Y,Y,L,04,1,0,0,0,0,0,1,0,0,"- ","- ",34.170719146728516,-119.22154235839844,VENTURA,OXNARD,-119.22161102294922,34.171634674072266
9524392,2022,2022-12-28,5608,2022-11-29,1209,533,30,2,5,6,5608,0,0,0,,0,004,"VALENTINE RD","VICTORIA AV",291.00,W,N,A,-,N,,,,,,,,,,Y,2,0,1,1,A,-,08,22107,,N,F,I,A,A,H,-,A,D,0,,,Y,,Y,,C,02,1,0,0,0,0,0,0,0,1,"- ","- ",,,VENTURA,VENTURA,-119.21263885498047,34.251899719238281
9524394,2022,2022-12-28,5608,2022-11-21,2235,546,,1,5,6,5608,0,0,0,,0,004,"SOUTH VICTORIA AV","OLIVAS PARK DR",0.00,,Y,A,-,N,,,,,,,,,,Y,2,0,5,2,A,-,09,21453,C,N,A,C,A,A,H,-,C,A,0,,,,,Y,,A,01,2,3,0,0,0,0,0,0,0,"- ","- ",,,VENTURA,VENTURA,-119.215087890625,34.244136810302734
9526339,2023,2023-02-24,5608,2023-01-26,1321,415,,4,5,6,5608,0,0,0,,0,003,"MAPLE ST","MILLS RD",138.00,E,N,A,-,N,,,,,,,,,,Y,2,0,1,2,A,-,05,21650,1,N,A,G,A,A,H,-,A,D,0,,Y,,,Y,,L,04,1,0,0,0,0,0,1,0,0,"- ","- ",,,VENTURA,VENTURA,-119.24649810791016,34.269012451171875
9529281,2022,2022-11-17,5604,2022-07-14,0550,5231,,4,5,6,5604,0,0,0,,0,022,"VENTURA RD","2ND ST",0.00,,Y,A,-,N,,,,,,,,,,Y,2,0,2,3,A,-,12,21453,A,N,F,C,A,A,H,-,B,A,0,,,,,Y,,A,08,1,0,1,0,0,0,0,0,0,"- ","- ",,,VENTURA,OXNARD,-119.19470977783203,34.202888488769531
9535023,2023,2023-02-17,5608,2023-01-02,1415,522,,1,5,6,5608,0,0,0,,0,001,"MAIN ST","KALORAMA ST",0.00,,Y,A,B,N,,,,,,,,,,Y,2,0,2,2,A,-,09,21802,A,N,F,C,A,B,H,-,A,D,0,,,,,Y,,A,07,1,1,0,0,0,0,0,0,0,"- ","- ",,,VENTURA,VENTURA,-119.28701019287109,34.280838012695312
9545546,2023,2023-02-24,5604,2023-01-06,"937 ",5675,,5,5,6,5604,0,0,0,,0,024,"VENTURA RD","HILL ST",0.00,,Y,A,-,N,,,,,,,,,,Y,2,0,1,1,A,-,"- ",,,N,E,I,A,A,H,-,A,B,0,,,Y,,Y,,C,02,1,0,0,0,0,0,0,0,1,"- ","- ",34.1864013671875,-119.19523620605469,VENTURA,OXNARD,-119.19568634033203,34.1864013671875
9550633,2023,2023-04-24,5608,2023-03-01,1548,535,,3,5,6,5608,0,0,0,,0,003,"TELEGRAPH RD","S VICTORIA BL",503.00,E,N,B,-,N,,,,,,,,,,Y,2,0,1,2,A,-,00,23350,,N,B,C,A,A,H,-,A,A,0,,,Y,,Y,,C,02,1,0,0,0,0,0,0,0,1,"- ","- ",,,VENTURA,VENTURA,-119.21298980712891,34.278247833251953
9551956,2023,2023-04-19,5608,2023-02-18,1427,535,,6,5,6,5608,0,0,0,,0,001,"CALIFORNIA ST","RT 101",0.00,,Y,A,-,Y,VEN,7,101,-,-,30.007,R,4,N,Y,2,0,1,2,A,-,09,21801,A,N,D,C,A,A,H,-,A,D,0,,,Y,,Y,,A,07,1,0,0,0,0,0,0,0,1,"- ",NF,34.277759552001953,-119.29306793212891,VENTURA,VENTURA,-119.29065704345703,34.277133941650391
9552597,2023,2023-02-25,5608,2023-02-07,1707,448,,2,5,6,5608,0,0,0,,0,003,"MAIN ST","MILLS RD",0.00,,Y,A,-,N,,,,,,,,,,N,2,0,3,2,A,-,12,21453,,N,D,C,A,A,H,-,B,A,0,,,,,Y,,A,07,3,0,0,0,0,0,0,0,0,"- ","- ",34.265018463134766,-119.24600219726562,VENTURA,VENTURA,-119.24604797363281,34.264926910400391
9557470,2023,2023-04-24,5604,2023-02-25,1648,5647,,6,5,6,5604,0,0,0,,0,041,"CHANNEL ISLANDS BL","MAYWOOD WY",200.00,E,N,A,-,N,,,,,,,,,,Y,2,0,1,2,A,-,07,21658,A,N,F,E,A,A,H,-,A,D,0,,,,,Y,,A,01,1,0,0,0,0,0,0,0,0,"- ","- ",34.174251556396484,-119.18302917480469,VENTURA,OXNARD,-119.18329620361328,34.174713134765625
9571016,2023,2023-04-26,5604,2023-03-31,"606 ",5428,,5,5,6,5604,0,0,0,,0,032,"CHANNEL ISLANDS BL","EL DORADO AV",233.00,W,N,A,-,N,,,,,,,,,,Y,2,0,6,2,A,-,09,21804,A,N,D,C,A,A,H,-,B,D,0,,,,,Y,,D,22,1,2,3,0,0,0,0,0,0,"- ","- ",34.173610687255859,-119.15004730224609,VENTURA,OXNARD,-119.1497802734375,34.173240661621094
9574427,2023,2023-05-10,5604,2023-02-18,2210,5642,,6,5,6,5604,0,0,0,,0,021,"WEST 5TH ST","S VICTORIA AV S",0.00,,Y,A,-,N,,,,,,,,,,Y,2,0,1,2,A,-,12,22450,A,N,B,C,A,A,H,-,C,A,0,,,,,Y,,A,01,1,0,0,0,0,0,0,0,0,"- ","- ",34.197639465332031,-119.22116088867188,VENTURA,OXNARD,-119.22127532958984,34.197578430175781
9575536,2023,2023-04-27,5604,2023-03-22,2145,5673,,3,5,6,5604,0,0,0,,0,022,"N VENTURA RD","5TH ST",20.00,N,N,A,-,N,,,,,,,,,,N,2,0,1,2,A,-,11,21955,,N,G,B,D,A,H,-,C,A,0,Y,,,,Y,,A,01,1,0,0,0,1,0,0,0,0,"- ","- ",34.197669982910156,-119.19473266601562,VENTURA,OXNARD,-119.19477844238281,34.161930084228516
9579701,2023,2023-06-05,5608,2023-05-15,1236,533,30,1,5,6,5608,0,0,0,,0,004,"TELEPHONE RD","PORTOLA RD",0.00,,Y,B,-,N,,,,,,,,,,Y,2,0,2,2,A,-,12,21453,A,N,D,C,A,A,H,-,A,A,0,,,,,Y,,D,22,1,0,1,0,0,0,0,0,0,"- ","- ",,,VENTURA,VENTURA,-119.22515106201172,34.263595581054688
9584068,2023,2023-05-16,5604,2023-02-07,"548 ",5514,,2,5,6,5604,0,0,0,,0,031,"S ROSE AV","E 1ST ST",15.00,S,N,A,-,N,,,,,,,,,,N,2,0,1,2,A,-,11,21954,A,N,G,B,D,A,H,-,C,A,0,Y,,,,Y,,N,60,1,0,0,0,1,0,0,0,0,"- ","- ",34.202610015869141,-119.15971374511719,VENTURA,OXNARD,-119.15981292724609,34.202579498291016
9590200,2023,2023-07-21,5608,2023-06-06,1710,526,,2,5,6,5608,0,0,0,,0,001,"SUMMIT DR","KALORAMA DR",800.00,W,N,B,C,N,,,,,,,,,,N,2,0,1,1,A,-,03,22350,,N,H,I,A,A,H,-,A,-,0,,Y,,,Y,,L,04,1,0,0,0,0,0,1,0,0,"- ","- ",,,VENTURA,VENTURA,-119.28891754150391,34.284378051757812
9592258,2023,2023-06-26,5604,2023-05-16,2125,5683,,2,5,6,5604,0,0,0,,0,014,"OXNARD BL","WAGON WHEEL RD",300.00,S,N,B,-,N,,,,,,,,,,Y,2,0,2,2,A,-,01,23153,B,F,C,C,A,A,H,-,C,D,0,,,,,Y,Y,A,01,1,1,0,0,0,0,0,0,0,"- ","- ",34.234729766845703,-119.17989349365234,VENTURA,OXNARD,-119.17991638183594,34.234722137451172
9594631,2023,2023-06-30,5604,2023-05-19,1435,5160,,5,5,6,5604,0,0,0,,0,031,"5TH ST","PACIFIC AV",50.00,E,N,B,-,N,,,,,,,,,,N,2,0,2,3,A,-,03,22350,,N,C,C,A,A,H,-,A,A,0,,,Y,,Y,,C,02,1,0,1,0,0,0,0,0,1,"- ","- ",34.197078704833984,-119.16477203369141,VENTURA,OXNARD,-119.16460418701172,34.197067260742188
9598163,2023,2023-08-22,5608,2023-07-29,2224,559,,6,5,6,5608,0,0,0,,0,004,"MONTGOMERY AV","NORTH BANK DR",61.00,N,N,A,-,N,,,,,,,,,,Y,2,0,1,1,A,-,01,23152,A,N,A,I,A,A,H,-,C,A,0,,,Y,,Y,Y,-,"- ",1,0,0,0,0,0,0,0,1,"- ","- ",,,VENTURA,VENTURA,-119.17701721191406,34.261970520019531
9600954,2023,2023-08-03,5604,2023-06-05,"645 ",5563,,1,5,6,5604,0,0,0,,0,031,"COLONIA RD","BONITA AV",0.00,,Y,A,-,N,,,,,,,,,,N,2,0,1,2,A,-,12,22450,A,N,D,G,A,A,H,-,A,A,0,,Y,,,Y,,L,04,1,0,0,0,0,0,1,0,0,"- ","- ",34.206401824951172,-119.17059326171875,VENTURA,OXNARD,-119.17063140869141,34.206409454345703
9603418,2023,2023-08-14,5608,2023-07-17,1525,535,,1,5,6,5608,0,0,0,,0,002,"TELEGRAPH RD","NORTH BRENT ST",0.00,,Y,A,-,N,,,,,,,,,,Y,2,0,1,2,A,-,01,23152,A,M,C,C,A,A,H,-,A,A,0,,,,,Y,Y,A,01,1,0,0,0,0,0,0,0,0,"- ","- ",34.271831512451172,-119.25659942626953,VENTURA,VENTURA,-119.25666809082031,34.271827697753906
9609672,2023,2023-08-23,5604,2023-07-18,1624,5673,,2,5,6,5604,0,0,0,,0,021,"LEEWARD WY","BAYVIEW DR",0.00,,Y,A,-,N,,,,,,,,,,N,2,0,1,2,A,-,08,22107,,N,D,C,A,A,H,-,A,D,0,,,Y,,Y,,A,01,1,0,0,0,0,0,0,0,1,"- ","- ",34.185501098632812,-119.21997833251953,VENTURA,OXNARD,-119.219970703125,34.185508728027344
9615347,2023,2023-10-05,5605,2023-08-17,1436,227,PATRO,4,5,3,5605,0,0,0,,0,001,"CHANNEL ISLANDS BL","TRITON ST",161.00,E,N,A,-,N,,,,,,,,,,Y,2,0,1,1,A,-,08,22107,,N,E,I,A,A,H,-,A,D,0,,,,,Y,,A,01,1,0,0,0,0,0,0,0,0,"- ","- ",34.176040649414062,-119.20435333251953,VENTURA,"PORT HUENEME",-119.20392608642578,34.175960540771484
9618563,2023,2024-01-30,5604,2023-11-03,1441,5401,,5,5,6,5604,0,0,0,,0,011,"CORONADO PL","IVANHOE AV",0.00,,Y,A,-,N,,,,,,,,,,Y,2,0,2,3,A,-,12,22450,A,N,G,-,F,A,H,-,A,A,0,Y,,,,Y,,A,01,1,0,1,0,1,0,0,0,0,"- ","- ",34.208930969238281,-119.19950103759766,VENTURA,OXNARD,-119.19950866699219,34.208938598632812
9618567,2023,2024-01-25,5604,2023-11-04,"859 ",5643,,6,5,6,5604,0,0,0,,0,022,"W 2ND ST","G ST",150.00,E,N,A,-,N,,,,,,,,,,N,2,0,1,2,A,-,06,21760,C,N,B,-,A,A,H,-,A,D,0,,Y,,,Y,,A,01,1,0,0,0,0,0,1,0,0,"- ","- ",,,VENTURA,OXNARD,-119.18612670898438,34.201702117919922
9618568,2023,2024-01-25,5604,2023-11-05,1814,4674,,7,5,6,5604,0,0,0,,0,022,"WEST 5TH ST","K ST",0.00,,Y,A,-,N,,,,,,,,,,N,2,0,1,2,A,-,09,21801,A,N,D,-,A,A,H,-,C,A,0,,Y,,,Y,Y,A,01,1,0,0,0,0,0,1,0,0,"- ","- ",34.197769165039062,-119.19168090820312,VENTURA,OXNARD,-119.19168090820312,34.197731018066406
9619112,2023,2024-02-29,5608,2023-12-10,2022,299,,7,5,6,5608,0,0,0,,0,001,"VENTURA AV","PROSPECT ST",88.00,N,N,A,-,N,,,,,,,,,,Y,2,0,2,2,A,-,01,23152,A,F,-,E,A,A,H,-,C,D,0,,,,,Y,Y,A,01,1,1,0,0,0,0,0,0,0,"- ","- ",,,VENTURA,VENTURA,-119.29914093017578,34.286933898925781
9620796,2023,2023-10-23,5605,2023-09-08,2210,239,PATRO,5,5,3,5605,0,0,0,,0,002,"VENTURA RD","BARD RD",0.00,,Y,A,-,N,,,,,,,,,,Y,2,0,1,2,A,-,01,23152,A,N,A,C,A,A,H,-,C,A,0,,,,,Y,Y,A,01,1,0,0,0,0,0,0,0,0,"- ","- ",34.161090850830078,-119.19519805908203,VENTURA,"PORT HUENEME",-119.19508361816406,34.161109924316406
9626757,2023,2023-10-26,5604,2023-09-19,2017,5407,,2,5,6,5604,0,0,0,,0,022,"N OXNARD BL","COLONIA RD",0.00,,Y,A,-,N,,,,,,,,,,N,2,0,2,3,A,-,10,21950,A,N,G,B,B,A,H,-,C,A,0,Y,,,,Y,,A,01,1,1,0,0,2,0,0,0,0,"- ","- ",34.206439971923828,-119.17726898193359,VENTURA,OXNARD,-119.1773681640625,34.206462860107422
9626759,2023,2023-11-06,5604,2023-09-06,2205,5712,,3,5,6,5604,0,0,0,,0,011,"N VENTURA RD","STONE CREEK DR",500.00,N,N,A,-,N,,,,,,,,,,Y,2,0,3,1,A,-,03,22350,,F,F,I,A,A,H,-,C,D,0,,,,,Y,,A,01,2,1,0,0,0,0,0,0,0,"- ","- ",34.232288360595703,-119.19441223144531,VENTURA,OXNARD,-119.19451904296875,34.233734130859375
9628920,2023,2023-10-27,5604,2023-09-14,1659,5713,,4,5,6,5604,0,0,0,,0,031,"2ND ST W","OXNARD BL",0.00,W,N,A,-,N,,,,,,,,,,N,2,0,1,2,A,-,05,21202,A,N,A,G,A,A,H,-,A,A,0,,Y,,,Y,,L,04,1,0,0,0,0,0,1,0,0,"- ","- ",,,VENTURA,OXNARD,-119.17741394042969,34.201618194580078
9635730,2023,2024-01-08,5608,2023-11-12,1436,S48,,7,5,6,5608,0,0,0,,0,002,"MAIN ST","SANTA CRUZ",133.00,W,N,A,-,N,,,,,,,,,,N,2,0,1,3,A,-,11,21954,A,N,G,B,E,A,H,-,A,A,0,Y,,,,Y,,N,60,1,0,0,0,1,0,0,0,0,"- ","- ",,,VENTURA,VENTURA,-119.27159118652344,34.278392791748047
9639359,2023,2023-11-29,5604,2023-10-25,1730,5569,,3,5,6,5604,0,0,0,,0,022,"PALM DR","N A ST",40.00,E,N,A,-,N,,,,,,,,,,Y,2,0,1,5,A,-,03,22350,,N,C,E,A,A,H,-,A,D,0,,,,,Y,,A,07,1,0,0,0,0,0,0,0,0,"- ","- ",34.204620361328125,-119.17849731445312,VENTURA,OXNARD,-119.17841339111328,34.205116271972656
9643374,2023,2023-12-04,5604,2023-10-13,"635 ",5703,,5,5,6,5604,0,0,0,,0,011,"EAST VENTURA BL","CORTEZ ST",0.00,,Y,A,-,N,,,,,,,,,,Y,2,0,4,2,A,-,08,22107,,N,A,C,A,A,H,-,A,A,0,,,,,Y,,A,01,1,0,3,0,0,0,0,0,0,"- ","- ",34.229419708251953,-119.17021942138672,VENTURA,OXNARD,-119.17021179199219,34.22943115234375
9644474,2023,2023-12-20,5604,2023-11-12,1400,5624,,7,5,6,5604,0,0,0,,0,041,"SAVIERS RD","W BARD RD W",0.00,,Y,A,-,N,,,,,,,,,,N,2,0,1,2,A,-,10,21950,A,F,G,B,B,A,H,-,A,A,0,Y,,,,Y,,A,01,1,0,0,0,1,0,0,0,0,"- ","- ",34.160999298095703,-119.17768859863281,VENTURA,OXNARD,-119.17778015136719,34.161003112792969
9646985,2023,2024-01-29,5608,2023-11-01,1701,415,,3,5,6,5608,0,0,0,,0,002,"FOSTER AV","LINDA VISTA AV",0.00,,Y,A,-,N,,,,,,,,,,N,2,0,1,2,A,-,05,21650,,N,A,G,A,A,H,-,A,A,0,,Y,,,Y,,L,04,1,0,0,0,0,0,1,0,0,"- ","- ",,,VENTURA,VENTURA,-119.27082824707031,34.281322479248047
9668542,2024,2024-04-08,5604,2024-02-21,1710,5712,,3,5,6,5604,0,0,0,,0,042,"E PLEASANT VALLEY RD","BRADFIELD PL",0.00,,Y,A,-,N,,,,,,,,,,N,2,0,1,2,A,-,12,22450,A,F,D,G,A,A,H,-,A,A,0,,Y,,,Y,,A,01,1,0,0,0,0,0,1,0,0,"- ","- ",34.154689788818359,-119.17555236816406,VENTURA,OXNARD,-119.17557525634766,34.154720306396484