CASE_ID,ACCIDENT_YEAR,PROC_DATE,JURIS,COLLISION_DATE,COLLISION_TIME,OFFICER_ID,REPORTING_DISTRICT,DAY_OF_WEEK,CHP_SHIFT,POPULATION,CNTY_CITY_LOC,SPECIAL_COND,BEAT_TYPE,CHP_BEAT_TYPE,CITY_DIVISION_LAPD,CHP_BEAT_CLASS,BEAT_NUMBER,PRIMARY_RD,SECONDARY_RD,DISTANCE,DIRECTION,INTERSECTION,WEATHER_1,WEATHER_2,STATE_HWY_IND,CALTRANS_COUNTY,CALTRANS_DISTRICT,STATE_ROUTE,ROUTE_SUFFIX,POSTMILE_PREFIX,POSTMILE,LOCATION_TYPE,RAMP_INTERSECTION,SIDE_OF_HWY,TOW_AWAY,COLLISION_SEVERITY,NUMBER_KILLED,NUMBER_INJURED,PARTY_COUNT,PRIMARY_COLL_FACTOR,PCF_CODE_OF_VIOL,PCF_VIOL_CATEGORY,PCF_VIOLATION,PCF_VIOL_SUBSECTION,HIT_AND_RUN,TYPE_OF_COLLISION,MVIW,PED_ACTION,ROAD_SURFACE,ROAD_COND_1,ROAD_COND_2,LIGHTING,CONTROL_DEVICE,CHP_ROAD_TYPE,PEDESTRIAN_ACCIDENT,BICYCLE_ACCIDENT,MOTORCYCLE_ACCIDENT,TRUCK_ACCIDENT,NOT_PRIVATE_PROPERTY,ALCOHOL_INVOLVED,STWD_VEHTYPE_AT_FAULT,CHP_VEHTYPE_AT_FAULT,COUNT_SEVERE_INJ,COUNT_VISIBLE_INJ,COUNT_COMPLAINT_PAIN,COUNT_PED_KILLED,COUNT_PED_INJURED,COUNT_BICYCLIST_KILLED,COUNT_BICYCLIST_INJURED,COUNT_MC_KILLED,COUNT_MC_INJURED,PRIMARY_RAMP,SECONDARY_RAMP,LATITUDE,LONGITUDE,COUNTY,CITY,POINT_X,POINT_Y
9668815,2024,2024-04-08,5604,2024-02-13,1548,5772,,2,5,6,5604,0,0,0,,0,024,"S VENTURA RD","E BAY BL E",0.00,,Y,A,-,N,,,,,,,,,,Y,2,0,1,2,A,-,09,21801,A,N,D,C,A,A,H,-,A,A,0,,,Y,,Y,,A,01,1,0,0,0,0,0,0,0,1,"- ","- ",,,VENTURA,OXNARD,-119.19509124755859,34.178230285644531
9685066,2024,2024-06-24,5608,2024-04-09,1700,503,,2,5,6,5608,0,0,0,,0,003,"TELEGRAPH RD","HOOVER AV",40.00,W,N,A,-,N,,,,,,,,,,N,2,0,1,1,A,-,01,21200,5,N,-,I,A,A,H,-,A,D,0,,Y,,,Y,Y,L,04,1,0,0,0,0,0,1,0,0,"- ","- ",,,VENTURA,VENTURA,-119.19831085205078,34.280368804931641
9685876,2024,2024-07-18,5608,2024-05-26,2130,568,,7,5,6,5608,0,0,0,,0,002,"HARBOR BL","OLIVAS PARK DR",35.00,S,N,A,-,N,,,,,,,,,,Y,2,0,1,1,A,-,01,23152,A,N,E,I,A,A,H,-,C,A,0,,,,,Y,Y,A,01,1,0,0,0,0,0,0,0,0,"- ","- ",,,VENTURA,VENTURA,-119.25675964355469,34.244194030761719
9686091,2024,2024-07-16,5604,2024-04-03,1440,5677,,3,5,6,5604,0,0,0,,0,012,"N DEL NORTE BLVD","SAKIOKA DR",0.00,,Y,A,-,N,,,,,,,,,,Y,2,0,2,2,A,-,01,23152,A,N,D,C,A,A,H,-,A,A,0,,,,Y,Y,Y,A,01,1,1,0,0,0,0,0,0,0,"- ","- ",34.21527099609375,-119.12699127197266,VENTURA,OXNARD,,
9695909,2024,2024-05-10,5605,2024-03-09,"508 ",241,PATRO,6,5,3,5605,0,0,0,,0,001,"CHANNEL ISLAND BL","PATTERSON RD",0.00,,Y,A,-,N,,,,,,,,,,Y,2,0,1,1,A,-,08,22107,,N,E,I,A,A,H,-,C,A,0,,,,,Y,,A,01,1,0,0,0,0,0,0,0,0,"- ","- ",34.175849914550781,-119.20835876464844,VENTURA,"PORT HUENEME",-119.20841979980469,34.175727844238281
9700408,2024,2024-07-10,5608,2024-05-11,1516,446,,6,5,6,5608,0,0,0,,0,003,"KIMBALL RD","RT 126",344.00,S,N,A,-,N,,,,,,,,,,N,2,0,1,1,A,-,08,22107,,N,A,I,A,A,H,-,A,D,0,,Y,,,Y,,L,04,1,0,0,0,0,0,1,0,0,"- ",EF,,,VENTURA,VENTURA,-119.19044494628906,34.273899078369141
9707219,2024,2024-07-26,5604,2024-05-02,1541,5773,,4,5,6,5604,0,0,0,,0,042,"OLDS RD","PLEASANT VALLEY RD",0.00,,Y,A,-,N,,,,,,,,,,Y,2,0,1,2,A,-,09,21801,A,N,D,C,A,A,H,-,A,A,0,,,Y,,Y,,A,01,1,0,0,0,0,0,0,0,1,"- ","- ",34.161899566650391,-119.1510009765625,VENTURA,OXNARD,-119.15148162841797,34.161895751953125
9713004,2024,2024-08-14,5608,2024-06-15,1259,501,,6,5,6,5608,0,0,0,,0,001,"NORTH VENTURA AV","E MAIN ST",0.00,,Y,A,-,N,,,,,,,,,,N,2,0,1,2,A,-,10,21954,B,N,G,B,B,A,H,-,A,A,0,Y,,,,Y,,A,07,1,0,0,0,1,0,0,0,0,"- ","- ",,,VENTURA,VENTURA,-119.30075836181641,34.281070709228516
9717918,2024,2024-08-28,5604,2024-07-15,2135,5714,,1,5,6,5604,0,0,0,,0,041,"W CHANNEL ISLAND BL","S J ST S",0.00,,Y,A,-,N,,,,,,,,,,Y,2,0,3,5,A,-,01,23153,A,N,C,C,A,A,H,-,C,A,0,,,,,Y,Y,A,01,1,0,2,0,0,0,0,0,0,"- ","- ",34.173641204833984,-119.19390869140625,VENTURA,OXNARD,-119.18617248535156,34.175582885742188
9720262,2024,2024-09-05,5604,2024-05-14,1430,5737,,2,5,6,5604,0,0,0,,0,014,"STROUBE ST","RT 232",0.00,,Y,B,-,Y,VEN,7,232,-,-,0.876,I,6,S,N,2,0,1,2,A,-,03,22350,,F,A,G,A,A,H,-,A,D,0,,Y,,,Y,,-,99,1,0,0,0,0,0,1,0,0,"- ","- ",34.237209320068359,-119.16925811767578,VENTURA,OXNARD,-119.16931915283203,34.237285614013672
9724383,2024,2024-09-09,5604,2024-07-06,2107,5673,,6,5,6,5604,0,0,0,,0,012,"N ROSE AVE","LOCKWOOD ST",10.00,S,N,A,-,N,,,,,,,,,,Y,2,0,1,2,A,-,11,21954,A,N,G,B,B,A,H,-,C,A,0,Y,,,,Y,,N,60,1,0,0,0,1,0,0,0,0,"- ","- ",34.222118377685547,-119.15824127197266,VENTURA,OXNARD,-119.15829467773438,34.222084045410156
9733514,2024,2024-09-18,5604,2024-08-02,"218 ",5181,,5,5,6,5604,0,0,0,,0,011,"N C ST","EASTWOOD DR",20.00,N,N,A,-,N,,,,,,,,,,Y,2,0,2,2,A,-,01,23153,A,N,C,E,A,A,A,H,C,A,0,,,,,Y,Y,A,01,1,0,1,0,0,0,0,0,0,"- ","- ",34.212699890136719,-119.18061065673828,VENTURA,OXNARD,-119.18093872070312,34.212425231933594
9733600,2024,2024-09-19,5604,2024-08-02,1702,5673,,5,5,6,5604,0,0,0,,0,014,"N H ST","W VINEYARD AV W",0.00,,Y,A,-,N,,,,,,,,,,N,2,0,2,2,A,-,09,21801,B,N,F,A,A,A,H,-,A,A,0,,,Y,,Y,,A,01,1,1,0,0,0,0,0,0,2,"- ","- ",34.229290008544922,-119.18618011474609,VENTURA,OXNARD,-119.18618011474609,34.229251861572266
9736045,2024,2024-09-18,5604,2024-07-17,1330,5723,,3,5,6,5604,0,0,0,,0,012,"N RICE AVE","AUTO CENTER DR",0.00,,Y,A,-,N,,,,,,,,,,Y,2,0,2,2,A,-,12,21453,A,N,A,C,A,A,H,-,A,A,0,,,,,Y,,A,01,1,0,1,0,0,0,0,0,0,"- ","- ",,,VENTURA,OXNARD,-119.14105987548828,34.224353790283203
9739344,2024,2024-10-01,5608,2024-09-18,"845 ",507,,3,5,6,5608,0,0,0,,0,004,"SUNRIDGE DR","RALSTON ST",35.00,N,N,A,-,N,,,,,,,,,,N,2,0,1,1,B,-,22,,,N,H,J,A,A,H,-,A,D,0,,Y,,,Y,,M,91,1,0,0,0,0,0,1,0,0,"- ","- ",,,VENTURA,VENTURA,-119.20234680175781,34.261470794677734
9742289,2024,2024-11-19,5604,2024-09-18,"730 ",4907,,3,5,6,5604,0,0,0,,0,021,"S PATTERSON RD","W 5TH ST W",0.00,,Y,A,-,N,,,,,,,,,,Y,2,0,2,2,A,-,12,21453,A,N,D,C,A,A,H,-,A,A,0,,,,,Y,,-,"- ",1,0,1,0,0,0,0,0,0,"- ","- ",34.197540283203125,-119.20793151855469,VENTURA,OXNARD,-119.20800018310547,34.197425842285156
9751341,2024,2025-01-16,5604,2024-05-10,"524 ",5609,,5,5,6,5604,0,0,0,,0,032,"ROSE AV","OXNARD BL",0.00,,Y,A,-,N,,,,,,,,,,Y,1,1,0,3,D,-,00,,,N,G,B,B,A,H,-,B,A,0,Y,,,,Y,,-,"- ",0,0,0,1,0,0,0,0,0,"- ","- ",34.175228118896484,-119.15998077392578,VENTURA,OXNARD,-119.16005706787109,34.175331115722656
9751349,2023,2025-01-22,5604,2023-11-15,"542 ",5512,,3,5,6,5604,0,0,0,,0,021,"SOUTH VICTORIA AV","KETCH AV",95.00,N,N,A,-,N,,,,,,,,,,Y,1,1,0,1,A,-,08,22107,,N,E,I,A,A,H,-,C,A,0,,,,,Y,,A,01,0,0,0,0,0,0,0,0,0,"- ","- ",34.183990478515625,-119.2213134765625,VENTURA,OXNARD,-119.22125244140625,34.184230804443359
9751488,2023,2025-02-19,5608,2023-01-08,"13  ",365,,7,5,6,5608,0,0,0,,0,002,"MARKET ST","TELEPHONE RD",430.00,W,N,A,-,N,,,,,,,,,,Y,1,2,1,2,A,-,01,23152,B,N,A,I,A,A,H,-,C,D,0,,,,,Y,Y,A,01,0,1,0,0,0,0,0,0,0,"- ","- ",,,VENTURA,VENTURA,-119.2364501953125,34.257228851318359
9751490,2023,2025-02-19,5604,2023-04-05,"509 ",5609,,3,5,6,5604,0,0,0,,0,021,"VICTORIA AV","TEAL CLUB RD",0.00,,Y,A,-,N,,,,,,,,,,Y,1,1,2,2,D,-,00,,,N,D,C,A,A,H,-,B,A,0,,,,,Y,,-,"- ",0,1,1,0,0,0,0,0,0,"- ","- ",34.203079223632812,-119.22109985351562,VENTURA,OXNARD,-119.22109222412109,34.203079223632812
9751754,2024,2024-11-08,5604,2024-10-08,"230 ",5624,,2,5,6,5604,0,0,0,,0,022,"N OXNARD BL","COOPER RD",0.00,,Y,A,-,N,,,,,,,,,,Y,2,0,3,4,A,-,01,23153,A,N,D,C,A,A,H,-,C,A,0,,,,,Y,Y,A,01,1,1,1,0,0,0,0,0,0,"- ","- ",34.204559326171875,-119.17729187011719,VENTURA,OXNARD,-119.17739105224609,34.204563140869141
9752787,2024,2024-11-14,5608,2024-10-26,"434 ",559,,6,5,6,5608,0,0,0,,0,003,"TELEPHONE RD","KIMBALL RD",0.00,,Y,A,-,N,,,,,,,,,,Y,2,0,2,2,A,-,09,21453,C,N,D,C,A,A,H,-,C,A,0,,,,,Y,,A,01,1,1,0,0,0,0,0,0,0,"- ","- ",34.268901824951172,-119.18852996826172,VENTURA,VENTURA,-119.18865966796875,34.268867492675781
9754709,2024,2024-12-02,5604,2024-10-17,"700 ",5648,,4,5,6,5604,0,0,0,,0,031,"S LOMBARD ST","EASTMAN AV",0.00,,Y,B,-,N,,,,,,,,,,Y,2,0,1,2,A,-,03,22350,,N,D,C,A,A,H,-,A,A,0,,,Y,,Y,,C,02,1,0,0,0,0,0,0,0,1,"- ","- ",34.199001312255859,-119.14906311035156,VENTURA,OXNARD,-119.14909362792969,34.199028015136719
9754713,2024,2024-12-02,5604,2024-10-21,1829,4919,,1,5,6,5604,0,0,0,,0,012,"W CHANNEL ISLANDS BL","S C ST",0.00,,Y,A,-,N,,,,,,,,,,N,2,0,1,2,A,-,09,21801,A,N,D,G,A,A,H,-,A,A,0,,Y,,,Y,,A,01,1,0,0,0,0,0,1,0,0,"- ","- ",,,VENTURA,OXNARD,-119.18112945556641,34.173702239990234
9755859,2024,2024-11-26,5605,2024-05-06,1221,230,PATRO,1,5,3,5605,0,0,0,,0,003,"PORT HUENEME RD","SURFSIDE DR",0.00,,Y,A,-,N,,,,,,,,,,Y,2,0,1,2,A,-,03,22350,,N,D,C,A,A,H,-,A,A,0,,,Y,,Y,,C,02,1,0,0,0,0,0,0,0,1,"- ","- ",34.143001556396484,-119.19499969482422,VENTURA,"PORT HUENEME",-119.19049072265625,34.147602081298828
9756322,2024,2024-12-20,5608,2024-11-13,1750,422,VENTU,3,5,6,5608,0,0,0,,0,003,"DARLING RD","POINSETTA GARDENS DR",0.00,,Y,A,-,N,,,,,,,,,,N,2,0,1,2,A,-,03,22350,,F,A,B,C,A,H,-,C,A,0,Y,,,,Y,,A,01,1,0,0,0,1,0,0,0,0,"- ","- ",,,VENTURA,VENTURA,-119.14879608154297,34.289485931396484
9760358,2024,2024-12-06,5604,2024-10-28,1312,5538,,1,5,6,5604,0,0,0,,0,041,"SAVIERS RD","HUGHES DR",0.00,W,N,A,-,N,,,,,,,,,,Y,2,0,2,2,A,-,09,21802,A,N,D,C,A,A,H,-,A,A,0,,,Y,,Y,,C,02,1,1,0,0,0,0,0,0,1,"- ","- ",34.16973876953125,-119.17758178710938,VENTURA,OXNARD,-119.17768096923828,34.170505523681641
9760870,2024,2024-12-16,5608,2024-11-27,1525,570,,3,5,6,5608,0,0,0,,0,004,"RALSTON ST","SWIFT AVE",5.00,W,N,A,-,N,,,,,,,,,,N,2,0,1,2,A,-,05,21650,,N,D,G,A,A,H,-,A,D,0,,Y,,,Y,,L,04,1,0,0,0,0,0,1,0,0,"- ","- ",,,VENTURA,VENTURA,-119.20458984375,34.261959075927734
9763420,2024,2025-01-17,5608,2024-12-31,1801,446,,2,5,6,5608,0,0,0,,0,003,"THILLE ST","HENDERSON RD",0.00,,Y,A,-,N,,,,,,,,,,N,2,0,1,2,A,-,10,21950,A,N,D,B,B,A,H,-,D,D,0,Y,,,,Y,,A,07,1,0,0,0,1,0,0,0,0,"- ","- ",,,VENTURA,VENTURA,-119.18736267089844,34.271278381347656
9763484,2024,2025-01-14,5604,2024-12-08,"825 ",5609,,7,5,6,5604,0,0,0,,0,032,"WOOLEY RD","DONLON AV",80.00,E,N,A,-,N,,,,,,,,,,Y,2,0,1,2,A,-,11,21954,A,N,G,B,D,A,H,-,A,D,0,Y,,,,Y,,N,60,1,0,0,0,1,0,0,0,0,"- ","- ",34.190029144287109,-119.17743682861328,VENTURA,OXNARD,-119.17637634277344,34.189998626708984
9765692,2025,2025-02-25,5608,2025-02-08,1636,528,,6,5,6,5608,0,0,0,,0,004,"KENNEBEC ST","POTOMAC AV",25.00,W,N,A,-,N,,,,,,,,,,N,2,0,1,1,A,-,08,22107,,N,H,G,A,A,H,-,A,D,0,,Y,,,Y,,L,04,1,0,0,0,0,0,1,0,0,"- ","- ",,,VENTURA,VENTURA,-119.170654296875,34.261890411376953
9766072,2025,2025-02-28,5608,2025-02-13,2053,540,,4,5,6,5608,0,0,0,,0,001,"MAIN ST","FIR ST",13.00,W,N,C,-,N,,,,,,,,,,Y,2,0,2,1,A,-,01,23153,,N,E,I,A,B,H,-,C,D,0,,,,,Y,Y,A,08,1,1,0,0,0,0,0,0,0,"- ","- ",,,VENTURA,VENTURA,-119.29006195068359,34.280841827392578
9769332,2025,2025-02-13,5608,2025-01-21,"137 ",552,,2,5,6,5608,0,0,0,,0,004,"NORTH BANK DR","HARPER DR",0.00,,Y,A,-,N,,,,,,,,,,Y,2,0,1,1,A,-,08,22107,,N,E,A,A,A,H,-,C,D,0,,,,,Y,,A,07,1,0,0,0,0,0,0,0,0,"- ","- ",,,VENTURA,VENTURA,-119.16764831542969,34.266204833984375
9772284,2024,2025-01-23,5604,2024-12-03,2240,5624,,2,5,6,5604,0,0,0,,0,022,"WOOLEY RD","VENTURA RD",0.00,,Y,A,-,N,,,,,,,,,,Y,2,0,2,3,A,-,12,21453,A,N,B,C,A,A,H,-,C,A,0,,,,,Y,,A,01,1,0,1,0,0,0,0,0,0,"- ","- ",34.190319061279297,-119.19510650634766,VENTURA,OXNARD,-119.19512176513672,34.190296173095703
9772342,2024,2025-01-14,5604,2024-11-29,"521 ",5648,,5,5,6,5604,0,0,0,,0,012,"W VINEYARD AV","EDELWEISS ST",170.00,E,N,A,-,N,,,,,,,,,,N,2,0,1,3,A,-,07,21658,A,N,C,E,A,A,H,-,C,A,0,,,,,Y,,A,01,1,0,0,0,0,0,0,0,0,"- ","- ",34.226558685302734,-119.18100738525391,VENTURA,OXNARD,-119.18054962158203,34.226314544677734
9777730,2025,2025-03-19,5608,2025-02-20,1752,803,,4,5,6,5608,0,0,0,,0,003,"DARLING RD","DE LOS ARBOLES",220.00,E,N,A,-,N,,,,,,,,,,Y,2,0,1,1,A,-,00,28152,A,N,H,A,A,A,H,-,A,D,0,,,,,Y,Y,-,,1,0,0,0,0,0,0,0,0,"- ","- ",,,VENTURA,VENTURA,,
9786031,2023,2025-03-05,5604,2023-11-19,2252,5609,,7,5,6,5604,0,0,0,,0,042,"PERKINS RD","HUENEME RD",0.00,,Y,A,-,N,,,,,,,,,,N,1,1,0,2,D,-,00,,,F,G,B,D,A,H,-,D,A,0,Y,,,,Y,Y,-,"- ",0,0,0,1,0,0,0,0,0,"- ","- ",34.147480010986328,-119.18392944335938,VENTURA,OXNARD,-119.18393707275391,34.147441864013672
9786093,2023,2025-03-19,5604,2023-02-12,"7   ",5609,,7,5,6,5604,0,0,0,,0,021,"5TH ST","PORTOFINO PL",1200.00,E,N,A,-,N,,,,,,,,,,Y,1,2,1,2,A,-,03,22350,,N,D,C,A,A,H,-,D,D,0,,,,,Y,,A,01,0,1,0,0,0,0,0,0,0,"- ","- ",34.197589874267578,-119.21466827392578,VENTURA,OXNARD,-119.21077728271484,34.19744873046875
9786137,2024,2025-04-25,5606,2024-03-14,1824,1173,5606,4,5,4,5606,0,0,0,,0,001,"SANTA PAULA ST","PECK RD",0.00,,Y,A,-,N,,,,,,,,,,Y,1,1,0,2,A,-,03,22350,,N,D,C,A,A,H,-,A,A,0,,,Y,,Y,,C,02,0,0,0,0,0,0,0,1,0,"- ","- ",,,VENTURA,"SANTA PAULA",-119.09007263183594,34.346050262451172
9786146,2023,2025-04-23,5606,2023-08-16,1322,1131,5606,3,5,4,5606,0,0,0,,0,001,"S STECKEL DR","W HARVARD BLVD",0.00,,Y,A,-,N,,,,,,,,,,Y,1,1,0,2,A,-,10,21950,A,F,G,B,B,A,D,H,A,A,0,Y,,,,Y,Y,D,22,0,0,0,1,0,0,0,0,0,"- ","- ",,,VENTURA,"SANTA PAULA",-119.07801818847656,34.344440460205078
9786380,2024,2025-07-14,5604,2024-12-13,"755 ",5512,,5,5,6,5604,0,0,0,,0,031,"S ROOSEVELT AV","E 1ST ST",0.00,,Y,A,-,N,,,,,,,,,,N,1,1,0,2,A,-,05,21660,,N,D,G,A,A,H,-,A,A,0,,Y,,,Y,,L,04,0,0,0,0,0,1,0,0,0,"- ","- ",34.202919006347656,-119.1727294921875,VENTURA,OXNARD,-119.1727294921875,34.202907562255859
9792672,2025,2025-04-03,5608,2025-03-04,"309 ",530,,2,5,6,5608,0,0,0,,0,003,"TELEPHONE RD","KIMBALL RD",250.00,E,N,A,-,N,,,,,,,,,,N,2,0,1,1,D,-,00,,,N,H,G,A,A,H,-,C,D,0,,Y,,,Y,,-,"- ",1,0,0,0,0,0,1,0,0,"- ","- ",37.268909454345703,-119.18740081787109,VENTURA,VENTURA,-119.18784332275391,34.26898193359375
9802501,2024,2025-04-24,5606,2024-06-13,1836,1154,35606,4,5,4,5606,0,0,0,,0,003,"PAULA CIR","14TH ST",20.00,W,N,A,-,N,,,,,,,,,,N,2,0,1,2,A,-,12,22450,A,N,D,G,A,A,H,-,A,A,0,,Y,,,Y,,L,04,1,0,0,0,0,0,1,0,0,"- ","- ",,,VENTURA,"SANTA PAULA",,
9804790,2025,2025-04-25,5608,2025-04-09,"524 ",550,,3,5,6,5608,0,0,0,,0,004,"TELEPHONE RD","SATICOY AV",0.00,,Y,A,-,N,,,,,,,,,,Y,2,0,2,2,A,-,09,21801,A,N,D,C,A,A,H,-,C,A,0,,,,,Y,,A,01,1,1,0,0,0,0,0,0,0,"- ","- ",34.279430389404297,-119.15824890136719,VENTURA,VENTURA,-119.15834045410156,34.279506683349609
9806557,2025,2025-05-06,5604,2025-03-13,1338,5773,,4,5,6,5604,0,0,0,,0,012,"GONZALES RD","WILLIAMS DR",0.00,,Y,A,-,N,,,,,,,,,,Y,2,0,3,2,A,-,09,21801,A,N,A,C,A,A,A,H,-,A,0,,,,,Y,,A,01,1,0,2,0,0,0,0,0,0,"- ","- ",,,VENTURA,OXNARD,-119.15392303466797,34.218936920166016
9807390,2025,2025-06-02,5608,2025-04-27,"14  ",456,,7,5,6,5608,0,0,0,,0,002,"MAIN ST","SANTA ROSA",54.00,W,N,B,-,N,,,,,,,,,,N,2,0,1,2,A,-,11,21954,A,N,G,B,D,A,H,-,C,D,0,Y,,,,Y,Y,N,60,1,0,0,0,1,0,0,0,0,"- ","- ",,,VENTURA,VENTURA,-119.27234649658203,34.278587341308594
9814921,2025,2025-06-02,5604,2025-04-03,"237 ",5407,,4,5,6,5604,0,0,0,,0,011,"W GONZALES RD","VENTURA RD",1321.00,W,N,A,-,N,,,,,,,,,,Y,2,0,2,1,A,-,03,22350,,F,A,I,A,A,H,-,C,D,0,,,,,Y,,A,01,1,1,0,0,0,0,0,0,0,"- ","- ",34.219841003417969,-119.17752075195312,VENTURA,OXNARD,-119.19900512695312,34.219249725341797
9814973,2025,2025-07-01,5608,2025-05-17,1001,530,,6,5,6,5608,0,0,0,,0,001,"OJAI VALLEY TRAIL BIKE PATH","NORTH VENTURA AV",0.00,,N,A,-,N,,,,,,,,,,N,2,0,1,1,D,-,00,,,N,E,J,A,A,H,-,A,D,0,,Y,,,Y,,-,"- ",1,0,0,0,0,0,1,0,0,"- ","- ",34.309608459472656,-119.29595184326172,VENTURA,VENTURA,,
9814980,2025,2025-07-01,5608,2025-05-18,2050,545,,7,5,6,5608,0,0,0,,0,003,"TELEGRAPH RD","N DUNNING ST",80.00,W,N,A,-,N,,,,,,,,,,Y,2,0,2,1,A,-,01,23152,F,N,E,I,A,A,H,-,C,D,0,,,,,Y,,A,01,1,1,0,0,0,0,0,0,0,"- ","- ",,,VENTURA,VENTURA,-119.25193786621094,34.272533416748047
9815234,2025,2025-06-03,5604,2025-01-09,1852,5532,,4,5,6,5604,0,0,0,,0,011,"GONZALES RD","LANTANA ST",0.00,,Y,A,-,N,,,,,,,,,,Y,2,0,3,2,A,-,09,21801,A,N,D,C,A,A,H,-,C,A,0,,,,,Y,,A,01,1,0,2,0,0,0,0,0,0,"- ","- ",34.219169616699219,-119.19024658203125,VENTURA,OXNARD,-119.19024658203125,34.2191162109375
9833899,2025,2025-08-05,5604,2025-06-20,1418,5351,,5,5,6,5604,0,0,0,,0,014,"DANVERS RIVER DR","SEAGLASS WAY",100.00,W,N,A,-,N,,,,,,,,,,Y,2,0,2,2,A,-,03,22350,,F,A,C,A,A,H,-,A,D,0,,,,,Y,,A,01,1,1,0,0,0,0,0,0,0,"- ","- ",34.241081237792969,-119.17442321777344,VENTURA,OXNARD,-119.17472076416016,34.24127197265625
6291063,2014,2014-08-13,9765,2014-03-19,2345,14736,,3,3,9,5600,0,3,5,,2,004,"FOOTHILL RD","ALISO CANYON RD",250.00,W,N,A,-,N,,,,,,,,,,Y,1,1,0,1,A,-,01,23152,A,N,E,I,A,A,H,-,D,D,0,,,,,Y,Y,A,01,0,0,0,0,0,0,0,0,0,"- ","- ",34.314729999999997,-119.14565,VENTURA,UNINCORPORATED,-119.14565014,34.314615709999998
6291070,2014,2015-12-29,9765,2014-04-11,2312,18305,,5,3,6,5608,0,1,2,,1,104,"RT 101","VISTA DEL MAR DR",1177.00,S,N,B,-,Y,VEN,7,101,-,-,29.210,H,-,N,Y,1,1,0,1,A,-,08,22107,,N,E,I,A,A,H,-,C,D,1,,,,,Y,,A,01,0,0,0,0,0,0,0,0,0,"- ","- ",34.27216,-119.27867999999999,VENTURA,VENTURA,-119.2787051,34.272100139999999
6291079,2014,2014-08-13,9765,2014-05-07,0457,18001,,3,3,9,5600,0,2,4,,2,064,"HUENEME RD","LAS POSAS RD",1835.00,W,N,A,-,N,,,,,,,,,,Y,1,1,0,1,A,-,08,22107,,N,E,I,A,A,H,-,D,D,0,,,,,Y,,A,01,0,0,0,0,0,0,0,0,0,"- ","- ",34.154209999999999,-119.08261,VENTURA,UNINCORPORATED,-119.08184684,34.154727899999997
6291102,2014,2014-08-19,9765,2014-03-28,1124,16436,,5,1,9,5600,0,1,3,,1,023,"RT 150","SISAR RD",714.00,W,N,A,-,Y,VEN,7,150,-,-,25.360,H,-,W,Y,1,1,0,1,A,-,08,22107,,N,E,I,A,A,H,-,A,D,0,,,Y,,Y,,C,02,0,0,0,0,0,0,0,1,0,"- ","- ",34.436630000000001,-119.1399,VENTURA,UNINCORPORATED,-119.13982368000001,34.436640570000002
6291406,2014,2016-01-13,5608,2014-09-02,1326,435,,2,5,6,5608,0,0,0,,0,002,"FOOTHILL RD","VIA PLAZA",0.00,,Y,A,-,N,,,,,,,,,,Y,1,1,0,2,A,-,09,21801,A,N,D,C,A,A,H,-,A,D,0,,,,,Y,,-,,0,0,0,0,0,0,0,0,0,"- ","- ",,,VENTURA,VENTURA,-119.20827011,34.287050069999999
6291714,2014,2014-12-16,9765,2014-10-06,0347,20497,,1,3,9,5600,0,1,2,,1,104,"RT 101","RT 1",1700.00,N,N,A,-,Y,VEN,7,101,-,R,33.030,H,-,N,Y,1,1,2,5,A,-,03,22350,,N,D,C,E,A,C,-,D,D,1,Y,,,,Y,,A,08,1,1,0,1,2,0,0,0,0,"- ","- ",34.294580000000003,-119.33907000000001,VENTURA,UNINCORPORATED,-119.33814760999999,34.29329113
6291849,2014,2015-01-14,5600,2014-10-31,0231,4045,9008,5,5,6,5607,0,0,0,,0,9A01,"SUNSET HILLS DR","AVENIDA VERANO",320.00,E,N,A,-,N,,,,,,,,,,Y,1,1,0,1,A,-,08,22107,,N,E,I,A,A,H,-,C,D,0,,,,,Y,,A,01,0,0,0,0,0,0,0,0,0,"- ","- ",,,VENTURA,"THOUSAND OAKS",-118.85388811,34.231200000000001
6291980,2014,2015-02-25,5604,2014-04-18,2312,4591,,5,5,6,5604,0,0,0,,0,012,"VINEYARD AV","ESPLANADE DR",0.00,,Y,A,-,N,,,,,,,,,,Y,1,1,1,2,A,-,12,21453,A,F,D,C,A,A,H,-,C,A,0,,,,,Y,,-,,1,0,0,0,0,0,0,0,0,"- ","- ",,,VENTURA,OXNARD,-119.17466,34.230000009999998
6292128,2015,2015-05-19,9770,2015-02-19,1700,17732,,4,2,9,5600,0,1,3,,1,053,"RT 118","HITCH BL",2549.00,E,N,A,-,Y,VEN,7,118,-,-,15.380,H,-,E,Y,1,1,0,2,A,-,05,21651,A,N,A,C,A,A,H,-,A,D,5,,,Y,Y,Y,,C,02,0,0,0,0,0,0,0,1,0,"- ","- ",34.278779999999998,-118.92062,VENTURA,UNINCORPORATED,-118.9200195,34.278852610000001
6327797,2014,2014-06-10,5600,2014-01-06,0610,4589,8253,1,5,5,5601,0,0,0,,0,08C,"PLEASANT VALLEY RD","BRIDGEHAMPTON WY",0.00,,Y,A,-,N,,,,,,,,,,Y,2,0,2,2,A,-,09,21801,A,N,H,C,A,A,H,-,A,A,0,,,,,Y,,D,22,1,1,0,0,0,0,0,0,0,"- ","- ",,,VENTURA,CAMARILLO,-119.01852005000001,34.205410049999998