CASE_ID,ACCIDENT_YEAR,PROC_DATE,JURIS,COLLISION_DATE,COLLISION_TIME,OFFICER_ID,REPORTING_DISTRICT,DAY_OF_WEEK,CHP_SHIFT,POPULATION,CNTY_CITY_LOC,SPECIAL_COND,BEAT_TYPE,CHP_BEAT_TYPE,CITY_DIVISION_LAPD,CHP_BEAT_CLASS,BEAT_NUMBER,PRIMARY_RD,SECONDARY_RD,DISTANCE,DIRECTION,INTERSECTION,WEATHER_1,WEATHER_2,STATE_HWY_IND,CALTRANS_COUNTY,CALTRANS_DISTRICT,STATE_ROUTE,ROUTE_SUFFIX,POSTMILE_PREFIX,POSTMILE,LOCATION_TYPE,RAMP_INTERSECTION,SIDE_OF_HWY,TOW_AWAY,COLLISION_SEVERITY,NUMBER_KILLED,NUMBER_INJURED,PARTY_COUNT,PRIMARY_COLL_FACTOR,PCF_CODE_OF_VIOL,PCF_VIOL_CATEGORY,PCF_VIOLATION,PCF_VIOL_SUBSECTION,HIT_AND_RUN,TYPE_OF_COLLISION,MVIW,PED_ACTION,ROAD_SURFACE,ROAD_COND_1,ROAD_COND_2,LIGHTING,CONTROL_DEVICE,CHP_ROAD_TYPE,PEDESTRIAN_ACCIDENT,BICYCLE_ACCIDENT,MOTORCYCLE_ACCIDENT,TRUCK_ACCIDENT,NOT_PRIVATE_PROPERTY,ALCOHOL_INVOLVED,STWD_VEHTYPE_AT_FAULT,CHP_VEHTYPE_AT_FAULT,COUNT_SEVERE_INJ,COUNT_VISIBLE_INJ,COUNT_COMPLAINT_PAIN,COUNT_PED_KILLED,COUNT_PED_INJURED,COUNT_BICYCLIST_KILLED,COUNT_BICYCLIST_INJURED,COUNT_MC_KILLED,COUNT_MC_INJURED,PRIMARY_RAMP,SECONDARY_RAMP,LATITUDE,LONGITUDE,COUNTY,CITY,POINT_X,POINT_Y
6352061,2014,2014-06-13,5608,2014-01-15,1030,285,,3,5,6,5608,0,0,0,,0,002,"LOMA VISTA RD","ST PAULS",25.00,W,N,A,-,N,,,,,,,,,,N,2,0,1,2,A,-,08,22107,,N,D,G,A,A,H,-,A,D,0,,Y,,,Y,,-,,1,0,0,0,0,0,1,0,0,"- ","- ",,,VENTURA,VENTURA,-119.25169133999999,34.276257800000003
6364135,2014,2014-06-10,9765,2014-01-28,1200,20540,,2,1,9,5600,0,3,5,,2,004,"CUMMINGS RD","SANTA PAULA ST",10.00,S,N,A,-,N,,,,,,,,,,Y,2,0,1,1,A,-,01,23152,A,N,E,I,A,A,H,-,A,A,0,,,,,Y,Y,D,22,1,0,0,0,0,0,0,0,0,"- ","- ",34.32931,-119.11785999999999,VENTURA,UNINCORPORATED,-119.11773076,34.329547669999997
6370284,2014,2015-10-01,5609,2014-01-06,0926,310,604,1,5,6,5609,0,0,0,,0,006,"YOSEMITE AV","RT 118",181.00,S,N,A,-,N,,,,,,,,,,Y,2,0,2,2,A,-,01,23152,E,N,A,D,A,A,H,-,A,D,0,,,,,Y,,A,01,1,0,1,0,0,0,0,0,0,"- ",EF,34.280110000000001,-118.67841,VENTURA,"SIMI VALLEY",-118.67856999999999,34.28143
6370452,2014,2015-11-09,9770,2014-01-28,0730,16561,,2,1,6,5609,0,1,3,,2,080,"RT 118","LANDFILL ACCESS RD",279.00,E,N,A,-,Y,VEN,7,118,-,R,22.610,H,-,W,Y,2,0,1,2,A,-,03,22350,,N,B,C,A,A,H,-,A,D,1,,,Y,,Y,,C,02,1,0,0,0,0,0,0,0,1,"- ","- ",34.286850000000001,-118.79841,VENTURA,"SIMI VALLEY",-118.79862489999999,34.287012750000002
6377582,2014,2016-03-22,9765,2014-02-09,1430,19900,,7,2,9,5600,0,1,3,,1,021,"RT 33","ROSE VALLEY RD",40656.00,N,N,A,-,Y,VEN,7,33,-,-,33.490,H,-,S,Y,2,0,1,1,A,-,08,22107,,N,F,A,A,A,H,-,A,D,0,,,Y,,Y,,C,02,1,0,0,0,0,0,0,0,1,"- ","- ",34.595660000000002,-119.30853999999999,VENTURA,UNINCORPORATED,-119.29009868999999,34.590632489999997
6388235,2014,2016-06-30,5600,2014-02-07,0939,3960,9160,5,5,6,5607,0,0,0,,0,09D,"RT 23","RT 101",0.00,,Y,B,-,Y,VEN,7,101,-,-,0.502,R,4,N,Y,2,0,2,2,A,-,12,21453,A,N,D,C,A,B,H,-,A,A,0,,,,,Y,,A,01,1,0,1,0,0,0,0,0,0,"- ",NF,,,VENTURA,"THOUSAND OAKS",-118.82230860999999,34.15590211
6397345,2014,2014-06-10,5608,2014-01-24,2124,414,,5,5,6,5608,0,0,0,,0,004,"NIGHTINGALE ST","PEACOCK AV",260.00,E,N,A,-,N,,,,,,,,,,N,2,0,1,2,D,-,00,,,F,G,B,E,A,H,-,C,D,0,Y,,,,Y,,-,"- ",1,0,0,0,1,0,0,0,0,"- ","- ",,,VENTURA,VENTURA,-119.2010453,34.251241399999998
6417451,2014,2014-06-12,5609,2014-02-23,0105,433,303,7,5,6,5609,0,0,0,,0,003,"SEQUOIA AV","LOS ANGELES AV",0.00,,Y,A,-,N,,,,,,,,,,Y,2,0,2,2,A,-,01,23152,A,N,D,C,A,A,H,-,C,A,0,,,,,Y,Y,A,01,1,1,0,0,0,0,0,0,0,"- ","- ",,,VENTURA,"SIMI VALLEY",-118.73053012,34.271680029999999
6439537,2014,2016-01-21,9765,2014-03-09,0145,20001,,7,3,9,5600,0,1,3,,2,053,"RT 232","CENTRAL AV",1055.00,W,N,A,-,Y,VEN,7,232,-,-,2.330,H,-,N,N,2,0,1,2,A,-,11,21950,B,N,G,B,D,A,H,-,D,D,0,Y,,,,Y,,N,60,1,0,0,0,1,0,0,0,0,"- ","- ",34.251629999999999,-119.15813,VENTURA,UNINCORPORATED,-119.15568030999999,34.255036969999999
6442893,2014,2015-12-28,9765,2014-03-27,0630,013943,,4,1,9,5600,0,1,3,,2,061,"RT 1","WOOD RD",1250.00,S,N,A,-,Y,VEN,7,1,-,-,11.350,H,-,S,Y,2,0,2,2,A,-,05,21651,A,N,A,C,A,A,H,-,B,D,1,,,,,Y,,A,07,1,0,1,0,0,0,0,0,0,"- ","- ",34.130369999999999,-119.09622,VENTURA,UNINCORPORATED,-119.09627811,34.130298709999998
6453005,2014,2015-11-09,9770,2014-03-30,1410,13407,,7,2,9,5600,0,1,3,,1,043,"RT 126","HOPPER CANYON RD",1584.00,E,N,A,-,Y,VEN,7,126,-,R,26.430,H,-,W,Y,2,0,9,3,A,-,08,22107,,N,E,I,A,A,H,-,A,D,5,,,,,Y,,B,07,1,3,5,0,0,0,0,0,0,"- ","- ",34.400919999999999,-118.82761000000001,VENTURA,UNINCORPORATED,-118.82753375999999,34.400859779999998
6459018,2014,2015-12-03,5600,2014-04-26,0155,1929,9052,6,5,6,5607,0,0,0,,0,09B,"AVENIDA DE LAS FLORES","MOSS CT",1290.00,W,N,A,-,N,,,,,,,,,,Y,2,0,1,2,D,-,00,,,N,G,B,E,A,H,-,D,D,0,Y,,,,Y,Y,-,"- ",1,0,0,0,1,0,0,0,0,"- ","- ",,,VENTURA,"THOUSAND OAKS",-118.85054421,34.205752940000004
6462722,2014,2014-07-22,5608,2014-04-05,1650,441,,6,5,6,5608,0,0,0,,0,004,"TELEPHONE RD","E MAIN ST",0.00,,Y,A,-,N,,,,,,,,,,Y,2,0,1,2,A,-,08,22107,,N,D,C,A,A,H,-,A,A,0,,,,,Y,,-,,1,0,0,0,0,0,0,0,0,"- ","- ",,,VENTURA,VENTURA,-119.23184999,34.261920029999999
6464105,2014,2015-11-09,9765,2014-03-22,1655,016714,,6,2,9,5600,0,1,3,,1,023,"RT 150","REEVES RD",3115.00,E,N,A,-,Y,VEN,7,150,-,-,20.520,H,-,W,Y,2,0,1,2,A,-,03,22350,,N,B,C,A,A,H,-,A,D,0,,,Y,,Y,,C,02,1,0,0,0,0,0,0,0,1,"- ","- ",34.442129999999999,-119.19938999999999,VENTURA,UNINCORPORATED,-119.19992827,34.442688930000003
6464141,2014,2014-07-10,9765,2014-03-23,1515,017599,,7,2,9,5600,0,3,5,,2,006,"POTRERO RD","VIA ACOSTA",3696.00,W,N,A,-,N,,,,,,,,,,Y,2,0,1,1,A,-,03,22350,,N,F,A,A,A,H,-,A,D,0,,,Y,,Y,,C,02,1,0,0,0,0,0,0,0,1,"- ","- ",34.15907,-118.99823000000001,VENTURA,UNINCORPORATED,-118.99928654999999,34.159165639999998
6469464,2014,2015-10-07,5600,2014-03-16,1942,3411,8050,7,5,5,5601,0,0,0,,0,8A01,"CENTRAL AV","DAILY DR",0.00,,Y,A,-,N,,,,,,,,,,Y,2,0,2,2,A,-,01,23152,A,N,A,C,A,A,H,-,C,D,0,,,,,Y,Y,A,07,2,0,0,0,0,0,0,0,0,"- ","- ",34.222819999999999,-119.10229,VENTURA,CAMARILLO,-119.1022401,34.222700019999998
6476847,2014,2014-07-11,5609,2014-04-29,1748,437,,2,5,6,5609,0,0,0,,0,002,"ROYAL AV","1ST ST",0.00,,Y,A,-,N,,,,,,,,,,Y,2,0,1,2,D,-,00,,,N,D,C,A,A,H,-,A,A,0,,,,,Y,,-,"- ",1,0,0,0,0,0,0,0,0,"- ","- ",,,VENTURA,"SIMI VALLEY",-118.77902009,34.264450060000001
6482862,2014,2014-07-16,5608,2014-04-29,1650,456,,2,5,6,5608,0,0,0,,0,004,"PORTOLA RD","TELEPHONE RD",0.00,,Y,A,G,N,,,,,,,,,,N,2,0,1,2,A,-,08,22107,,F,G,B,B,A,B,H,A,A,0,Y,,,,Y,,-,,1,0,0,0,1,0,0,0,0,"- ","- ",,,VENTURA,VENTURA,-119.22514996,34.263590010000001
6494344,2014,2014-08-27,5600,2014-05-23,0939,5041,9142,5,5,6,5607,0,0,0,,0,09D,"WESTLAKE BL","KANAN RD",0.00,,Y,A,-,N,,,,,,,,,,Y,2,0,3,2,A,-,"- ",,,N,H,C,A,A,H,-,A,A,0,,,,,Y,,-,"- ",2,1,0,0,0,0,0,0,0,"- ","- ",,,VENTURA,"THOUSAND OAKS",-118.82287002,34.196820039999999
6500911,2014,2014-07-26,5600,2014-05-17,1927,4590,6006,6,5,3,5602,0,0,0,,0,6A01,"RHODES CT ALLEY","EL PASEO ST",146.00,S,N,A,-,N,,,,,,,,,,N,2,0,1,1,A,-,21,22106,,N,D,C,A,A,H,-,A,D,0,,,Y,,Y,,C,02,1,0,0,0,0,0,0,0,1,"- ","- ",,,VENTURA,FILLMORE,-118.92923999999999,34.395597000000002
6505797,2014,2014-07-30,9765,2014-05-28,1354,2085,,3,1,9,5600,0,2,4,,2,064,"RICE AV","PLEASANT VALLEY RD",260.00,S,N,A,-,N,,,,,,,,,,Y,2,0,1,1,A,-,03,22350,,N,E,I,A,A,H,-,A,A,0,,,Y,,Y,,C,02,1,0,0,0,0,0,0,0,1,"- ","- ",34.165399999999998,-119.14261,VENTURA,UNINCORPORATED,-119.14216876,34.165946159999997
6506120,2014,2014-08-05,5608,2014-05-20,1118,449,,2,5,6,5608,0,0,0,,0,001,"VENTURA AV","STANLEY AV",0.00,,Y,A,-,N,,,,,,,,,,Y,2,0,1,1,A,-,"- ",,,N,A,I,A,A,H,-,A,A,0,,,,,Y,,-,,1,0,0,0,0,0,0,0,0,"- ","- ",,,VENTURA,VENTURA,-119.29532996,34.299500049999999
6511484,2014,2014-06-27,5605,2014-04-23,2012,100,PATRO,3,5,3,5605,0,0,0,,0,002,"VENTURA RD","BARD RD",55.00,S,N,A,-,N,,,,,,,,,,Y,2,0,4,2,A,-,01,23152,D,N,C,C,A,A,H,-,C,A,0,,,,,Y,Y,I,10,2,0,2,0,0,0,0,0,0,"- ","- ",,,VENTURA,"PORT HUENEME",-119.19508419,34.160959079999998
6511944,2014,2014-08-07,5608,2014-06-04,1821,370,,3,5,6,5608,0,0,0,,0,002,"SEAWARD AV",ALESSANDRO,595.00,N,N,A,-,N,,,,,,,,,,Y,2,0,1,1,A,-,08,22107,,N,A,I,A,A,H,-,A,D,0,,,,,Y,,-,,1,0,0,0,0,0,0,0,0,"- ","- ",,,VENTURA,VENTURA,-119.26835952,34.267820960000002
6515610,2014,2014-08-07,9765,2014-05-20,1250,014823,,2,1,9,5600,0,3,5,,2,005,"BRADLEY RD","BERYLWOOD RD",2112.00,S,N,A,-,N,,,,,,,,,,Y,2,0,2,2,A,-,08,22107,,N,E,I,E,A,H,-,A,D,0,Y,,,,Y,,A,07,1,1,0,0,1,0,0,0,0,"- ","- ",34.275689999999997,-119.01115,VENTURA,UNINCORPORATED,-119.01118,34.275765610000001
6524552,2014,2014-08-06,9765,2014-05-10,0900,16234,,6,1,9,5600,0,3,5,,2,005,"BALCOM CANYON RD","BRADLEY RD",2640.00,N,N,A,-,N,,,,,,,,,,Y,2,0,2,1,A,-,03,22350,,N,E,I,A,A,H,-,A,D,0,,,,,Y,Y,A,01,1,0,1,0,0,0,0,0,0,"- ","- ",34.320099999999996,-118.97369999999999,VENTURA,UNINCORPORATED,-118.97361480000001,34.320036500000001
6529839,2014,2016-04-20,9765,2014-06-13,0245,019034,,5,3,9,5600,0,1,3,,2,053,"RT 232","BEEDY ST",837.00,N,N,A,-,Y,VEN,7,232,-,-,2.440,H,-,S,Y,2,0,3,1,A,-,01,23152,A,N,E,I,A,A,H,-,C,D,0,,,,,Y,Y,A,01,3,0,0,0,0,0,0,0,0,"- ","- ",34.256,-119.15470999999999,VENTURA,UNINCORPORATED,-119.15463475999999,34.256378249999997
6534305,2014,2014-08-06,5608,2014-06-03,0902,453,,2,5,6,5608,0,0,0,,0,003,"VICTORIA AV","WOODLAND ST",439.00,S,N,A,-,N,,,,,,,,,,Y,2,0,1,3,A,-,03,22350,,N,C,E,E,A,H,-,A,D,0,Y,,,,Y,,-,,1,0,0,0,1,0,0,0,0,"- ","- ",,,VENTURA,VENTURA,-119.21435663,34.274383630000003
6548235,2014,2014-08-22,9765,2014-07-06,0747,020358,,7,1,9,5600,0,3,5,,2,005,"BRADLEY RD","BERYLWOOD RD",8.00,S,N,A,-,N,,,,,,,,,,Y,2,0,1,2,A,-,09,21804,A,N,F,A,A,A,H,-,A,D,0,,,Y,,Y,,D,22,1,0,0,0,0,0,0,0,1,"- ","- ",34.281480000000002,-119.01106,VENTURA,UNINCORPORATED,-119.0110761,34.281528639999998
6548367,2014,2014-08-20,9765,2014-06-23,1313,017897,,1,1,9,5600,0,3,5,,2,002,"MONTE VIA","VALLEY RD",85.00,N,N,A,-,N,,,,,,,,,,N,2,0,1,1,A,-,03,22350,,N,F,A,A,A,H,-,A,D,0,,Y,,,Y,,L,04,1,0,0,0,0,0,1,0,0,"- ","- ",34.402529999999999,-119.30483,VENTURA,UNINCORPORATED,-119.30492332999999,34.40237467
6549666,2014,2016-06-09,9765,2014-07-04,0830,015117,,5,1,9,5600,0,2,4,,2,064,"LAS POSAS RD","RT 34",0.00,,Y,A,-,Y,VEN,7,34,-,-,10.433,I,5,E,Y,2,0,3,2,A,-,12,21453,A,N,D,C,A,A,H,-,A,A,0,,,,,Y,,A,01,1,0,2,0,0,0,0,0,0,"- ","- ",34.177050000000001,-119.12272,VENTURA,UNINCORPORATED,-119.06981048,34.19632403
6557554,2014,2014-07-22,5606,2014-04-19,1340,1010,5606,6,5,4,5606,0,0,0,,0,002,"ATMORE DR","SANTA PAULA ST",0.00,,Y,A,-,N,,,,,,,,,,N,2,0,1,2,A,-,09,21802,A,N,D,G,A,A,H,-,A,A,0,,Y,,,Y,,A,07,1,0,0,0,0,0,1,0,0,"- ","- ",,,VENTURA,"SANTA PAULA",-119.08163005999999,34.350940020000003
6558803,2014,2016-06-04,5600,2014-07-10,0932,4537,9006,4,5,6,5607,0,0,0,,0,09A,"OLSEN RD","RT 23",290.00,W,N,A,-,Y,VEN,7,23,-,R,8.303,R,4,N,Y,2,0,1,2,A,-,"- ",,,N,C,G,A,A,H,-,A,A,0,,Y,,,Y,,A,01,1,0,0,0,0,0,1,0,0,"- ",NF,,,VENTURA,"THOUSAND OAKS",-118.83956809,34.242781440000002
6573580,2014,2016-06-18,9765,2014-07-16,2025,015696,,3,2,5,5601,0,1,2,,2,504,"RT 101","DAILY DR",328.00,S,N,A,-,Y,VEN,7,101,-,-,14.871,R,3,N,N,2,0,1,2,A,-,11,21954,A,N,G,B,D,A,H,-,C,A,1,Y,,,,Y,,N,60,1,0,0,0,1,0,0,0,0,"- ","- ",34.218310000000002,-119.05114,VENTURA,CAMARILLO,-119.05180178000001,34.217833650000003
6575118,2014,2016-05-28,9770,2014-07-13,1718,018230,,7,2,6,5609,0,1,3,,2,082,"RT 118","DRY CANYON CHANNEL",272.00,W,N,A,-,Y,VEN,7,118,-,R,25.030,H,-,W,Y,2,0,4,2,A,-,08,22107,,N,E,I,A,A,H,-,A,D,1,,,,,Y,,A,07,1,3,0,0,0,0,0,0,0,"- ","- ",34.282229999999998,-118.75781000000001,VENTURA,"SIMI VALLEY",-118.75771251,34.282430050000002
6606265,2014,2015-12-29,9765,2014-06-05,0907,014823,,4,1,9,5600,0,1,3,,1,055,"RT 118","RT 232",1681.00,E,N,A,-,Y,VEN,7,118,-,-,2.520,H,-,W,Y,1,1,1,2,A,-,08,22107,,N,A,C,A,A,H,-,A,D,0,,,,,Y,,A,08,0,1,0,0,0,0,0,0,0,"- ","- ",34.270899999999997,-119.13088,VENTURA,UNINCORPORATED,-119.13111569,34.271070940000001
6606319,2014,2015-12-30,5608,2014-07-19,0132,413,,6,5,6,5608,0,0,0,,0,002,"SEAWARD AV","ALESSANDRO DR",306.00,N,N,A,-,N,,,,,,,,,,Y,1,1,1,2,A,-,01,23152,A,N,E,I,F,A,H,-,C,-,0,Y,,,,Y,Y,-,,0,1,0,1,0,0,0,0,0,"- ","- ",,,VENTURA,VENTURA,-119.26851206000001,34.267052360000001
6609350,2014,2016-06-09,9770,2014-08-15,2125,018885,,5,2,9,5600,0,1,3,,1,054,"RT 34","LAS POSAS RD",3696.00,E,N,A,-,Y,VEN,7,34,-,-,16.570,H,-,E,Y,2,0,1,1,A,-,01,23152,A,N,E,I,A,A,H,-,D,D,0,,,,,Y,Y,A,01,1,0,0,0,0,0,0,0,0,"- ","- ",34.250050000000002,-119.00242,VENTURA,UNINCORPORATED,-119.00163732999999,34.250702830000002
6612478,2014,2016-06-18,9765,2014-08-17,0111,018884,,7,3,6,5608,0,1,2,,2,301,"RT 101","RT 126",260.00,N,N,A,-,Y,VEN,7,101,-,-,26.490,H,-,S,Y,2,0,1,3,A,-,11,21954,A,N,G,B,D,A,H,-,C,D,1,Y,,,,Y,,N,60,1,0,0,0,1,0,0,0,0,"- ","- ",34.264879999999998,-119.23860000000001,VENTURA,VENTURA,-119.23923402,34.264975929999999
6619636,2014,2014-10-02,5608,2014-09-03,1928,446,,3,5,6,5608,0,0,0,,0,002,"TELEPHONE RD","MAIN ST",10.00,S,N,A,-,N,,,,,,,,,,Y,2,0,1,2,A,-,11,21955,,N,G,B,D,A,H,-,B,A,0,Y,,,,Y,,N,60,1,0,0,0,1,0,0,0,0,"- ","- ",,,VENTURA,VENTURA,-119.23187832000001,34.261905839999997
6627708,2014,2014-09-29,9765,2014-09-05,1800,017395,,5,2,9,5600,0,3,5,,2,005,"BRADLEY RD","RT 118",13200.00,N,N,A,-,N,,,,,,,,,,Y,2,0,1,1,A,-,08,22107,,N,F,A,A,A,H,-,A,D,0,,,Y,,Y,,C,02,1,0,0,0,0,0,0,0,1,"- ","- ",34.299700000000001,-119.00019,VENTURA,UNINCORPORATED,-119.00019,34.299700000000001
6636948,2014,2016-06-04,9765,2014-09-14,0945,020004,,7,1,9,5600,0,1,3,,1,021,"RT 33","ROSE VALLEY RD",5280.00,N,N,A,-,Y,VEN,7,33,-,-,26.830,H,-,S,Y,2,0,1,1,A,-,03,22350,,N,E,I,A,A,H,-,A,A,0,,,Y,,Y,,C,02,1,0,0,0,0,0,0,0,1,"- ","- ",34.541510000000002,-119.24138000000001,VENTURA,UNINCORPORATED,-119.24134171999999,34.541573440000001
6643162,2014,2016-06-11,9765,2014-09-15,1403,020808,,1,2,9,5600,0,1,3,,1,062,"RT 1","YERBA BUENA RD",762.00,N,N,A,-,Y,VEN,7,1,-,-,1.290,H,-,N,Y,2,0,1,2,A,-,21,22106,,N,D,C,A,A,H,-,A,D,0,,,Y,,Y,,A,01,1,0,0,0,0,0,0,0,1,"- ","- ",34.054540000000003,-118.96577000000001,VENTURA,UNINCORPORATED,-118.96511676,34.054111550000002
6643166,2014,2014-11-04,9765,2014-09-16,1325,020808,,2,1,9,5600,0,3,5,,2,006,"POTRERO RD","OXNARD AV",1690.00,E,N,A,-,N,,,,,,,,,,Y,2,0,1,1,A,-,03,22350,,N,E,I,A,A,H,-,A,A,0,,,Y,,Y,,C,02,1,0,0,0,0,0,0,0,1,"- ","- ",,,VENTURA,UNINCORPORATED,-119.04119871,34.157851299999997
6651124,2014,2016-06-18,5600,2014-09-07,1033,2900,8254,7,5,5,5601,0,0,0,,0,08D,"SANTA ROSA RD","CALLE CUESTA",0.00,,Y,A,-,Y,VEN,7,101,-,-,12.396,R,4,S,N,2,0,1,2,A,-,03,22350,,N,D,C,A,A,H,-,A,A,0,,Y,,,Y,,L,04,1,0,0,0,0,0,1,0,0,"- ","- ",34.2119,-119.00885,VENTURA,CAMARILLO,-119.00938324000001,34.214138910000003
6651212,2014,2014-10-29,5600,2014-08-31,2208,3754,8006,7,5,5,5601,0,0,0,,0,08A,"EARL JOSEPH DR","GREEN LAWN AV",300.00,E,N,A,-,N,,,,,,,,,,Y,2,0,3,1,A,-,08,22107,,N,E,I,A,A,H,-,C,D,0,,,,,Y,,A,07,1,2,0,0,0,0,0,0,0,"- ","- ",34.22804,-119.07324,VENTURA,CAMARILLO,-119.07356149,34.227897380000002
6651968,2014,2014-11-12,5609,2014-09-25,1840,442,304,4,5,6,5609,0,0,0,,0,003,"LOS ANGELES AV","SEQUOIA AV",364.00,E,N,A,F,N,,,,,,,,,,Y,2,0,2,3,A,-,03,22350,,N,C,C,A,A,H,-,B,D,0,,,,,Y,,A,01,2,0,0,0,0,0,0,0,0,"- ","- ",,,VENTURA,"SIMI VALLEY",-118.72932714,34.27169
6688839,2014,2014-12-24,9765,2014-10-17,1640,017599,,5,2,6,5604,0,1,2,,2,530,"RT 101","RT 1",1066.00,S,N,A,-,Y,,,101,,,,,,,Y,2,0,1,1,A,-,08,22107,,N,E,I,A,A,H,-,A,D,0,,,,,Y,,A,01,1,0,0,0,0,0,0,0,0,"- ","- ",34.237909999999999,-119.17794000000001,VENTURA,OXNARD,-119.17806238,34.237745959999998
6695049,2014,2015-01-21,9765,2014-11-01,0325,020808,,6,3,6,5608,0,1,2,,2,531,"RT 101","MONTALVO SPUR",15.00,N,N,B,C,Y,,,101,,,,,,,Y,2,0,1,1,A,-,08,22107,,N,E,I,A,B,H,-,D,D,0,,,,,Y,Y,D,22,1,0,0,0,0,0,0,0,0,"- ","- ",34.247619999999998,-119.2016,VENTURA,VENTURA,-119.20160817999999,34.24760423
6705445,2014,2015-01-07,9765,2014-11-01,1505,020423,,6,2,5,5601,0,1,2,,2,503,"RT 101","CARMEN DR",2112.00,N,N,A,-,Y,,,101,,,,,,,Y,2,0,1,1,A,-,01,23152,A,N,F,A,A,A,H,-,A,D,0,,,Y,,Y,Y,C,02,1,0,0,0,0,0,0,0,1,"- ","- ",34.217649999999999,-119.05459,VENTURA,CAMARILLO,-119.05457669,34.217837189999997
6707053,2014,2015-01-08,5600,2014-11-02,0120,4378,9144,7,5,6,5607,0,0,0,,0,09D,"HILLCREST DR","WESTLAKE BL",586.00,W,N,A,-,N,,,,,,,,,,Y,2,0,1,1,A,-,01,23152,A,N,E,I,A,A,H,-,C,D,0,,,,,Y,Y,D,22,1,0,0,0,0,0,0,0,0,"- ","- ",,,VENTURA,"THOUSAND OAKS",-118.82220173,34.170928000000004
6712348,2014,2015-01-07,5600,2014-11-13,0807,4938,9032,4,5,6,5607,0,0,0,,0,09B,"CALLE TULIPAN","CALLE NARCISO",266.00,W,N,B,-,N,,,,,,,,,,Y,2,0,2,2,A,-,09,21804,A,N,D,D,A,A,H,-,A,D,0,,,Y,,Y,,A,07,1,0,1,0,0,0,0,0,1,"- ","- ",,,VENTURA,"THOUSAND OAKS",-118.86137857999999,34.214395600000003
6719381,2014,2014-12-16,9765,2014-11-12,1245,20866,,3,1,9,5600,0,3,5,,2,005,"N LOOP DR","LOOP DR",725.00,W,N,A,-,N,,,,,,,,,,Y,2,0,1,2,A,-,03,22350,,N,C,C,A,A,H,-,A,D,0,,,,Y,Y,,A,07,1,0,0,0,0,0,0,0,0,"- ","- ",34.247700000000002,-119.03530000000001,VENTURA,UNINCORPORATED,-119.04295999999999,34.247300000000003
6741893,2014,2015-01-20,9770,2014-11-25,1005,018572,,2,1,9,5600,0,3,5,,2,003,"SUNSET VALLEY RD","READ RD",60.00,N,N,A,-,N,,,,,,,,,,Y,2,0,1,2,A,-,05,21460,A,N,H,G,A,A,H,-,A,D,0,,Y,,,Y,,A,01,1,0,0,0,0,0,1,0,0,"- ","- ",34.250239999999998,-118.85262,VENTURA,UNINCORPORATED,-118.85254372999999,34.250131359999997
6748370,2014,2015-02-02,9765,2014-12-11,0540,015117,,4,3,9,5600,0,2,4,,2,064,"LAS POSAS RD","HUENEME RD",0.00,,Y,B,-,N,,,,,,,,,,N,2,0,1,2,A,-,09,21801,A,N,H,G,A,A,H,-,C,A,0,,Y,,,Y,,A,07,1,0,0,0,0,0,1,0,0,"- ","- ",34.157359999999997,-119.07666,VENTURA,UNINCORPORATED,-119.07669005,34.157370100000001
6750952,2014,2015-07-23,9765,2014-12-25,1945,20423,,4,2,9,5600,0,1,3,,1,020,"RT 33","W VILLANOVA RD",528.00,N,N,A,-,Y,,,33,,,,,,,N,2,0,1,2,A,-,11,21954,A,N,G,B,D,A,H,-,D,D,0,Y,,,,Y,Y,N,60,1,0,0,0,1,0,0,0,0,"- ","- ",34.427230000000002,-119.28869,VENTURA,UNINCORPORATED,-119.28893063,34.427247800000004
6755896,2014,2015-02-10,9765,2014-12-02,0500,14736,,2,3,6,5608,0,1,2,,2,302,"RT 101","LEMON OVERHEAD",2112.00,N,N,B,-,Y,,,101,,,,,,,Y,2,0,1,2,A,-,08,22107,,F,B,C,A,A,H,-,D,D,0,,,,,Y,,A,01,1,0,0,0,0,0,0,0,0,"- ","- ",34.259610000000002,-119.25566000000001,VENTURA,VENTURA,-119.2556933,34.259510740000003
6800409,2015,2015-03-03,5600,2015-01-25,1635,2740,9080,7,5,6,5607,0,0,0,,0,09H,"MCCLOUD AV","SAINT CHARLES DR",0.00,,Y,A,-,N,,,,,,,,,,Y,2,0,2,2,A,-,01,23152,A,N,D,D,A,A,H,-,A,D,0,,,,,Y,Y,A,07,1,1,0,0,0,0,0,0,0,"- ","- ",,,VENTURA,"THOUSAND OAKS",-118.88125004,34.189870040000002
6803826,2015,2015-02-24,5609,2015-01-14,1038,374,,3,5,6,5609,0,0,0,,0,,"SEQUOIA AV","COASTAL OAK DR",37.00,N,N,A,-,N,,,,,,,,,,Y,2,0,1,1,A,-,08,22107,,N,E,I,A,A,H,-,A,D,0,,,,,Y,,-,,1,0,0,0,0,0,0,0,0,"- ","- ",,,VENTURA,"SIMI VALLEY",-118.73271286000001,34.259371340000001
6809073,2015,2016-10-27,9770,2015-02-05,1235,017732,,4,1,9,5600,0,1,3,,1,053,"RT 118","BALCOM CANYON RD",1225.00,E,N,A,-,Y,VEN,7,118,-,-,13.410,H,-,W,Y,2,0,2,2,A,-,01,23152,A,N,A,C,A,A,H,-,A,D,5,,,,Y,Y,Y,A,01,1,0,1,0,0,0,0,0,0,"- ","- ",34.27093,-118.94361000000001,VENTURA,UNINCORPORATED,-118.95185549,34.269412420000002
6809160,2015,2015-03-05,5600,2015-02-03,1241,2913,9108,2,5,6,5607,0,0,0,,0,09C,"OLD CONEJO RD","LOIS AV",562.00,E,N,A,-,N,,,,,,,,,,Y,2,0,2,2,A,-,09,21804,A,N,D,C,A,A,H,-,A,D,0,,,,,Y,,A,01,1,0,1,0,0,0,0,0,0,"- ","- ",,,VENTURA,"THOUSAND OAKS",-118.94230116,34.189982090000001