CASE_ID,ACCIDENT_YEAR,PROC_DATE,JURIS,COLLISION_DATE,COLLISION_TIME,OFFICER_ID,REPORTING_DISTRICT,DAY_OF_WEEK,CHP_SHIFT,POPULATION,CNTY_CITY_LOC,SPECIAL_COND,BEAT_TYPE,CHP_BEAT_TYPE,CITY_DIVISION_LAPD,CHP_BEAT_CLASS,BEAT_NUMBER,PRIMARY_RD,SECONDARY_RD,DISTANCE,DIRECTION,INTERSECTION,WEATHER_1,WEATHER_2,STATE_HWY_IND,CALTRANS_COUNTY,CALTRANS_DISTRICT,STATE_ROUTE,ROUTE_SUFFIX,POSTMILE_PREFIX,POSTMILE,LOCATION_TYPE,RAMP_INTERSECTION,SIDE_OF_HWY,TOW_AWAY,COLLISION_SEVERITY,NUMBER_KILLED,NUMBER_INJURED,PARTY_COUNT,PRIMARY_COLL_FACTOR,PCF_CODE_OF_VIOL,PCF_VIOL_CATEGORY,PCF_VIOLATION,PCF_VIOL_SUBSECTION,HIT_AND_RUN,TYPE_OF_COLLISION,MVIW,PED_ACTION,ROAD_SURFACE,ROAD_COND_1,ROAD_COND_2,LIGHTING,CONTROL_DEVICE,CHP_ROAD_TYPE,PEDESTRIAN_ACCIDENT,BICYCLE_ACCIDENT,MOTORCYCLE_ACCIDENT,TRUCK_ACCIDENT,NOT_PRIVATE_PROPERTY,ALCOHOL_INVOLVED,STWD_VEHTYPE_AT_FAULT,CHP_VEHTYPE_AT_FAULT,COUNT_SEVERE_INJ,COUNT_VISIBLE_INJ,COUNT_COMPLAINT_PAIN,COUNT_PED_KILLED,COUNT_PED_INJURED,COUNT_BICYCLIST_KILLED,COUNT_BICYCLIST_INJURED,COUNT_MC_KILLED,COUNT_MC_INJURED,PRIMARY_RAMP,SECONDARY_RAMP,LATITUDE,LONGITUDE,COUNTY,CITY,POINT_X,POINT_Y
6809286,2015,2016-10-27,9770,2015-01-28,1130,018572,,3,1,9,5600,0,1,3,,1,053,"RT 118","GRIMES CANYON RD",1323.00,W,N,B,-,Y,VEN,7,118,-,-,14.440,H,-,W,Y,2,0,2,2,A,-,05,21460,,N,A,C,A,A,H,-,A,D,5,,,,,Y,,A,07,1,1,0,0,0,0,0,0,0,"- ","- ",34.271999999999998,-118.93476,VENTURA,UNINCORPORATED,-118.93426857999999,34.272170439999996
6811155,2015,2015-03-06,5600,2015-02-04,1640,2740,9080,3,5,6,5607,0,0,0,,0,09H,"WILBUR RD","MARIN ST",0.00,,Y,A,-,N,,,,,,,,,,Y,2,0,3,2,A,-,09,21801,A,N,H,C,A,A,H,-,A,D,0,,,,,Y,,A,07,1,0,2,0,0,0,0,0,0,"- ","- ",,,VENTURA,"THOUSAND OAKS",-118.87937002,34.183460099999998
6813644,2015,2016-10-18,9765,2015-02-08,0920,020087,,7,1,6,5608,0,1,2,,1,101,"RT 101","SANJON RD",650.00,N,N,A,-,Y,VEN,7,101,-,-,29.710,H,-,S,Y,2,0,1,1,A,-,01,23152,F,N,B,I,A,A,H,-,A,D,1,,,,,Y,Y,A,07,1,0,0,0,0,0,0,0,0,"- ","- ",34.273479999999999,-119.28489999999999,VENTURA,VENTURA,-119.28652047999999,34.274556089999997
6828982,2015,2015-03-12,5606,2015-01-06,0000,1010,5606,2,5,4,5606,0,0,0,,0,002,"SANTA PAULA ST","MILL ST",3.00,W,N,A,-,N,,,,,,,,,,N,2,0,1,2,A,-,10,21950,A,N,G,B,B,A,H,-,B,A,0,Y,,,,Y,,D,22,1,0,0,0,1,0,0,0,0,"- ","- ",,,VENTURA,"SANTA PAULA",-119.06263927000001,34.356967060000002
6834361,2015,2015-03-19,5609,2015-02-21,1407,374,,6,5,6,5609,0,0,0,,0,,"COCHRAN ST","LIBERTY WAY",894.00,E,N,A,-,N,,,,,,,,,,Y,2,0,1,2,A,-,09,21804,A,N,D,C,A,A,H,-,A,A,0,,,Y,,Y,,D,22,1,0,0,0,0,0,0,0,1,"- ","- ",,,VENTURA,"SIMI VALLEY",-118.78578631000001,34.280081459999998
6838177,2014,2015-03-09,9770,2014-12-07,1045,17638,,7,1,9,5600,0,3,5,,2,005,"STOCKTON RD","BROADWAY RD",20.00,N,N,A,-,N,,,,,,,,,,Y,2,0,1,1,C,-,18,,,N,F,I,A,A,B,-,A,D,0,,,Y,,Y,,-,"- ",1,0,0,0,0,0,0,0,1,"- ","- ",34.31521,-118.92124,VENTURA,UNINCORPORATED,-118.92136417,34.31529699
6854019,2014,2015-03-20,5606,2014-12-09,1620,1101,5606,2,5,4,5606,0,0,0,,0,001,"HARVARD BL","LAURIE LN",0.00,,Y,A,-,N,,,,,,,,,,Y,1,1,0,2,A,-,03,22350,,N,G,B,B,A,H,-,A,-,0,Y,,,,Y,,A,01,0,0,0,1,0,0,0,0,0,"- ","- ",,,VENTURA,"SANTA PAULA",-119.08135002,34.342510109999999
6854271,2014,2015-04-20,5604,2014-05-12,1028,4591,,1,5,6,5604,0,0,0,,0,022,"A ST","DEODAR AV",0.00,,Y,A,-,N,,,,,,,,,,Y,1,1,0,2,A,-,06,21750,,N,D,G,A,A,H,-,A,A,0,,Y,,,Y,,L,04,0,0,0,0,0,1,0,0,0,"- ","- ",,,VENTURA,OXNARD,-119.17850013,34.20717011
6854327,2014,2016-01-13,9765,2014-11-27,1418,17675,,4,2,9,5600,0,1,3,,1,062,"RT 1","SYCAMORE CANYON RD",528.00,S,N,A,-,Y,VEN,7,1,-,-,4.300,H,-,S,Y,1,1,2,3,A,-,08,22107,,N,D,C,A,A,H,-,A,D,0,,,Y,,Y,Y,A,07,0,0,2,0,0,0,0,1,0,"- ","- ",34.069499999999998,-119.01069,VENTURA,UNINCORPORATED,-119.01112120000001,34.069985529999997
6854364,2014,2016-01-13,5604,2014-06-03,2320,4591,,2,5,6,5604,0,0,0,,0,,"WOOLEY RD","MERCANTILE ST",152.00,E,N,A,-,N,,,,,,,,,,N,1,1,0,2,D,-,00,,,F,G,B,E,A,H,-,C,D,0,Y,,,,Y,,-,"- ",0,0,0,1,0,0,0,0,0,"- ","- ",,,VENTURA,OXNARD,-119.16900803999999,34.189952929999997
6854376,2014,2015-04-27,9765,2014-08-13,1905,17395,,3,2,9,5600,0,1,3,,1,062,"RT 1","LAS POSAS RD",1056.00,S,N,A,-,Y,VEN,7,1,-,-,10.030,H,-,N,Y,1,1,3,1,A,-,01,23152,A,N,E,I,A,A,H,-,B,D,1,,,,,Y,Y,A,01,2,1,0,0,0,0,0,0,0,"- ","- ",34.107430000000001,-119.07916,VENTURA,UNINCORPORATED,-119.08331010000001,34.114416380000002
6854389,2014,2015-04-27,9765,2014-09-04,2132,18001,,4,2,9,5600,0,1,3,,1,020,"RT 33","WOODLAND AV",265.00,N,N,A,-,Y,VEN,7,33,-,-,10.770,H,-,N,N,1,1,0,2,A,-,11,21954,A,N,G,B,D,A,H,-,D,D,0,Y,,,,Y,,N,60,0,0,0,1,0,0,0,0,0,"- ","- ",34.422899999999998,-119.28958,VENTURA,UNINCORPORATED,-119.28942273,34.423510489999998
6854657,2015,2015-07-11,5608,2015-05-29,1323,435,VTA,5,5,6,5608,0,0,0,,0,002,"E MAIN ST","CALLENS RD",330.00,W,N,A,-,N,,,,,,,,,,N,1,1,0,1,A,-,05,21651,A,N,E,I,A,A,H,-,A,D,0,,Y,,,Y,,L,04,0,0,0,0,0,1,0,0,0,"- ","- ",,,VENTURA,VENTURA,-119.2402,34.263420000000004
6861330,2015,2015-04-17,9430,2015-03-22,1520,18209,,7,2,9,5600,0,2,4,,1,031,"LOCKWOOD VALLEY RD","MILL CANYON RD",2112.00,W,N,A,-,N,,,,,,,,,,Y,2,0,2,2,A,-,16,24002,A,N,B,C,A,A,H,-,A,D,0,,,Y,,Y,Y,E,22,1,1,0,0,0,0,0,0,2,"- ","- ",34.788249999999998,-119.04304,VENTURA,UNINCORPORATED,-119.04328108,34.788307580000001
6862576,2015,2015-04-22,5609,2015-03-07,1043,374,,6,5,6,5609,0,0,0,,0,,"COCHRAN ST",WORKMAN,463.00,E,N,A,-,N,,,,,,,,,,Y,2,0,1,3,A,-,04,21703,,N,C,C,A,A,H,-,A,D,0,,,,Y,Y,,F,26,1,0,0,0,0,0,0,0,0,"- ","- ",,,VENTURA,"SIMI VALLEY",-118.70518976,34.27901001
6875549,2015,2015-04-13,5600,2015-03-18,0800,4455,8211,3,5,5,5601,0,0,0,,0,8D01,"WOODCREEK RD","QUAILRIDGE DR",150.00,S,N,A,-,N,,,,,,,,,,N,2,0,1,1,A,-,03,22350,,N,G,A,A,A,H,-,A,D,0,,Y,,,Y,,L,04,1,0,0,0,0,0,1,0,0,"- ","- ",,,VENTURA,CAMARILLO,-118.99833796,34.23442713
6882615,2015,2015-04-23,5600,2015-02-12,2015,3619,5108,4,5,4,5690,0,0,0,,0,2A01,"TIERRA REJADA RD","COUNTRYWOOD DR",0.00,,Y,A,-,N,,,,,,,,,,Y,2,0,3,2,A,-,12,21453,A,N,D,C,A,A,H,-,C,A,0,,,,,Y,,A,01,1,0,2,0,0,0,0,0,0,"- ","- ",,,VENTURA,MOORPARK,-118.90049012999999,34.270820110000003
6896947,2015,2016-11-07,9765,2015-04-24,0739,020087,,5,1,9,5600,0,1,3,,1,023,"RT 150","DENNISON PARK",1056.00,W,N,A,-,Y,VEN,7,150,-,-,21.040,H,-,W,Y,2,0,3,3,A,-,05,21460,A,N,A,C,A,A,H,-,A,D,0,,,,,Y,,A,07,1,0,2,0,0,0,0,0,0,"- ","- ",34.439639999999997,-119.20218,VENTURA,UNINCORPORATED,-119.20089861,34.439676230000003
6934778,2015,2015-07-13,5609,2015-06-19,1217,437,,5,5,6,5609,0,0,0,,0,004,"ALAMO ST","LEMON DR",358.00,E,N,A,-,N,,,,,,,,,,Y,2,0,1,2,A,-,09,21801,A,N,D,C,A,A,H,-,A,D,0,,,Y,,Y,,A,07,1,0,0,0,0,0,0,0,1,"- ","- ",,,VENTURA,"SIMI VALLEY",-118.72533686,34.286430000000003
6939877,2015,2016-12-03,9765,2015-05-10,0855,018490,,7,1,9,5600,0,1,3,,1,021,"RT 33","MATILIJA RD",528.00,S,N,A,-,Y,VEN,7,33,-,-,15.940,H,-,N,Y,2,0,1,1,A,-,03,22350,,N,E,I,A,A,H,-,A,D,0,,,Y,,Y,,C,02,1,0,0,0,0,0,0,0,1,"- ","- ",34.490720000000003,-119.30592,VENTURA,UNINCORPORATED,-119.3054625,34.490029329999999
6941953,2015,2016-12-03,9765,2015-05-17,1210,018305,,7,1,9,5600,0,1,3,,1,021,"RT 33","CHERRY CREEK",2640.00,N,N,A,-,Y,VEN,7,33,-,-,39.310,H,-,N,Y,2,0,2,2,A,-,05,21460,A,N,A,C,A,A,H,-,A,A,0,,,Y,,Y,,C,02,1,1,0,0,0,0,0,0,2,"- ","- ",34.584650000000003,-119.26479999999999,VENTURA,UNINCORPORATED,-119.37225340000001,34.618563160000001
6951824,2015,2016-12-03,5600,2015-04-04,1844,2979,5100,6,5,4,5690,0,0,0,,0,02B,"RT 118","SPRING RD",0.00,,Y,A,-,Y,VEN,7,23,-,T,12.259,I,5,S,Y,2,0,3,3,A,-,01,23152,A,N,D,C,A,A,H,-,A,A,0,,,,,Y,Y,A,01,2,0,1,0,0,0,0,0,0,"- ","- ",,,VENTURA,MOORPARK,-118.87472418999999,34.278856390000001
6952365,2015,2015-07-01,9765,2015-06-05,1312,017395,,5,1,9,5600,0,2,4,,2,590,"CENTRAL AV","BEARDSLEY RD",1056.00,N,N,A,-,N,,,,,,,,,,Y,2,0,1,2,A,-,08,22107,,N,B,C,A,A,H,-,A,D,0,,,Y,,Y,,D,22,1,0,0,0,0,0,0,0,1,"- ","- ",34.23216,-119.11553000000001,VENTURA,UNINCORPORATED,-119.11492615,34.231739810000001
6953618,2015,2015-07-14,5600,2015-05-31,1755,2740,,7,5,6,5607,0,0,0,,0,09D,"HAMPSHIRE RD","EVENSTAR AV",0.00,,Y,A,-,N,,,,,,,,,,Y,2,0,2,2,D,-,00,,,N,H,C,A,A,H,-,A,D,0,,,,,Y,,-,"- ",1,0,1,0,0,0,0,0,0,"- ","- ",,,VENTURA,"THOUSAND OAKS",-118.83123011000001,34.153990020000002
6954143,2015,2015-07-14,5609,2015-06-02,2142,388,,2,5,6,5609,0,0,0,,0,004,"ALAMO ST","TAPO CANYON RD",15.00,W,N,A,-,N,,,,,,,,,,Y,2,0,1,2,A,-,09,21453,C,N,D,G,A,A,H,-,C,A,0,,Y,,,Y,,L,04,1,0,0,0,0,0,1,0,0,"- ","- ",,,VENTURA,"SIMI VALLEY",-118.71788322,34.286359830000002
6968918,2015,2016-06-02,9765,2015-06-12,0800,020087,,5,1,9,5600,0,3,5,,2,006,"ETTING RD","NAUMAN RD",1905.00,E,N,B,-,N,,,,,,,,,,Y,2,0,3,3,A,-,09,21804,A,N,A,C,A,A,H,-,A,D,0,,,,,Y,,D,22,1,0,2,0,0,0,0,0,0,"- ","- ",34.161490000000001,-119.11870999999999,VENTURA,UNINCORPORATED,-119.11624073,34.161576799999999
6975551,2015,2015-07-08,5600,2015-06-11,1404,2913,9080,4,5,6,5607,0,0,0,,0,09H,"HILLCREST DR","WILBUR RD",0.00,,Y,A,-,N,,,,,,,,,,Y,2,0,3,2,A,-,12,21453,A,N,H,C,A,A,H,-,A,A,0,,,,,Y,,A,01,1,1,1,0,0,0,0,0,0,"- ","- ",,,VENTURA,"THOUSAND OAKS",-118.88188011,34.181160050000003
6984177,2015,2015-07-21,5600,2015-07-11,1026,3346,9154,6,5,6,5607,0,0,0,,0,09G,"SKYLINE DR","LOS FELIZ DR",0.00,,Y,A,-,N,,,,,,,,,,N,2,0,1,2,A,-,09,21801,A,N,H,C,A,A,H,-,A,D,0,,,Y,,Y,,A,07,1,0,0,0,0,0,0,0,1,"- ","- ",,,VENTURA,"THOUSAND OAKS",-118.83633011000001,34.172310099999997
6999090,2015,2015-07-20,9765,2015-06-27,1105,20087,,6,1,9,5600,0,2,4,,2,590,"CENTRAL AV","BEARDSLEY RD",615.00,N,N,A,-,N,,,,,,,,,,Y,2,0,2,2,A,-,01,23152,A,N,B,C,A,A,H,-,A,D,0,,,,,Y,Y,A,08,1,0,1,0,0,0,0,0,0,"- ","- ",34.23086,-119.11353,VENTURA,UNINCORPORATED,-119.11380428,34.230967370000002
7004538,2015,2016-07-19,9765,2015-07-08,0808,020917,,3,1,9,5600,0,3,5,,2,006,"WOOD RD","RT 34",3000.00,S,N,A,-,N,,,,,,,,,,Y,2,0,2,2,A,-,06,21750,,N,B,C,A,A,H,-,A,D,0,,,,,Y,,A,07,1,0,1,0,0,0,0,0,0,"- ","- ",34.188319999999997,-119.0962,VENTURA,UNINCORPORATED,-119.09626007,34.188127350000002
7006142,2015,2015-09-25,9765,2015-04-23,0820,15117,,4,1,9,5600,0,2,4,,2,064,"LAS POSAS RD","RT 34",72.00,N,N,A,-,Y,VEN,7,34,-,-,10.433,I,6,W,Y,1,1,0,2,A,-,12,22451,B,N,E,I,A,A,H,-,A,A,0,,,,,Y,,A,07,0,0,0,0,0,0,0,0,0,"- ","- ",34.196309999999997,-119.06974,VENTURA,UNINCORPORATED,-119.06981048,34.19632403
7006234,2015,2017-04-03,5600,2015-08-23,1947,2277,8102,7,5,5,5601,0,0,0,,0,08B,"PONDEROSA DR","MOBIL AV",14.00,W,N,A,-,N,,,,,,,,,,Y,1,1,0,2,A,-,01,23152,A,N,G,B,B,A,H,-,C,A,0,Y,,,,Y,Y,A,01,0,0,0,1,0,0,0,0,0,"- ","- ",34.223849999999999,-119.04292,VENTURA,CAMARILLO,-119.04284625,34.223610000000001
7006715,2016,2016-04-12,5604,2016-01-22,0628,4591,,5,5,6,5604,0,0,0,,0,024,"J ST","JUNIPER ST",113.00,N,N,A,-,N,,,,,,,,,,Y,1,1,0,2,A,-,11,21954,A,N,G,B,D,-,H,-,B,D,0,Y,,,,Y,,N,60,0,0,0,1,0,0,0,0,0,"- ","- ",,,VENTURA,OXNARD,-119.18622999999999,34.179910149999998
7015907,2015,2015-08-20,9765,2015-07-19,1605,020912,,7,2,9,5600,0,2,4,,2,064,"LAS POSAS RD","HUENEME RD",0.00,,Y,A,-,N,,,,,,,,,,Y,2,0,2,2,A,-,17,21451,A,N,A,C,A,A,H,-,A,A,0,,,Y,,Y,,A,01,1,0,1,0,0,0,0,0,1,"- ","- ",34.157269999999997,-119.07666,VENTURA,UNINCORPORATED,-119.07669005,34.157370100000001
7022778,2015,2015-08-21,5608,2015-08-01,1300,446,,6,5,6,5608,0,0,0,,0,004,"VALENTINE RD","SPERRY AV",0.00,,Y,A,-,N,,,,,,,,,,Y,2,0,1,2,A,-,09,21801,A,N,A,C,A,A,H,-,A,A,0,,,,,Y,,-,,1,0,0,0,0,0,0,0,0,"- ","- ",,,VENTURA,VENTURA,-119.21782994,34.255930050000003
7033770,2015,2017-01-04,9770,2015-07-03,2350,017770,,5,3,9,5600,0,2,4,,1,056,"RT 23","BARDSDALE AV",5280.00,S,N,A,-,Y,VEN,7,23,-,R,21.260,H,-,N,Y,2,0,1,1,A,-,01,23152,A,N,E,I,A,A,H,-,D,D,0,,,,,Y,Y,A,01,1,0,0,0,0,0,0,0,0,"- ","- ",34.361409999999999,-118.92035,VENTURA,UNINCORPORATED,-118.92043192,34.355769029999998
7035580,2015,2015-09-01,5609,2015-07-24,1627,437,,5,5,6,5609,0,0,0,,0,004,"SAMSON AV","ROSALIE AV",21.00,N,N,A,-,N,,,,,,,,,,N,2,0,1,2,A,-,08,22107,,N,C,E,A,A,H,-,A,D,0,,,Y,,Y,,O,05,1,0,0,0,0,0,0,0,1,"- ","- ",,,VENTURA,"SIMI VALLEY",-118.72717566,34.272507500000003
7035592,2015,2015-08-26,5609,2015-07-30,0057,437,,4,5,6,5609,0,0,0,,0,006,"HIDDEN RANCH DR","HUCKLEBERRY OAK ST N",31.00,W,N,A,-,N,,,,,,,,,,N,2,0,2,1,A,-,01,23152,A,N,E,I,A,A,H,-,C,D,0,,,Y,,Y,Y,C,02,1,0,1,0,0,0,0,0,2,"- ","- ",,,VENTURA,"SIMI VALLEY",-118.69189206,34.267257290000003
7037197,2015,2015-09-04,5609,2015-08-01,1233,374,,6,5,6,5609,0,0,0,,0,,"AVENIDA SIMI","LEMON DR",325.00,E,N,A,-,N,,,,,,,,,,N,2,0,1,1,A,-,08,22107,,N,E,J,A,A,H,-,A,D,0,,,,,Y,,A,01,1,0,0,0,0,0,0,0,0,"- ","- ",,,VENTURA,"SIMI VALLEY",-118.7254458,34.289898000000001
7042932,2015,2015-09-02,5608,2015-08-20,2040,432,,4,5,6,5608,0,0,0,,0,003,"VIA CIELITO","VIA BAJA",110.00,N,N,A,-,N,,,,,,,,,,Y,2,0,2,2,A,-,03,22350,,N,F,E,A,A,H,-,C,D,0,,,,,Y,,-,,2,0,0,0,0,0,0,0,0,"- ","- ",,,VENTURA,VENTURA,-119.21377266,34.287141409999997
7044300,2015,2015-09-10,5600,2015-08-23,1645,4455,8212,7,5,5,5601,0,0,0,,0,8D01,"WOODCREEK RD","ELM VIEW DR",0.00,,Y,A,-,N,,,,,,,,,,Y,2,0,1,1,A,-,03,22350,,N,F,A,A,A,H,-,A,D,0,,,Y,,Y,,C,02,1,0,0,0,0,0,0,0,1,"- ","- ",34.225850000000001,-118.99594,VENTURA,CAMARILLO,-118.99583004,34.22590005
7044867,2015,2017-01-13,9765,2015-08-15,0430,20880,,6,3,9,5600,0,1,3,,2,011,"RT 33","SHELL RD",901.00,N,N,A,-,Y,VEN,7,33,-,-,2.860,H,-,S,Y,2,0,1,1,A,-,08,22107,,N,E,I,A,A,H,-,D,D,1,,,,,Y,,D,22,1,0,0,0,0,0,0,0,0,"- ","- ",34.317509999999999,-119.29313,VENTURA,UNINCORPORATED,-119.2927882,34.318318650000002
7050760,2015,2015-09-21,5609,2015-08-15,1349,374,,6,5,6,5609,0,0,0,,0,,"ROYAL AV","SAWYER AV",20.00,E,N,A,-,N,,,,,,,,,,Y,2,0,1,1,A,-,08,22107,,N,E,I,A,A,H,-,A,D,0,,,,,Y,,D,22,1,0,0,0,0,0,0,0,0,"- ","- ",,,VENTURA,"SIMI VALLEY",-118.74863391,34.260849999999998
7062184,2015,2017-01-12,9770,2015-08-14,0535,14675,,5,3,6,5609,0,1,3,,2,082,"RT 118","ROCKY PEAK RD",3168.00,W,N,A,-,Y,VEN,7,118,-,R,31.820,H,-,W,Y,2,0,1,2,A,-,08,22107,,N,E,I,A,A,H,-,C,D,1,,,,,Y,,D,22,1,0,0,0,0,0,0,0,0,"- ","- ",34.241810000000001,-118.63476,VENTURA,"SIMI VALLEY",-118.64502431,34.26836531
7080690,2015,2015-09-30,5600,2015-09-17,1624,2913,9076,4,5,6,5607,0,0,0,,0,09H,"NORWICH AV","JANSS RD",54.00,S,N,A,-,N,,,,,,,,,,Y,2,0,1,1,A,-,08,22107,,N,E,I,A,A,H,-,A,D,0,,,,,Y,,A,01,1,0,0,0,0,0,0,0,0,"- ","- ",,,VENTURA,"THOUSAND OAKS",-118.87238488,34.199834690000003
7093425,2015,2015-10-30,5609,2015-09-30,0716,374,,3,5,6,5609,0,0,0,,0,,"LEEDS ST","STEARNS ST",356.00,W,N,A,-,N,,,,,,,,,,N,2,0,1,2,A,-,03,22350,,N,-,B,-,A,-,-,A,-,0,Y,,,,Y,,A,01,1,0,0,0,1,0,0,0,0,"- ","- ",34.27552,-118.69131,VENTURA,"SIMI VALLEY",-118.69254653,34.275427739999998
7102504,2015,2015-10-30,5600,2015-10-09,1657,3869,8004,5,5,5,5601,0,0,0,,0,8A01,"VALLEY VISTA DR","ENCINO AV",10.00,S,N,A,-,N,,,,,,,,,,Y,2,0,1,1,A,-,01,23152,A,N,E,I,A,A,H,-,A,D,0,,,,,Y,Y,D,22,1,0,0,0,0,0,0,0,0,"- ","- ",34.23471,-119.07438,VENTURA,CAMARILLO,-119.07437511000001,34.234885589999998
7105538,2015,2017-02-03,5600,2015-10-13,1058,3579,5100,2,5,4,5690,0,0,0,,0,2B01,"RT 118","RT 23",0.00,,Y,A,-,Y,VEN,7,23,-,R,12.900,I,5,S,Y,2,0,2,3,A,-,12,21453,A,N,D,C,A,A,H,-,A,A,0,,,,,Y,,I,11,1,1,0,0,0,0,0,0,0,"- ","- ",,,VENTURA,MOORPARK,-118.88209500000001,34.278936000000002
7121452,2015,2015-12-07,5600,2015-11-12,1328,3147,9116,4,5,6,5607,0,0,0,,0,9C01,"LYNN RD","GREENDALE AV",275.00,E,N,A,-,N,,,,,,,,,,N,2,0,1,1,A,-,03,22350,,N,H,A,A,A,H,-,A,D,0,,Y,,,Y,,L,04,1,0,0,0,0,0,1,0,0,"- ","- ",,,VENTURA,"THOUSAND OAKS",-118.96062462,34.162120000000002
7121495,2015,2015-12-21,5600,2015-11-16,0741,4754,9130,1,5,6,5607,0,0,0,,0,09C,"VENTU PARK RD","RT 101",5.00,E,N,A,-,N,,,,,,,,,,N,2,0,1,2,A,-,11,21954,A,N,G,B,D,A,H,-,A,A,0,Y,,,,Y,,N,60,1,0,0,0,1,0,0,0,0,"- ",SF,,,VENTURA,"THOUSAND OAKS",-118.91124000000001,34.184449999999998
7127721,2015,2017-02-03,5600,2015-10-03,1543,4704,1000,6,5,2,5603,0,0,0,,0,1A01,"RT 150","MARICOPA HWY",154.00,W,N,A,-,Y,VEN,7,150,-,-,16.550,H,-,E,Y,2,0,4,3,A,-,03,22350,,N,D,C,A,A,H,-,A,A,0,,,,,Y,,A,01,1,1,2,0,0,0,0,0,0,"- ","- ",,,VENTURA,OJAI,-119.25943178999999,34.44211576
7142338,2015,2015-12-29,5608,2015-12-10,1725,401,,4,5,6,5608,0,0,0,,0,004,"WEBSTER ST","THILLE ST",26.00,S,N,A,-,N,,,,,,,,,,N,2,0,1,1,A,-,03,22350,,N,E,I,A,A,H,-,C,D,0,,,,,Y,,-,,1,0,0,0,0,0,0,0,0,"- ","- ",,,VENTURA,VENTURA,-119.20404000000001,34.270319999999998
7144076,2015,2016-01-06,5609,2015-12-06,0337,452,,7,5,6,5609,0,0,0,,0,003,"LOS ANGELES AV","HUBBARD ST",0.00,,Y,A,-,N,,,,,,,,,,N,2,0,1,2,A,-,12,21453,A,N,D,G,A,A,H,-,C,A,0,,Y,,,Y,,L,04,1,0,0,0,0,0,1,0,0,"- ","- ",34.27178,-118.77003999999999,VENTURA,"SIMI VALLEY",-118.77014008,34.271800059999997
7158605,2015,2016-01-28,5606,2015-11-18,1632,1025,5606,3,5,4,5606,0,0,0,,0,002,"MAIN ST","7TH ST",105.00,E,N,A,-,N,,,,,,,,,,N,2,0,1,2,A,-,03,22350,,N,G,B,D,A,H,-,A,D,0,Y,,,,Y,,A,01,1,0,0,0,1,0,0,0,0,"- ","- ",,,VENTURA,"SANTA PAULA",-119.06569371000001,34.352128759999999
7176131,2015,2016-08-03,5600,2015-12-20,0945,4787,5146,7,5,4,5690,0,0,0,,0,2A01,"SPRING RD","RT 118",1584.00,S,N,A,-,N,,,,,,,,,,N,2,0,1,1,A,-,03,22350,,N,F,A,A,A,H,-,A,D,0,,Y,,,Y,,L,04,1,0,0,0,0,0,1,0,0,"- ","- ",,,VENTURA,MOORPARK,-118.87374385,34.27485343
7190340,2016,2016-09-01,5600,2016-07-24,1913,1929,9300,7,5,6,5607,0,0,0,,0,09C,"RANCHO DOS VIENTOS DR","VIA BONITA",215.00,S,N,A,-,N,,,,,,,,,,Y,1,1,1,1,A,-,01,23152,A,N,E,I,A,A,H,-,A,D,0,,,,,Y,Y,A,01,0,1,0,0,0,0,0,0,0,"- ","- ",,,VENTURA,"THOUSAND OAKS",-118.99282868,34.164729229999999
7190388,2016,2017-06-01,5609,2016-05-26,1419,356,,4,5,6,5609,0,0,0,,0,002,"ROYAL AV","VENICE ST",91.00,E,N,A,-,N,,,,,,,,,,N,1,1,0,3,C,-,18,,,N,G,B,E,A,H,-,A,D,0,Y,,,,Y,,-,"- ",0,0,0,1,0,0,0,0,0,"- ","- ",34.264380000000003,-118.78931,VENTURA,"SIMI VALLEY",-118.78894929000001,34.264413099999999
7192397,2016,2016-03-22,5600,2016-02-12,1339,1936,9126,5,5,6,5607,0,0,0,,0,09H,"HILLCREST DR","LAWRENCE DR",0.00,,Y,A,-,N,,,,,,,,,,N,2,0,1,2,D,-,00,,,N,B,G,A,A,H,-,A,A,0,,Y,,Y,Y,,-,"- ",1,0,0,0,0,0,1,0,0,"- ","- ",,,VENTURA,"THOUSAND OAKS",-118.92990003,34.18645008
7195030,2016,2016-04-04,5600,2016-02-26,0720,4498,9124,5,5,6,5607,0,0,0,,0,09C,"BORCHARD RD","MICHAEL DR",21.00,S,N,A,-,N,,,,,,,,,,N,2,0,1,2,A,-,10,21950,A,N,G,B,B,A,H,-,A,A,0,Y,,,,Y,,D,22,1,0,0,0,1,0,0,0,0,"- ","- ",,,VENTURA,"THOUSAND OAKS",-118.92743297,34.181864769999997
7200119,2017,2017-06-13,5609,2017-01-01,0211,374,,7,5,6,5609,0,0,0,,0,,"COCHRAN ST","SYCAMORE DR",0.00,,Y,A,-,N,,,,,,,,,,Y,1,1,3,2,A,-,01,23152,A,N,D,C,A,A,H,-,C,A,0,,,,,Y,Y,A,01,1,0,2,0,0,0,0,0,0,"- ","- ",34.27908,-118.74381,VENTURA,"SIMI VALLEY",-118.74391006,34.279000089999997
7200169,2017,2019-04-08,5606,2017-01-06,1726,1105,5606,5,5,4,5606,0,0,0,,0,001,"PALM AV","MAIN ST",25.00,N,N,A,-,N,,,,,,,,,,N,1,1,0,2,A,-,11,21954,A,N,G,B,D,A,H,-,B,A,0,Y,,,,Y,,A,01,0,0,0,1,0,0,0,0,0,"- ","- ",,,VENTURA,"SANTA PAULA",-119.07168281,34.350342810000001
7203517,2016,2016-03-14,5608,2016-02-27,1638,476,VENTU,6,5,6,5608,0,0,0,,0,001,"CHESTNUT ST","THOMPSON BL",3.00,N,N,A,-,N,,,,,,,,,,N,2,0,1,2,A,-,10,21950,A,N,G,B,B,A,H,-,A,A,0,Y,Y,,,Y,,L,04,1,0,0,0,1,0,0,0,0,"- ","- ",,,VENTURA,VENTURA,-119.29155,34.278268230000002
7204899,2016,2016-03-23,5600,2016-02-17,2119,4438,8202,3,5,5,5601,0,0,0,,0,8C1,"FLYNN RD","CALLE TECATE",307.00,S,N,C,-,N,,,,,,,,,,Y,2,0,2,1,A,-,03,22350,,N,E,I,A,B,H,-,C,D,0,,,,,Y,,A,01,2,0,0,0,0,0,0,0,0,"- ","- ",34.220570000000002,-119.02261,VENTURA,CAMARILLO,-119.0227237,34.220647499999998