CASE_ID,ACCIDENT_YEAR,PROC_DATE,JURIS,COLLISION_DATE,COLLISION_TIME,OFFICER_ID,REPORTING_DISTRICT,DAY_OF_WEEK,CHP_SHIFT,POPULATION,CNTY_CITY_LOC,SPECIAL_COND,BEAT_TYPE,CHP_BEAT_TYPE,CITY_DIVISION_LAPD,CHP_BEAT_CLASS,BEAT_NUMBER,PRIMARY_RD,SECONDARY_RD,DISTANCE,DIRECTION,INTERSECTION,WEATHER_1,WEATHER_2,STATE_HWY_IND,CALTRANS_COUNTY,CALTRANS_DISTRICT,STATE_ROUTE,ROUTE_SUFFIX,POSTMILE_PREFIX,POSTMILE,LOCATION_TYPE,RAMP_INTERSECTION,SIDE_OF_HWY,TOW_AWAY,COLLISION_SEVERITY,NUMBER_KILLED,NUMBER_INJURED,PARTY_COUNT,PRIMARY_COLL_FACTOR,PCF_CODE_OF_VIOL,PCF_VIOL_CATEGORY,PCF_VIOLATION,PCF_VIOL_SUBSECTION,HIT_AND_RUN,TYPE_OF_COLLISION,MVIW,PED_ACTION,ROAD_SURFACE,ROAD_COND_1,ROAD_COND_2,LIGHTING,CONTROL_DEVICE,CHP_ROAD_TYPE,PEDESTRIAN_ACCIDENT,BICYCLE_ACCIDENT,MOTORCYCLE_ACCIDENT,TRUCK_ACCIDENT,NOT_PRIVATE_PROPERTY,ALCOHOL_INVOLVED,STWD_VEHTYPE_AT_FAULT,CHP_VEHTYPE_AT_FAULT,COUNT_SEVERE_INJ,COUNT_VISIBLE_INJ,COUNT_COMPLAINT_PAIN,COUNT_PED_KILLED,COUNT_PED_INJURED,COUNT_BICYCLIST_KILLED,COUNT_BICYCLIST_INJURED,COUNT_MC_KILLED,COUNT_MC_INJURED,PRIMARY_RAMP,SECONDARY_RAMP,LATITUDE,LONGITUDE,COUNTY,CITY,POINT_X,POINT_Y
8000180,2016,2016-03-25,5608,2016-03-07,2103,474,,1,5,6,5608,0,0,0,,0,004,"RAILROAD CROSSING","NORTH VALENTINE RD",79.00,N,N,A,-,N,,,,,,,,,,Y,2,0,1,1,A,-,08,22107,,N,E,I,A,A,-,-,C,D,0,,,,,Y,,A,01,1,0,0,0,0,0,0,0,0,"- ","- ",,,VENTURA,VENTURA,-119.22170162,34.257562280000002
8000241,2016,2016-03-25,5608,2016-02-15,1918,429,,1,5,6,5608,0,0,0,,0,004,"VICTORIA AV","RALSTON ST",0.00,,Y,A,-,N,,,,,,,,,,Y,2,0,1,2,A,-,11,21456,B,N,G,B,B,A,H,-,C,A,0,Y,,,,Y,Y,N,60,1,0,0,0,1,0,0,0,0,"- ","- ",,,VENTURA,VENTURA,-119.21164992,34.261060069999999
8003149,2016,2016-04-05,5609,2016-02-21,1516,388,,7,5,6,5609,0,0,0,,0,004,"SYCAMORE DR","LARCH ST",216.00,N,N,A,-,N,,,,,,,,,,Y,2,0,1,2,A,-,09,21804,A,N,A,G,A,A,H,-,A,D,0,,Y,,,Y,,L,04,1,0,0,0,0,0,1,0,0,"- ","- ",34.275939999999999,-118.74383,VENTURA,"SIMI VALLEY",-118.74384000000001,34.276472630000001
8003670,2016,2016-03-29,5600,2016-03-15,1801,4615,8250,2,5,5,5601,0,0,0,,0,08C,"DAWSON DR","PETIT ST",14.00,S,N,A,-,N,,,,,,,,,,Y,2,0,1,2,A,-,10,21950,A,N,G,B,B,A,H,-,A,A,0,Y,,,,Y,,A,01,1,0,0,0,1,0,0,0,0,"- ","- ",34.215159999999997,-119.03391999999999,VENTURA,CAMARILLO,-119.03384446,34.215237389999999
8025824,2016,2016-04-20,5608,2016-04-10,1903,477,,7,5,6,5608,0,0,0,,0,002,"HARBOR BL","OYSTER ST",177.00,W,N,A,-,N,,,,,,,,,,Y,2,0,1,1,A,-,08,22107,,N,F,I,A,A,H,-,B,D,0,,,,,Y,Y,-,,1,0,0,0,0,0,0,0,0,"- ","- ",,,VENTURA,VENTURA,-119.26213552,34.258927069999999
8061160,2016,2016-07-27,5600,2016-07-04,1818,4816,8205,1,5,5,5601,0,0,0,,0,8D01,"MISSION OAKS BL","CAMARILLO RANCH RD",432.00,E,N,A,-,N,,,,,,,,,,N,2,0,1,2,A,-,09,21804,A,N,D,G,A,A,H,-,A,D,0,,Y,,,Y,,L,04,1,0,0,0,0,0,1,0,0,"- ","- ",34.216270000000002,-119.01742,VENTURA,CAMARILLO,-119.01727295000001,34.216381159999997
8066737,2016,2016-06-23,5608,2016-06-10,0217,391,,5,5,6,5608,0,0,0,,0,002,"HYLAND AV","SUNSET DR",140.00,W,N,A,-,N,,,,,,,,,,Y,2,0,1,4,A,-,01,23152,,N,B,E,A,A,H,-,C,D,0,,,,,Y,Y,-,,1,0,0,0,0,0,0,0,0,"- ","- ",,,VENTURA,VENTURA,-119.26276047,34.281954460000001
8070672,2016,2016-06-30,5609,2016-06-15,1209,465,510,3,5,6,5609,0,0,0,,0,005,"COCHRAN ST","VANESSA ST",0.00,,Y,A,-,N,,,,,,,,,,Y,2,0,2,2,A,-,09,21802,A,N,D,C,A,A,H,-,A,A,0,,,,,Y,,A,01,1,0,1,0,0,0,0,0,0,"- ","- ",34.278970000000001,-118.715,VENTURA,"SIMI VALLEY",-118.71501003,34.279070089999998
8085557,2016,2016-07-21,5608,2016-07-07,1645,456,,4,5,6,5608,0,0,0,,0,003,"PETIT AV","DARLING RD",0.00,,Y,A,-,N,,,,,,,,,,Y,2,0,2,2,A,-,08,22107,,N,D,C,A,A,H,-,A,D,0,,,,,Y,,-,,1,0,1,0,0,0,0,0,0,"- ","- ",,,VENTURA,VENTURA,-119.17419,34.275300080000001
8134384,2016,2016-10-04,5600,2016-09-18,0445,4788,9020,7,5,6,5607,0,0,0,,0,9A01,"OLSEN RD","FLOATING CLOUD ST",38.00,E,N,A,-,N,,,,,,,,,,Y,2,0,1,1,A,-,08,22107,,N,E,I,A,A,H,-,C,A,0,,,,,Y,Y,A,01,1,0,0,0,0,0,0,0,0,"- ","- ",,,VENTURA,"THOUSAND OAKS",-118.86643863,34.229906640000003
81381996,2020,2021-01-06,5609,2020-01-17,0739,452,116,5,5,6,5609,0,0,0,,0,001,"ERRINGER RD","COCHRAN ST",125.00,N,N,A,-,N,,,,,,,,,,N,2,0,1,1,A,-,08,22107,,N,F,A,A,B,H,-,A,D,0,,,Y,,Y,,C,02,1,0,0,0,0,0,0,0,1,"- ","- ",34.278999328613281,-118.76123046875,VENTURA,"SIMI VALLEY",-118.76148223876953,34.279335021972656
81382045,2020,2021-01-06,5609,2020-08-05,0649,452,204,3,5,6,5609,0,0,0,,0,002,"ROYAL AVE","SINALOA RD",0.00,,Y,A,-,N,,,,,,,,,,Y,2,0,2,2,A,-,12,21453,A,N,D,C,A,A,A,-,A,A,0,,,,,Y,,A,01,1,1,0,0,0,0,0,0,0,"- ","- ",34.264278411865234,-118.78755187988281,VENTURA,"SIMI VALLEY",-118.78759765625,34.264419555664062
81382203,2020,2021-01-06,5609,2020-10-05,1710,443,116,1,5,6,5609,0,0,0,,0,001,"COCHRAN ST","ERRINGER RD",192.00,W,N,A,-,N,,,,,,,,,,N,2,0,1,2,A,-,10,21952,,F,G,B,F,A,H,-,A,D,0,Y,,,,Y,,A,01,1,0,0,0,1,0,0,0,0,"- ","- ",34.278678894042969,-118.76113128662109,VENTURA,"SIMI VALLEY",-118.76203155517578,34.279018402099609
81382228,2020,2021-01-06,5609,2020-10-15,1206,310,601,4,5,6,5609,0,0,0,,0,006,"INDIAN HILLS DR","MOHAVE DR",13.00,N,N,A,-,N,,,,,,,,,,Y,2,0,1,1,A,-,08,22107,,N,E,I,A,A,H,-,A,D,0,,,,,Y,,A,01,1,0,0,0,0,0,0,0,0,"- ","- ",,,VENTURA,"SIMI VALLEY",-118.69139862060547,34.28692626953125
81382267,2020,2021-01-06,5609,2020-10-30,2034,430,,5,5,6,5609,0,0,0,,0,003,"ROYAL AVE","DARRAH AVE",582.00,E,N,A,-,N,,,,,,,,,,Y,2,0,1,1,A,-,08,22107,,N,E,I,A,A,H,-,D,D,0,,,Y,,Y,,C,02,1,0,0,0,0,0,0,0,1,"- ","- ",34.266830444335938,-118.72427368164062,VENTURA,"SIMI VALLEY",-118.72271728515625,34.267841339111328
81382334,2020,2021-01-06,5609,2020-11-23,1809,389,615,1,5,6,5609,0,0,0,,0,006,"YOSEMITE AVE","LOS ANGELES AVE",7.00,S,N,A,-,N,,,,,,,,,,N,2,0,1,3,A,-,10,21950,A,N,G,B,B,A,H,-,C,A,0,Y,,,,Y,,A,07,1,0,0,0,1,0,0,0,0,"- ","- ",34.270919799804688,-118.67822265625,VENTURA,"SIMI VALLEY",-118.67839813232422,34.271720886230469
81382399,2020,2021-01-06,5609,2020-12-14,1543,443,120,1,5,6,5609,0,0,0,,0,001,"FIRST ST","AGNEW ST",8.00,S,N,A,-,N,,,,,,,,,,N,2,0,2,3,A,-,10,21950,A,N,G,B,B,A,H,-,A,A,0,Y,,,,Y,,D,22,1,0,1,0,2,0,0,0,0,"- ","- ",34.27655029296875,-118.7786865234375,VENTURA,"SIMI VALLEY",-118.77896881103516,34.276779174804688
81477003,2021,2021-05-19,5609,2021-04-12,1125,435,,1,5,6,5609,0,0,0,,0,006,"KUEHNER DR","KATHERINE RD",0.00,,Y,A,-,N,,,,,,,,,,N,2,0,1,2,A,-,10,21950,A,N,G,B,B,A,H,-,A,A,0,Y,,,,Y,,A,01,1,0,0,0,1,0,0,0,0,"- ","- ",34.265171051025391,-118.662109375,VENTURA,"SIMI VALLEY",-118.66207122802734,34.265266418457031
81477096,2021,2021-05-19,5609,2021-02-22,1752,389,307,1,5,6,5609,0,0,0,,0,003,"ROYAL AVE","ROBERTA CT",169.00,E,N,A,-,N,,,,,,,,,,Y,2,0,1,2,A,-,03,22350,,N,C,E,A,A,H,-,A,D,0,,,Y,,Y,,C,02,1,0,0,0,0,0,0,0,1,"- ","- ",34.260601043701172,-118.74246978759766,VENTURA,"SIMI VALLEY",-118.74204254150391,34.261234283447266
81542644,2021,2021-08-11,5600,2021-07-29,2054,4973,8010,4,5,5,5601,0,0,0,,0,8A01,"LAS POSAS RD","CERRO VISTA WY",0.00,,Y,A,-,N,,,,,,,,,,Y,2,0,1,2,A,-,09,21801,A,N,H,C,A,A,H,-,D,A,0,,,Y,,Y,,A,07,1,0,0,0,0,0,0,0,1,"- ","- ",34.232318878173828,-119.0567626953125,VENTURA,CAMARILLO,-119.0567626953125,34.232326507568359
81616810,2020,2021-11-05,5600,2020-12-05,2020,4550,9156,6,5,6,5607,0,0,0,,0,9G01,"THOUSAND OAKS BL","LIVE OAK ST",212.00,E,N,A,-,N,,,,,,,,,,Y,1,1,0,2,A,-,11,21954,A,N,G,B,D,A,H,-,C,D,0,Y,,,,Y,Y,N,60,0,0,0,1,0,0,0,0,0,"- ","- ",34.172531127929688,-118.84043121337891,VENTURA,"THOUSAND OAKS",-118.83995819091797,34.172138214111328
81622198,2021,2021-11-11,5600,2021-11-07,1514,5150,9020,7,5,6,5607,0,0,0,,0,9A01,"MOORPARK RD","OLSEN RD",240.00,S,N,A,-,N,,,,,,,,,,N,2,0,1,1,A,-,03,22350,,N,E,I,A,A,H,-,A,D,0,,,Y,,Y,,C,02,1,0,0,0,0,0,0,0,1,"- ","- ",34.224430084228516,-118.87306213378906,VENTURA,"THOUSAND OAKS",-118.869384765625,34.227134704589844
81625387,2021,2021-11-16,5600,2021-10-22,0934,5481,9144,5,5,6,5607,0,0,0,,0,9D01,"VALLEY SPRING DRIVE","CLUB VIEW DRIVE",0.00,,Y,A,-,N,,,,,,,,,,N,2,0,1,2,A,-,09,21801,A,N,H,G,A,A,H,-,A,D,0,,Y,,,Y,,A,01,1,0,0,0,0,0,1,0,0,"- ","- ",,,VENTURA,"THOUSAND OAKS",-118.81069183349609,34.190845489501953
8166612,2016,2018-09-27,5600,2016-12-22,0154,1929,9028,4,5,6,5607,0,0,0,,0,09B,"RUSTIC GLEN DR","BURNING TREE DR",264.00,S,N,B,C,N,,,,,,,,,,Y,1,1,0,2,A,-,01,23153,A,N,E,I,A,B,H,-,C,D,0,,,,,Y,Y,D,22,0,0,0,0,0,0,0,0,0,"- ","- ",,,VENTURA,"THOUSAND OAKS",-118.84581,34.215429999999998
8166651,2016,2018-09-27,5600,2016-11-19,1704,3386,8202,6,5,5,5601,0,0,0,,0,8C01,"DAWSON DR","MISSION OAKS BL",40.00,N,N,A,-,N,,,,,,,,,,Y,1,1,0,1,A,-,05,21651,A,N,E,I,A,A,H,-,B,D,0,,,Y,,Y,Y,C,02,0,0,0,0,0,0,0,1,0,"- ","- ",34.130159999999997,-119.01553,VENTURA,CAMARILLO,-119.03196398999999,34.21726795
8166836,2016,2018-09-27,5608,2016-05-30,0300,435,5608,1,5,6,5608,0,0,0,,0,004,"BLACKBURN RD","BLACKBURN RD 10861",232.00,W,N,B,-,N,,,,,,,,,,N,1,1,0,2,A,-,11,21956,A,F,G,B,E,A,H,-,D,D,0,Y,,,,Y,Y,N,60,0,0,0,1,0,0,0,0,0,"- ","- ",,,VENTURA,VENTURA,-119.15894865999999,34.288601839999998
8166862,2016,2017-04-13,5608,2016-07-22,1425,380,,5,5,6,5608,0,0,0,,0,901,"KIMBALL RD","RT 126",0.00,,Y,A,-,Y,VEN,7,126,-,-,2.785,R,4,W,Y,1,1,0,4,A,-,12,21453,A,N,D,C,A,A,H,-,A,A,0,,,Y,,Y,,A,01,0,0,0,0,0,0,0,1,0,"- ","- ",34.275860000000002,-119.19150999999999,VENTURA,VENTURA,-119.19086729999999,34.274800489999997
8167102,2017,2018-03-22,5608,2017-04-25,0803,322,,2,5,6,5608,0,0,0,,0,003,"JOHN F JOHNSTON DR","VICTORIA AV",349.00,E,N,A,-,N,,,,,,,,,,N,1,1,0,2,A,-,08,22107,,F,G,B,F,A,H,-,A,D,0,Y,,,,Y,,A,07,0,0,0,1,0,0,0,0,0,"- ","- ",,,VENTURA,VENTURA,-119.21235681,34.268690319999997
8167180,2018,2020-05-26,5600,2018-01-29,1700,3386,8125,1,5,5,5601,0,0,0,,0,8C01,"ARNEILL RD","BARRY ST",183.00,N,N,A,-,N,,,,,,,,,,Y,1,1,0,2,A,-,11,21954,A,N,G,B,D,A,H,-,A,D,0,Y,,,,Y,Y,N,60,0,0,0,1,0,0,0,0,0,"- ","- ",34.220058441162109,-119.03897094726562,VENTURA,CAMARILLO,-119.03900146484375,34.219993591308594
81672567,2021,2022-01-06,5609,2021-11-19,1706,499,,5,5,6,5609,0,0,0,,0,004,"ERRINGER RD","FALCON ST",0.00,,Y,A,-,N,,,,,,,,,,Y,2,0,1,2,D,-,00,,,N,G,B,B,A,H,-,C,A,0,Y,,,,Y,,-,"- ",1,0,0,0,1,0,0,0,0,"- ","- ",34.289638519287109,-118.76260375976562,VENTURA,"SIMI VALLEY",-118.76291656494141,34.289665222167969
81680404,2021,2022-01-19,5609,2021-12-26,2241,464,,7,5,6,5609,0,0,0,,0,001,"MADERA RD","COCHRAN ST",128.00,N,N,A,-,N,,,,,,,,,,Y,2,0,1,2,A,-,03,22350,,N,C,C,A,A,H,-,C,A,0,,,,,Y,Y,A,01,1,0,0,0,0,0,0,0,0,"- ","- ",34.28173828125,-118.79489135742188,VENTURA,"SIMI VALLEY",-118.79467010498047,34.281997680664062
81691308,2022,2022-02-02,5600,2022-01-21,1939,4501,8215,5,5,5,5601,0,0,0,,0,8D01,"SANTA ROSA RD","ADOBE WY",0.00,,Y,A,-,Y,,,,,,,,,,Y,2,0,3,2,A,-,09,21802,A,N,D,C,A,A,H,-,D,A,0,,,,,Y,,A,01,1,0,2,0,0,0,0,0,0,"- ","- ",34.225341796875,-118.98623657226562,VENTURA,CAMARILLO,-118.98300933837891,34.227657318115234
81697382,2021,2022-02-10,5609,2021-12-17,1310,389,,5,5,6,5609,0,0,0,,0,003,"ROYAL AVE","THOMPSON LN",0.00,,Y,A,-,N,,,,,,,,,,N,1,1,0,1,A,-,03,22350,,N,H,A,A,A,H,-,A,A,0,,,,,Y,,A,08,0,0,0,0,0,0,0,0,0,"- ","- ",34.264511108398438,-118.76689147949219,VENTURA,"SIMI VALLEY",-118.76687622070312,34.26446533203125
81704952,2022,2022-02-21,5600,2022-02-13,1102,5150,9102,7,5,6,5607,0,0,0,,0,9G01,"MOORPARK RD","ONRAMP NB 101 MOORPARK",26.00,S,N,A,-,Y,,,,,,,,,,Y,2,0,1,1,A,-,03,22350,,N,E,I,A,A,H,-,A,A,0,,,Y,,Y,,C,02,1,0,0,0,0,0,0,0,1,"- ","- ",34.177738189697266,-118.87663269042969,VENTURA,"THOUSAND OAKS",-118.87664794921875,34.177459716796875
81728574,2022,2022-03-22,5600,2022-02-25,1603,5007,9176,5,5,6,5607,0,0,0,,0,9D01,"WESTLAKE BL","BAY DR",0.00,,Y,A,-,N,,,,,,,,,,N,2,0,1,2,A,-,10,21950,A,N,G,B,B,A,H,-,A,D,0,Y,,,,Y,,A,01,1,0,0,0,1,0,0,0,0,"- ","- ",34.149890899658203,-118.83651733398438,VENTURA,"THOUSAND OAKS",-118.83657836914062,34.149940490722656
81749421,2022,2022-04-18,5600,2022-03-31,1034,5007,9020,4,5,6,5607,0,0,0,,0,9A01,"PEDERSON RD","CALLE ESTEPA",375.00,W,N,A,B,N,,,,,,,,,,Y,2,0,1,2,A,-,03,22350,,N,C,C,A,A,H,-,A,D,0,,,,Y,Y,,D,22,1,0,0,0,0,0,0,0,0,"- ","- ",34.222038269042969,-118.85694885253906,VENTURA,"THOUSAND OAKS",-118.85750579833984,34.22296142578125
81765884,2022,2022-05-06,5609,2022-04-30,1622,389,,6,5,6,5609,0,0,0,,0,005,"WALNUT ST","RACHAEL AVE",0.00,,Y,A,-,N,,,,,,,,,,Y,2,0,6,2,A,-,09,21801,A,N,D,C,A,A,H,-,A,D,0,,,,,Y,,A,07,2,1,3,0,0,0,0,0,0,"- ","- ",34.297168731689453,-118.71275329589844,VENTURA,"SIMI VALLEY",-118.7127685546875,34.297191619873047
81800569,2022,2022-06-22,5600,2022-05-09,1834,4501,8023,1,5,5,5601,0,0,0,,0,8A01,"PASEO CAMARILLO","LANTANA ST",940.00,W,N,A,-,N,,,,,,,,,,Y,2,0,1,2,A,-,08,22107,,F,G,B,F,A,H,-,A,D,0,Y,,,,Y,,A,07,1,0,0,0,1,0,0,0,0,"- ","- ",34.21923828125,-119.05843353271484,VENTURA,CAMARILLO,-119.05747985839844,34.220722198486328
81806502,2021,2022-06-30,5600,2021-12-18,0053,4615,8133,6,5,5,5601,0,0,0,,0,8C01,"LAS POSAS RD","CAMINO ALVAREZ",148.00,E,N,-,-,N,,,,,,,,,,Y,1,1,0,1,A,-,01,23152,G,N,E,I,A,A,H,-,C,A,0,,,,,Y,Y,A,01,0,0,0,0,0,0,0,0,0,"- ","- ",34.242900848388672,-119.01232147216797,VENTURA,CAMARILLO,-119.01182556152344,34.242958068847656
81809322,2022,2022-07-04,5600,2022-06-15,1755,5408,9092,3,5,6,5607,0,0,0,,0,9G01,"N MOORPARK ROAD","JANSS MARKETPLACE",35.00,S,N,A,-,N,,,,,,,,,,Y,2,0,1,2,A,-,12,21453,A,N,D,D,A,A,H,-,A,A,0,,,Y,,Y,,C,02,1,0,0,0,0,0,0,0,1,"- ","- ",,,VENTURA,"THOUSAND OAKS",-118.87580108642578,34.182613372802734
81811752,2022,2022-07-07,5609,2022-06-29,1200,443,,3,5,6,5609,0,0,0,,0,006,"PLACERVILLE CT","POLE #SV03628",80.00,S,N,A,-,N,,,,,,,,,,N,2,0,1,2,A,-,13,22515,A,N,G,B,A,A,H,-,A,D,0,,,,,Y,,A,08,1,0,0,0,0,0,0,0,0,"- ","- ",,,VENTURA,"SIMI VALLEY",,
81816702,2022,2022-07-14,5600,2022-05-24,1412,5302,8132,2,5,5,5601,0,0,0,,0,8C01,"LEWIS RD","ADOLFO RD",0.00,,Y,A,-,Y,,,,,,,,,,Y,2,0,2,3,A,-,12,21453,A,N,D,C,A,A,H,-,A,A,0,,,,,Y,,A,01,1,1,0,0,0,0,0,0,0,"- ","- ",34.229198455810547,-119.02263641357422,VENTURA,CAMARILLO,-119.01947021484375,34.231193542480469
81826621,2021,2022-07-28,5609,2021-09-02,0159,482,408,4,5,6,5609,0,0,0,,0,004,"TAPO CANYON RD","WALNUT ST",501.00,S,N,A,-,N,,,,,,,,,,Y,1,1,0,2,A,-,03,22350,,N,E,I,A,A,H,-,C,D,0,,,,,Y,,A,01,0,0,0,0,0,0,0,0,0,"- ","- ",34.297199249267578,-118.71766662597656,VENTURA,"SIMI VALLEY",-118.71761322021484,34.295825958251953
81835878,2022,2022-08-09,5600,2022-07-17,0139,4673,1003,7,5,3,5602,0,0,0,,0,6A01,"SR 126 (VENTURA STREET)","E STREET",843.00,E,N,A,-,Y,,,,,,,,,,Y,2,0,1,2,A,-,08,22107,,N,C,E,A,A,H,-,D,D,0,,,,,Y,,A,07,1,0,0,0,0,0,0,0,0,"- ","- ",,,VENTURA,FILLMORE,-118.93358612060547,34.394069671630859
81856682,2022,2022-09-05,5600,2022-08-24,1345,5150,9160,3,5,6,5607,0,0,0,,0,9D01,"AUTO MALL DR","MARMON AV",160.00,W,N,A,-,N,,,,,,,,,,N,2,0,1,2,A,-,06,21750,,N,H,G,A,A,H,-,A,D,0,,Y,,,Y,,L,04,1,0,0,0,0,0,1,0,0,"- ","- ",34.158611297607422,-118.83499145507812,VENTURA,"THOUSAND OAKS",-118.83113098144531,34.162281036376953
81860471,2021,2022-09-09,5600,2021-09-01,2209,4550,9128,3,5,6,5607,0,0,0,,0,9H01,"HILLCREST DR","CITATION WY",116.00,W,N,A,-,N,,,,,,,,,,Y,1,1,4,1,A,-,03,22350,,N,F,I,A,A,H,-,C,D,0,,,,,Y,,A,01,3,1,0,0,0,0,0,0,0,"- ","- ",34.184940338134766,-118.90647888183594,VENTURA,"THOUSAND OAKS",-118.90680694580078,34.185043334960938
81867493,2022,2022-09-19,5600,2022-09-04,1405,5150,9116,7,5,6,5607,0,0,0,,0,9C01,"LYNN RD","WENDY DR",0.00,,Y,A,-,N,,,,,,,,,,Y,2,0,2,2,A,-,09,21453,C,N,H,C,A,A,H,-,A,D,0,,,Y,,Y,,C,02,1,0,1,0,0,0,0,0,1,"- ","- ",34.159099578857422,-118.95010375976562,VENTURA,"THOUSAND OAKS",-118.94593048095703,34.161632537841797
81883549,2022,2022-10-06,5609,2022-09-20,1321,5040,,2,5,6,5609,0,0,0,,0,004,"ERRINGER RD","COCHRAN ST",0.00,,Y,A,-,N,,,,,,,,,,Y,2,0,2,4,A,-,09,21801,A,N,D,C,A,A,H,-,A,A,0,,,,,Y,,A,07,1,1,0,0,0,0,0,0,0,"- ","- ",34.278999328613281,-118.76123046875,VENTURA,"SIMI VALLEY",-118.76139831542969,34.279010772705078
81891121,2022,2022-10-17,5600,2022-07-22,2335,4501,8133,5,5,5,5601,0,0,0,,0,8C01,"LEWIS RD","CROYDON AV",520.00,N,N,A,-,Y,,,,,,,,,,Y,1,1,0,2,A,-,11,21950,B,N,G,B,D,A,H,-,D,D,0,Y,,,,Y,,N,60,0,0,0,1,0,0,0,0,0,"- ","- ",34.236289978027344,-119.01634216308594,VENTURA,CAMARILLO,-119.01235198974609,34.239521026611328
81908295,2022,2022-11-03,5600,2022-06-19,0257,4550,9114,7,5,6,5607,0,0,0,,0,9C01,"WENDY DR","PEPPERMINT ST",153.00,N,N,-,-,N,,,,,,,,,,Y,1,1,0,1,A,-,01,23152,A,N,E,I,A,A,H,-,C,D,0,,,,,Y,Y,A,01,0,0,0,0,0,0,0,0,0,"- ","- ",34.169300079345703,-118.94316864013672,VENTURA,"THOUSAND OAKS",-118.94313049316406,34.169712066650391
81908296,2022,2022-11-03,5600,2022-07-22,0906,4045,9142,5,5,6,5607,0,0,0,,0,9D01,"WESTLAKE BL","ALLYSON CT",828.00,S,N,A,-,N,,,,,,,,,,Y,1,1,0,1,A,-,05,21651,A,N,E,I,A,A,H,-,A,D,0,,,Y,,Y,Y,C,02,0,0,0,0,0,0,0,1,0,"- ","- ",34.199810028076172,-118.83081817626953,VENTURA,"THOUSAND OAKS",-118.82551574707031,34.201507568359375
81930983,2022,2022-12-01,5609,2022-11-09,0820,443,,3,5,6,5609,0,0,0,,0,003,"BISCAYNE PALM PL","PINE VIEW DR",265.00,S,N,A,-,N,,,,,,,,,,N,2,0,1,2,A,-,21,22106,,N,G,B,E,A,D,-,A,D,0,Y,,,Y,Y,,F,21,1,0,0,0,1,0,0,0,0,"- ","- ",34.255390167236328,-118.73207092285156,VENTURA,"SIMI VALLEY",-118.73184204101562,34.255191802978516
81950936,2022,2022-12-23,5600,2022-12-09,1856,5653,9127,5,5,6,5607,0,0,0,,0,9H01,"CALLE ZAFIRO","AVENIDA DEL PLATINO",380.00,W,N,A,-,N,,,,,,,,,,N,2,0,1,2,A,-,21,22106,,N,G,B,E,A,H,-,C,D,0,Y,,,,Y,,-,35,1,0,0,0,1,0,0,0,0,"- ","- ",34.185108184814453,-118.91397094726562,VENTURA,"THOUSAND OAKS",-118.91526794433594,34.184989929199219
81953792,2022,2022-12-28,5609,2022-12-19,1704,464,,1,5,6,5609,0,0,0,,0,002,"LOS ANGELES AVE","SIMI VILLAGE DR",0.00,,Y,A,-,N,,,,,,,,,,Y,2,0,2,2,A,-,12,21453,A,N,D,C,A,A,H,-,C,A,0,,,,,Y,,A,01,1,0,1,0,0,0,0,0,0,"- ","- ",34.271678924560547,-118.79097747802734,VENTURA,"SIMI VALLEY",-118.79096221923828,34.271728515625
81962624,2022,2023-01-09,5600,2022-12-22,1433,4221,9024,4,5,6,5607,0,0,0,,0,9B01,"AVENIDA DE LOS ARBOLES","ERBES RD",0.00,,Y,A,-,N,,,,,,,,,,Y,2,0,4,4,A,-,03,22350,,N,B,C,A,A,H,-,A,A,0,,,,,Y,,A,01,1,0,3,0,0,0,0,0,0,"- ","- ",34.208370208740234,-118.84352111816406,VENTURA,"THOUSAND OAKS",-118.84014129638672,34.211799621582031
8197104,2016,2017-01-06,5600,2016-12-09,0946,4646,5171,5,5,4,5690,0,0,0,,0,02A,"TIERRA REJADA RD","HARVESTER ST",715.00,S,N,A,-,N,,,,,,,,,,N,2,0,1,2,A,-,01,23152,E,F,H,G,A,A,H,-,A,D,0,,Y,,,Y,,A,01,1,0,0,0,0,0,1,0,0,"- ","- ",,,VENTURA,MOORPARK,-118.90085736,34.273618140000004
81999542,2023,2023-02-22,5600,2023-02-07,"211 ",5444,9090,2,5,6,5607,0,0,0,,0,9G01,"MOORPARK RD","THOUSAND OAKS BL",21.00,S,N,A,-,N,,,,,,,,,,N,2,0,1,2,A,-,01,23153,A,F,C,C,A,A,H,-,C,A,0,,,,,Y,,A,01,1,0,0,0,0,0,0,0,0,"- ","- ",34.179019927978516,-118.87648773193359,VENTURA,"THOUSAND OAKS",-118.87652587890625,34.178871154785156
82020378,2023,2023-03-23,5600,2023-02-27,1751,4045,9206,1,5,6,5607,0,0,0,,0,9C01,"VIA GRANDE","VIA LAS BRISAS",3.00,W,N,A,-,N,,,,,,,,,,Y,2,0,3,2,A,-,05,21650,1,N,A,C,A,B,H,-,A,D,0,,,Y,,Y,,C,03,3,0,0,0,0,0,0,0,3,"- ","- ",34.166458129882812,-118.97213745117188,VENTURA,"THOUSAND OAKS",-118.9722900390625,34.166439056396484