CASE_ID,ACCIDENT_YEAR,PROC_DATE,JURIS,COLLISION_DATE,COLLISION_TIME,OFFICER_ID,REPORTING_DISTRICT,DAY_OF_WEEK,CHP_SHIFT,POPULATION,CNTY_CITY_LOC,SPECIAL_COND,BEAT_TYPE,CHP_BEAT_TYPE,CITY_DIVISION_LAPD,CHP_BEAT_CLASS,BEAT_NUMBER,PRIMARY_RD,SECONDARY_RD,DISTANCE,DIRECTION,INTERSECTION,WEATHER_1,WEATHER_2,STATE_HWY_IND,CALTRANS_COUNTY,CALTRANS_DISTRICT,STATE_ROUTE,ROUTE_SUFFIX,POSTMILE_PREFIX,POSTMILE,LOCATION_TYPE,RAMP_INTERSECTION,SIDE_OF_HWY,TOW_AWAY,COLLISION_SEVERITY,NUMBER_KILLED,NUMBER_INJURED,PARTY_COUNT,PRIMARY_COLL_FACTOR,PCF_CODE_OF_VIOL,PCF_VIOL_CATEGORY,PCF_VIOLATION,PCF_VIOL_SUBSECTION,HIT_AND_RUN,TYPE_OF_COLLISION,MVIW,PED_ACTION,ROAD_SURFACE,ROAD_COND_1,ROAD_COND_2,LIGHTING,CONTROL_DEVICE,CHP_ROAD_TYPE,PEDESTRIAN_ACCIDENT,BICYCLE_ACCIDENT,MOTORCYCLE_ACCIDENT,TRUCK_ACCIDENT,NOT_PRIVATE_PROPERTY,ALCOHOL_INVOLVED,STWD_VEHTYPE_AT_FAULT,CHP_VEHTYPE_AT_FAULT,COUNT_SEVERE_INJ,COUNT_VISIBLE_INJ,COUNT_COMPLAINT_PAIN,COUNT_PED_KILLED,COUNT_PED_INJURED,COUNT_BICYCLIST_KILLED,COUNT_BICYCLIST_INJURED,COUNT_MC_KILLED,COUNT_MC_INJURED,PRIMARY_RAMP,SECONDARY_RAMP,LATITUDE,LONGITUDE,COUNTY,CITY,POINT_X,POINT_Y
8203090,2016,2017-01-06,5609,2016-12-03,1339,374,,6,5,6,5609,0,0,0,,0,,"RACINE ST","GALENA AV",923.00,W,N,A,-,N,,,,,,,,,,Y,2,0,1,2,A,-,08,22107,,N,B,E,A,A,H,-,A,D,0,,,,,Y,,A,01,1,0,0,0,0,0,0,0,0,"- ","- ",34.277819999999998,-118.73556000000001,VENTURA,"SIMI VALLEY",-118.73860048,34.277640009999999
8203407,2016,2017-01-06,5600,2016-12-24,1639,4438,8062,6,5,5,5601,0,0,0,,0,8B1,"VENTURA BL","HEBERT DR",0.00,,Y,A,-,N,,,101,,,,,,,Y,2,0,1,2,A,-,09,21801,A,N,H,C,A,A,H,-,A,D,0,,,,,Y,,A,07,1,0,0,0,0,0,0,0,0,"- ","- ",34.217230000000001,-119.05483,VENTURA,CAMARILLO,-119.05478579,34.217852049999998
82034252,2022,2023-04-19,5600,2022-06-07,0926,4045,9085,2,5,6,5607,0,0,0,,0,9G01,"THOUSAND OAKS BL","CLAY CT",110.00,W,N,A,-,N,,,,,,,,,,N,1,1,0,2,A,-,10,21950,A,F,G,B,C,A,H,-,C,B,0,Y,,,,Y,Y,A,01,0,0,0,1,0,0,0,0,0,"- ","- ",34.17620849609375,-118.86849975585938,VENTURA,"THOUSAND OAKS",-118.86492156982422,34.179344177246094
8204830,2016,2017-01-11,5600,2016-12-13,1952,2877,8252,2,5,5,5601,0,0,0,,0,8C01,"PLEASANT VALLEY RD","VILLAGE COMMONS BL",0.00,,Y,A,-,N,,,,,,,,,,Y,2,0,2,2,A,-,09,21801,A,N,G,C,A,A,H,-,C,A,0,,,,,Y,,A,01,1,1,0,0,0,0,0,0,0,"- ","- ",34.205530000000003,-119.02513999999999,VENTURA,CAMARILLO,-119.02507009999999,34.205490050000002
82049053,2023,2023-04-20,5609,2023-04-12,"801 ",5046,,3,5,6,5609,0,0,0,,0,002,"FIRST ST","LEISURE LN",0.00,,Y,B,-,N,,,,,,,,,,Y,2,0,1,2,A,-,09,21801,A,N,D,C,A,A,H,-,A,D,0,,,,,Y,,A,07,1,0,0,0,0,0,0,0,0,"- ","- ",34.253379821777344,-118.77999114990234,VENTURA,"SIMI VALLEY",-118.78014373779297,34.253406524658203
82075962,2023,2023-05-24,5600,2023-05-15,1804,4878,5165,1,5,4,5690,0,0,0,,0,2A01,"TIERRA REJADA RD","COUNTRYWOOD DR",531.00,N,N,A,-,N,,,,,,,,,,N,2,0,2,2,A,-,03,22350,,N,C,C,A,A,H,-,A,D,0,,,Y,,Y,,C,02,1,1,0,0,0,0,0,0,2,"- ","- ",34.270828247070312,-118.90038299560547,VENTURA,MOORPARK,-118.90084075927734,34.272239685058594
82081932,2023,2023-05-31,5609,2023-05-20,"932 ",472,505,6,5,6,5609,0,0,0,,0,005,"WALNUT ST","GALVESTON AVE",0.00,,Y,A,-,N,,,,,,,,,,N,2,0,2,2,A,-,09,21802,A,N,D,G,A,A,H,-,A,A,0,,Y,,,Y,,L,04,2,0,0,0,0,0,2,0,0,"- ","- ",34.296108245849609,-118.70536804199219,VENTURA,"SIMI VALLEY",-118.70537567138672,34.296146392822266
82092127,2023,2023-06-13,5600,2023-06-05,"706 ",5902,9170,1,5,6,5607,0,0,0,,0,9D01,"S WESTLAKE BL","TOWNSGATE RD",0.00,,Y,B,-,Y,,,,,,,,,,Y,2,0,1,2,A,-,12,21457,A,N,F,C,A,A,H,-,A,B,0,,,Y,,Y,,C,02,1,0,0,0,0,0,0,0,1,"- ","- ",,,VENTURA,"THOUSAND OAKS",-118.82727813720703,34.154766082763672
82126093,2023,2023-07-27,5600,2023-07-12,2127,5244,9126,3,5,6,5607,0,0,0,,0,9H01,"CAMINO DOS RIOS","ACADEMY DR",18.00,E,N,A,-,Y,,,,,,,,,,N,2,0,1,2,A,-,10,21950,A,N,G,B,B,A,H,-,C,A,0,Y,,,,Y,,D,22,1,0,0,0,1,0,0,0,0,"- ","- ",34.190868377685547,-118.93804931640625,VENTURA,"THOUSAND OAKS",-118.93799591064453,34.190784454345703
82132652,2023,2023-08-15,5600,2023-07-27,1932,3147,9126,4,5,6,5607,0,0,0,,0,9H01,"CAMINO DOS RIOS","ACADEMY DR",15.00,N,N,A,-,Y,,,,,,,,,,N,2,0,1,2,A,-,10,21950,A,N,G,B,B,A,H,-,A,B,0,Y,,,,Y,,A,01,1,0,0,0,1,0,0,0,0,"- ","- ",34.190868377685547,-118.93804931640625,VENTURA,"THOUSAND OAKS",-118.93800354003906,34.190780639648438
82145984,2023,2023-08-23,5600,2023-06-27,1956,4615,8123,2,5,5,5601,0,0,0,,0,8C01,"ARNEILL RD","FIESTA DR",0.00,,Y,A,-,N,,,,,,,,,,Y,2,0,1,2,A,-,12,22450,A,N,D,C,A,A,H,-,C,A,0,,,Y,,Y,,A,07,1,0,0,0,0,0,0,0,1,"- ","- ",34.226741790771484,-119.03896331787109,VENTURA,CAMARILLO,-119.03905487060547,34.226749420166016
82153924,2023,2023-08-25,5609,2023-08-17,1811,5066,,4,5,6,5609,0,0,0,,0,002,"FIRST ST","PACIFIC AVE",46.00,N,N,A,-,N,,,,,,,,,,N,2,0,1,2,A,-,09,21804,A,N,H,G,A,A,H,-,A,D,0,,Y,,,Y,,L,04,1,0,0,0,0,0,1,0,0,"- ","- ",34.26947021484375,-118.77867126464844,VENTURA,"SIMI VALLEY",-118.77888488769531,34.269817352294922
82157971,2023,2023-08-30,5609,2023-08-22,"920 ",5084,,2,5,6,5609,0,0,0,,0,001,"MADERA RD","118 EB OFF MADERA RAMP",0.00,,Y,A,-,Y,,,,,,,,,,Y,2,0,1,2,D,-,00,,,N,D,C,A,A,H,-,A,A,0,,,,,Y,,-,"- ",1,0,0,0,0,0,0,0,0,"- ","- ",34.282669067382812,-118.79373168945312,VENTURA,"SIMI VALLEY",-118.79643249511719,34.271720886230469
82179343,2023,2023-10-02,5600,2023-09-12,"700 ",5196,9132,2,5,6,5607,0,0,0,,0,9C01,"LYNN RD","HEAVENLY VALLEY RD",103.00,W,N,A,F,N,,,,,,,,,,Y,2,0,3,3,A,-,03,22350,,N,C,E,A,A,H,-,A,A,0,,,,,Y,,A,07,1,1,1,0,0,0,0,0,0,"- ","- ",34.176891326904297,-118.90384674072266,VENTURA,"THOUSAND OAKS",-118.904052734375,34.1768798828125
82206317,2023,2023-10-23,5608,2023-09-29,"859 ",469,,5,5,6,5608,0,0,0,,0,,"TELEGRAPH RD.","CROCKER AVE.",0.00,,Y,A,-,N,,,,,,,,,,Y,2,0,2,2,A,-,12,21453,A,N,D,C,A,A,H,-,A,A,0,,,,,Y,,A,07,1,1,0,0,0,0,0,0,0,"- ","- ",,,VENTURA,VENTURA,-119.19046783447266,34.281593322753906
82206777,2023,2023-10-24,5600,2023-10-15,1744,3147,9012,7,5,6,5607,0,0,0,,0,9A01,"MOORPARK RD","CALLE CONTENTO",1800.00,N,N,A,-,N,,,,,,,,,,Y,2,0,3,2,A,-,05,21650,,N,A,C,A,A,H,-,A,D,0,,,,,Y,,A,07,1,1,1,0,0,0,0,0,0,"- ","- ",34.234119415283203,-118.86518859863281,VENTURA,"THOUSAND OAKS",-118.86049652099609,34.237071990966797
82239729,2023,2023-11-20,5600,2023-10-14,"835 ",4045,9176,6,5,6,5607,0,0,0,,0,9D01,"LA VENTA DR","OAKSHORE DR",10.00,N,N,A,-,N,,,,,,,,,,N,2,0,1,2,A,-,10,21950,A,N,G,B,B,A,H,-,A,D,0,Y,,,,Y,Y,A,01,1,0,0,0,1,0,0,0,0,"- ","- ",34.143878936767578,-118.82866668701172,VENTURA,"THOUSAND OAKS",-118.82851409912109,34.143905639648438
82246071,2023,2023-11-28,5600,2023-11-21,1440,5208,6009,2,5,3,5602,0,0,0,,0,6A01,"C ST","MEADOWLARK DR",0.00,,Y,A,-,N,,,,,,,,,,N,2,0,1,2,A,-,11,21954,A,N,G,B,D,A,H,-,A,D,0,Y,,,,Y,,N,60,1,0,0,0,1,0,0,0,0,"- ","- ",34.402111053466797,-118.92862701416016,VENTURA,FILLMORE,-118.92864990234375,34.402103424072266
82261622,2023,2023-12-14,5609,2023-12-09,1629,383,,6,5,6,5609,0,0,0,,0,004,"CORDERO AVE","BALLARD ST",55.00,S,N,A,-,N,,,,,,,,,,N,2,0,1,1,A,-,13,22515,A,N,E,J,A,A,H,-,A,D,0,,,,,Y,,A,07,1,0,0,0,0,0,0,0,0,"- ","- ",34.275459289550781,-118.76389312744141,VENTURA,"SIMI VALLEY",-118.76399993896484,34.275299072265625
82262765,2023,2023-12-15,5600,2023-11-05,1527,5302,8124,7,5,5,5601,0,0,0,,0,8C01,"ARNEILL RD","PICKWICK DR",0.00,,Y,A,-,N,,,,,,,,,,N,2,0,1,2,A,-,10,21950,A,N,G,B,B,A,H,-,A,A,0,Y,,,,Y,,A,07,1,0,0,0,1,0,0,0,0,"- ","- ",34.222270965576172,-119.03900909423828,VENTURA,CAMARILLO,-119.03904724121094,34.222282409667969
82266757,2023,2023-12-20,5609,2023-12-15,"656 ",472,,5,5,6,5609,0,0,0,,0,,"COCHRAN ST","TAPO CANYON RD",0.00,,Y,A,-,N,,,,,,,,,,Y,2,0,1,3,A,-,12,21453,A,N,D,C,A,A,H,-,A,A,0,,,,,Y,,D,22,1,0,0,0,0,0,0,0,0,"- ","- ",34.278968811035156,-118.71775054931641,VENTURA,"SIMI VALLEY",-118.71787261962891,34.279075622558594
82270280,2023,2024-01-10,5600,2023-11-02,2102,4615,8154,4,5,5,5601,0,0,0,,0,8B01,"LEWIS RD","LAS POSAS RD",0.00,,Y,A,-,Y,VEN,,34," "," ",15.862,H,,R,Y,2,0,2,2,A,-,01,23152,A,N,D,C,A,A,H,-,C,A,0,,,,,Y,Y,A,07,1,1,0,0,0,0,0,0,0,"- ","- ",34.242580413818359,-119.01019287109375,VENTURA,CAMARILLO,-119.01020812988281,34.242591857910156
82288651,2024,2024-01-17,5609,2024-01-08,1720,5023,,1,5,6,5609,0,0,0,,0,001,"ERRINGER RD","LARCH ST",11.00,S,N,A,-,N,,,,,,,,,,N,2,0,1,2,A,-,10,21950,A,N,G,B,B,A,H,-,B,A,0,Y,,,,Y,,D,22,1,0,0,0,1,0,0,0,0,"- ","- ",34.275039672851562,-118.76116943359375,VENTURA,"SIMI VALLEY",-118.76139831542969,34.275360107421875
82298557,2023,2024-03-08,5600,2023-12-15,"944 ",4637,5110,5,5,4,5690,0,0,0,,0,2A01,"TIERRA REJADA RD","SUNSET VALLEY RD",0.00,,Y,A,-,N,,,,,,,,,,Y,2,0,1,2,A,-,12,21453,A,N,D,G,A,A,H,-,A,A,0,,Y,,,Y,,L,04,1,0,0,0,0,0,1,0,0,"- ","- ",34.264190673828125,-118.85494995117188,VENTURA,MOORPARK,-118.85514068603516,34.264205932617188
82309794,2024,2024-02-09,5600,2024-01-27,1106,5985,8215,6,5,5,5601,0,0,0,,0,8D01,"UPLAND RD","SAN ONOFRE DR",607.00,E,N,-,-,N,,,,,,,,,,Y,2,0,2,1,A,-,01,23152,A,N,E,I,A,A,H,-,C,D,0,,,,,Y,Y,A,01,2,0,0,0,0,0,0,0,0,"- ","- ",34.239898681640625,-119.98493194580078,VENTURA,CAMARILLO,-118.98301696777344,34.240447998046875
82324888,2024,2024-02-28,5609,2024-02-11,1504,5033,506,7,5,6,5609,0,0,0,,0,005,"ALAMO ST","TAPO ST",0.00,,Y,A,-,N,,,,,,,,,,Y,2,0,3,2,A,-,01,23152,A,F,A,C,A,A,H,-,A,A,0,,,,,Y,Y,A,01,1,2,0,0,0,0,0,0,0,"- ","- ",34.285648345947266,-118.70864105224609,VENTURA,"SIMI VALLEY",-118.70895385742188,34.286346435546875
82328063,2024,2024-03-04,5600,2024-01-29,1845,5424,8007,1,5,5,5601,0,0,0,,0,8A01,"LAS POSAS RD","101 FW (N)",0.00,,Y,A,-,Y,VEN,,101," "," ",15.886,H,,R,N,2,0,1,2,A,-,09,21453,B,N,G,B,B,A,H,-,C,A,0,Y,,,,Y,,A,01,1,0,0,0,1,0,0,0,0,"- ","- ",34.21929931640625,-119.06976318359375,VENTURA,CAMARILLO,-119.06976318359375,34.219295501708984
82331836,2024,2024-03-07,5600,2024-03-05,"624 ",5150,9060,2,5,6,5607,0,0,0,,0,9B01,"JANSS RD","LA GRANADA DR",0.00,,Y,A,-,N,,,,,,,,,,Y,2,0,1,2,A,-,09,21802,A,N,D,C,A,A,H,-,B,A,0,,,Y,,Y,,A,01,1,0,0,0,0,0,0,0,1,"- ","- ",34.194801330566406,-118.84552001953125,VENTURA,"THOUSAND OAKS",-118.8455810546875,34.194797515869141
82337327,2023,2024-03-13,5608,2023-10-12,"802 ",520,,4,5,6,5608,0,0,0,,0,004,"JOHNSON DR","HUMMINGBIRD ST.",129.00,N,N,A,-,N,,,,,,,,,,N,2,0,1,2,D,-,00,,,N,B,G,A,A,H,-,A,D,0,,Y,,Y,Y,,-,"- ",1,0,0,0,0,0,1,0,0,"- ","- ",,,VENTURA,VENTURA,-119.197509765625,34.253879547119141
82348017,2024,2024-04-09,5600,2024-03-15,1930,5244,,5,5,6,5607,0,0,0,,0,9D01,"WESTLAKE BL","HAMPSHIRE RD",36.00,N,N,A,-,Y,VEN,,23," ",R,2.879,H,,R,N,2,0,1,2,A,-,03,22350,,F,C,C,A,A,H,-,C,A,0,,,,,Y,,A,01,1,0,0,0,0,0,0,0,0,"- ","- ",34.152118682861328,-118.82907867431641,VENTURA,"THOUSAND OAKS",-118.82902526855469,34.152091979980469
82349051,2024,2024-03-28,5600,2024-03-19,"238 ",5494,,2,5,5,5601,0,0,0,,0,8D01,"MISSION OAKS BL","COLONY DR",450.00,S,N,A,-,N,,,,,,,,,,Y,2,0,1,1,A,-,08,22107,,N,E,I,A,A,H,-,C,D,0,,,,,Y,Y,A,01,1,0,0,0,0,0,0,0,0,"- ","- ",34.224288940429688,-119.00437164306641,VENTURA,CAMARILLO,-119.00489044189453,34.223106384277344
82366127,2024,2024-04-17,5600,2024-04-04,1022,5007,9106,4,5,6,5607,0,0,0,,0,9C01,"REINO RD","BORCHARD RD",0.00,,Y,B,-,N,,,,,,,,,,Y,2,0,2,2,A,-,12,21453,A,N,D,C,A,A,H,-,A,A,0,,,,,Y,,A,07,1,1,0,0,0,0,0,0,0,"- ","- ",34.179000854492188,-118.95233154296875,VENTURA,"THOUSAND OAKS",-118.95233154296875,34.178974151611328
82366132,2024,2024-04-17,5600,2024-01-02,1036,4615,8133,2,5,5,5601,0,0,0,,0,8C01,"UPLAND RD","LEWIS RD",37.00,E,N,A,-,Y,,,,,,,,,,Y,1,1,0,2,A,-,17,21461,A,N,H,F,A,A,H,-,A,A,0,,,,,Y,,A,01,0,0,0,0,0,0,0,0,0,"- ","- ",34.240581512451172,-119.01319122314453,VENTURA,CAMARILLO,-119.01012420654297,34.2425537109375
82383262,2024,2024-05-07,5600,2024-04-07,1054,5538,,7,5,6,5607,0,0,0,,0,9G01,"THOUSAND OAKS BL","CONEJO SCHOOL RD",230.00,W,N,A,-,N,,,,,,,,,,N,2,0,1,1,C,-,18,,,N,E,J,A,A,A,-,A,A,0,,Y,,,Y,,-,"- ",1,0,0,0,0,0,1,0,0,"- ","- ",34.174560546875,-118.84481811523438,VENTURA,"THOUSAND OAKS",-118.84552001953125,34.174701690673828
82383263,2024,2024-05-07,5600,2024-04-07,1255,5331,,7,5,6,5607,0,0,0,,0,9H01,"TELLER RD","LAWRENCE DRIVE",309.00,W,N,A,-,Y,,,,,,,,,,Y,2,0,1,2,A,-,08,22107,,N,C,E,A,A,H,-,A,D,0,,,,,Y,,A,01,1,0,0,0,0,0,0,0,0,"- ","- ",,,VENTURA,"THOUSAND OAKS",-118.93094635009766,34.189907073974609
82395737,2024,2024-05-22,5600,2024-05-15,2131,5368,,3,5,6,5607,0,0,0,,0,9G01,"HILLCREST DR","CONEJO BL",35.00,E,N,A,-,N,,,,,,,,,,Y,2,0,3,2,A,-,01,23153,A,N,A,C,A,A,H,-,C,A,0,,,,,Y,Y,A,01,1,1,1,0,0,0,0,0,0,"- ","- ",34.180721282958984,-118.87811279296875,VENTURA,"THOUSAND OAKS",-118.87795257568359,34.180671691894531
82400719,2024,2024-05-29,5609,2024-05-08,1945,5023,,3,5,6,5609,0,0,0,,0,003,"FITZGERALD RD","CROSBY AVE",0.00,,Y,A,-,N,,,,,,,,,,Y,2,0,2,2,A,-,12,22450,A,N,D,C,A,A,H,-,A,A,0,,,Y,,Y,,C,03,1,0,1,0,0,0,0,0,1,"- ","- ",34.256828308105469,-118.74999237060547,VENTURA,"SIMI VALLEY",-118.75,34.257232666015625
82400727,2024,2024-05-29,5609,2024-05-16,"354 ",5059,,4,5,6,5609,0,0,0,,0,,"ROYAL AVE","CLAYTON WAY",109.00,W,N,A,B,N,,,,,,,,,,Y,2,0,1,1,A,-,08,22107,,N,E,I,A,A,H,-,D,D,0,,,,,Y,,A,01,1,0,0,0,0,0,0,0,0,"- ","- ",,,VENTURA,"SIMI VALLEY",-118.77732849121094,34.26446533203125
8282071,2017,2017-02-28,5600,2017-01-06,1517,3942,6020,5,5,3,5602,0,0,0,,0,06B,"MAIN ST","MOUNTAIN VIEW ST",0.00,,Y,A,-,N,,,,,,,,,,N,2,0,1,2,A,-,10,21950,A,N,G,B,B,A,H,-,A,D,0,Y,,,,Y,,A,01,1,0,0,0,1,0,0,0,0,"- ","- ",,,VENTURA,FILLMORE,-118.90869013,34.399770070000002
8294071,2016,2017-01-31,5605,2016-12-24,0251,163,CITY,6,5,3,5605,0,0,0,,0,004,"SOUTH VENTURA RD","EAST SURFSIDE DR",75.00,S,N,B,-,N,,,,,,,,,,Y,2,0,1,1,A,-,01,23152,B,N,E,I,A,A,H,-,C,A,0,,,,,Y,Y,A,07,1,0,0,0,0,0,0,0,0,"- ","- ",,,VENTURA,"PORT HUENEME",-119.19555,34.143520000000002
8297886,2017,2017-02-15,5600,2017-01-19,0733,5234,9080,4,5,6,5607,0,0,0,,0,09H,"LYNN RD","PORTOFINO PL",538.00,N,N,B,-,N,,,,,,,,,,Y,2,0,1,1,A,-,08,22107,,N,E,I,A,B,H,-,A,D,0,,,,,Y,,A,07,1,0,0,0,0,0,0,0,0,"- ","- ",,,VENTURA,"THOUSAND OAKS",-118.8904936,34.197115359999998
8300299,2017,2017-02-06,5608,2017-01-20,1757,491,,5,5,6,5608,0,0,0,,0,003,"CITRUS DR","PAJARO AV",81.00,E,N,A,-,N,,,,,,,,,,N,2,0,1,2,A,-,11,21954,A,N,G,B,D,B,H,-,C,D,0,Y,,,,Y,,N,60,1,0,0,0,1,0,0,0,0,"- ","- ",,,VENTURA,VENTURA,-119.15420938,34.292646070000004
8319841,2017,2017-03-13,5600,2017-02-17,0128,1929,9126,5,5,6,5607,0,0,0,,0,09H,"HILLCREST DR","LAWRENCE DR",630.00,W,N,C,-,N,,,,,,,,,,Y,2,0,1,1,A,-,01,23152,A,N,E,I,A,B,H,-,C,D,0,,,,,Y,Y,A,01,1,0,0,0,0,0,0,0,0,"- ","- ",,,VENTURA,"THOUSAND OAKS",-118.93185837999999,34.18699531
8328973,2017,2017-03-27,5608,2017-03-12,1654,476,,7,5,6,5608,0,0,0,,0,001,"PALM AV","POLI ST",75.00,S,N,A,-,N,,,,,,,,,,Y,2,0,2,2,A,-,01,23153,,N,E,B,-,A,H,-,A,A,0,Y,,,,Y,Y,-,,1,1,0,0,1,0,0,0,0,"- ","- ",,,VENTURA,VENTURA,-119.29619,34.28192413
8340192,2017,2017-04-06,5608,2017-03-30,2001,472,,4,5,6,5608,0,0,0,,0,002,"FRANCES ST","PORTER LN",35.00,S,N,A,-,N,,,,,,,,,,N,2,0,1,1,A,-,17,21200,,N,H,-,A,A,H,-,C,D,0,,Y,,,Y,Y,L,04,1,0,0,0,0,0,1,0,0,"- ","- ",,,VENTURA,VENTURA,-119.25856973,34.271375419999998
8344514,2017,2017-04-17,5600,2017-03-20,1431,4734,1000,1,5,2,5603,0,0,0,,0,1A01,"NORTH VENTURA AV","EDISON POLE #4157991E",0.00,,N,A,-,N,,,,,,,,,,Y,2,0,1,1,A,-,08,22107,,N,E,I,A,A,H,-,A,D,0,,,,,Y,,A,07,1,0,0,0,0,0,0,0,0,"- ","- ",34.43177,-119.26981000000001,VENTURA,OJAI,,
8354001,2017,2017-05-03,5600,2017-04-02,1606,4753,1006,7,5,2,5603,0,0,0,,0,1B01,"MATILIJA ST","SIGNAL ST",0.00,,Y,A,-,N,,,,,,,,,,Y,2,0,1,3,A,-,13,22515,A,N,B,E,A,A,H,-,A,D,0,,,,,Y,,A,01,1,0,0,0,0,0,0,0,0,"- ","- ",34.448650000000001,-119.24547,VENTURA,OJAI,-119.24598996,34.448750050000001
8364831,2017,2017-05-10,5600,2017-04-25,0815,4703,8130,2,5,5,5601,0,0,0,,0,08C,"LAS POSAS RD","LOMA DR",283.00,W,N,A,-,N,,,,,,,,,,Y,2,0,1,2,A,-,01,23152,E,N,E,I,A,A,H,-,A,A,0,,,,,Y,,A,07,1,0,0,0,0,0,0,0,0,"- ","- ",34.14799,-119.01524999999999,VENTURA,CAMARILLO,-119.02961931,34.238857160000002
8380063,2017,2017-06-14,5600,2017-04-29,2123,4550,9114,6,5,6,5607,0,0,0,,0,09C,"BORCHARD RD","WENDY DR",258.00,W,N,A,-,N,,,,,,,,,,Y,2,0,1,2,A,-,01,23152,A,N,B,C,A,A,H,-,D,D,0,,,Y,,Y,Y,C,02,1,0,0,0,0,0,0,0,1,"- ","- ",,,VENTURA,"THOUSAND OAKS",-118.94494893,34.179575239999998
8389531,2017,2017-06-16,5608,2017-06-05,1203,423,,1,5,6,5608,0,0,0,,0,003,"MILLS RD","N MAIN ST",494.00,N,N,A,-,N,,,,,,,,,,N,2,0,1,2,A,-,10,21952,,N,G,B,B,A,H,-,A,D,0,Y,,,,Y,,-,,1,0,0,0,1,0,0,0,0,"- ","- ",,,VENTURA,VENTURA,-119.24626445,34.26639308
8401228,2016,2018-05-02,5604,2016-07-30,1427,5311,,6,5,6,5604,0,0,0,,0,032,"SAVIERS RD","ELM ST",0.00,,Y,A,-,N,,,,,,,,,,Y,2,0,1,2,A,-,12,21453,A,N,D,C,A,A,H,-,A,A,0,,,,,Y,,A,07,1,0,0,0,0,0,0,0,0,"- ","- ",34.183149999999998,-119.1772,VENTURA,OXNARD,-119.17755006,34.182800010000001
8401331,2016,2018-05-03,5604,2016-09-24,1838,5471,,6,5,6,5604,0,0,0,,0,032,"OLDS RD","E CHANNEL ISLANDS BL",50.00,S,N,A,-,N,,,,,,,,,,Y,2,0,1,2,A,-,01,23152,A,N,A,E,A,A,H,-,A,D,0,,,,,Y,Y,D,22,1,0,0,0,0,0,0,0,0,"- ","- ",34.173209999999997,-119.15119,VENTURA,OXNARD,-119.15121000000001,34.173112770000003
8404783,2018,2020-05-22,5600,2018-02-12,1659,1929,9160,1,5,6,5607,0,0,0,,0,09D,"THOUSAND OAKS BL","MARMON AV",0.00,,Y,A,-,N,,,,,,,,,,Y,1,1,0,2,A,-,12,21453,A,N,H,C,A,A,H,-,A,A,0,,,Y,,Y,,C,02,0,0,0,0,0,0,0,1,0,"- ","- ",,,VENTURA,"THOUSAND OAKS",-118.82901000976562,34.164100646972656
8404891,2017,2018-06-20,5609,2017-01-10,0652,310,512,2,5,6,5609,0,0,0,,0,005,"TAPO ST","EILEEN ST",32.00,N,N,B,-,N,,,,,,,,,,Y,2,0,1,2,C,-,18,,,N,E,I,A,A,H,-,B,D,0,,,,,Y,,-,"- ",1,0,0,0,0,0,0,0,0,"- ","- ",,,VENTURA,"SIMI VALLEY",-118.70895052,34.275517790000002
8409053,2017,2017-07-26,5600,2017-05-23,0644,2203,9116,2,5,6,5607,0,0,0,,0,9C01,"POTRERO RD","WENDY DR",2920.00,E,N,A,-,N,,,,,,,,,,N,2,0,1,2,A,-,06,21750,A,F,B,G,A,A,H,-,A,D,0,,Y,,,Y,,L,04,1,0,0,0,0,0,1,0,0,"- ","- ",,,VENTURA,"THOUSAND OAKS",-118.94090944,34.155533519999999
8426774,2017,2017-08-10,5606,2017-04-05,2129,1115,5606,3,5,4,5606,0,0,0,,0,001,"PECK RD","MAIN ST",0.00,,Y,A,-,N,,,,,,,,,,Y,2,0,1,2,A,-,09,21801,A,N,D,C,A,A,H,-,C,A,0,,,Y,,Y,,A,01,1,0,0,0,0,0,0,0,0,"- ","- ",,,VENTURA,"SANTA PAULA",-119.08526003999999,34.340530049999998
84354771,2024,2024-08-15,5609,2024-07-07,"22  ",5047,,7,5,6,5609,0,0,0,,0,004,"ALAMO ST","GAGE AVE",488.00,W,N,A,-,N,,,,,,,,,,Y,2,0,1,1,A,-,01,23152,A,N,E,I,A,A,H,-,C,D,0,,,,,Y,Y,A,01,1,0,0,0,0,0,0,0,0,"- ","- ",34.286411285400391,-118.75369262695312,VENTURA,"SIMI VALLEY",-118.75536346435547,34.286231994628906
84366779,2024,2024-08-23,5600,2024-08-13,1537,5150,,2,5,6,5607,0,0,0,,0,9D01,"THOUSAND OAKS BL","PIERCE ARROW AV",0.00,,Y,A,-,N,,,,,,,,,,Y,2,0,1,2,A,-,09,21801,A,N,H,C,A,A,H,-,A,A,0,,,Y,,Y,,A,07,1,0,0,0,0,0,0,0,1,"- ","- ",34.159019470214844,-118.82996368408203,VENTURA,"THOUSAND OAKS",-118.82575225830078,34.16241455078125
84376252,2024,2024-08-30,5600,2024-08-25,1818,5567,,7,5,6,5607,0,0,0,,0,9G01,"THOUSAND OAKS BL","BAKER AV",0.00,,Y,A,-,N,,,,,,,,,,Y,2,0,1,1,A,-,07,21658,A,N,E,I,A,A,H,-,A,A,0,,,,,Y,,A,07,1,0,0,0,0,0,0,0,0,"- ","- ",34.179180145263672,-118.87412261962891,VENTURA,"THOUSAND OAKS",-118.87400054931641,34.179237365722656
84394107,2024,2024-09-16,5609,2024-08-25,"56  ",5050,,7,5,6,5609,0,0,0,,0,005,"ROYAL AVE","TAPO CANYON RD",0.00,E,Y,A,-,N,,,,,,,,,,Y,2,0,1,1,A,-,01,23152,A,N,E,I,A,A,H,-,C,D,0,,,,,Y,Y,A,01,1,0,0,0,0,0,0,0,0,"- ","- ",34.267978668212891,-118.71662902832031,VENTURA,"SIMI VALLEY",-118.71656036376953,34.268047332763672