CASE_ID,ACCIDENT_YEAR,PROC_DATE,JURIS,COLLISION_DATE,COLLISION_TIME,OFFICER_ID,REPORTING_DISTRICT,DAY_OF_WEEK,CHP_SHIFT,POPULATION,CNTY_CITY_LOC,SPECIAL_COND,BEAT_TYPE,CHP_BEAT_TYPE,CITY_DIVISION_LAPD,CHP_BEAT_CLASS,BEAT_NUMBER,PRIMARY_RD,SECONDARY_RD,DISTANCE,DIRECTION,INTERSECTION,WEATHER_1,WEATHER_2,STATE_HWY_IND,CALTRANS_COUNTY,CALTRANS_DISTRICT,STATE_ROUTE,ROUTE_SUFFIX,POSTMILE_PREFIX,POSTMILE,LOCATION_TYPE,RAMP_INTERSECTION,SIDE_OF_HWY,TOW_AWAY,COLLISION_SEVERITY,NUMBER_KILLED,NUMBER_INJURED,PARTY_COUNT,PRIMARY_COLL_FACTOR,PCF_CODE_OF_VIOL,PCF_VIOL_CATEGORY,PCF_VIOLATION,PCF_VIOL_SUBSECTION,HIT_AND_RUN,TYPE_OF_COLLISION,MVIW,PED_ACTION,ROAD_SURFACE,ROAD_COND_1,ROAD_COND_2,LIGHTING,CONTROL_DEVICE,CHP_ROAD_TYPE,PEDESTRIAN_ACCIDENT,BICYCLE_ACCIDENT,MOTORCYCLE_ACCIDENT,TRUCK_ACCIDENT,NOT_PRIVATE_PROPERTY,ALCOHOL_INVOLVED,STWD_VEHTYPE_AT_FAULT,CHP_VEHTYPE_AT_FAULT,COUNT_SEVERE_INJ,COUNT_VISIBLE_INJ,COUNT_COMPLAINT_PAIN,COUNT_PED_KILLED,COUNT_PED_INJURED,COUNT_BICYCLIST_KILLED,COUNT_BICYCLIST_INJURED,COUNT_MC_KILLED,COUNT_MC_INJURED,PRIMARY_RAMP,SECONDARY_RAMP,LATITUDE,LONGITUDE,COUNTY,CITY,POINT_X,POINT_Y
8441581,2017,2017-09-18,5600,2017-09-01,1349,5076,9176,5,5,6,5607,0,0,0,,0,09D,"AGOURA RD","STONEYBROOK LN",0.00,,Y,A,-,N,,,,,,,,,,Y,2,0,1,2,A,-,09,21801,A,N,H,C,A,A,H,-,A,A,0,,,Y,,Y,,A,01,1,0,0,0,0,0,0,0,1,"- ","- ",,,VENTURA,"THOUSAND OAKS",-118.82238005000001,34.149260050000002
84432522,2024,2024-10-16,5600,2024-10-11,2014,5244,,5,5,6,5607,0,0,0,,0,9G01,"THOUSAND OAKS BL","CONEJO SCHOOL RD",170.00,E,N,A,-,N,,,,,,,,,,N,2,0,1,2,A,-,11,21954,A,N,G,B,D,A,H,-,C,D,0,Y,,,,Y,Y,N,60,1,0,0,0,1,0,0,0,0,"- ","- ",34.174560546875,-118.84481811523438,VENTURA,"THOUSAND OAKS",-118.84427642822266,34.174392700195312
84444968,2024,2024-10-25,5600,2024-10-11,1223,5573,,5,5,4,5690,0,0,0,,0,,"MOORPARK AV","LOS ANGELES AV",0.00,,Y,A,-,Y,VEN,,23," ",R,12.901,H,,R,Y,2,0,2,2,A,-,09,21804,A,N,D,C,A,A,H,-,A,D,0,,,,,Y,,A,01,1,0,1,0,0,0,0,0,0,"- ","- ",34.2789306640625,-118.88210296630859,VENTURA,MOORPARK,-118.88211059570312,34.278938293457031
84457806,2024,2024-11-05,5600,2024-10-28,"629 ",5780,,1,5,6,5607,0,0,0,,0,9H01,"LYNN RD","US-101 FREEWAY NORTHBOUND OFF RAMP",0.00,,Y,A,-,Y,,,,,,,,,,Y,2,0,1,2,A,-,12,21453,A,N,D,C,A,A,H,-,C,A,0,,,,,Y,,-,"- ",1,0,0,0,0,0,0,0,0,"- ","- ",,,VENTURA,"THOUSAND OAKS",,
84474590,2024,2024-11-25,5600,2024-09-06,1406,4973,,5,5,5,5601,0,0,0,,0,8D01,"SANTA ROSA RD","ADOLFO RD",0.00,,Y,A,-,N,,,,,,,,,,Y,1,1,0,2,A,-,09,21453,C,N,H,G,A,A,H,-,A,A,0,,Y,,,Y,,M,91,0,0,0,0,0,1,0,0,0,"- ","- ",34.216159820556641,-119.00840759277344,VENTURA,CAMARILLO,-119.00514984130859,34.218280792236328
84483445,2024,2024-11-27,5600,2024-10-28,1849,4965,,1,5,5,5601,0,0,0,,0,8C01,"LAS POSAS RD","TEMPLE AV",0.00,,Y,-,-,N,,,,,,,,,,Y,2,0,1,2,A,-,14,21201,D,N,H,G,A,A,H,-,C,A,0,,Y,,,Y,,L,04,1,0,0,0,0,0,1,0,0,"- ","- ",34.237758636474609,-119.03370666503906,VENTURA,CAMARILLO,-119.03379821777344,34.23785400390625
8448520,2017,2017-09-20,5600,2017-09-04,2154,4785,8021,1,5,5,5601,0,0,0,,0,8B1,"CARMEN DR","LAS POSAS RD",415.00,S,N,A,-,N,,,,,,,,,,Y,2,0,1,1,A,-,05,21651,A,N,E,I,A,A,H,-,C,D,0,,,,,Y,,A,01,1,0,0,0,0,0,0,0,0,"- ","- ",34.232640000000004,-119.05146000000001,VENTURA,CAMARILLO,-119.05166289,34.232391589999999
84509465,2024,2024-12-19,5600,2024-11-27,2331,5854,,3,5,6,5607,0,0,0,,0,9D01,"WESTLAKE BL","SANTIAGO ST",707.00,S,N,A,-,N,,,,,,,,,,Y,2,0,1,1,A,-,01,23152,A,N,E,I,A,A,H,-,D,D,0,,,,,Y,Y,A,01,1,0,0,0,0,0,0,0,0,"- ","- ",34.168289184570312,-118.82160186767578,VENTURA,"THOUSAND OAKS",-118.82254791259766,34.166545867919922
84517457,2024,2024-12-27,5609,2024-12-20,1232,5004,,5,5,6,5609,0,0,0,,0,,"KUEHNER DR","CHARING ST",0.00,,Y,A,-,N,,,,,,,,,,N,2,0,1,2,A,-,09,21801,A,N,D,G,A,A,H,-,A,A,0,,Y,,,Y,,A,07,1,0,0,0,0,0,1,0,0,"- ","- ",34.269798278808594,-118.66201782226562,VENTURA,"SIMI VALLEY",-118.66204833984375,34.269874572753906
8454922,2017,2018-06-12,5600,2017-08-19,0517,4703,8153,6,5,5,5601,0,0,0,,0,08B,"RT 34","DAWSON DR",0.00,,Y,B,-,Y,VEN,7,34,-,R,13.170,H,-,W,N,2,0,1,1,D,-,00,,,N,H,-,A,A,H,-,C,A,0,,Y,,,Y,,-,"- ",1,0,0,0,0,0,1,0,0,"- ","- ",34.210599999999999,-119.0359,VENTURA,CAMARILLO,-119.03590102,34.210963909999997
84549423,2024,2025-01-27,5600,2024-11-15,1300,5635,,5,5,3,5602,0,0,0,,0,6B01,"A ST","SANTA CLARA ST",0.00,,Y,F,-,N,,,,,,,,,,N,2,0,1,2,A,-,10,21950,A,N,G,B,B,A,H,-,A,D,0,Y,,,,Y,,D,22,1,0,0,0,1,0,0,0,0,"- ","- ",34.397598266601562,-118.91802978515625,VENTURA,FILLMORE,-118.91806030273438,34.397586822509766
84551735,2025,2025-01-28,5600,2025-01-09,1848,5780,,4,5,6,5607,0,0,0,,0,9G01,"THOUSAND OAKS BL","CLAY CT",114.00,W,N,A,-,N,,,,,,,,,,N,2,0,1,2,A,-,10,21950,C,N,G,B,B,A,H,-,C,D,0,Y,,,,Y,,A,07,1,0,0,0,1,0,0,0,0,"- ","- ",34.180728912353516,-118.85353088378906,VENTURA,"THOUSAND OAKS",-118.86493682861328,34.179340362548828
84588719,2025,2025-02-27,5600,2025-01-05,1333,5256,,7,5,5,5601,0,0,0,,0,8A01,"CENTRAL AVE","WEST DAILY DRIVE",15.00,N,N,A,-,N,,,,,,,,,,Y,2,0,2,2,A,-,01,23152,B,N,B,C,A,A,H,-,A,D,0,,,,,Y,Y,A,01,1,1,0,0,0,0,0,0,0,"- ","- ",34.222789764404297,-119.10228729248047,VENTURA,CAMARILLO,-119.10226440429688,34.222736358642578
84592384,2025,2025-02-28,5600,2025-02-24,1704,3147,,1,5,6,5607,0,0,0,,0,9A01,"LYNN RD","JANSS RD",32.00,S,N,A,-,N,,,,,,,,,,N,2,0,1,2,A,-,06,21750,,N,C,G,A,A,H,-,A,A,0,,Y,,,Y,,L,04,1,0,0,0,0,0,1,0,0,"- ","- ",34.206100463867188,-118.88638305664062,VENTURA,"THOUSAND OAKS",-118.8865966796875,34.206016540527344
84598007,2025,2025-03-06,5609,2025-03-04,1544,5023,,2,5,6,5609,0,0,0,,0,003,"LOS ANGELES AVE","DONVILLE AVE",0.00,,Y,A,-,N,,,,,,,,,,N,2,0,1,2,A,-,10,21950,A,N,G,B,B,A,H,-,A,A,0,Y,,,,Y,,D,22,1,0,0,0,1,0,0,0,0,"- ","- ",34.271770477294922,-118.76844787597656,VENTURA,"SIMI VALLEY",-118.76853942871094,34.27166748046875
8461210,2017,2017-11-22,5609,2017-09-20,0545,452,,3,5,6,5609,0,0,0,,0,001,"COCHRAN ST","CALLAHAN AV",622.00,E,N,A,-,N,,,,,,,,,,N,2,0,1,2,A,-,09,21804,A,N,D,G,A,A,H,-,C,D,0,,Y,,,Y,,D,22,1,0,0,0,0,0,1,0,0,"- ","- ",34.279040000000002,-118.76776,VENTURA,"SIMI VALLEY",-118.76585414,34.279020000000003
8464411,2017,2017-11-01,5600,2017-10-02,1104,23040,,1,5,5,5601,0,0,0,,0,,"CAMARILLO ST","CHANNEL ISLANDS DR",0.00,,Y,A,-,N,,,,,,,,,,Y,2,0,2,4,A,-,03,22350,,N,E,J,A,A,H,-,A,A,0,,,,,Y,,A,07,2,0,0,0,0,0,0,0,0,"- ","- ",,,VENTURA,CAMARILLO,-119.04052002,34.171820089999997
84652671,2025,2025-04-17,5600,2025-04-03,1848,5525,,4,5,5,5601,0,0,0,,0,8A01,"ROSEWOOD AV","PONDEROSA DR",57.00,N,N,A,-,N,,,,,,,,,,N,2,0,1,2,A,-,01,21200,5,N,H,E,A,A,H,-,A,D,0,,Y,,,Y,Y,L,04,1,0,0,0,0,0,1,0,0,"- ","- ",34.223560333251953,-119.06150054931641,VENTURA,CAMARILLO,-119.06149291992188,34.223686218261719
8465331,2017,2019-06-06,5604,2017-11-01,0425,4755,5604,3,5,6,5604,0,0,0,,0,021,"HARBOR BL","WOOLEY RD",413.00,S,N,A,-,N,,,,,,,,,,Y,1,3,3,1,A,-,03,22350,,N,A,I,A,A,H,-,C,D,0,,,,,Y,,-,,3,0,0,0,0,0,0,0,0,"- ","- ",,,VENTURA,OXNARD,-119.23817022999999,34.189472530000003
84655587,2025,2025-04-21,5609,2025-04-16,1450,5023,,3,5,6,5609,0,0,0,,0,002,"MELLOW LN","POLE #SV05748",99.00,W,N,B,-,N,,,,,,,,,,Y,2,0,1,3,C,-,18,,,N,B,E,A,A,H,-,A,D,0,,,,,Y,,-,"- ",1,0,0,0,0,0,0,0,0,"- ","- ",,,VENTURA,"SIMI VALLEY",,
8465880,2019,2019-07-02,5600,2019-03-16,2354,2203,9010,6,5,6,5607,0,0,0,,0,9A01,"ERBES RD","WESTLAND AV",158.00,S,N,A,-,N,,,,,,,,,,Y,1,1,1,1,A,-,01,23153,B,N,E,I,A,A,H,-,D,D,0,,,,,Y,Y,A,01,1,0,0,0,0,0,0,0,0,"- ","- ",,,VENTURA,"THOUSAND OAKS",-118.83910369873047,34.228984832763672
84686438,2025,2025-05-14,5609,2025-05-10,2034,5004,,6,5,6,5609,0,0,0,,0,004,"SYCAMORE DR","ALAMO ST",0.00,,Y,A,-,N,,,,,,,,,,Y,2,0,2,2,A,-,09,21801,A,N,D,C,A,A,H,-,C,A,0,,,,,Y,,A,07,1,1,0,0,0,0,0,0,0,"- ","- ",34.285881042480469,-118.74350738525391,VENTURA,"SIMI VALLEY",-118.74380493164062,34.286327362060547
84688157,2025,2025-05-15,5600,2025-05-10,"619 ",5640,,6,5,5,5601,0,0,0,,0,8D01,"SANTA ROSA RD","101 FW (N)",47.00,W,N,A,-,N,,,,,,,,,,Y,2,0,1,1,B,-,22,,,N,E,I,A,A,H,-,A,A,0,,,,,Y,Y,A,01,1,0,0,0,0,0,0,0,0,"- ","- ",34.213798522949219,-119.00773620605469,VENTURA,CAMARILLO,,
84724448,2025,2025-06-13,5609,2025-05-23,1519,5023,,5,5,6,5609,0,0,0,,0,003,"ROYAL AVE","HAVEN AVE",174.00,W,N,A,-,N,,,,,,,,,,Y,1,1,0,1,A,-,03,22350,,N,E,I,A,A,H,-,A,D,0,,,Y,,Y,,C,02,0,0,0,0,0,0,0,1,0,"- ","- ",34.260490417480469,-118.75620269775391,VENTURA,"SIMI VALLEY",-118.75682067871094,34.260848999023438
84726445,2025,2025-06-16,5600,2025-06-11,1246,5251,,3,5,6,5607,0,0,0,,0,9A01,"MOORPARK RD","CAMINO DOS PALOS",324.00,S,N,A,-,N,,,,,,,,,,N,2,0,1,1,A,-,03,22350,,N,E,J,A,A,H,-,A,A,0,,Y,,,Y,,L,04,1,0,0,0,0,0,1,0,0,"- ","- ",34.219409942626953,-118.87165832519531,VENTURA,"THOUSAND OAKS",-118.86841583251953,34.221691131591797
84738506,2025,2025-06-25,5600,2025-06-15,1208,5016,,7,5,4,5690,0,0,0,,0,2A01,"SR 118 (LOS ANGELES AVENUE)","TIERRA REJADA RD",63.00,W,N,A,-,Y,,,,,,,,,,Y,2,0,3,5,A,-,03,22350,,N,C,C,A,A,H,-,A,A,0,,,,,Y,,A,07,1,2,0,0,0,0,0,0,0,"- ","- ",,,VENTURA,MOORPARK,-118.90110015869141,34.278911590576172
8477570,2017,2017-11-09,5600,2017-10-08,1050,4897,8130,7,5,5,5601,0,0,0,,0,08C,"LAS POSAS RD","LOOP DR",148.00,E,N,A,-,N,,,,,,,,,,Y,2,0,1,1,A,-,08,22107,,N,E,I,A,A,H,-,A,A,0,,,,,Y,,A,01,1,0,0,0,0,0,0,0,0,"- ","- ",34.239739999999998,-119.02607999999999,VENTURA,CAMARILLO,-119.04107994,34.236052010000002
8479239,2017,2017-10-27,5600,2017-10-14,0947,3364,9002,6,5,6,5607,0,0,0,,0,09A,"MOORPARK RD","OLSEN RD",525.00,N,N,A,-,N,,,,,,,,,,N,2,0,1,2,A,-,05,21460,C,N,H,A,A,A,H,-,A,D,0,,,Y,,Y,,A,07,1,0,0,0,0,0,0,0,1,"- ","- ",,,VENTURA,"THOUSAND OAKS",-118.87087268000001,34.228786470000003
84794519,2025,2025-09-05,5600,2025-05-25,2220,5150,,7,5,6,5607,0,0,0,,0,9B01,"ERBES RD","TUBBS ST",1001.00,N,N,A,-,N,,,,,,,,,,Y,1,1,0,1,A,-,01,23152,A,N,E,I,A,A,H,-,C,C,0,,,Y,,Y,Y,C,02,0,0,0,0,0,0,0,1,0,"- ","- ",34.189361572265625,-118.84607696533203,VENTURA,"THOUSAND OAKS",-118.84420013427734,34.191486358642578
8482684,2017,2018-06-08,5608,2017-11-01,1614,378,,3,5,6,5608,0,0,0,,0,004,"VALENTINE RD","RT 101",242.00,W,N,A,-,N,,,,,,,,,,N,2,0,1,2,A,-,05,21650,1,N,D,G,A,A,-,-,A,D,0,,Y,,,Y,,L,04,1,0,0,0,0,0,1,0,0,"- ",SF,,,VENTURA,VENTURA,-119.2310518,34.261441740000002
8484291,2017,2017-11-17,5608,2017-11-02,2142,430,,4,5,6,5608,0,0,0,,0,002,"EMPIRE AV","PREBLE AV",34.00,N,N,A,-,N,,,,,,,,,,N,2,0,1,1,A,-,03,22350,,N,H,A,A,A,H,-,C,D,0,,,,,Y,,-,,1,0,0,0,0,0,0,0,0,"- ","- ",,,VENTURA,VENTURA,-119.24900232,34.26403045
8488713,2017,2017-12-20,5609,2017-11-04,0203,451,,6,5,6,5609,0,0,0,,0,001,"EASY ST","MADERA RD",1000.00,W,N,A,-,N,,,,,,,,,,Y,2,0,3,2,A,-,01,23152,A,N,D,C,A,A,H,-,C,A,0,,,,,Y,Y,A,01,2,0,1,0,0,0,0,0,0,"- ","- ",,,VENTURA,"SIMI VALLEY",-118.79964286000001,34.27888643
8493320,2017,2018-06-14,5600,2017-10-19,1015,4825,6015,4,5,3,5602,0,0,0,,0,06B,"RT 126","CENTRAL AV",13.00,E,N,A,-,Y,VEN,7,126,-,-,21.411,I,5,E,N,2,0,1,2,A,-,10,21950,A,N,G,B,B,A,H,-,A,A,0,Y,,,,Y,,A,01,1,0,0,0,1,0,0,0,0,"- ","- ",,,VENTURA,FILLMORE,-118.91301262,34.396796690000002
8513493,2018,2018-02-15,5608,2018-01-01,1801,492,,1,5,6,5608,0,0,0,,0,001,"E MAIN ST","RAEMERE ST",0.00,,-,B,-,N,,,,,,,,,,Y,2,0,1,2,A,-,10,21950,,N,G,B,B,A,H,-,C,A,0,Y,,,,Y,,-,,1,0,0,0,1,0,0,0,0,"- ","- ",34.280899047851562,-119.285400390625,VENTURA,VENTURA,,
8525537,2017,2018-01-11,5600,2017-12-02,1840,2833,9114,6,5,6,5607,0,0,0,,0,09C,"BORCHARD RD","WENDY DR",4.00,W,N,A,-,N,,,,,,,,,,Y,2,0,1,2,A,-,11,21954,A,N,G,B,B,A,H,-,C,A,0,Y,,,,Y,,N,60,1,0,0,0,1,0,0,0,0,"- ","- ",,,VENTURA,"THOUSAND OAKS",-118.94416234000001,34.179333909999997
8530457,2017,2018-01-19,5600,2017-12-16,1514,4615,8104,6,5,5,5601,0,0,0,,0,08B,"CARMEN DR","DAILY DR",8.00,N,N,A,-,N,,,,,,,,,,N,2,0,1,2,A,-,05,21650,,N,D,G,A,A,H,-,A,A,0,,Y,,,Y,,L,04,1,0,0,0,0,0,1,0,0,"- ","- ",34.219380000000001,-119.05092999999999,VENTURA,CAMARILLO,-119.05075805,34.219281899999999
8531333,2016,2018-04-24,5604,2016-10-28,2349,5392,,5,5,6,5604,0,0,0,,0,032,"OXNARD BL","DATE ST",390.00,S,N,A,-,N,,,,,,,,,,N,2,0,1,2,A,-,11,21954,A,N,A,B,D,A,H,-,C,D,0,Y,,,,Y,Y,N,60,1,0,0,0,1,0,0,0,0,"- ","- ",34.189230000000002,-119.1696,VENTURA,OXNARD,-119.16953423,34.183556179999997
8531335,2017,2018-06-14,5609,2017-12-29,2124,437,,5,5,6,5609,0,0,0,,0,001,"1ST ST","RT 118",0.00,,Y,A,-,Y,VEN,7,118,-,R,24.028,R,4,W,Y,2,0,1,3,A,-,12,21453,A,N,D,C,A,A,H,-,C,A,0,,,,,Y,,A,01,1,0,0,0,0,0,0,0,0,"- ","- ",,,VENTURA,"SIMI VALLEY",-118.77527444,34.282420299999998
8531358,2016,2018-04-26,5604,2016-10-05,1052,4591,,3,5,6,5604,0,0,0,,0,041,"ROSE AV","GARY DR",0.00,,Y,A,-,N,,,,,,,,,,Y,2,0,1,2,A,-,09,21802,A,N,D,C,A,-,H,-,A,A,0,,,,,Y,,-,,1,0,0,0,0,0,0,0,0,"- ","- ",,,VENTURA,OXNARD,-119.15964,34.167970109999999
8539196,2018,2018-01-30,5600,2018-01-12,1822,4615,8021,5,5,5,5601,0,0,0,,0,08B,"PONDEROSA DR","LANTANA ST",0.00,,Y,A,-,N,,,,,,,,,,Y,2,0,1,2,A,-,12,22450,A,N,D,C,A,A,H,-,C,A,0,,,Y,,Y,,A,01,1,0,0,0,0,0,0,0,1,"- ","- ",34.223518371582031,-119.05496215820312,VENTURA,CAMARILLO,-119.05496215820312,34.223621368408203
8541124,2018,2018-02-02,5608,2018-01-11,1015,403,,4,5,6,5608,0,0,0,,0,002,"SEAWARD AV","ALESSANDRO DR",39.00,S,N,A,-,N,,,,,,,,,,Y,2,0,1,2,A,-,03,22350,,N,C,C,A,A,H,-,A,A,0,,,,,Y,,-,,1,0,0,0,0,0,0,0,0,"- ","- ",,,VENTURA,VENTURA,-119.26831817626953,34.266124725341797
8554680,2016,2018-04-30,5604,2016-01-04,1950,5311,,1,5,6,5604,0,0,0,,0,022,"5TH ST","F ST",0.00,,Y,B,-,N,,,,,,,,,,N,2,0,1,2,A,-,11,21954,A,N,B,B,E,A,H,-,C,D,0,Y,,,,Y,Y,N,60,1,0,0,0,1,0,0,0,0,"- ","- ",34.197719999999997,-119.18514,VENTURA,OXNARD,-119.18514012999999,34.197730120000003
8554779,2016,2018-04-23,5604,2016-02-17,1805,4751,,3,5,6,5604,0,0,0,,0,022,"K ST","5TH ST",0.00,,Y,C,-,N,,,,,,,,,,N,2,0,1,2,A,-,11,21461,5,N,G,B,B,B,H,-,C,A,0,Y,,,,Y,,N,60,1,0,0,0,1,0,0,0,0,"- ","- ",34.197769999999998,-119.19168000000001,VENTURA,OXNARD,-119.19168012,34.197850090000003
8554817,2016,2018-04-23,5604,2016-11-13,1611,5418,,7,5,6,5604,0,0,0,,0,024,"WOOLEY RD","I ST",0.00,,Y,A,-,N,,,,,,,,,,Y,2,0,1,2,A,-,09,21802,A,N,B,C,A,A,H,-,A,D,0,,,Y,,Y,,C,02,1,0,0,0,0,0,0,0,1,"- ","- ",34.189990000000002,-119.18841999999999,VENTURA,OXNARD,-119.1884201,34.190030040000003
8554827,2016,2018-04-24,5604,2016-08-03,2110,5317,,3,5,6,5604,0,0,0,,0,024,"CHANNEL ISLANDS BL","MANZANITA DR",0.00,,Y,A,-,N,,,,,,,,,,Y,2,0,2,2,A,-,09,21801,A,N,D,C,A,A,H,-,C,D,0,,,Y,,Y,,A,01,1,0,1,0,0,0,0,0,1,"- ","- ",,,VENTURA,OXNARD,-119.19225007999999,34.175640119999997
8554844,2016,2018-04-25,5604,2016-08-14,1545,5311,,7,5,6,5604,0,0,0,,0,021,"SEABREEZE WY","HARBOR BL",0.00,,Y,A,-,N,,,,,,,,,,Y,2,0,2,2,A,-,08,22107,,N,D,C,A,A,H,-,A,D,0,,,Y,,Y,,A,07,1,1,0,0,0,0,0,0,0,"- ","- ",34.19314,-119.24016,VENTURA,OXNARD,-119.2401899,34.193160020000001
8554922,2016,2018-04-24,5604,2016-11-21,0958,4591,,1,5,6,5604,0,0,0,,0,014,"GONZALES RD","WILLIAMS DR",31.00,E,N,A,-,N,,,,,,,,,,Y,2,0,3,2,A,-,01,23152,A,N,C,C,A,A,H,-,A,A,0,,,,,Y,,-,,2,0,1,0,0,0,0,0,0,"- ","- ",,,VENTURA,OXNARD,-119.15381757999999,34.218940000000003
8554949,2016,2018-04-25,5604,2016-11-01,0150,5475,,2,5,6,5604,0,0,0,,0,031,"ROSE AV","CAMINO DEL SOL",0.00,,Y,A,-,N,,,,,,,,,,Y,2,0,4,2,A,-,12,21453,A,N,D,C,A,A,H,-,C,A,0,,,,,Y,,A,01,1,0,3,0,0,0,0,0,0,"- ","- ",34.206330000000001,-119.15967000000001,VENTURA,OXNARD,-119.15969014,34.206350069999999
8557715,2016,2018-05-03,5604,2016-07-03,1519,4942,,7,5,6,5604,0,0,0,,0,032,"EAST 5TH ST","META ST",200.00,E,N,A,-,N,,,,,,,,,,Y,2,0,1,1,A,-,01,23152,A,N,A,I,A,A,H,-,A,D,0,,,,,Y,Y,A,01,1,0,0,0,0,0,0,0,0,"- ","- ",,,VENTURA,OXNARD,-119.17530965,34.197645989999998
8557753,2016,2018-05-24,5604,2016-07-31,1510,5181,,7,5,6,5604,0,0,0,,0,022,"ONTARIO ST","WOOLEY RD",5.00,N,N,A,-,N,,,,,,,,,,N,2,0,1,2,A,-,05,21650,1,N,A,G,A,A,H,-,A,A,0,,Y,,,Y,,L,04,1,0,0,0,0,0,1,0,0,"- ","- ",34.19032,-119.19511,VENTURA,OXNARD,-119.19617965,34.190373719999997
8571127,2016,2018-05-04,5604,2016-04-13,1801,5274,,3,5,6,5604,0,0,0,,0,014,GONZALEZ,"C ST",40.00,E,N,A,-,N,,,,,,,,,,Y,2,0,2,3,A,-,03,22350,,N,C,C,A,A,H,-,A,A,0,,,,,Y,,A,01,1,0,1,0,0,0,0,0,0,"- ","- ",34.219090000000001,-119.18084,VENTURA,OXNARD,-119.18070795,34.219194479999999
8571239,2016,2018-05-10,5604,2016-06-23,2115,4691,,4,5,6,5604,0,0,0,,0,011,"RODERICK AV","H ST",0.00,,Y,B,-,N,,,,,,,,,,Y,2,0,3,2,A,-,01,23153,A,N,A,C,A,-,H,-,D,A,0,,,,,Y,Y,A,01,1,2,0,0,0,0,0,0,0,"- ","- ",34.209820000000001,-119.188,VENTURA,OXNARD,-119.1880101,34.209840120000003
8571261,2016,2018-05-02,5604,2016-07-04,1830,5471,,1,5,6,5604,0,0,0,,0,041,"OXNARD BL","CHANNEL ISLANDS BL",1056.00,S,N,A,-,N,,,,,,,,,,Y,2,0,2,1,A,-,08,22107,,N,E,I,A,A,H,-,A,A,0,,,,,Y,,A,08,2,0,0,0,0,0,0,0,0,"- ","- ",34.173209999999997,-119.15903,VENTURA,OXNARD,-119.15383101,34.170917240000001
8597199,2017,2018-04-20,5604,2017-03-06,1732,5378,,1,5,6,5604,0,0,0,,0,011,"GONZALES RD","LOBELIA DR",20.00,W,N,A,-,N,,,,,,,,,,Y,2,0,1,2,A,-,08,22100,B,N,D,G,A,A,H,-,A,D,0,,Y,,,Y,,L,04,1,0,0,0,0,0,1,0,0,"- ","- ",34.219189999999998,-119.19213999999999,VENTURA,OXNARD,-119.19225607,34.219251139999997
8598358,2017,2018-04-18,5604,2017-01-01,0333,5216,,7,5,6,5604,0,0,0,,0,042,"J ST","PLEASANT VALLEY RD",9.00,S,N,A,-,N,,,,,,,,,,Y,2,0,2,1,A,-,01,23152,A,N,E,I,A,A,H,-,C,A,0,,,,,Y,Y,A,01,1,1,0,0,0,0,0,0,0,"- ","- ",,,VENTURA,OXNARD,-119.18611058,34.154755299999998
8598369,2017,2018-04-18,5604,2017-02-10,1835,5471,,5,5,6,5604,0,0,0,,0,022,"5TH ST","VENTURA RD",26.00,W,N,B,C,N,,,,,,,,,,N,2,0,1,2,A,-,10,21950,A,F,G,B,B,B,H,-,C,A,0,Y,,,,Y,,-,99,1,0,0,0,1,0,0,0,0,"- ","- ",34.197670000000002,-119.19473000000001,VENTURA,OXNARD,-119.19496409999999,34.197695549999999
8599947,2017,2018-04-20,5604,2017-10-03,1928,4925,,2,5,6,5604,0,0,0,,0,011,"VICTORIA AV","GUMTREE LN",0.00,,Y,A,-,N,,,,,,,,,,Y,2,0,2,3,A,-,03,22350,,N,C,C,A,A,H,-,C,A,0,,,,,Y,,A,01,1,0,1,0,0,0,0,0,0,"- ","- ",34.224960000000003,-119.22113,VENTURA,OXNARD,-119.221191,34.225020000000001
8600020,2017,2018-04-24,5604,2017-04-25,2247,5401,,2,5,6,5604,0,0,0,,0,032,"CHANNEL ISLANDS BL","DUPONT ST",100.00,S,N,A,-,N,,,,,,,,,,Y,2,0,2,1,A,-,03,22350,,N,E,I,A,A,H,-,C,D,0,,,,,Y,,A,08,1,1,0,0,0,0,0,0,0,"- ","- ",34.173259999999999,-119.15432,VENTURA,OXNARD,-119.15437142,34.173023069999999
8600407,2017,2018-05-02,5604,2017-10-05,0957,4954,,4,5,6,5604,0,0,0,,0,031,"ROSE AV","3RD ST",0.00,,Y,A,-,N,,,,,,,,,,N,2,0,1,2,A,-,12,21453,A,F,D,G,A,A,H,-,A,A,0,,Y,,,Y,,A,01,1,0,0,0,0,0,1,0,0,"- ","- ",,,VENTURA,OXNARD,-119.1598515,34.200449999999996
8600522,2017,2018-05-02,5604,2017-09-14,0232,4721,,4,5,6,5604,0,0,0,,0,021,"VICTORIA AV","VIA PACIFICA WALK",35.00,N,N,A,-,N,,,,,,,,,,Y,2,0,1,1,A,-,01,23152,A,N,F,I,A,A,H,-,C,A,0,,,,,Y,Y,A,01,1,0,0,0,0,0,0,0,0,"- ","- ",34.190359999999998,-119.22123999999999,VENTURA,OXNARD,-119.2212,34.189096069999998
8601323,2017,2018-04-25,5604,2017-03-27,0743,4442,,1,5,6,5604,0,0,0,,0,024,"HEMLOCK ST","BROOKSIDE AV",0.00,,Y,A,-,N,,,,,,,,,,N,2,0,1,2,A,-,10,21950,A,N,G,B,B,A,H,-,A,A,0,Y,,,,Y,,A,07,1,0,0,0,1,0,0,0,0,"- ","- ",34.181229999999999,-119.20665,VENTURA,OXNARD,-119.2066501,34.181220029999999