CASE_ID,ACCIDENT_YEAR,PROC_DATE,JURIS,COLLISION_DATE,COLLISION_TIME,OFFICER_ID,REPORTING_DISTRICT,DAY_OF_WEEK,CHP_SHIFT,POPULATION,CNTY_CITY_LOC,SPECIAL_COND,BEAT_TYPE,CHP_BEAT_TYPE,CITY_DIVISION_LAPD,CHP_BEAT_CLASS,BEAT_NUMBER,PRIMARY_RD,SECONDARY_RD,DISTANCE,DIRECTION,INTERSECTION,WEATHER_1,WEATHER_2,STATE_HWY_IND,CALTRANS_COUNTY,CALTRANS_DISTRICT,STATE_ROUTE,ROUTE_SUFFIX,POSTMILE_PREFIX,POSTMILE,LOCATION_TYPE,RAMP_INTERSECTION,SIDE_OF_HWY,TOW_AWAY,COLLISION_SEVERITY,NUMBER_KILLED,NUMBER_INJURED,PARTY_COUNT,PRIMARY_COLL_FACTOR,PCF_CODE_OF_VIOL,PCF_VIOL_CATEGORY,PCF_VIOLATION,PCF_VIOL_SUBSECTION,HIT_AND_RUN,TYPE_OF_COLLISION,MVIW,PED_ACTION,ROAD_SURFACE,ROAD_COND_1,ROAD_COND_2,LIGHTING,CONTROL_DEVICE,CHP_ROAD_TYPE,PEDESTRIAN_ACCIDENT,BICYCLE_ACCIDENT,MOTORCYCLE_ACCIDENT,TRUCK_ACCIDENT,NOT_PRIVATE_PROPERTY,ALCOHOL_INVOLVED,STWD_VEHTYPE_AT_FAULT,CHP_VEHTYPE_AT_FAULT,COUNT_SEVERE_INJ,COUNT_VISIBLE_INJ,COUNT_COMPLAINT_PAIN,COUNT_PED_KILLED,COUNT_PED_INJURED,COUNT_BICYCLIST_KILLED,COUNT_BICYCLIST_INJURED,COUNT_MC_KILLED,COUNT_MC_INJURED,PRIMARY_RAMP,SECONDARY_RAMP,LATITUDE,LONGITUDE,COUNTY,CITY,POINT_X,POINT_Y
8883107,2019,2019-07-10,5605,2019-05-23,0731,PEREZ,PATRO,4,5,3,5605,0,0,0,,0,CITY,"BARD RD","6TH PL",157.00,E,N,A,-,N,,,,,,,,,,Y,2,0,2,2,A,-,01,23152,F,N,C,D,A,-,H,-,A,D,0,,,,,Y,,-,,1,0,1,0,0,0,0,0,0,"- ","- ",,,VENTURA,"PORT HUENEME",-119.191162109375,34.161087036132812
8891034,2019,2019-07-16,5608,2019-06-24,1043,459,5608,1,5,6,5608,0,0,0,,0,001,"N OAK ST","E MAIN ST",9.00,N,N,A,-,N,,,,,,,,,,N,2,0,1,2,A,-,11,21950,B,N,G,B,B,A,H,-,A,A,0,Y,,,,Y,,N,60,1,0,0,0,1,0,0,0,0,"- ","- ",,,VENTURA,VENTURA,-119.29466247558594,34.280845642089844
8894136,2019,2019-07-12,5608,2019-06-29,1917,456,,6,5,6,5608,0,0,0,,0,004,"SEAHAWK ST","GRAND AV",120.00,W,N,B,-,N,,,,,,,,,,Y,2,0,1,1,A,-,03,22350,,N,F,A,A,A,H,-,B,A,0,,,Y,,Y,,C,02,1,0,0,0,0,0,0,0,1,"- ","- ",,,VENTURA,VENTURA,-119.20738983154297,34.252239227294922
8894225,2019,2019-07-31,5600,2019-06-07,2020,5032,9128,5,5,6,5607,0,0,0,,0,9H01,"HILLCREST DR","CITATION WY",0.00,,Y,A,-,N,,,,,,,,,,Y,2,0,1,1,A,-,03,22350,,N,H,J,A,A,H,-,B,D,0,,,Y,,Y,,C,02,1,0,0,0,0,0,0,0,1,"- ","- ",,,VENTURA,"THOUSAND OAKS",-118.90646362304688,34.184909820556641
8896901,2019,2019-08-06,5608,2019-06-29,2133,456,,6,5,6,5608,0,0,0,,0,004,"VICTORIA AV","RALSTON ST",6.00,S,N,A,-,N,,,,,,,,,,N,2,0,1,2,A,-,12,21453,A,N,H,J,A,A,H,-,C,A,0,,,,,Y,,-,,1,0,0,0,0,0,0,0,0,"- ","- ",,,VENTURA,VENTURA,-119.21164703369141,34.261043548583984
8898244,2019,2019-07-31,5608,2019-07-16,1704,446,,2,5,6,5608,0,0,0,,0,001,"NORTH VENTURA AV","W PARK ROW AV",120.00,S,N,A,-,N,,,,,,,,,,Y,2,0,5,7,A,-,17,22517,,N,A,G,A,A,H,-,A,D,0,,Y,,,Y,,A,01,1,4,0,0,0,0,5,0,0,"- ","- ",,,VENTURA,VENTURA,-119.29994964599609,34.284271240234375
8902591,2019,2019-07-26,5600,2019-06-20,1503,2877,8010,4,5,5,5601,0,0,0,,0,8A01,"LAS POSAS RD","CRESTVIEW AV",0.00,,Y,A,-,N,,,,,,,,,,Y,2,0,3,2,D,-,00,,,N,H,C,A,A,H,-,A,A,0,,,,,Y,,-,"- ",2,0,1,0,0,0,0,0,0,"- ","- ",34.229000091552734,-119.06990051269531,VENTURA,CAMARILLO,-119.06999969482422,34.229038238525391
8907456,2019,2019-09-09,5609,2019-07-19,2340,469,,5,5,6,5609,0,0,0,,0,,"ROYAL AVE","1ST ST",0.00,,Y,A,-,N,,,,,,,,,,Y,2,0,1,2,A,-,09,21801,A,N,A,C,A,A,H,-,C,A,0,,,,,Y,Y,J,48,1,0,0,0,0,0,0,0,0,"- ","- ",34.264568328857422,-118.77890777587891,VENTURA,"SIMI VALLEY",-118.77902221679688,34.264450073242188
8910937,2020,2020-04-13,5608,2020-02-11,0803,463,,2,5,6,5608,0,0,0,,0,002,"HARBOR BL","SAN PEDRO ST",0.00,,Y,A,-,N,,,,,,,,,,Y,1,1,0,2,A,-,09,21802,A,N,D,C,A,A,H,-,A,A,0,,,,,Y,,A,01,0,0,0,0,0,0,0,0,0,"- ","- ",,,VENTURA,VENTURA,-119.27353668212891,34.269691467285156
8910978,2019,2021-05-28,5604,2019-09-23,2145,5231,,1,5,6,5604,0,0,0,,0,032,"OXNARD BL","ASH ST",23.00,N,N,A,-,N,,,,,,,,,,Y,1,1,0,2,A,-,10,21950,A,N,G,B,B,A,H,-,C,A,0,Y,,,,Y,Y,A,08,0,0,0,1,0,0,0,0,0,"- ","- ",,,VENTURA,OXNARD,-119.17343139648438,34.186614990234375
8911002,2019,2020-05-22,5609,2019-12-10,0133,452,300,2,5,6,5609,0,0,0,,0,003,"SYCAMORE DR","MORLEY ST",15.00,S,N,A,-,N,,,,,,,,,,Y,1,2,1,1,A,-,01,23152,A,N,E,I,A,A,H,-,C,D,0,,,,,Y,Y,A,01,1,0,0,0,0,0,0,0,0,"- ","- ",34.266078948974609,-118.74783325195312,VENTURA,"SIMI VALLEY",-118.74788665771484,34.266139984130859
8911049,2020,2020-05-12,5608,2020-03-11,1526,365,40,3,5,6,5608,0,0,0,,0,002,"SEAWARD AV","ALESSANDRO DR",403.00,N,N,A,-,N,,,,,,,,,,Y,1,1,0,2,A,-,22,23123,A,N,G,B,F,A,H,-,A,D,0,Y,,,,Y,,-,,0,0,0,1,0,0,0,0,0,"- ","- ",,,VENTURA,VENTURA,-119.26852416992188,34.267314910888672
8911481,2020,2022-06-14,5604,2020-04-26,0439,5231,,7,5,6,5604,0,0,0,,0,032,"STATHAM BL","STATHAM PKWY",427.00,S,N,A,-,N,,,,,,,,,,Y,1,1,1,2,A,-,03,22350,,N,G,B,E,A,H,-,C,D,0,Y,,,,Y,,A,01,0,1,0,1,0,0,0,0,0,"- ","- ",,,VENTURA,OXNARD,-119.16561889648438,34.175979614257812
8911542,2019,2021-06-02,5604,2019-10-12,1234,5504,,6,5,6,5604,0,0,0,,0,032,"STATHAM BL","CHANNEL ISLANDS BL",0.00,,Y,A,-,N,,,,,,,,,,Y,1,1,1,2,A,-,09,21801,A,N,D,C,A,A,H,-,A,A,0,,,,,Y,,-,,0,0,1,0,0,0,0,0,0,"- ","- ",,,VENTURA,OXNARD,-119.1656494140625,34.173431396484375
8911695,2020,2022-06-13,5609,2020-02-17,2310,452,312,1,5,6,5609,0,0,0,,0,003,"FITZGERALD RD","ROLDAN AV",13.00,W,N,A,-,N,,,,,,,,,,Y,1,1,0,5,A,-,01,23152,A,N,E,I,A,A,H,-,C,A,0,,,,,Y,Y,A,01,0,0,0,0,0,0,0,0,0,"- ","- ",34.256748199462891,-118.76048278808594,VENTURA,"SIMI VALLEY",-118.76053619384766,34.257064819335938
8912609,2019,2019-11-21,5600,2019-08-06,1625,5243,9158,2,5,6,5607,0,0,0,,0,09D,"TRIUNFO CANYON RD","HAMPSHIRE RD",0.00,,Y,A,-,N,,,,,,,,,,Y,1,1,0,2,A,-,12,21453,A,N,D,C,A,A,H,-,A,A,0,,,,,Y,,D,22,0,0,0,0,0,0,0,0,0,"- ","- ",,,VENTURA,"THOUSAND OAKS",-118.83515167236328,34.158550262451172
8915104,2019,2019-08-29,5604,2019-07-10,1158,4442,,3,5,6,5604,0,0,0,,0,021,"S HARBOR BL","OCEANAIRE ST",1056.00,N,N,A,-,N,,,,,,,,,,Y,2,0,1,1,D,-,00,,,N,E,I,A,A,H,-,A,A,0,,,,,Y,,-,"- ",1,0,0,0,0,0,0,0,0,"- ","- ",34.184791564941406,-119.23561859130859,VENTURA,OXNARD,-119.23707580566406,34.187435150146484
8915870,2019,2019-08-12,5600,2019-07-21,1819,4965,8101,7,5,5,5601,0,0,0,,0,08B,"LAS POSAS RD","LANTANA ST",0.00,,Y,A,-,N,,,,,,,,,,Y,2,0,2,1,A,-,00,21610,C,N,F,I,A,A,H,-,A,D,0,,,Y,,Y,,C,02,2,0,0,0,0,0,0,0,2,"- ","- ",34.232948303222656,-119.05371856689453,VENTURA,CAMARILLO,-119.05419921875,34.232948303222656
8920161,2019,2019-09-06,5600,2019-08-12,2006,2913,9080,1,5,6,5607,0,0,0,,0,09H,"LYNN RD","PORTOFINO PL",402.00,N,N,A,-,N,,,,,,,,,,Y,2,0,1,1,A,-,03,22350,,N,E,I,A,A,H,-,C,D,0,,,,,Y,Y,A,07,1,0,0,0,0,0,0,0,0,"- ","- ",,,VENTURA,"THOUSAND OAKS",-118.89069366455078,34.196781158447266
8920231,2019,2019-08-27,5600,2019-07-25,2136,4779,9071,4,5,6,5607,0,0,0,,0,09B,"WESTLAKE BL","RAINFIELD AV",415.00,N,N,A,-,N,,,,,,,,,,Y,2,0,1,1,A,-,01,23152,A,N,E,I,A,A,H,-,C,A,0,,,,,Y,Y,A,01,1,0,0,0,0,0,0,0,0,"- ","- ",,,VENTURA,"THOUSAND OAKS",-118.8265380859375,34.2093505859375
8922281,2019,2019-09-09,5600,2019-08-05,1537,4734,1005,1,5,2,5603,0,0,0,,0,1B01,"SHADY LN","GRAND AV",823.00,S,N,A,-,N,,,,,,,,,,Y,2,0,1,1,A,-,05,21650,,N,E,I,A,A,H,-,A,D,0,,,,,Y,,D,22,1,0,0,0,0,0,0,0,0,"- ","- ",34.451930999755859,-119.23464965820312,VENTURA,OJAI,-119.23471069335938,34.452060699462891
8936426,2019,2019-09-26,5604,2019-08-23,2233,5529,,5,5,6,5604,0,0,0,,0,032,"S OXNARD BL","S ROSE AV",50.00,N,N,A,-,N,,,,,,,,,,Y,2,0,1,2,A,-,11,21954,A,N,G,B,D,A,H,-,D,A,0,Y,,,,Y,,N,60,1,0,0,0,1,0,0,0,0,"- ","- ",34.175228118896484,-119.15998077392578,VENTURA,OXNARD,-119.16008758544922,34.175651550292969
8939058,2019,2019-09-30,5608,2019-05-16,2257,463,31,4,5,6,5608,0,0,0,,0,002,"THOMPSON BL","KALORAMA ST",81.00,W,N,A,-,N,,,,,,,,,,N,1,1,0,2,A,-,11,21956,A,F,G,B,E,A,H,-,C,D,0,Y,,,,Y,Y,N,60,0,0,0,1,0,0,0,0,0,"- ","- ",,,VENTURA,VENTURA,-119.28725433349609,34.278278350830078
8939245,2019,2021-05-20,5604,2019-06-18,0530,5357,VENTU,2,5,6,5604,0,0,0,,0,021,"HEMLOCK ST","SEASIDE DR",11.00,E,N,B,-,N,,,,,,,,,,Y,1,1,0,2,A,-,08,22107,,N,C,G,A,A,H,-,B,D,0,,Y,,,Y,,L,04,0,0,0,0,0,1,0,0,0,"- ","- ",,,VENTURA,OXNARD,-119.21460723876953,34.181270599365234
8939261,2019,2019-12-19,5604,2019-07-20,1323,5317,,6,5,6,5604,0,0,0,,0,011,"VICTORIA AV","GUM TREE ST",2624.00,N,N,A,-,N,,,,,,,,,,Y,1,1,0,1,A,-,01,23152,G,N,B,I,A,A,H,-,A,D,0,,,Y,,Y,Y,C,02,0,0,0,0,0,0,0,1,0,"- ","- ",,,VENTURA,OXNARD,-119.21766662597656,34.230731964111328
8939429,2019,2021-06-01,5604,2019-08-01,2049,5357,,4,5,6,5604,0,0,0,,0,042,"PLEASANT VALLEY RD","CLOYNE ST",7.00,E,N,A,-,N,,,,,,,,,,N,1,1,0,2,A,-,11,21950,B,N,G,B,B,A,H,-,C,A,0,Y,,,,Y,Y,N,60,0,0,0,1,0,0,0,0,0,"- ","- ",,,VENTURA,OXNARD,-119.1729736328125,34.154720306396484
8939633,2019,2020-03-03,5608,2019-11-15,1719,322,119,5,5,6,5608,0,0,0,,0,004,"TELEPHONE RD","ANTELOPE LN",261.00,W,N,A,-,N,,,,,,,,,,Y,1,1,0,2,A,-,11,21954,A,N,G,B,D,A,H,-,C,D,0,Y,,,,Y,,N,60,0,0,0,1,0,0,0,0,0,"- ","- ",,,VENTURA,VENTURA,-119.19601440429688,34.267814636230469
8943127,2019,2019-09-20,5609,2019-08-22,1239,452,313,4,5,6,5609,0,0,0,,0,003,"ROYAL AV","APPLETON RD",0.00,,Y,A,-,N,,,,,,,,,,Y,2,0,1,2,A,-,09,21802,A,N,D,C,A,A,H,-,A,A,0,,,,,Y,,A,07,1,0,0,0,0,0,0,0,0,"- ","- ",34.260749816894531,-118.74391174316406,VENTURA,"SIMI VALLEY",-118.743896484375,34.260841369628906
8950207,2019,2019-10-17,5604,2019-09-14,1035,4868,,6,5,6,5604,0,0,0,,0,042,"CLARA ST","COURTLAND ST",130.00,E,N,A,-,N,,,,,,,,,,N,2,0,2,3,A,-,21,22106,,N,G,B,D,A,H,-,A,D,0,Y,,,,Y,,A,07,1,1,0,0,2,0,0,0,0,"- ","- ",34.151248931884766,-119.17993927001953,VENTURA,OXNARD,-119.17958068847656,34.151268005371094
8953218,2019,2019-10-29,5600,2019-09-28,0202,4703,8215,6,5,5,5601,0,0,0,,0,08D,"PLEASANT VALLEY RD","PANCHO RD",0.00,,Y,A,-,N,,,,,,,,,,Y,2,0,1,1,A,-,01,23152,A,N,E,I,A,A,H,-,C,A,0,,,,,Y,Y,D,23,1,0,0,0,0,0,0,0,0,"- ","- ",34.205970764160156,-119.01190185546875,VENTURA,CAMARILLO,-119.01213836669922,34.206001281738281
8955836,2019,2019-10-18,5604,2019-09-25,2126,5405,,3,5,6,5604,0,0,0,,0,031,"GONZALES RD","BAHIA DR",0.00,,Y,A,-,N,,,,,,,,,,Y,2,0,1,2,A,-,11,21954,A,N,B,B,D,A,H,-,C,D,0,Y,,,,Y,,-,"- ",1,0,0,0,1,0,0,0,0,"- ","- ",34.219039916992188,-119.175048828125,VENTURA,OXNARD,-119.175048828125,34.219150543212891
8967460,2019,2019-11-04,5608,2019-10-26,0841,503,,6,5,6,5608,0,0,0,,0,003,"TELEGRAPH RD","ASHWOOD AV",0.00,,Y,A,-,N,,,,,,,,,,Y,2,0,3,2,A,-,08,22107,,N,D,C,A,A,H,-,A,A,0,,,,,Y,,A,01,1,1,1,0,0,0,0,0,0,"- ","- ",,,VENTURA,VENTURA,-119.23918151855469,34.274440765380859
8978753,2019,2019-12-05,5605,2019-10-24,1233,100,PATRO,4,5,3,5605,0,0,0,,0,003,"PORT HUENEME RD","VENTURA RD",0.00,,Y,A,-,N,,,,,,,,,,Y,2,0,3,5,A,-,01,23152,A,N,D,E,A,A,H,-,A,A,0,,,,,Y,Y,-,,2,0,1,0,0,0,0,0,0,"- ","- ",34.147800445556641,-119.19547271728516,VENTURA,"PORT HUENEME",-119.19558715820312,34.147769927978516
8983123,2019,2020-01-29,5600,2019-11-08,1732,4501,8110,5,5,5,5601,0,0,0,,0,08B,"LAS POSAS RD","WEST LOOP DR",0.00,,Y,A,-,N,,,,,,,,,,Y,2,0,2,3,A,-,09,21801,A,N,H,C,A,A,H,-,B,A,0,,,,,Y,,A,01,1,1,0,0,0,0,0,0,0,"- ","- ",,,VENTURA,CAMARILLO,-119.04154968261719,34.235939025878906
8987279,2019,2020-01-14,5608,2019-11-04,0231,423,,1,5,6,5608,0,0,0,,0,004,"JOHNSON DR","CROWLEY AV",73.00,S,N,A,-,N,,,,,,,,,,Y,2,0,2,4,A,-,01,23152,A,N,F,E,A,A,H,-,C,D,0,,,,,Y,Y,A,01,1,1,0,0,0,0,0,0,0,"- ","- ",,,VENTURA,VENTURA,-119.19819641113281,34.257213592529297
8991381,2019,2020-01-25,5600,2019-11-15,1935,5015,9090,5,5,6,5607,0,0,0,,0,9G01,"MOORPARK AV","HILLCREST DR",300.00,N,N,A,-,N,,,,,,,,,,N,2,0,1,2,A,-,11,21955,,N,G,C,D,A,H,-,C,D,0,Y,,,,Y,Y,N,60,1,0,0,0,1,0,0,0,0,"- ","- ",,,VENTURA,"THOUSAND OAKS",-118.87592315673828,34.181972503662109
8991508,2019,2020-01-30,5608,2019-11-26,0730,504,,2,5,6,5608,0,0,0,,0,002,"HARBOR BL","OYSTER ST",0.00,,Y,A,-,N,,,,,,,,,,N,2,0,1,2,A,-,17,22517,,N,H,G,A,A,H,-,A,D,0,,Y,,,Y,,A,01,1,0,0,0,0,0,1,0,0,"- ","- ",,,VENTURA,VENTURA,-119.26187896728516,34.258491516113281
8993685,2019,2019-12-12,5609,2019-10-30,1647,443,,3,5,6,5609,0,0,0,,0,006,"KUEHNER DR","SMITH RD",42.00,S,N,A,G,N,,,,,,,,,,Y,2,0,1,2,A,-,03,22350,,N,C,C,A,A,H,-,A,B,0,,,Y,,Y,,C,02,1,0,0,0,0,0,0,0,1,"- ","- ",34.262100219726562,-118.66190338134766,VENTURA,"SIMI VALLEY",-118.66200256347656,34.263019561767578
90018703,2015,2015-10-19,9770,2015-09-08,0715,013407,,2,1,9,5600,0,1,3,,1,057,"SR-23 (BROADWAY)","HAPPY CAMP ROAD",185.00,W,N,A,-,Y,,,23,,,,,,,Y,2,0,2,2,A,-,08,22107,,N,A,C,A,A,H,-,A,D,0,,,,Y,Y,,A,01,1,1,0,0,0,0,0,0,0,"- ","- ",34.315010000000001,-118.88076,VENTURA,UNINCORPORATED,-118.88072295000001,34.315080739999999
90020170,2015,2015-10-19,9770,2015-08-04,1310,020998,,2,1,9,5600,0,1,3,,1,044,"SR-126 W/B (EAST TELEGRAPH ROAD)","HOPPER CREEK BRIDGE #52-0036",300.00,W,N,A,-,Y,,,126,,,,,,W,Y,1,1,1,2,A,-,08,22107,,N,A,C,A,A,H,-,A,D,0,,,,Y,Y,,A,01,0,0,1,0,0,0,0,0,0,"- ","- ",34.400849999999998,-118.82804,VENTURA,UNINCORPORATED,-118.82803982,34.400866669999999
90020719,2015,2015-10-19,9770,2015-09-17,0719,014675,,4,1,6,5609,0,1,3,,2,083,"SR-118 E/B (RONALD REAGAN FREEWAY)","DRY CANYON",100.00,E,N,A,-,Y,,,118,,,,,,E,Y,2,0,1,3,A,-,03,22350,,N,C,C,A,A,H,-,A,D,0,,,Y,,Y,,C,02,1,0,0,0,0,0,0,0,1,"- ","- ",34.282159999999998,-118.75135,VENTURA,"SIMI VALLEY",-118.75134998999999,34.282138510000003
90024309,2015,2015-10-19,9765,2015-08-28,0728,014823,,5,1,9,5600,0,2,4,,2,064,"STURGIS RD.","PLEASANT VALLEY RD.",0.00,,Y,A,-,N,,,,,,,,,,Y,2,0,2,2,A,-,12,22450,A,N,D,C,A,A,H,-,A,A,0,,,Y,,Y,,A,01,1,0,1,0,0,0,0,0,1,"- ","- ",34.20158,-119.09988,VENTURA,UNINCORPORATED,-119.09979013,34.201610019999997
90024511,2015,2015-10-19,9765,2015-09-22,1915,020423,,2,2,9,5600,0,1,3,,1,042,SR-126,"ORCUTT ROAD",225.00,E,N,A,-,Y,,,126,,,,,,,Y,2,0,1,2,A,-,01,23152,A,N,C,C,A,A,H,-,A,D,0,,,,,Y,Y,A,01,1,0,0,0,0,0,0,0,0,"- ","- ",34.366070000000001,-119.03297999999999,VENTURA,UNINCORPORATED,-119.03298341999999,34.366079980000002
90024743,2015,2015-10-19,9765,2015-03-17,0011,020510,,2,3,9,5600,0,1,3,,1,062,"SR-1 (PACIFIC COAST HIGHWAY)","LA JOLLA CANYON",432.00,N,N,A,-,Y,,,1,,,,,,,Y,1,3,0,2,A,-,01,23152,E,N,A,C,A,A,H,-,D,D,0,,,,,Y,,A,01,0,0,0,0,0,0,0,0,0,"- ","- ",34.083869999999997,-119.03734,VENTURA,UNINCORPORATED,-119.03733703,34.083897389999997
90032672,2015,2015-10-19,9770,2015-09-05,1048,018942,,6,1,9,5600,0,2,4,,1,088,"BOX CANYON ROAD","BRYANT AVENUE (PRIVATE)",1584.00,S,N,A,-,N,,,,,,,,,,Y,1,1,0,1,A,-,05,21460,A,N,E,I,A,B,H,-,A,D,0,,,Y,,Y,,C,02,0,0,0,0,0,0,0,1,0,"- ","- ",34.24841,-118.64977,VENTURA,UNINCORPORATED,-118.64979174,34.248392639999999
90037106,2015,2015-10-23,9765,2015-10-14,1655,015696,,3,2,6,5608,0,1,2,,2,301,"US 101 S/B FROM SEAWARD AVENUE","SEAWARD AVENUE",15.00,S,N,A,-,Y,,,,,,,,,,Y,2,0,1,1,A,-,08,22107,,N,F,A,A,A,H,-,A,D,0,,,Y,,Y,,C,02,1,0,0,0,0,0,0,0,1,"- ","- ",34.264659999999999,-119.26945000000001,VENTURA,VENTURA,-119.26929516,34.264940699999997
90038851,2015,2015-10-27,9765,2015-04-09,2330,018305,,4,3,9,5600,0,1,3,,2,011,"SR-33 S/B FROM CASITAS VISTA ROAD","CASITAS VISTA ROAD",869.00,S,N,B,-,Y,,,33,,,,R,,S,Y,1,1,1,1,A,-,01,23152,A,N,E,I,A,A,H,-,C,D,0,,,,,Y,Y,A,01,1,0,0,0,0,0,0,0,0,"- ","- ",34.351309999999998,-119.30372,VENTURA,UNINCORPORATED,-119.30372,34.351309999999998
90039001,2015,2015-10-27,9765,2015-05-14,1625,016420,,4,2,9,5600,0,1,3,,2,053,"SR-232 (VINEYARD AVENUE)","CENTRAL AVENUE",4224.00,N,N,C,-,Y,,,232,,,,,,,Y,1,1,1,2,A,-,08,22107,,N,A,C,A,B,H,-,A,D,0,,,,,Y,Y,A,01,1,0,0,0,0,0,0,0,0,"- ","- ",34.266399999999997,-119.14418000000001,VENTURA,UNINCORPORATED,-119.14421196000001,34.266416749999998
9004524,2019,2020-02-20,5600,2019-12-13,0207,4938,9006,5,5,6,5607,0,0,0,,0,09A,"OLSEN RD","HARDY LN",987.00,N,N,A,-,N,,,,,,,,,,Y,2,0,2,1,A,-,08,22107,,N,E,I,A,A,H,-,D,D,0,,,,,Y,Y,A,01,2,0,0,0,0,0,0,0,0,"- ","- ",,,VENTURA,"THOUSAND OAKS",-118.83261871337891,34.248771667480469
90069025,2015,2015-12-09,9765,2015-12-08,1305,015117,,2,1,9,5600,0,3,5,,2,004,"WHEELER CANYON RD","FOOTHILL RD",16368.00,N,N,A,-,N,,,,,,,,,,Y,2,0,2,1,A,-,08,22107,,N,E,I,A,A,H,-,A,D,0,,,,,Y,,A,01,1,1,0,0,0,0,0,0,0,"- ","- ",34.371989999999997,-119.14951000000001,VENTURA,UNINCORPORATED,-119.14749342,34.37515922
90072053,2015,2015-12-14,9770,2015-10-20,1110,017221,,2,1,9,5600,0,3,5,,2,005,"BROADWAY ROAD","GRIMES CANYON ROAD",1163.00,E,N,A,-,N,,,,,,,,,,Y,1,1,1,2,A,-,09,21801,A,N,D,C,A,A,H,-,A,D,0,,,,Y,Y,,D,22,1,0,0,0,0,0,0,0,0,"- ","- ",34.315159999999999,-118.90577,VENTURA,UNINCORPORATED,-118.90584388000001,34.315170000000002
90074710,2015,2015-12-15,9765,2015-12-14,1700,020882,,1,2,9,5600,0,2,4,,2,590,"CENTRAL AVENUE","ROSE AVENUE",970.00,E,N,A,-,N,,,,,,,,,,Y,2,0,1,2,A,-,03,22350,,N,C,C,A,A,H,-,D,D,0,,,,,Y,,A,01,1,0,0,0,0,0,0,0,0,"- ","- ",34.249270000000003,-119.14044,VENTURA,UNINCORPORATED,-119.14019647000001,34.249086380000001
9008871,2019,2020-02-26,5608,2019-12-16,1744,446,,1,5,6,5608,0,0,0,,0,004,"TELEPHONE RD","POINSETTIA PLAZA",10.00,S,N,A,-,N,,,,,,,,,,N,2,0,1,2,A,-,10,21950,A,N,B,B,B,A,H,-,C,A,0,Y,,,,Y,,-,,1,0,0,0,1,0,0,0,0,"- ","- ",,,VENTURA,VENTURA,-119.23410797119141,34.260746002197266
9009068,2019,2019-12-31,5600,2019-11-03,0946,5106,8013,7,5,5,5601,0,0,0,,0,08A,"PONDEROSA DR","LAS POSAS RD",490.00,E,N,A,-,N,,,,,,,,,,N,2,0,1,2,A,-,09,21801,A,N,D,C,A,A,H,-,A,D,0,,,Y,,Y,,A,07,1,0,0,0,0,0,0,0,1,"- ","- ",34.223709106445312,-119.06806945800781,VENTURA,CAMARILLO,-119.06815338134766,34.223697662353516
90098138,2015,2016-01-19,9765,2015-10-02,1700,020808,,5,2,9,5600,0,1,3,,1,021,SR-33,"CHORRO GRANDE CREEK",2112.00,N,N,A,-,Y,,,33,,,,,,,Y,1,1,0,1,A,-,08,22107,,N,E,I,A,A,H,-,A,D,0,,,Y,,Y,,C,02,0,0,0,0,0,0,0,1,0,"- ","- ",34.598959999999998,-119.33556,VENTURA,UNINCORPORATED,-119.33551262,34.599074450000003
90113832,2015,2016-02-11,9770,2015-09-12,1719,020641,,6,2,9,5600,0,2,4,,1,032,"MOORPARK ROAD","TIERRA REJADA ROAD",1974.00,S,N,B,-,N,,,,,,,,,,Y,1,2,1,3,A,-,08,22107,,N,H,G,A,A,H,-,A,D,0,,Y,Y,,Y,,A,01,0,1,0,0,0,1,0,1,0,"- ","- ",34.259250000000002,-118.8631,VENTURA,UNINCORPORATED,-118.86323382,34.258930710000001
90118774,2016,2016-02-18,9765,2016-02-15,1510,016420,,1,2,6,5604,0,1,2,,2,531,"US-101 SB","VENTURA RD.",179.00,N,N,A,-,Y,,,101,,,,,,S,Y,2,0,1,1,A,-,01,23152,A,N,F,A,A,A,H,-,A,D,0,,,,,Y,Y,A,07,1,0,0,0,0,0,0,0,0,"- ","- ",34.241529999999997,-119.18771,VENTURA,OXNARD,-119.18767554,34.241624819999998
90120338,2016,2016-02-22,9765,2016-02-17,0755,015696,,3,1,9,5600,0,2,4,,2,590,"CENTRAL AVENUE","ROSE AVENUE",4224.00,E,N,B,-,N,,,,,,,,,,Y,2,0,1,1,A,-,08,22107,,N,E,I,A,A,H,-,A,D,0,,,,,Y,,A,01,1,0,0,0,0,0,0,0,0,"- ","- ",34.244,-119.13266,VENTURA,UNINCORPORATED,-119.13191363,34.243390210000001
90120769,2016,2016-02-22,9770,2016-02-14,0135,021095,,7,3,6,5607,0,1,3,,2,077,"SR-23 S/B (MOORPARK FREEWAY)","JANSS ROAD",1056.00,N,N,A,-,Y,,,23,,,,,,S,Y,2,0,1,1,A,-,08,22107,,N,E,I,A,A,H,-,D,D,0,,,,,Y,,A,01,1,0,0,0,0,0,0,0,0,"- ","- ",34.20299,-118.8548,VENTURA,"THOUSAND OAKS",-118.85477210000001,34.202954490000003
90121986,2015,2016-03-07,9765,2015-12-30,2500,017675,,3,4,9,5600,0,3,5,,2,004,"BALCOM CANYON ROAD","BRADLEY ROAD",5808.00,N,N,A,-,N,,,,,,,,,,Y,1,1,0,1,A,-,08,22107,,N,E,I,A,A,H,-,D,D,0,,,,,Y,,D,22,0,0,0,0,0,0,0,0,0,"- ","- ",34.326479999999997,-118.9783,VENTURA,UNINCORPORATED,-118.97824682,34.325980940000001