CASE_ID,ACCIDENT_YEAR,PROC_DATE,JURIS,COLLISION_DATE,COLLISION_TIME,OFFICER_ID,REPORTING_DISTRICT,DAY_OF_WEEK,CHP_SHIFT,POPULATION,CNTY_CITY_LOC,SPECIAL_COND,BEAT_TYPE,CHP_BEAT_TYPE,CITY_DIVISION_LAPD,CHP_BEAT_CLASS,BEAT_NUMBER,PRIMARY_RD,SECONDARY_RD,DISTANCE,DIRECTION,INTERSECTION,WEATHER_1,WEATHER_2,STATE_HWY_IND,CALTRANS_COUNTY,CALTRANS_DISTRICT,STATE_ROUTE,ROUTE_SUFFIX,POSTMILE_PREFIX,POSTMILE,LOCATION_TYPE,RAMP_INTERSECTION,SIDE_OF_HWY,TOW_AWAY,COLLISION_SEVERITY,NUMBER_KILLED,NUMBER_INJURED,PARTY_COUNT,PRIMARY_COLL_FACTOR,PCF_CODE_OF_VIOL,PCF_VIOL_CATEGORY,PCF_VIOLATION,PCF_VIOL_SUBSECTION,HIT_AND_RUN,TYPE_OF_COLLISION,MVIW,PED_ACTION,ROAD_SURFACE,ROAD_COND_1,ROAD_COND_2,LIGHTING,CONTROL_DEVICE,CHP_ROAD_TYPE,PEDESTRIAN_ACCIDENT,BICYCLE_ACCIDENT,MOTORCYCLE_ACCIDENT,TRUCK_ACCIDENT,NOT_PRIVATE_PROPERTY,ALCOHOL_INVOLVED,STWD_VEHTYPE_AT_FAULT,CHP_VEHTYPE_AT_FAULT,COUNT_SEVERE_INJ,COUNT_VISIBLE_INJ,COUNT_COMPLAINT_PAIN,COUNT_PED_KILLED,COUNT_PED_INJURED,COUNT_BICYCLIST_KILLED,COUNT_BICYCLIST_INJURED,COUNT_MC_KILLED,COUNT_MC_INJURED,PRIMARY_RAMP,SECONDARY_RAMP,LATITUDE,LONGITUDE,COUNTY,CITY,POINT_X,POINT_Y
90135657,2016,2016-03-14,9770,2016-03-03,0029,019849,,4,3,5,5601,0,1,2,,2,070,"US-101 N/B (VENTURA FREEWAY)","CAMARILLO SPRINGS ROAD",1584.00,S,N,E,-,Y,,,101,,,,,,N,Y,2,0,2,3,A,-,01,23152,A,N,A,C,A,A,H,-,D,D,0,,,,,Y,Y,A,01,1,0,1,0,0,0,0,0,0,"- ","- ",34.203130000000002,-118.98026,VENTURA,CAMARILLO,-118.98021196000001,34.203178999999999
90137366,2016,2016-03-15,9770,2016-02-23,0035,014454,,2,3,6,5607,0,1,2,,2,075,"US-101 S/B (VENTURA FREEWAY)","WESTLAKE BOULEVARD",528.00,S,N,A,-,Y,,,101,,,,,,S,Y,2,0,3,2,A,-,03,22350,,N,C,C,A,A,D,-,C,A,0,,,,Y,Y,Y,A,01,1,1,1,0,0,0,0,0,0,"- ","- ",34.155949999999997,-118.82290999999999,VENTURA,"THOUSAND OAKS",-118.82288251,34.155991069999999
90159652,2016,2016-04-18,9770,2016-04-16,0403,019819,,6,3,6,5607,0,1,2,,2,074,"US-101 N/B (VENTURA FREEWAY)","HAMPSHIRE ROAD",1568.00,S,N,A,-,Y,,,101,,,,,,N,Y,2,0,1,1,A,-,08,22107,,N,E,I,A,A,D,-,C,D,0,,,,,Y,,A,07,1,0,0,0,0,0,0,0,0,"- ","- ",34.164029999999997,-118.83447,VENTURA,"THOUSAND OAKS",-118.83449176000001,34.163997500000001
90160280,2016,2016-04-19,9770,2016-04-09,1255,018942,,6,1,9,5600,0,1,3,,1,044,"SR-126 W/B (EAST TELEGRAPH ROAD)","CAMINO DEL RIO (PRIVATE)",6758.00,W,N,B,C,Y,,,126,,,,,,W,Y,2,0,2,1,A,-,03,22350,,N,F,A,A,B,H,-,A,D,0,,,,,Y,,D,22,1,1,0,0,0,0,0,0,0,"- ","- ",34.410060000000001,-118.7259,VENTURA,UNINCORPORATED,-118.72595413000001,34.409943179999999
90160281,2016,2016-05-09,9765,2016-04-04,0633,015117,,1,1,9,5600,0,2,4,,2,490,"TELEGRAPH RD","PISTACHIO AVE",2640.00,E,N,A,-,N,,,,,,,,,,Y,2,0,5,3,A,-,01,23152,A,N,A,C,A,A,H,-,A,D,0,,,,,Y,Y,A,01,2,0,3,0,0,0,0,0,0,"- ","- ",34.30256,-119.14854,VENTURA,UNINCORPORATED,-119.1489638,34.302341290000001
90160955,2016,2016-04-19,9765,2016-02-12,0900,019988,,5,1,9,5600,0,1,3,,1,021,"STATE ROUTE 33 (MARICOPOA HIGHWAY)","CHORRO GRANDE TRAIL",266.00,N,N,A,-,Y,,,33,,,,,,,Y,1,1,0,1,A,-,03,22350,,N,F,A,A,A,H,-,A,A,0,,,Y,,Y,,C,02,0,0,0,0,0,0,0,1,0,"- ","- ",34.598999999999997,-119.33499999999999,VENTURA,UNINCORPORATED,-119.33504598,34.598881990000002
9017604,2020,2020-03-06,5604,2020-01-24,0150,5540,,5,5,6,5604,0,0,0,,0,011,"OXNARD BL","GONZALES RD",0.00,,Y,A,-,N,,,1,,,,,,,N,2,0,1,2,B,-,22,,,F,G,G,A,A,H,-,C,A,0,,Y,,,Y,,-,,1,0,0,0,0,0,1,0,0,"- ","- ",34.219058990478516,-119.17717742919922,VENTURA,OXNARD,-119.17725372314453,34.219062805175781
9017640,2020,2020-03-17,5604,2020-01-26,0940,5583,,7,5,6,5604,0,0,0,,0,042,"CLARA ST","SAVIERS RD",0.00,,Y,A,-,N,,,,,,,,,,Y,2,0,1,2,A,-,03,22350,,N,D,C,A,A,H,-,A,D,0,,,Y,,Y,,C,02,1,0,0,0,0,0,0,0,1,"- ","- ",34.151229858398438,-119.17778778076172,VENTURA,OXNARD,-119.17787933349609,34.151241302490234
9017837,2019,2020-01-18,5600,2019-11-22,2315,5011,9144,5,5,6,5607,0,0,0,,0,09D,"VALLEY SPRING DR","CLUB VIEW DR",205.00,W,N,A,-,N,,,,,,,,,,Y,2,0,1,1,A,-,03,22350,,N,E,J,A,A,H,-,D,D,0,,,,,Y,,A,01,1,0,0,0,0,0,0,0,0,"- ","- ",,,VENTURA,"THOUSAND OAKS",-118.81136322021484,34.190826416015625
90179659,2016,2016-05-16,9765,2016-04-30,1638,020917,,6,2,9,5600,0,1,3,,1,021,SR-33,"BELLY ACHE FALLS",528.00,S,N,A,-,Y,,,33,,,,,,,Y,2,0,1,1,A,-,01,23152,F,N,E,I,A,A,H,-,A,D,0,,,,,Y,Y,A,01,1,0,0,0,0,0,0,0,0,"- ","- ",34.5184,-119.28060000000001,VENTURA,UNINCORPORATED,-119.2805953,34.518488329999997
90179940,2016,2016-05-16,9765,2016-05-07,1000,018490,,6,1,9,5600,0,1,3,,1,021,SR-33,"MATILIJA RD.",23760.00,N,N,B,-,Y,,,,,,,,,,Y,2,0,1,2,A,-,03,22350,,N,C,C,A,B,H,-,A,D,0,,,Y,,Y,,C,02,1,0,0,0,0,0,0,0,1,"- ","- ",34.305399999999999,-119.17,VENTURA,UNINCORPORATED,,
90184726,2016,2016-05-23,9765,2016-04-22,2310,020510,,5,3,9,5600,0,3,5,,2,002,"GRAND AVE","FORDYCE RD",188.00,W,N,A,-,N,,,,,,,,,,Y,2,0,2,1,A,-,01,23152,A,N,E,I,A,A,H,-,D,D,0,,,,,Y,Y,A,01,1,1,0,0,0,0,0,0,0,"- ","- ",34.455359999999999,-119.21567,VENTURA,UNINCORPORATED,-119.21564705,34.45542425
90186477,2016,2016-05-24,9770,2016-05-21,1000,018572,,6,1,9,5600,0,2,4,,1,087,"KATHERINE ROAD","SANTA SUSANA PASS ROAD",0.00,,Y,A,-,N,,,,,,,,,,Y,2,0,1,2,A,-,09,21802,A,N,D,C,A,A,H,-,A,A,0,,,Y,,Y,,A,01,1,0,0,0,0,0,0,0,1,"- ","- ",34.260730000000002,-118.66052999999999,VENTURA,UNINCORPORATED,-118.66036004999999,34.260580079999997
90187663,2016,2016-05-26,9765,2016-05-19,1505,020423,,4,2,9,5600,0,3,5,,2,004,"OLD TELEGRAPH ROAD","GRAND AVENUE",0.00,,Y,A,-,N,,,,,,,,,,Y,2,0,2,2,A,-,03,22350,,N,C,C,A,A,H,-,A,D,0,,,,,Y,,A,01,1,1,0,0,0,0,0,0,0,"- ","- ",34.407859999999999,-118.93507,VENTURA,UNINCORPORATED,-118.93502012,34.407690010000003
90188003,2016,2016-05-26,9770,2016-05-17,1555,012869,,2,2,6,5607,0,1,2,,2,075,"US-101 S/B (VENTURA FREEWAY)","RANCHO ROAD",2880.00,N,N,A,-,Y,,,101,,,,,,S,Y,2,0,1,3,A,-,07,21658,A,N,B,C,A,A,D,-,A,D,0,,,Y,,Y,,A,01,1,0,0,0,0,0,0,0,1,"- ","- ",34.17671,-118.86803,VENTURA,"THOUSAND OAKS",-118.86803714,34.176619510000002
90188317,2016,2016-10-06,9770,2016-03-04,1858,018885,,5,2,6,5607,0,1,2,,2,075,"US-101 S/B (VENTURA FREEWAY)","WESTLAKE BOULEVARD",3047.00,N,N,A,-,Y,,,101,,,,,,S,Y,1,1,1,4,A,-,07,21658,A,N,B,C,A,A,D,-,D,D,0,,,Y,,Y,,C,02,0,0,1,0,0,0,0,1,0,"- ","- ",34.162869999999998,-118.83319,VENTURA,"THOUSAND OAKS",-118.83320284,34.162850489999997
90194855,2016,2016-06-16,9765,2016-01-22,0110,020873,,5,3,9,5600,0,1,3,,1,021,"SR-33  (MARICOPA HIGHWAY)","N. FORK SPRINGS ROAD",739.00,S,N,A,-,Y,,,33,,,,,,,Y,1,1,3,1,A,-,01,23152,A,F,E,I,A,A,H,-,D,D,0,,,,,Y,Y,A,01,1,2,0,0,0,0,0,0,0,"- ","- ",34.490400000000001,-119.30549999999999,VENTURA,UNINCORPORATED,-119.30548528,34.49040763
90200466,2016,2016-06-13,9765,2016-01-26,1326,018490,,2,1,9,5600,0,3,5,,2,002,"EL ROBLAR DRIVE","FELIX DRIVE",75.00,E,N,A,-,N,,,,,,,,,,N,1,1,0,2,D,-,00,,,N,D,G,A,A,H,-,A,D,0,,Y,,,Y,,-,"- ",0,0,0,0,0,1,0,0,0,"- ","- ",34.265300000000003,-119.163,VENTURA,UNINCORPORATED,-119.27489235,34.448139840000003
90203793,2016,2016-06-17,9765,2016-06-08,1346,014535,,3,1,6,5608,0,1,2,,2,301,"US-101 S/B","VICTORIA AVE",660.00,N,N,A,-,Y,,,101,,,,,,S,Y,2,0,2,2,A,-,07,21658,A,N,B,C,A,A,H,-,A,D,0,,,,Y,Y,,A,07,1,0,1,0,0,0,0,0,0,"- ","- ",34.253050000000002,-119.21239,VENTURA,VENTURA,-119.21229932999999,34.25319348
9021488,2019,2020-02-12,5604,2019-11-27,1010,5065,,3,5,6,5604,0,0,0,,0,032,"OXNARD BL","DATE ST",200.00,S,N,A,-,N,,,,,,,,,,Y,2,0,2,2,A,-,09,21804,A,N,D,C,A,A,H,-,A,D,0,,,,,Y,,A,01,1,1,0,0,0,0,0,0,0,"- ","- ",34.17327880859375,-119.16004180908203,VENTURA,OXNARD,-119.16998291015625,34.183917999267578
90221306,2016,2016-07-12,9430,2016-06-26,1740,017187,,7,2,9,5600,0,1,3,,1,030,"SR-33 N/B","LOCKWOOD VALLEY RD",47942.00,S,N,A,-,Y,,,33,,,,,,N,Y,1,1,0,1,A,-,08,22107,,N,F,A,A,A,H,-,A,A,0,,,Y,,Y,,C,02,0,0,0,0,0,0,0,1,0,"- ","- ",34.61504,-119.37184000000001,VENTURA,UNINCORPORATED,-119.37185055,34.615032919999997
90222161,2016,2016-08-31,9765,2016-06-23,1443,017599,,4,2,9,5600,0,3,5,,2,006,"PLEASANT VALLEY RD","STURGIS RD",0.00,,Y,A,-,N,,,,,,,,,,Y,2,0,1,2,A,-,09,21802,A,N,D,C,A,A,H,-,A,A,0,,,Y,,Y,,D,22,1,0,0,0,0,0,0,0,0,"- ","- ",34.20158,-119.09983,VENTURA,UNINCORPORATED,-119.09979013,34.201610019999997
90225281,2016,2016-07-19,9770,2016-07-15,2248,020964,,5,3,6,5609,0,1,3,,2,083,"SR-118 E/B (RONALD REAGAN FREEWAY)","ERRINGER ROAD",2640.00,W,N,A,-,Y,,,118,,,,,,E,Y,2,0,1,2,A,-,01,23152,A,F,C,C,A,A,H,-,D,D,0,,,,,Y,Y,A,01,1,0,0,0,0,0,0,0,0,"- ","- ",34.282060000000001,-118.77012000000001,VENTURA,"SIMI VALLEY",-118.77012010999999,34.282123650000003
90247490,2016,2016-08-18,9770,2016-08-10,0845,017638,,3,1,6,5607,0,1,3,,2,077,"SR-23 S/B (MOORPARK FREEWAY)","PEDERSON ROAD",380.00,N,N,A,-,Y,,,23,,,,,,S,Y,2,0,1,1,A,-,08,22107,,N,E,I,A,A,H,-,A,D,0,,,,Y,Y,,F,27,1,0,0,0,0,0,0,0,0,"- ","- ",34.219259999999998,-118.8501,VENTURA,"THOUSAND OAKS",-118.85002935,34.219265919999998
90250225,2016,2016-08-23,9770,2016-08-09,0755,019276,,2,1,6,5607,0,1,2,,2,073,"US-101 S/B (VENTURA FREEWAY)","VENTU PARK ROAD",577.00,N,N,A,-,Y,,,101,,,,,,S,Y,2,0,2,2,A,-,03,22350,,N,C,C,A,A,H,-,A,D,0,,,Y,,Y,,C,02,1,1,0,0,0,0,0,0,2,"- ","- ",34.184159999999999,-118.9131,VENTURA,"THOUSAND OAKS",-118.91310109,34.184263799999997
90250719,2016,2016-08-23,9765,2016-08-15,1445,020906,,1,2,9,5600,0,1,3,,1,020,SR-33,"ENCINO DRIVE",2000.00,S,N,A,-,Y,,,33,,,,,,,Y,2,0,4,2,A,-,05,21460,A,N,A,C,A,A,H,-,A,D,0,,,,,Y,,A,07,2,1,1,0,0,0,0,0,0,"- ","- ",34.406829999999999,-119.29843,VENTURA,UNINCORPORATED,-119.29844423999999,34.406838120000003
90257986,2016,2016-08-31,9765,2016-08-27,1210,015658,,6,1,9,5600,0,1,3,,1,021,"SR-33 (MARICOPA HIGHWAY)","MATILIJA HOT SPRINGS RD",7128.00,N,N,A,-,Y,,,33,,,,,,,Y,2,0,1,1,A,-,03,22350,,N,E,I,A,A,H,-,A,D,0,,,Y,,Y,,C,02,1,0,0,0,0,0,0,0,1,"- ","- ",34.50732,-119.29383,VENTURA,UNINCORPORATED,-119.29382501000001,34.50736921
90261942,2016,2016-09-06,9765,2016-09-03,1535,020917,,6,2,9,5600,0,1,3,,1,021,SR-33,"ROSE VALLEY ROAD",21120.00,S,N,A,-,Y,,,33,,,,,,,Y,2,0,1,1,A,-,03,22350,,N,F,A,A,A,H,-,A,D,0,,,Y,,Y,,C,02,1,0,0,0,0,0,0,0,1,"- ","- ",34.528799999999997,-119.26779999999999,VENTURA,UNINCORPORATED,-119.26783115000001,34.528775690000003
90267212,2016,2016-10-04,9765,2016-08-10,1304,020497,,3,1,9,5600,0,3,5,,2,003,"BRISTOL ROAD","ERMINE AVENUE",1056.00,E,N,A,-,N,,,,,,,,,,Y,2,0,2,3,A,-,01,23152,A,N,C,C,A,A,H,-,A,D,0,,,,,Y,Y,A,07,1,1,0,0,0,0,0,0,0,"- ","- ",34.25752,-119.18451,VENTURA,UNINCORPORATED,-119.18437415,34.257598790000003
90275963,2016,2016-10-03,9765,2016-07-22,1757,020917,,5,2,9,5600,0,1,3,,1,022,"SR-150 (BALDWIN ROAD)","OLD BALDWIN ROAD",2112.00,W,N,A,-,Y,,,150,,,,,,,Y,1,1,1,2,A,-,08,22107,,N,E,I,A,A,H,-,A,D,0,,,,,Y,,A,01,0,1,0,0,0,0,0,0,0,"- ","- ",34.425420000000003,-119.30014,VENTURA,UNINCORPORATED,-119.30013691000001,34.42539069
90281112,2016,2016-09-30,9765,2016-07-03,2045,020585,,7,2,6,5608,0,1,3,,2,040,"SR-126 E/B (SANTA PAULA FREEWAY)","SR-118 (WELLS ROAD)",539.00,E,N,A,-,Y,,,126,,,,,,E,Y,1,1,0,1,A,-,01,23152,A,N,E,I,A,A,H,-,C,D,0,,,,,Y,Y,D,22,0,0,0,0,0,0,0,0,0,"- ","- ",34.291040000000002,-119.15366,VENTURA,VENTURA,-119.15370763999999,34.291121160000003
90293599,2016,2016-10-26,9770,2016-10-07,1505,018942,,5,2,9,5600,0,3,5,,2,003,"ESCOLLERA AVENUE","PRESILLA ROAD",8.00,S,N,A,-,N,,,,,,,,,,N,2,0,1,2,A,-,10,21950,A,N,G,B,D,A,H,-,A,D,0,Y,,,,Y,,D,22,1,0,0,0,1,0,0,0,0,"- ","- ",34.251660000000001,-118.91695,VENTURA,UNINCORPORATED,-118.91696064,34.251699469999998
90295133,2016,2016-10-18,9770,2016-10-16,2255,020641,,7,3,9,5600,0,1,3,,1,052,"SR-118 (LOS ANGELES AVENUE)","HITCH BOULEVARD",500.00,E,N,B,C,Y,,,118,,,,,,,Y,2,0,1,1,A,-,08,22107,,N,F,A,A,B,H,-,D,D,0,,,,,Y,,A,01,1,0,0,0,0,0,0,0,0,"- ","- ",34.278500000000001,-118.92131000000001,VENTURA,UNINCORPORATED,-118.92129605,34.278471420000002
90296601,2016,2016-10-20,9765,2016-10-16,1805,017675,,7,2,6,5604,0,1,2,,2,501,"US-101 S/B","RICE AVE.",108.00,S,N,B,-,Y,,,101,,,,,,S,Y,2,0,1,2,A,-,03,22350,,N,C,C,A,A,H,-,A,D,0,,,Y,,Y,,C,02,1,0,0,0,0,0,0,0,1,"- ","- ",34.222439999999999,-119.14098,VENTURA,OXNARD,-119.14098005,34.222438920000002
90300674,2016,2016-10-25,9765,2016-07-28,1130,020302,,4,1,9,5600,0,1,3,,1,023,SR-150,"CHUMASH ROAD",0.00,,Y,A,-,Y,,,150,,,,,,,Y,1,1,1,2,A,-,03,22350,,N,C,C,A,A,H,-,A,D,0,,,Y,,Y,,C,02,1,0,0,0,0,0,0,1,1,"- ","- ",34.437139999999999,-119.14361,VENTURA,UNINCORPORATED,-119.14360771,34.437159309999998
90310159,2016,2016-11-03,9770,2016-10-28,1048,021296,,5,1,6,5609,0,1,3,,2,082,"SR-118 W/B (RONALD REAGAN FREEWAY)","COCHRAN STREET",600.00,E,N,B,-,Y,,,118,,,,,,W,Y,2,0,1,1,A,-,08,22107,,N,E,I,A,B,H,-,A,D,0,,,,,Y,,A,01,1,0,0,0,0,0,0,0,0,"- ","- ",34.28049,-118.66965,VENTURA,"SIMI VALLEY",-118.66967462,34.280430359999997
90315037,2016,2016-11-09,9765,2016-08-07,1836,020906,,7,2,9,5600,0,1,3,,2,053,"SR-232  (VINEYARD AVENUE)","CENTRAL AVENUE",1953.00,N,N,A,-,Y,,,232,,,,,,,Y,1,2,4,2,A,-,01,23152,F,N,A,C,A,A,H,-,A,D,0,,,,,Y,Y,A,01,3,0,1,0,0,0,0,0,0,"- ","- ",34.262050000000002,-119.14851,VENTURA,UNINCORPORATED,-119.14849678,34.262022569999999
90319951,2016,2016-11-15,9765,2016-08-21,1410,020497,,7,2,9,5600,0,1,3,,1,044,"SR-150 (SANTA PAULA-OJAI ROAD)","MISTLETOE ROAD",3168.00,E,N,A,-,Y,,,150,,,,,,,Y,1,1,1,2,A,-,01,23152,A,N,A,C,A,A,H,-,A,D,0,,,,,Y,Y,A,01,0,1,0,0,0,0,0,0,0,"- ","- ",34.401620000000001,-119.0806,VENTURA,UNINCORPORATED,-119.08065066,34.401612380000003
9032850,2019,2020-02-06,5600,2019-12-25,1540,4771,9032,3,5,6,5607,0,0,0,,0,09A,"CALLE GOMERO","CALLE MANZANO",156.00,E,N,A,-,N,,,,,,,,,,N,2,0,2,3,A,-,21,22106,,N,G,B,F,A,H,-,A,D,0,Y,,,,Y,,A,01,2,0,0,0,1,0,0,0,0,"- ","- ",,,VENTURA,"THOUSAND OAKS",-118.85769653320312,34.21356201171875
90331678,2016,2016-11-29,9770,2016-11-22,1714,017409,,2,2,6,5607,0,1,2,,2,072,"US-101 N/B (VENTURA FREEWAY)","LYNN ROAD",1750.00,S,N,A,-,Y,,,101,,,,,,N,Y,2,0,1,2,A,-,07,21658,A,N,B,C,A,A,H,-,B,D,0,,,Y,,Y,,A,01,1,0,0,0,0,0,0,0,1,"- ","- ",34.181170000000002,-118.88674,VENTURA,"THOUSAND OAKS",-118.88670332,34.181243250000001
90335135,2016,2016-12-01,9770,2016-07-08,1131,018332,,5,1,6,5607,0,1,2,,2,070,"US-101 N/B (VENTURA FREEWAY)","CAMARILLO CITY LIMITS",734.00,S,N,A,-,Y,,,101,,,,,,N,Y,1,1,0,1,A,-,01,23152,E,N,E,I,A,A,H,-,A,D,0,,,,,Y,,A,07,0,0,0,0,0,0,0,0,0,"- ","- ",34.200400000000002,-118.95856000000001,VENTURA,"THOUSAND OAKS",-118.95857037,34.200346519999997
90337948,2016,2016-12-06,9765,2016-11-28,1320,014535,,1,1,9,5600,0,1,2,,1,102,"US-101 N/B","MOBIL PIER",1256.00,N,N,B,-,Y,,,101,,,,,,N,Y,2,0,1,1,A,-,08,22107,,N,E,I,A,A,H,-,A,D,0,,,,,Y,,A,01,1,0,0,0,0,0,0,0,0,"- ","- ",34.353850000000001,-119.42815,VENTURA,UNINCORPORATED,-119.42819111,34.353793940000003
90340522,2016,2016-12-08,9765,2016-09-16,0355,020001,,5,3,9,5600,0,1,3,,1,042,"STATE ROUTE 126 (WESTBOUND)","OLD TELEGRAPH ROAD",430.00,W,N,A,-,Y,,,126,,,,,,,Y,1,1,3,3,A,-,08,22107,,N,B,C,A,A,H,-,D,D,0,,,,,Y,,A,01,0,1,2,0,0,0,0,0,0,"- ","- ",34.391919999999999,-118.95654,VENTURA,UNINCORPORATED,-118.95650867000001,34.391880090000001
90341302,2016,2016-12-09,9765,2016-09-10,1047,015117,,6,1,9,5600,0,1,3,,1,068,"SR-34 (EAST 5TH STREET)","LAS POSAS ROAD",2640.00,W,N,A,-,Y,,,,,,,,,,Y,1,1,1,2,A,-,08,22107,,N,A,C,A,A,H,-,A,D,0,,,,,Y,,A,01,0,0,1,0,0,0,0,0,0,"- ","- ",34.196399999999997,-119.07968,VENTURA,UNINCORPORATED,,
90365139,2016,2017-01-10,9765,2016-10-16,1340,020924,,7,1,6,5608,1,1,3,,2,030,"SR-126 E/B  (SANTA PAULA FREEWAY)","VICTORIA AVENUE",3372.00,W,N,A,-,Y,,,126,,,,,,E,Y,1,1,0,2,A,-,01,23152,F,N,F,A,A,A,H,-,A,D,0,,,Y,,Y,Y,C,02,0,0,0,0,0,0,0,1,0,"- ","- ",34.270249999999997,-119.22116,VENTURA,VENTURA,-119.22116337,34.270273680000003
90375523,2017,2017-01-23,9770,2017-01-20,0520,020998,,5,3,6,5609,0,1,3,,2,082,"SR-118 W/B (RONALD REAGAN FREEWAY)","STOW STREET",450.00,W,N,B,C,Y,,,118,,,,,,W,Y,2,0,1,1,A,-,08,22107,,N,E,I,A,B,H,-,D,D,0,,,,,Y,,D,22,1,0,0,0,0,0,0,0,0,"- ","- ",34.281790000000001,-118.68413,VENTURA,"SIMI VALLEY",-118.68412992,34.281741670000002
90386438,2017,2017-02-06,9765,2017-01-31,0625,016234,,2,1,9,5600,0,1,3,,1,062,"SR-1 (PACIFIC COAST HIGHWAY)","LA JOLLA CANYON",4224.00,N,N,A,-,Y,,,1,,,,,,,Y,2,0,2,2,A,-,08,22107,,N,A,C,A,A,H,-,D,D,0,,,,,Y,,A,08,1,0,1,0,0,0,0,0,0,"- ","- ",34.08522,-119.04949999999999,VENTURA,UNINCORPORATED,-119.04953451999999,34.085299569999997
90391685,2017,2017-02-13,9765,2017-02-12,1310,016727,,7,1,9,5600,0,1,3,,1,022,SR-150,"RAMELI RANCH ROAD",4224.00,W,N,A,-,Y,,,150,,,,,,,Y,2,0,1,1,A,-,03,22350,,N,F,A,A,A,H,-,A,D,0,,,Y,,Y,,C,02,1,0,0,0,0,0,0,0,1,"- ","- ",34.390689999999999,-119.41583,VENTURA,UNINCORPORATED,-119.41588541,34.390646820000001
90397632,2017,2017-02-22,9765,2017-02-11,0033,020873,,6,3,6,5608,0,3,5,,2,004,"SANTA PAULA STREET","BRIGGS ROAD",528.00,W,N,A,-,N,,,,,,,,,,Y,2,0,1,1,A,-,08,22107,,N,E,I,A,B,H,-,D,D,0,,,,,Y,,A,01,1,0,0,0,0,0,0,0,0,"- ","- ",34.332880000000003,-119.11229,VENTURA,VENTURA,-119.11228991,34.332815969999999
90416530,2017,2017-03-22,9770,2017-03-14,1600,021420,,2,2,9,5600,0,2,4,,1,062,"POTRERO ROAD","JANSS ROAD (PRIVATE)",0.00,,Y,A,-,N,,,,,,,,,,Y,2,0,3,2,A,-,09,21802,A,N,D,C,A,A,H,-,A,A,0,,,,,Y,,A,07,1,1,1,0,0,0,0,0,0,"- ","- ",34.14134,-118.87779,VENTURA,UNINCORPORATED,-118.87760639,34.141348309999998
90437309,2017,2017-04-19,9765,2017-04-15,1610,018754,,6,2,9,5600,0,1,3,,2,040,"SR-126 E/B","EDWARDS RANCH ROAD",1056.00,E,N,A,-,Y,,,126,,,,,,E,Y,2,0,3,1,A,-,08,22107,,N,E,I,A,A,H,-,A,D,0,,,,,Y,,A,01,2,1,0,0,0,0,0,0,0,"- ","- ",34.309829999999998,-119.12219,VENTURA,UNINCORPORATED,-119.12219159,34.30983269
90439757,2017,2017-04-21,9770,2017-04-12,1550,021420,,3,2,9,5600,0,1,3,,1,043,"SR-126 E/B (EAST TELEGRAPH ROAD)","POWELL ROAD",1584.00,W,N,A,-,Y,,,126,,,,,,E,N,2,0,1,2,A,-,05,21650,,N,D,C,A,A,H,-,A,D,0,,,Y,,Y,,C,02,1,0,0,0,0,0,0,0,1,"- ","- ",34.400640000000003,-118.81914999999999,VENTURA,UNINCORPORATED,-118.81914935,34.400717899999997
90439843,2017,2017-04-24,9770,2017-04-12,2019,020721,,3,2,6,5607,0,1,2,,2,075,"US-101 S/B (VENTURA FREEWAY)","HAMPSHIRE ROAD",583.00,S,N,A,-,Y,,,101,,,,,,S,Y,2,0,1,1,A,-,01,23152,A,N,E,I,A,A,H,-,C,D,0,,,,,Y,Y,D,22,1,0,0,0,0,0,0,0,0,"- ","- ",34.165109999999999,-118.83627,VENTURA,"THOUSAND OAKS",-118.83637281,34.164955319999997
90440708,2017,2017-04-24,9770,2017-04-20,0610,017638,,4,1,6,5609,0,1,3,,2,082,"SR-118 W/B (RONALD REAGAN FREEWAY)","ROCKY PEAK ROAD",267.00,W,N,A,-,Y,,,,,,,,,,Y,2,0,3,3,A,-,01,23152,A,N,E,I,A,A,H,-,B,D,0,,,,,Y,Y,D,22,1,0,2,0,0,0,0,0,0,"- ","- ",34.260309999999997,-118.63668,VENTURA,"SIMI VALLEY",,
90455577,2017,2017-05-15,9765,2017-05-06,1930,015658,,6,2,9,5600,0,1,2,,2,501,"US 101 S/B (EL CAMINO REAL)","DEL NORTE BLVD.",900.00,S,N,A,-,Y,,,,,,,,,,Y,2,0,2,1,A,-,08,22107,,N,E,I,A,A,H,-,B,D,0,,,,,Y,,A,07,1,0,1,0,0,0,0,0,0,"- ","- ",34.221809999999998,-119.11929000000001,VENTURA,UNINCORPORATED,,
90456525,2017,2017-05-16,9770,2017-05-05,0608,019849,,5,1,9,5600,0,1,3,,1,045,"SR-126 (EAST TELEGRAPH ROAD)","CENTER STREET",14.00,E,N,A,-,Y,,,126,,,,,,,Y,2,0,1,2,A,-,08,22107,,N,A,C,A,A,H,-,A,D,0,,,,Y,Y,,A,01,1,0,0,0,0,0,0,0,0,"- ","- ",34.410519999999998,-118.78016,VENTURA,UNINCORPORATED,-118.78014733000001,34.410539489999998
90471057,2017,2017-06-05,9765,2017-05-29,1620,019827,,1,2,9,5600,0,1,3,,1,062,SR-1,"YERBA BUENA ROAD",300.00,S,N,B,-,N,,,1,,,,,,,Y,2,0,1,2,A,-,08,22107,,F,B,C,A,A,H,-,A,D,0,,,Y,,Y,,D,22,1,0,0,0,0,0,0,0,1,"- ","- ",34.054479999999998,-118.96545999999999,VENTURA,UNINCORPORATED,-118.96550976,34.05442163