CASE_ID,ACCIDENT_YEAR,PROC_DATE,JURIS,COLLISION_DATE,COLLISION_TIME,OFFICER_ID,REPORTING_DISTRICT,DAY_OF_WEEK,CHP_SHIFT,POPULATION,CNTY_CITY_LOC,SPECIAL_COND,BEAT_TYPE,CHP_BEAT_TYPE,CITY_DIVISION_LAPD,CHP_BEAT_CLASS,BEAT_NUMBER,PRIMARY_RD,SECONDARY_RD,DISTANCE,DIRECTION,INTERSECTION,WEATHER_1,WEATHER_2,STATE_HWY_IND,CALTRANS_COUNTY,CALTRANS_DISTRICT,STATE_ROUTE,ROUTE_SUFFIX,POSTMILE_PREFIX,POSTMILE,LOCATION_TYPE,RAMP_INTERSECTION,SIDE_OF_HWY,TOW_AWAY,COLLISION_SEVERITY,NUMBER_KILLED,NUMBER_INJURED,PARTY_COUNT,PRIMARY_COLL_FACTOR,PCF_CODE_OF_VIOL,PCF_VIOL_CATEGORY,PCF_VIOLATION,PCF_VIOL_SUBSECTION,HIT_AND_RUN,TYPE_OF_COLLISION,MVIW,PED_ACTION,ROAD_SURFACE,ROAD_COND_1,ROAD_COND_2,LIGHTING,CONTROL_DEVICE,CHP_ROAD_TYPE,PEDESTRIAN_ACCIDENT,BICYCLE_ACCIDENT,MOTORCYCLE_ACCIDENT,TRUCK_ACCIDENT,NOT_PRIVATE_PROPERTY,ALCOHOL_INVOLVED,STWD_VEHTYPE_AT_FAULT,CHP_VEHTYPE_AT_FAULT,COUNT_SEVERE_INJ,COUNT_VISIBLE_INJ,COUNT_COMPLAINT_PAIN,COUNT_PED_KILLED,COUNT_PED_INJURED,COUNT_BICYCLIST_KILLED,COUNT_BICYCLIST_INJURED,COUNT_MC_KILLED,COUNT_MC_INJURED,PRIMARY_RAMP,SECONDARY_RAMP,LATITUDE,LONGITUDE,COUNTY,CITY,POINT_X,POINT_Y
90477015,2016,2017-06-13,9770,2016-12-19,1520,017435,,1,2,9,5600,0,1,3,,1,045,"SR-126 E/B (EAST TELEGRAPH ROAD)","CENTER STREET",25.00,W,N,A,G,Y,,,126,,,,,,E,Y,1,1,6,5,A,-,08,22107,,N,C,C,A,A,H,-,A,D,0,,,,Y,Y,,A,08,2,0,4,0,0,0,0,0,0,"- ","- ",34.410600000000002,-118.78037999999999,VENTURA,UNINCORPORATED,-118.78039966999999,34.410563619999998
90477481,2017,2017-06-14,9765,2017-06-11,1330,019827,,7,1,9,5600,0,1,3,,1,062,"SR-1  (PACIFIC COAST HIGHWAY)","DEER CREEK ROAD",77.00,N,N,A,-,Y,,,1,,,,,,,Y,2,0,2,1,A,-,03,22350,,N,F,A,A,A,H,-,A,D,0,,,Y,,Y,,C,02,1,1,0,0,0,0,0,0,2,"- ","- ",34.062539999999998,-118.9864,VENTURA,UNINCORPORATED,-118.98637219,34.062596820000003
90478133,2017,2017-06-14,9770,2017-06-09,0335,018659,,5,3,9,5600,0,3,5,,2,008,"TAPO CANYON ROAD","LOST CANYONS DRIVE",1500.00,N,N,A,-,N,,,,,,,,,,Y,2,0,1,1,A,-,01,23152,A,N,F,A,A,A,H,-,D,D,0,,,,,Y,Y,A,01,1,0,0,0,0,0,0,0,0,"- ","- ",34.311140000000002,-118.72016000000001,VENTURA,UNINCORPORATED,-118.71941149,34.309595960000003
90480513,2017,2017-06-19,9770,2017-06-10,0719,019849,,6,1,9,5600,0,2,4,,1,087,"SANTA SUSANA PASS ROAD","BOX CANYON ROAD",1018.00,W,N,A,-,N,,,,,,,,,,Y,2,0,1,1,A,-,03,22350,,N,F,A,A,A,H,-,A,D,0,,,Y,,Y,,C,02,1,0,0,0,0,0,0,0,1,"- ","- ",34.263010000000001,-118.64695,VENTURA,UNINCORPORATED,-118.64713252,34.262850559999997
90488226,2017,2017-06-27,9765,2017-06-15,0605,018001,,4,1,9,5600,0,3,5,,2,006,"PLEASANT VALLEY ROAD","SR-34 (E. FIFTH STREET)",1056.00,S,N,A,-,N,,,,,,,,,,Y,2,0,1,2,A,-,09,21801,A,N,D,C,A,A,H,-,A,D,0,,,Y,,Y,,A,01,1,0,0,0,0,0,0,0,1,"- ","- ",34.194800000000001,-119.1062,VENTURA,UNINCORPORATED,-119.10669923,34.194277409999998
90504384,2017,2017-07-20,9765,2017-07-12,1835,020762,,3,2,6,5608,0,1,2,,2,301,"US-101 S/B (VENTURA FWY)","SEAWARD AVENUE",850.00,S,N,B,-,Y,,,101,,,,,,S,Y,2,0,1,2,A,-,03,22350,,N,C,C,A,A,H,-,A,D,0,,,Y,,Y,,C,02,1,0,0,0,0,0,0,0,1,"- ","- ",34.263509999999997,-119.26725,VENTURA,VENTURA,-119.26723923,34.263529900000002
90507517,2017,2017-07-25,9770,2017-07-15,2050,020721,,6,2,6,5609,0,1,3,,2,082,"SR-118 W/B (RONALD REAGAN FREEWAY)","ROCKY PEAK ROAD",4060.00,W,N,A,-,Y,,,118,,,,,,W,Y,2,0,1,1,A,-,01,23152,A,N,E,I,A,A,H,-,D,D,0,,,,,Y,Y,A,01,1,0,0,0,0,0,0,0,0,"- ","- ",34.26979,-118.6472,VENTURA,"SIMI VALLEY",-118.64722091,34.26973924
90513334,2017,2017-07-31,9770,2017-03-23,1634,018572,,4,2,6,5607,0,1,2,,2,073,"US-101 S/B (VENTURA FREEWAY)","WENDY DRIVE",1000.00,N,N,A,-,Y,,,101,,,,,,S,Y,1,1,1,2,A,-,01,23152,F,N,C,E,A,A,H,-,A,D,0,,,,Y,Y,,A,07,0,0,1,0,0,0,0,0,0,"- ","- ",34.195920000000001,-118.95132,VENTURA,"THOUSAND OAKS",-118.95122494,34.196047980000003
9052125,2020,2020-03-02,5609,2020-01-03,1543,443,316,5,5,6,5609,0,0,0,,0,003,"HEYWOOD ST","ERRINGER RD",15.00,E,N,A,-,N,,,,,,,,,,N,2,0,1,2,A,-,09,21801,A,N,H,G,A,A,H,-,A,A,0,,Y,,,Y,,A,01,1,0,0,0,0,0,1,0,0,"- ","- ",34.268421173095703,-118.76132202148438,VENTURA,"SIMI VALLEY",-118.76136016845703,34.268428802490234
90523365,2017,2017-08-15,9770,2017-08-07,1145,021738,,1,1,5,5601,0,1,2,,2,070,"US-101 N/B (VENTURA FREEWAY)","CAMARILLO SPRINGS ROAD",1460.00,N,N,A,-,Y,,,,,,,,,,Y,2,0,1,2,A,-,03,22350,,N,C,C,A,A,H,-,A,D,0,,,Y,,Y,,C,02,1,0,0,0,0,0,0,0,1,"- ","- ",34.203200000000002,-118.97872,VENTURA,CAMARILLO,-118.98827061,34.205462079999997
90534666,2017,2017-08-28,9770,2017-08-20,1720,021738,,7,2,9,5600,0,2,4,,1,056,"SR-23 (GRIMES CANYON ROAD)","3500 GRIMES CANYON ROAD",250.00,N,N,A,-,Y,,,23,,,,,,,Y,2,0,1,1,A,-,08,22107,,N,F,I,A,A,H,-,A,D,0,,,Y,,Y,,C,02,1,0,0,0,0,0,0,0,1,"- ","- ",34.34393,-118.91105,VENTURA,UNINCORPORATED,-118.9110956,34.344002750000001
90540950,2017,2017-09-05,9770,2017-08-28,1830,018885,,1,2,4,5690,0,1,3,,2,081,"SR-118 E/B (RONALD REAGAN FREEWAY)","COLLINS DRIVE",915.00,W,N,A,-,Y,,,118,,,,,,E,Y,2,0,3,2,A,-,03,22350,,N,C,C,A,A,H,-,A,D,0,,,,,Y,,A,01,1,0,2,0,0,0,0,0,0,"- ","- ",34.293230000000001,-118.84575,VENTURA,MOORPARK,-118.84574708,34.293178679999997
90545011,2017,2017-09-11,9770,2017-08-28,1459,018332,,1,2,9,5600,0,2,4,,1,086,"TIERRA REJADA ROAD","LAPEYRE ROAD (PRIVATE)",25.00,E,N,A,-,N,,,,,,,,,,Y,2,0,1,2,A,-,09,21804,A,N,D,C,A,A,H,-,A,D,0,,,,,Y,,D,22,1,0,0,0,0,0,0,0,0,"- ","- ",34.268909999999998,-118.83722,VENTURA,UNINCORPORATED,-118.83715754000001,34.268534340000002
90563090,2017,2017-10-04,9765,2017-04-07,0700,018490,,5,1,9,5600,0,1,3,,2,011,"SR-33 S/B","STANLEY AVENUE",3696.00,S,N,A,-,Y,,,33,,,,,,S,Y,1,1,0,1,A,-,08,22107,,N,E,I,A,A,H,-,A,D,0,,,,,Y,,D,22,0,0,0,0,0,0,0,0,0,"- ","- ",34.290460000000003,-119.30691,VENTURA,UNINCORPORATED,-119.30683471,34.290444039999997
90573064,2017,2017-10-18,9765,2017-10-07,1013,018490,,6,1,9,5600,0,1,3,,1,023,SR-150,"OLD WALNUT RD.",2640.00,W,N,A,-,Y,,,,,,,,,,Y,2,0,3,2,A,-,08,22107,,N,A,C,A,A,H,-,A,D,0,,,,,Y,,A,07,3,0,0,0,0,0,0,0,0,"- ","- ",34.268999999999998,-119.111,VENTURA,UNINCORPORATED,-119.17925,34.436070000000001
90576082,2017,2017-10-23,9765,2017-10-11,1605,020691,,3,2,9,5600,0,1,3,,1,062,SR-1,"LA JOLLA CANYON ROAD",6864.00,N,N,A,-,Y,,,1,,,,,,,Y,2,0,3,2,A,-,09,21804,A,N,D,C,A,A,H,-,A,A,0,,,,,Y,,A,01,1,2,0,0,0,0,0,0,0,"- ","- ",34.08634,-119.05895,VENTURA,UNINCORPORATED,-119.05894779,34.08635383
90587699,2017,2017-11-06,9770,2017-10-26,1842,020917,,4,2,9,5600,0,1,3,,1,057,"SR-23 (GRIMES CANYON ROAD)","ROCK QUARRY",5280.00,S,N,A,-,Y,,,23,,,,,,,Y,2,0,1,3,A,-,05,21460,A,N,A,C,A,A,H,-,B,D,0,,,,,Y,,A,01,1,0,0,0,0,0,0,0,0,"- ","- ",34.343130000000002,-118.90617,VENTURA,UNINCORPORATED,-118.9062515,34.34325338
90589135,2017,2017-11-07,9765,2017-10-29,1345,020912,,7,1,9,5600,0,3,5,,2,002,"CREEK RD.","HERMOSA RD.",528.00,S,N,B,-,N,,,,,,,,,,Y,2,0,5,1,A,-,08,22107,,N,E,I,A,A,H,-,A,D,0,,,,,Y,,A,07,2,0,3,0,0,0,0,0,0,"- ","- ",34.425620000000002,-119.26053,VENTURA,UNINCORPORATED,-119.25969600000001,34.42577696
90599340,2017,2017-11-21,9765,2017-11-11,2055,020423,,6,2,9,5600,0,1,2,,1,104,"US-101 N/B","SR-1 (STATE BEACHES)",0.00,,N,A,-,Y,,,101,,,,,,N,Y,2,0,4,1,A,-,08,22107,,N,E,I,A,A,H,-,D,D,0,,,,,Y,,A,01,2,0,2,0,0,0,0,0,0,"- ","- ",34.292149999999999,-119.33722,VENTURA,UNINCORPORATED,-119.33721312,34.292156470000002
90612764,2017,2017-12-08,9765,2017-10-28,1526,017603,,6,2,9,5600,0,1,3,,1,055,SR-118,"LA VISTA AVENUE",2112.00,W,N,A,-,Y,,,118,,,,,,,Y,2,0,5,1,A,-,01,23152,A,N,E,I,A,A,H,-,A,A,0,,,,,Y,Y,D,22,5,0,0,0,0,0,0,0,0,"- ","- ",34.26247,-119.09932999999999,VENTURA,UNINCORPORATED,-119.09931023,34.262406929999997
90617371,2017,2017-12-14,9770,2017-01-31,0230,020238,,2,3,9,5600,0,1,3,,2,084,"SR-23 N/B (MOORPARK FREEWAY)","TIERRA REJADA ROAD",5182.00,S,N,A,-,Y,,,23,,,,,,N,Y,1,1,1,1,A,-,01,23152,G,N,F,A,A,A,H,-,D,D,0,,,,,Y,Y,A,01,1,0,0,0,0,0,0,0,0,"- ","- ",34.254010000000001,-118.83987999999999,VENTURA,UNINCORPORATED,-118.84004966000001,34.253994859999999
90621176,2017,2017-12-20,9770,2017-12-09,0750,018332,,6,1,6,5607,0,1,2,,2,072,"US-101 N/B (VENTURA FREEWAY)","WENDY DRIVE",528.00,S,N,A,-,Y,,,101,,,,,,N,Y,2,0,1,2,A,-,03,22350,,F,B,C,A,A,H,-,A,D,0,,,,,Y,,A,01,1,0,0,0,0,0,0,0,0,"- ","- ",34.189259999999997,-118.93786,VENTURA,"THOUSAND OAKS",-118.9378533,34.189275629999997
90628653,2017,2017-12-28,9770,2017-12-24,1815,020238,,7,2,6,5607,0,1,2,,2,072,"US-101 (N/B) FROM LYNN ROAD","LYNN ROAD",30.00,N,N,A,-,Y,,,101,,,,R,,,Y,2,0,1,1,A,-,08,22107,,N,E,I,A,A,H,-,C,D,0,,,,,Y,,A,07,1,0,0,0,0,0,0,0,0,"- ","- ",34.183610000000002,-118.8914,VENTURA,"THOUSAND OAKS",-118.8914,34.183610000000002
90631748,2017,2018-01-03,9765,2017-07-15,1852,018754,,6,2,6,5608,0,1,3,,2,030,"SR-126 E/B","SATICOY AVENUE",5280.00,W,N,A,-,Y,,,126,,,,,,E,Y,1,1,0,1,A,-,01,23152,G,N,E,I,A,A,H,-,A,D,0,,,,,Y,Y,A,08,0,0,0,0,0,0,0,0,0,"- ","- ",34.276539999999997,-119.17892999999999,VENTURA,VENTURA,-119.17896712,34.276652570000003
90641894,2018,2018-01-17,9765,2018-01-13,1236,018019,,6,1,9,5600,0,3,5,,2,006,"POTRERO ROAD","VIA ACOSTA",2388.00,W,N,A,-,N,,,,,,,,,,N,2,0,1,1,C,-,18,,,N,F,A,A,A,H,-,A,D,0,,Y,,,Y,,-,"- ",1,0,0,0,0,0,1,0,0,"- ","- ",34.159069061279297,-118.99532318115234,VENTURA,UNINCORPORATED,-118.99552154541016,34.158412933349609
90643163,2018,2018-01-18,9765,2018-01-13,0225,020762,,6,3,9,5600,0,1,3,,1,055,SR-118,"BRADLEY ROAD",0.00,,N,A,-,Y,,,118,,,,,,,Y,2,0,3,2,A,-,01,23152,A,N,A,C,A,A,H,-,C,D,0,,,,,Y,Y,D,22,1,2,0,0,0,0,0,0,0,"- ","- ",34.263771057128906,-119.0111083984375,VENTURA,UNINCORPORATED,-119.0111083984375,34.263763427734375
90652670,2018,2018-02-01,9765,2018-01-12,1740,019827,,5,2,9,5600,0,1,3,,1,012,SR-1,"A LEASE CANYON ROAD",1056.00,N,N,A,-,Y,,,1,,,,,,,N,2,0,1,2,A,-,08,22107,,F,H,G,A,A,H,-,D,D,0,,Y,,,Y,Y,A,01,1,0,0,0,0,0,1,0,0,"- ","- ",34.31890869140625,-119.36846923828125,VENTURA,UNINCORPORATED,-119.36845397949219,34.318935394287109
9065740,2020,2020-11-03,5600,2020-05-24,1018,4665,9110,7,5,6,5607,0,0,0,,0,09C,"BORCHARD RD","REINO RD",0.00,,Y,A,-,N,,,,,,,,,,Y,2,0,2,2,A,-,01,23153,A,F,D,C,A,A,H,-,A,A,0,,,,,Y,Y,A,01,1,0,1,0,0,0,0,0,0,"- ","- ",,,VENTURA,"THOUSAND OAKS",-118.95233154296875,34.178981781005859
90661255,2017,2018-02-14,9765,2017-12-22,1630,020762,,5,2,9,5600,0,3,5,,2,004,"BALCOM CANYON ROAD","BRADLEY ROAD",5280.00,N,N,A,-,N,,,,,,,,,,Y,1,1,1,1,A,-,03,22350,,N,E,I,A,A,H,-,B,A,0,,,,,Y,Y,D,22,1,0,0,0,0,0,0,0,0,"- ","- ",34.325060000000001,-118.97783,VENTURA,UNINCORPORATED,-118.97817245,34.324661210000002
90664604,2018,2018-02-20,9765,2018-02-01,1745,017469,,4,2,9,5600,0,1,3,,1,044,SR-150,"SANTA PAULA CREEK BRIDGE",820.00,E,N,A,-,Y,,,150,,,,,,,Y,2,0,1,1,A,-,01,23152,A,N,F,A,A,A,H,-,D,D,0,,,Y,,Y,,C,02,1,0,0,0,0,0,0,0,1,"- ","- ",34.425079345703125,-119.08724975585938,VENTURA,UNINCORPORATED,-119.08720397949219,34.425102233886719
90664645,2017,2018-02-20,9765,2017-12-23,0850,018019,,6,1,9,5600,0,1,3,,1,042,SR-126,"HALL ROAD",9.00,W,N,A,-,Y,,,126,,,,,,,Y,1,1,0,2,A,-,08,22107,,N,H,C,A,A,H,-,A,D,0,,,,Y,Y,,G,27,0,0,0,0,0,0,0,0,0,"- ","- ",34.378689999999999,-118.99005,VENTURA,UNINCORPORATED,-118.99004189,34.378653499999999
90666688,2017,2018-02-22,9770,2017-03-31,0550,017662,,5,3,9,5600,0,1,3,,1,043,"SR-126 E/B (EAST TELEGRAPH ROAD)","CAVIN ROAD (PRIVATE)",0.00,,Y,A,-,Y,,,126,,,,,,E,Y,1,1,1,2,A,-,09,21801,A,N,D,C,A,A,H,-,D,D,0,,,Y,,Y,,A,07,0,1,0,0,0,0,0,1,0,"- ","- ",34.397329999999997,-118.84981000000001,VENTURA,UNINCORPORATED,-118.84980446,34.397300880000003
90666725,2017,2018-02-22,9770,2017-06-30,2152,020917,,5,2,6,5609,0,1,3,,2,083,"SR-118 E/B (RONALD REAGAN FREEWAY)","ROCKY PEAK ROAD",1056.00,W,N,A,-,Y,,,118,,,,,,E,Y,1,1,0,4,A,-,11,21954,A,N,G,B,D,A,H,-,D,D,0,Y,,,,Y,,N,60,0,0,0,1,0,0,0,0,0,"- ","- ",34.2667,-118.64219,VENTURA,"SIMI VALLEY",-118.64219455,34.266682279999998
90670680,2018,2018-02-27,9765,2018-02-14,1850,019827,,3,2,6,5604,0,1,2,,2,301,"US-101 S/B","SR-232 (VINEYARD AVENUE)",1056.00,N,N,A,-,Y,,,101,,,,,,S,N,2,0,1,2,A,-,07,21658,A,N,B,C,A,A,H,-,C,D,0,,,Y,,Y,,A,01,1,0,0,0,0,0,0,0,1,"- ","- ",34.234401702880859,-119.17530059814453,VENTURA,OXNARD,-119.1754150390625,34.234294891357422
90681238,2017,2018-03-13,9765,2017-12-20,0300,016234,,3,3,5,5601,0,1,2,,2,504,"US-101 N/B  (VENTURA FREEWAY)","CAMARILLO SPRINGS ROAD",2640.00,N,N,A,-,Y,,,101,,,,,,N,Y,1,1,1,1,A,-,08,22107,,N,E,I,A,A,H,-,D,D,0,,,,,Y,Y,A,01,1,0,0,0,0,0,0,0,0,"- ","- ",34.207569999999997,-118.99173999999999,VENTURA,CAMARILLO,-118.99180870000001,34.20749678
90681307,2018,2018-03-27,9765,2018-03-03,0530,018019,,6,3,6,5608,0,1,3,,2,011,"SR-33 S/B (OJAI FREEWAY)","STANLEY AVENUE",168.00,S,N,B,C,Y,,,33,,,,,,S,Y,1,1,0,1,A,-,08,22107,,N,E,I,A,B,H,-,D,D,0,,,,,Y,,A,01,0,0,0,0,0,0,0,0,0,"- ","- ",34.300540924072266,-119.30196380615234,VENTURA,VENTURA,-119.30206298828125,34.30059814453125
90697035,2018,2018-09-18,9765,2018-03-22,0200,013206,,4,3,9,5600,0,1,3,,2,040,"SR-126 E/B","CLOW ROAD",750.00,W,N,B,-,Y,,,126,,,,,,E,Y,1,1,0,1,A,-,01,23152,A,N,E,I,A,B,H,-,D,D,0,,,,,Y,Y,A,01,0,0,0,0,0,0,0,0,0,"- ","- ",34.325199127197266,-119.09638214111328,VENTURA,UNINCORPORATED,-119.09642028808594,34.32525634765625
90697058,2018,2018-04-02,9765,2018-01-17,1404,015117,,3,2,9,5600,0,1,3,,2,060,"STURGIS ROAD","DEL NORTE BOULEVARD",528.00,E,N,A,-,N,,,,,,,,,,Y,1,1,0,1,A,-,08,22107,,N,E,I,A,A,H,-,A,D,0,,,,,Y,,A,01,0,0,0,0,0,0,0,0,0,"- ","- ",34.201908111572266,-119.1246337890625,VENTURA,UNINCORPORATED,-119.12569427490234,34.20184326171875
90698016,2018,2018-04-04,9770,2018-03-22,1450,019930,,4,2,6,5607,0,1,2,,2,074,"US-101 N/B (VENTURA FREEWAY)","HAMPSHIRE ROAD",3432.00,N,N,B,C,Y,,,101,,,,,,N,Y,2,0,1,1,A,-,03,22350,,N,E,I,A,B,H,-,A,D,0,,,,,Y,,A,01,1,0,0,0,0,0,0,0,0,"- ","- ",34.172130584716797,-118.84654235839844,VENTURA,"THOUSAND OAKS",-118.84661865234375,34.172019958496094
90700164,2018,2018-04-06,9430,2018-03-27,1355,020304,,2,1,9,5600,0,1,3,,1,030,"STATE ROUTE 33","BURGES CREEK",500.00,N,N,A,-,Y,,,,,,,,,,Y,2,0,1,1,A,-,03,22350,,N,F,A,A,A,H,-,A,D,0,,,Y,,Y,,C,02,1,0,0,0,0,0,0,0,1,"- ","- ",34.443149566650391,-119.24169158935547,VENTURA,UNINCORPORATED,,
90704219,2018,2018-04-12,9765,2018-04-04,0128,018305,,3,3,6,5608,0,1,2,,2,301,"US-101 S/B","EAST MAIN STREET",18.00,S,N,A,-,Y,,,,,,,,,,N,2,0,1,1,A,-,03,22350,,N,F,A,A,A,H,-,C,D,0,,,Y,,Y,,C,02,1,0,0,0,0,0,0,0,1,"- ","- ",34.264358520507812,-119.42653656005859,VENTURA,VENTURA,-119.24342346191406,34.264175415039062
90706416,2018,2018-04-16,9770,2018-04-10,1516,020832,,2,2,6,5609,0,1,3,,2,080,"SR-118 W/B (RONALD REAGAN FREEWAY)","LANDFILL ACCESS ROAD",1003.00,W,N,A,-,Y,,,118,,,,,,W,Y,2,0,3,2,A,-,03,22350,,N,C,C,A,A,H,-,A,D,0,,,,,Y,,A,07,2,1,0,0,0,0,0,0,0,"- ","- ",34.288841247558594,-118.80229187011719,VENTURA,"SIMI VALLEY",-118.80226898193359,34.288875579833984
90708378,2018,2018-04-18,9770,2018-04-15,2030,020238,,7,2,9,5600,0,2,4,,1,087,"SANTA SUSANA PASS ROAD","BOX CANYON ROAD",5280.00,W,N,A,-,N,,,,,,,,,,Y,2,0,1,1,A,-,08,22107,,N,E,I,A,A,H,-,D,D,0,,,,,Y,,A,01,1,0,0,0,0,0,0,0,0,"- ","- ",34.261531829833984,-118.64803314208984,VENTURA,UNINCORPORATED,-118.65940093994141,34.260204315185547
90716550,2018,2018-04-30,9765,2018-04-19,1525,019057,,4,2,9,5600,0,3,5,,2,006,"HUENEME ROAD","RICE AVENUE",250.00,W,N,A,-,N,,,,,,,,,,Y,2,0,1,1,A,-,03,22350,,N,F,A,A,A,H,-,A,A,0,,,,Y,Y,,G,25,1,0,0,0,0,0,0,0,0,"- ","- ",34.147769927978516,-119.13710784912109,VENTURA,UNINCORPORATED,-119.1378173828125,34.147167205810547
90721309,2018,2018-05-07,9765,2018-04-29,1125,015117,,7,1,9,5600,0,1,2,,2,301,"US-101 S/B (VENTURA FREEWAY)","JOHNSON DRIVE",500.00,N,N,A,-,Y,,,,,,,,,,Y,2,0,2,1,A,-,17,21711,,N,F,A,A,A,H,-,A,D,0,,,,,Y,,E,22,1,1,0,0,0,0,0,0,0,"- ","- ",34.243328094482422,-119.19828033447266,VENTURA,UNINCORPORATED,,
90735771,2018,2018-05-29,9765,2018-05-19,0450,020850,,6,3,9,5600,0,3,5,,2,005,"SANTA CLARA AVENUE","WRIGHT ROAD",0.00,,Y,A,-,N,,,,,,,,,,Y,2,0,1,2,A,-,03,22350,,N,D,C,A,A,H,-,C,A,0,,,,Y,Y,,A,01,1,0,0,0,0,0,0,0,0,"- ","- ",34.251720428466797,-119.11325836181641,VENTURA,UNINCORPORATED,-119.11325836181641,34.251670837402344
90740352,2018,2018-06-04,9765,2018-05-27,0046,018305,,7,3,6,5608,0,1,3,,2,011,"SR-33 S/B FROM STANLEY AVENUE","STANLEY AVENUE",25.00,S,N,B,-,Y,,,33,,,,R,,S,Y,2,0,1,2,A,-,01,23152,A,N,D,C,A,A,H,-,C,A,0,,,,Y,Y,Y,A,07,1,0,0,0,0,0,0,0,0,"- ","- ",34.300861358642578,-119.30178833007812,VENTURA,VENTURA,-119.30178833007812,34.300861358642578
90744368,2018,2018-06-08,9770,2018-05-28,1840,016561,,1,2,5,5601,0,1,2,,2,071,"US-101 S/B (VENTURA FREEWAY)","CONEJO INSPECTION FACILITY",1584.00,N,N,A,-,Y,,,101,,,,,,S,Y,2,0,1,2,A,-,03,22350,,N,C,C,A,A,H,-,A,D,0,,,,Y,Y,,A,01,1,0,0,0,0,0,0,0,0,"- ","- ",34.200031280517578,-118.96183013916016,VENTURA,CAMARILLO,-118.96183013916016,34.200103759765625
90747172,2018,2018-06-13,9765,2018-05-09,1530,019827,,3,2,9,5600,0,1,3,,1,021,SR-33,"BELLYACHE FALLS",13728.00,N,N,A,-,Y,,,33,,,,,,,Y,1,1,0,1,A,-,08,22107,,N,E,I,A,A,H,-,A,D,0,,,,,Y,,A,01,0,0,0,0,0,0,0,0,0,"- ","- ",34.530818939208984,-119.26480865478516,VENTURA,UNINCORPORATED,-119.26480102539062,34.530765533447266
90747893,2018,2018-06-14,9765,2018-06-11,1400,017253,,1,2,9,5600,0,1,2,,1,104,"US-101 N/B","A LEASE CANYON ROAD",1056.00,N,N,A,-,Y,,,101,,,,,,N,Y,2,0,2,1,A,-,08,22107,,N,E,I,A,A,H,-,A,D,0,,,,,Y,,A,01,1,1,0,0,0,0,0,0,0,"- ","- ",34.320041656494141,-119.36868286132812,VENTURA,UNINCORPORATED,-119.36865997314453,34.320079803466797
90750784,2018,2018-06-19,9765,2018-03-17,1830,015117,,6,2,9,5600,0,1,3,,1,055,"SR-118 (LOS ANGELES AVE)","WALNUT AVENUE",0.00,,Y,B,-,Y,,,118,,,,,,,Y,1,1,0,2,A,-,12,22450,A,F,D,C,A,A,H,-,A,D,0,,,,,Y,,A,01,0,0,0,0,0,0,0,0,0,"- ","- ",34.263679504394531,-119.07668304443359,VENTURA,UNINCORPORATED,-119.07668304443359,34.263675689697266
90751328,2018,2018-06-19,9765,2018-03-09,1115,013206,,5,1,9,5600,0,1,3,,1,046,"SR-118 (LOS ANGELES AVENUE)","COUNTY DRIVE",1345.00,E,N,A,-,Y,,,118,,,,,,,Y,1,1,2,3,A,-,03,22350,,N,C,C,A,A,H,-,A,D,0,,,,Y,Y,,A,01,2,0,0,0,0,0,0,0,0,"- ","- ",34.278369903564453,-119.14127349853516,VENTURA,UNINCORPORATED,-119.14128112792969,34.278354644775391
90760475,2018,2018-07-02,9770,2018-06-21,0215,014454,,4,3,6,5607,0,1,2,,2,074,"US-101 N/B (VENTURA FREEWAY)","WESTLAKE BOULEVARD",665.00,S,N,A,-,Y,,,101,,,,,,N,Y,2,0,2,1,A,-,01,23152,A,N,E,I,A,A,H,-,C,D,0,,,,,Y,Y,A,01,1,0,1,0,0,0,0,0,0,"- ","- ",34.156650543212891,-118.82299041748047,VENTURA,"THOUSAND OAKS",-118.82312774658203,34.156444549560547
90761443,2018,2018-07-03,9770,2018-06-23,0133,021306,,6,3,6,5607,0,1,3,,2,077,"SR-23 S/B TO US-101 S/B","US-101 S/B TO SR-23 N/B",275.00,N,N,A,-,Y,,,23,,,,R,,S,Y,2,0,1,1,A,-,01,23152,A,N,E,I,A,A,H,-,C,D,0,,,,,Y,Y,A,07,1,0,0,0,0,0,0,0,0,"- ","- ",34.177898406982422,-118.8609619140625,VENTURA,"THOUSAND OAKS",-118.8609619140625,34.177898406982422
9077876,2020,2020-11-30,5600,2020-04-02,1612,4045,9178,4,5,6,5607,0,0,0,,0,9D01,"WESTLAKE BL","DEVONSHIRE AV",0.00,,Y,A,-,Y,VEN,7,23,-,R,6.631,I,5,N,N,2,0,2,2,A,-,09,21804,A,N,D,C,A,A,H,-,A,D,0,,,,,Y,,A,07,1,0,1,0,0,0,0,0,0,"- ","- ",34.144138336181641,-118.84787750244141,VENTURA,"THOUSAND OAKS",-118.84971618652344,34.220161437988281
90779731,2018,2018-07-30,9765,2018-07-15,1450,020691,,7,2,9,5600,0,1,3,,2,061,"SR-1 S/B","SYCAMORE CYN RD.",439.00,N,N,A,-,Y,,,1,,,,,,S,Y,2,0,2,2,A,-,03,22350,,N,C,C,A,A,H,-,A,D,0,,,Y,,Y,,C,02,1,1,0,0,0,0,0,0,2,"- ","- ",34.070999145507812,-119.01403045654297,VENTURA,UNINCORPORATED,-119.01403045654297,34.071010589599609