CASE_ID,ACCIDENT_YEAR,PROC_DATE,JURIS,COLLISION_DATE,COLLISION_TIME,OFFICER_ID,REPORTING_DISTRICT,DAY_OF_WEEK,CHP_SHIFT,POPULATION,CNTY_CITY_LOC,SPECIAL_COND,BEAT_TYPE,CHP_BEAT_TYPE,CITY_DIVISION_LAPD,CHP_BEAT_CLASS,BEAT_NUMBER,PRIMARY_RD,SECONDARY_RD,DISTANCE,DIRECTION,INTERSECTION,WEATHER_1,WEATHER_2,STATE_HWY_IND,CALTRANS_COUNTY,CALTRANS_DISTRICT,STATE_ROUTE,ROUTE_SUFFIX,POSTMILE_PREFIX,POSTMILE,LOCATION_TYPE,RAMP_INTERSECTION,SIDE_OF_HWY,TOW_AWAY,COLLISION_SEVERITY,NUMBER_KILLED,NUMBER_INJURED,PARTY_COUNT,PRIMARY_COLL_FACTOR,PCF_CODE_OF_VIOL,PCF_VIOL_CATEGORY,PCF_VIOLATION,PCF_VIOL_SUBSECTION,HIT_AND_RUN,TYPE_OF_COLLISION,MVIW,PED_ACTION,ROAD_SURFACE,ROAD_COND_1,ROAD_COND_2,LIGHTING,CONTROL_DEVICE,CHP_ROAD_TYPE,PEDESTRIAN_ACCIDENT,BICYCLE_ACCIDENT,MOTORCYCLE_ACCIDENT,TRUCK_ACCIDENT,NOT_PRIVATE_PROPERTY,ALCOHOL_INVOLVED,STWD_VEHTYPE_AT_FAULT,CHP_VEHTYPE_AT_FAULT,COUNT_SEVERE_INJ,COUNT_VISIBLE_INJ,COUNT_COMPLAINT_PAIN,COUNT_PED_KILLED,COUNT_PED_INJURED,COUNT_BICYCLIST_KILLED,COUNT_BICYCLIST_INJURED,COUNT_MC_KILLED,COUNT_MC_INJURED,PRIMARY_RAMP,SECONDARY_RAMP,LATITUDE,LONGITUDE,COUNTY,CITY,POINT_X,POINT_Y
90787079,2018,2018-10-08,9765,2018-08-03,1720,019988,,5,2,9,5600,0,1,3,,2,040,"SR-126 E/B","WELLS ROAD",5500.00,E,N,A,-,Y,,,126,,,,,,E,Y,1,1,0,2,A,-,01,23152,A,N,C,C,A,A,H,-,A,D,0,,,,,Y,Y,A,07,0,0,0,0,0,0,0,0,0,"- ","- ",34.294288635253906,-119.14820098876953,VENTURA,UNINCORPORATED,-119.14823913574219,34.294361114501953
90787677,2018,2018-08-09,9770,2018-01-08,1605,019276,,1,2,9,5600,0,1,3,,1,045,"SR-126 E/B (EAST TELEGRAPH ROAD)","SHARPS RANCH ROAD (PRIVATE)",622.00,E,N,B,C,Y,,,126,,,,,,E,Y,1,1,2,5,A,-,08,22107,,N,A,C,A,B,H,-,A,D,0,,,,Y,Y,,A,01,0,0,2,0,0,0,0,0,0,"- ","- ",34.409561157226562,-118.72548675537109,VENTURA,UNINCORPORATED,-118.72548675537109,34.409572601318359
90797392,2018,2018-08-24,9765,2018-08-09,2205,021682,,4,3,6,5608,0,1,3,,2,040,"SR-126 E/B","KIMBALL ROAD",5544.00,E,N,A,-,Y,,,126,,,,,,E,Y,2,0,2,1,A,-,01,23152,A,N,E,I,A,A,H,-,D,D,0,,,,,Y,Y,D,22,1,0,1,0,0,0,0,0,0,"- ","- ",34.279361724853516,-119.17327117919922,VENTURA,VENTURA,-119.17333221435547,34.279460906982422
90800307,2018,2018-09-18,9765,2018-07-12,1735,017395,,4,2,9,5600,0,1,3,,1,062,"SR-1 (PACIFIC COAST HIGHWAY)","MUGU ROCK",3168.00,S,N,A,-,Y,,,1,,,,,,,Y,2,0,4,2,A,-,01,23152,A,N,D,C,A,A,H,-,A,D,0,,,,,Y,Y,A,01,1,3,0,0,0,0,0,0,0,"- ","- ",34.084949493408203,-119.05027008056641,VENTURA,UNINCORPORATED,-119.05028533935547,34.084983825683594
90808933,2018,2018-09-10,9770,2018-08-28,0350,021909,,2,3,6,5609,0,1,3,,2,082,"SR-118 W/B (RONALD REAGAN FREEWAY)","KUEHNER DRIVE",983.00,E,N,A,-,Y,,,118,,,,,,W,Y,2,0,2,1,A,-,01,23152,A,F,F,A,A,A,H,-,C,D,0,,,,,Y,Y,A,07,1,0,1,0,0,0,0,0,0,"- ","- ",34.278110504150391,-118.65914916992188,VENTURA,"SIMI VALLEY",-118.65927124023438,34.277935028076172
90817755,2018,2019-02-22,9765,2018-06-15,0821,014535,,5,1,9,5600,0,1,3,,1,023,"SR-150  (OJAI ROAD)","HAPPY VALLEY ROAD",1584.00,E,N,B,-,Y,,,150,,,,,,,Y,1,1,2,3,A,-,05,21460,A,N,A,C,A,A,H,-,A,D,0,,,Y,,Y,,C,02,0,1,1,0,0,0,0,1,1,"- ","- ",34.435279846191406,-119.18190765380859,VENTURA,UNINCORPORATED,-119.18186950683594,34.435371398925781
90817837,2018,2018-09-20,9770,2018-08-09,1542,021553,,4,2,9,5600,0,1,3,,1,046,"SR-126 (EAST TELEGRAPH ROAD)","CENTER STREET",788.00,W,N,A,-,Y,,,126,,,,,,,Y,1,1,0,1,A,-,01,23152,G,N,E,I,A,A,H,-,A,D,0,,,,,Y,Y,A,07,0,0,0,0,0,0,0,0,0,"- ","- ",34.411151885986328,-118.78192901611328,VENTURA,UNINCORPORATED,-118.78192901611328,34.4111328125
90819924,2018,2018-09-24,9765,2018-09-16,1825,020708,,7,2,9,5600,0,1,3,,1,022,SR-150,"DE LA GARRIGUE ROAD",1000.00,E,N,A,-,Y,,,150,,,,,,,Y,2,0,2,1,A,-,08,22107,,N,F,A,A,A,H,-,A,D,0,,,Y,,Y,,C,02,1,1,0,0,0,0,0,0,2,"- ","- ",34.427421569824219,-119.32215881347656,VENTURA,UNINCORPORATED,-119.3221435546875,34.4273681640625
90825178,2018,2018-10-01,9770,2018-09-20,1730,017435,,4,2,9,5600,0,1,3,,2,084,"SR-23 N/B (MOORPARK FREEWAY)","TIERRA REJADA ROAD",1584.00,S,N,A,-,Y,,,23,,,,,,N,Y,2,0,2,6,A,-,03,22350,,N,C,C,A,A,H,-,A,D,0,,,,,Y,,D,22,2,0,0,0,0,0,0,0,0,"- ","- ",34.263111114501953,-118.84781646728516,VENTURA,UNINCORPORATED,-118.84784698486328,34.263084411621094
90830574,2018,2018-10-08,9765,2018-07-08,2044,020691,,7,2,9,5600,0,1,3,,1,062,"SR-1  (PACIFIC COAST HIGHWAY)","TONGA STREET",225.00,N,N,A,-,Y,,,1,,,,,,,Y,1,1,0,2,A,-,11,21954,A,N,G,B,D,A,H,-,B,D,0,Y,,,,Y,,N,60,0,0,0,1,0,0,0,0,0,"- ","- ",34.051399230957031,-118.95796966552734,VENTURA,UNINCORPORATED,-118.95798492431641,34.051364898681641
90844847,2018,2018-10-25,9765,2018-10-17,0555,016234,,3,3,9,5600,0,3,5,,2,005,"CENTRAL AVENUE","BEARDSLEY ROAD",2580.00,W,N,A,-,N,,,,,,,,,,Y,2,0,4,3,A,-,03,22350,,N,C,C,A,A,H,-,D,D,0,,,,,Y,,A,01,3,1,0,0,0,0,0,0,0,"- ","- ",34.234428405761719,-119.118896484375,VENTURA,UNINCORPORATED,-119.11881256103516,34.234401702880859
9084790,2020,2020-06-25,5608,2020-03-31,1738,446,,2,5,6,5608,0,0,0,,0,003,"TELEGRAPH RD","SATICOY AV",0.00,,Y,A,-,N,,,,,,,,,,Y,2,0,1,2,A,-,12,21453,A,N,D,C,A,A,H,-,A,A,0,,,,,Y,Y,A,07,1,0,0,0,0,0,0,0,0,"- ","- ",,,VENTURA,VENTURA,-119.16813659667969,34.290950775146484
90848456,2018,2018-10-30,9770,2018-10-21,0200,021341,,7,3,9,5600,0,1,3,,1,053,"SR-118 E/B (LOS ANGELES AVENUE)","GRIMES CANYON ROAD",2957.00,W,N,A,-,Y,,,118,,,,,,E,Y,2,0,1,1,A,-,01,23152,A,N,E,I,A,A,H,-,D,D,0,,,,,Y,Y,A,07,1,0,0,0,0,0,0,0,0,"- ","- ",34.271499633789062,-118.93965911865234,VENTURA,UNINCORPORATED,-118.93964385986328,34.271400451660156
90870634,2018,2018-11-29,9765,2018-11-20,1200,016234,,2,1,9,5600,0,3,5,,2,006,"HUENEME ROAD","NAVEL AIR ROAD",528.00,W,N,A,-,N,,,,,,,,,,Y,2,0,1,2,A,-,03,22350,,N,D,C,A,A,H,-,A,A,0,,,,Y,Y,,A,07,1,0,0,0,0,0,0,0,0,"- ","- ",34.146961212158203,-119.11512756347656,VENTURA,UNINCORPORATED,-119.1143798828125,34.146968841552734
90875775,2018,2018-12-05,9770,2018-11-27,2300,021799,,2,3,4,5690,0,1,3,,2,081,"SR-118 E/B (RONALD REAGAN FREEWAY)","COLLINS DRIVE",1000.00,E,N,A,-,Y,,,,,,,,,,Y,2,0,1,1,A,-,01,23152,A,N,F,A,A,A,H,-,D,D,0,,,,,Y,Y,A,01,1,0,0,0,0,0,0,0,0,"- ","- ",34.293209075927734,-118.63863372802734,VENTURA,MOORPARK,-118.83958435058594,34.293350219726562
90884844,2018,2018-12-18,9765,2018-12-09,0804,020585,,7,1,9,5600,0,3,5,,2,001,"SHELL ROAD","VENTURA AVENUE",146.00,W,N,B,-,N,,,,,,,,,,N,2,0,1,2,A,-,12,22450,A,N,D,G,A,A,H,-,A,A,0,,Y,,,Y,,L,04,1,0,0,0,0,0,1,0,0,"- ","- ",34.316860198974609,-119.29132843017578,VENTURA,UNINCORPORATED,-119.29114532470703,34.316905975341797
90893307,2018,2018-12-28,9765,2018-12-19,2120,016420,,3,2,6,5608,0,1,3,,2,030,"SR-126 E/B",US-101,75.00,E,N,A,-,Y,,,,,,,,,,Y,2,0,1,3,A,-,03,22350,,N,C,C,A,A,D,-,D,A,0,,,Y,,Y,,A,01,1,0,0,0,0,0,0,0,1,"- ","- ",34.265121459960938,-119.23677062988281,VENTURA,VENTURA,-119.24443054199219,34.263633728027344
90900355,2018,2019-01-09,9765,2018-12-31,1124,022182,,1,1,6,5608,0,1,2,,1,104,"US-101 N/B","CALIFORNIA STREET",25.00,S,N,A,-,Y,,,101,,,,,,N,Y,2,0,1,1,A,-,08,22107,,N,E,I,A,A,H,-,A,D,0,,,,,Y,,D,22,1,0,0,0,0,0,0,0,0,"- ","- ",34.277591705322266,-119.29296875,VENTURA,VENTURA,-119.29296875,34.277561187744141
90908748,2019,2019-01-22,9770,2019-01-12,0350,020917,,6,3,6,5607,0,1,2,,2,073,"US-101 S/B (VENTURA FREEWAY)","BORCHARD ROAD",24.00,N,N,C,-,Y,,,101,,,,,,S,Y,2,0,1,1,A,-,08,22107,,N,E,I,A,B,H,-,D,D,0,,,,,Y,,A,07,1,0,0,0,0,0,0,0,0,"- ","- ",34.184131622314453,-118.92608642578125,VENTURA,"THOUSAND OAKS",-118.92604064941406,34.184394836425781
90912850,2018,2019-01-25,9770,2018-08-10,0750,018659,,5,1,9,5600,0,1,3,,1,052,"SR-118 (LOS ANGELES AVENUE)","BALCOM CANYON ROAD",0.00,,Y,A,-,Y,,,118,,,,,,,Y,1,1,3,2,A,-,09,21802,A,N,D,C,A,A,H,-,A,A,0,,,,Y,Y,,A,01,2,0,1,0,0,0,0,0,0,"- ","- ",34.268798828125,-118.955810546875,VENTURA,UNINCORPORATED,-118.955810546875,34.268814086914062
90918941,2019,2019-02-05,9770,2019-01-27,1534,020832,,7,2,9,5600,0,1,3,,1,051,"SR-118 E/B (LOS ANGELES AVENUE)","LA CUMBRE ROAD",100.00,E,N,A,-,Y,,,118,,,,,,E,Y,2,0,2,2,A,-,03,22350,,N,C,C,A,A,H,-,A,D,0,,,Y,,Y,,C,02,1,1,0,0,0,0,0,0,2,"- ","- ",34.264991760253906,-118.98027801513672,VENTURA,UNINCORPORATED,-118.98028564453125,34.265029907226562
90925233,2019,2019-06-06,9770,2019-02-04,1905,019276,,1,2,6,5607,0,1,2,,2,075,"US-101 S/B (VENTURA FREEWAY)","LAKEVIEW CANYON ROAD",250.00,N,N,B,C,Y,,,101,,,,,,S,Y,2,0,1,2,A,-,03,22350,,N,E,I,A,B,H,-,D,D,0,,,,,Y,,A,01,1,0,0,0,0,0,0,0,0,"- ","- ",34.153190612792969,-118.81829833984375,VENTURA,"THOUSAND OAKS",-118.81824493408203,34.153339385986328
90926165,2018,2019-02-14,9765,2018-09-20,2250,019721,,4,3,9,5600,0,1,3,,2,041,"SR-126 W/B  (SANTA PAULA FREEWAY)","TODD ROAD",2640.00,W,N,A,-,Y,,,126,,,,,,W,Y,1,1,0,1,A,-,01,23152,A,N,E,I,A,A,H,-,D,D,0,,,,,Y,Y,A,01,0,0,0,0,0,0,0,0,0,"- ","- ",34.309139251708984,-119.12394714355469,VENTURA,UNINCORPORATED,-119.1239013671875,34.309062957763672
90954849,2018,2019-09-23,9770,2018-10-17,1210,017435,,3,1,9,5600,0,3,5,,2,008,"TAPO CANYON ROAD","LOST CANYONS ROAD",1584.00,N,N,A,-,N,,,,,,,,,,Y,1,1,0,1,A,-,01,23152,F,N,E,I,A,A,H,-,A,D,0,,,,,Y,,D,22,0,0,0,0,0,0,0,0,0,"- ","- ",34.310630798339844,-118.71994018554688,VENTURA,UNINCORPORATED,-118.71946716308594,34.309822082519531
90955040,2019,2019-03-27,9765,2019-03-17,1410,020708,,7,2,9,5600,0,1,3,,1,021,SR-33,"MATILIJA RD",2200.00,N,N,A,-,Y,,,33,,,,,,,Y,2,0,1,1,A,-,08,22107,,N,F,A,A,A,H,-,A,D,0,,,Y,,Y,,C,02,1,0,0,0,0,0,0,0,1,"- ","- ",34.497390747070312,-119.30107116699219,VENTURA,UNINCORPORATED,-119.30107879638672,34.497386932373047
90960149,2019,2019-04-03,9770,2019-03-24,2100,020832,,7,2,6,5609,0,1,3,,2,082,"SR-118 W/B (RONALD REAGAN FREEWAY)","SEQUOIA AVENUE",500.00,E,N,A,-,Y,,,118,,,,,,W,Y,2,0,1,1,A,-,08,22107,,N,E,I,A,A,H,-,D,D,0,,,,,Y,Y,A,07,1,0,0,0,0,0,0,0,0,"- ","- ",34.282661437988281,-118.72898864746094,VENTURA,"SIMI VALLEY",-118.72898864746094,34.282432556152344
90961996,2018,2019-11-05,9765,2018-12-30,0431,020497,,7,3,9,5600,0,1,2,,2,103,"US-101 S/B","SR-1 (STATE BEACHES)",3491.00,N,N,A,-,Y,,,101,,,,,,S,Y,1,1,2,6,A,-,01,23152,A,N,D,C,E,A,H,-,D,D,0,Y,,,,Y,Y,A,01,0,1,1,1,0,0,0,0,0,"- ","- ",34.295700073242188,-119.34028625488281,VENTURA,UNINCORPORATED,-119.34032440185547,34.295673370361328
90962710,2019,2019-04-08,9765,2019-03-30,1640,020187,,6,2,9,5600,0,3,5,,2,004,"SOUTH MOUNTAIN ROAD","MORGAN CANYON ROAD",6072.00,E,N,A,-,N,,,,,,,,,,Y,2,0,1,1,A,-,08,22107,,N,E,I,A,A,H,-,A,D,0,,,Y,,Y,,C,02,1,0,0,0,0,0,0,0,1,"- ","- ",34.352088928222656,-119.03016662597656,VENTURA,UNINCORPORATED,-119.03016662597656,34.352088928222656
90965766,2019,2019-04-11,9765,2019-04-03,1720,017395,,3,2,9,5600,0,3,5,,2,006,"LAS POSAS ROAD","PLEASANT VALLEY ROAD",0.00,,Y,A,-,N,,,,,,,,,,Y,2,0,1,2,A,-,09,21801,A,N,D,C,A,A,H,-,A,A,0,,,Y,,Y,,A,07,1,0,0,0,0,0,0,0,1,"- ","- ",34.205600738525391,-119.06979370117188,VENTURA,UNINCORPORATED,-119.06967926025391,34.205589294433594
90970739,2019,2019-04-19,9765,2019-04-08,1930,022182,,1,2,9,5600,0,1,3,,2,053,"SR-232 (VINEYARD AVENUE)","SR-118 (LOS ANGELES AVENUE)",4752.00,S,N,A,-,N,,,232,,,,,,,Y,2,0,5,3,A,-,05,21460,A,N,A,C,A,A,H,-,D,D,0,,,,,Y,,A,01,2,3,0,0,0,0,0,0,0,"- ","- ",34.264678955078125,-119.14539337158203,VENTURA,UNINCORPORATED,-119.14533233642578,34.264617919921875
90978056,2019,2019-04-29,9765,2019-04-17,1554,016592,,3,2,9,5600,0,3,5,,2,005,"BALCOM CANYON RD","BRADLEY RD",2364.00,N,N,A,-,N,,,,,,,,,,Y,2,0,2,2,A,-,05,21460,A,N,D,C,A,A,H,-,A,D,0,,,Y,,Y,,C,02,1,1,0,0,0,0,0,0,1,"- ","- ",34.319538116455078,-118.97344970703125,VENTURA,UNINCORPORATED,-118.97348785400391,34.319297790527344
90984129,2019,2019-05-08,9770,2019-05-01,1655,020169,,3,2,6,5607,0,1,3,,2,077,"SR-23 S/B (MOORPARK FREEWAY)","AVENIDA DE LAS FLORES",750.00,S,N,A,-,Y,,,23,,,,,,S,Y,2,0,2,1,A,-,07,21658,A,N,F,A,A,A,H,-,A,D,0,,,,,Y,,A,07,2,0,0,0,0,0,0,0,0,"- ","- ",34.203880310058594,-118.85336303710938,VENTURA,"THOUSAND OAKS",-118.85338592529297,34.20391845703125
90986021,2019,2019-05-10,9770,2019-05-01,2135,018305,,3,2,9,5600,0,1,3,,1,044,"SR-126 W/B (EAST TELEGRAPH ROAD)","FILLMORE CITY LIMITS",528.00,E,N,A,-,Y,,,,,,,,,,Y,2,0,3,2,A,-,01,23152,A,N,D,C,A,A,H,-,D,A,0,,,,,Y,Y,A,01,2,1,0,0,0,0,0,0,0,"- ","- ",34.357421875,-118.89176177978516,VENTURA,UNINCORPORATED,,
90998872,2019,2019-05-30,9765,2019-05-20,0330,021522,,1,3,9,5600,0,1,3,,1,062,SR-1,"LA JOLLA CANYON",5808.00,N,N,B,-,Y,,,1,,,,,,,Y,2,0,3,1,A,-,01,23152,A,N,E,I,A,A,H,-,D,D,0,,,,,Y,Y,A,01,1,2,0,0,0,0,0,0,0,"- ","- ",34.085460662841797,-119.05368041992188,VENTURA,UNINCORPORATED,-119.05370330810547,34.085414886474609
91002978,2019,2019-06-04,9765,2019-05-28,0557,015117,,2,3,9,5600,0,1,3,,2,060,"PLEASANT VALLEY RD","LAGUNA RD",1056.00,N,N,A,-,N,,,,,,,,,,Y,2,0,2,4,A,-,09,21801,A,N,D,C,A,A,H,-,A,D,0,,,,,Y,,A,01,2,0,0,0,0,0,0,0,0,"- ","- ",34.177051544189453,-119.12271881103516,VENTURA,UNINCORPORATED,-119.12107849121094,34.178867340087891
91005410,2019,2019-06-07,9770,2019-05-31,2235,022221,,5,3,9,5600,0,2,4,,1,062,"POTRERO ROAD","TRENTWOOD DRIVE",5808.00,W,N,B,-,N,,,,,,,,,,Y,2,0,1,1,A,-,01,23152,A,N,E,I,A,A,H,-,D,D,0,,,,,Y,Y,A,01,1,0,0,0,0,0,0,0,0,"- ","- ",34.143199920654297,-118.90325927734375,VENTURA,UNINCORPORATED,-118.90280151367188,34.143169403076172
91005810,2018,2019-09-23,9770,2018-11-20,1633,018659,,2,2,9,5600,0,1,3,,1,044,"SR-126 W/B (EAST TELEGRAPH ROAD)","HOPPER CANYON ROAD",918.00,E,N,A,-,Y,,,126,,,,,,W,Y,1,1,2,5,A,-,08,22107,,N,B,C,A,A,H,-,A,D,0,,,,Y,Y,,A,01,1,0,1,0,0,0,0,0,0,"- ","- ",34.400848388671875,-118.82935333251953,VENTURA,UNINCORPORATED,-118.82935333251953,34.400882720947266
91012498,2019,2019-06-18,9765,2019-06-04,1018,015117,,2,1,9,5600,0,3,5,,2,005,"ROSE AVENUE","CENTRAL AVENUE",0.00,,Y,A,-,N,,,,,,,,,,Y,2,0,3,2,A,-,09,21453,C,N,A,C,A,A,H,-,A,A,0,,,,,Y,,D,23,1,2,0,0,0,0,0,0,0,"- ","- ",34.250709533691406,-119.14256286621094,VENTURA,UNINCORPORATED,-119.14266967773438,34.250778198242188
91020563,2019,2019-06-28,9770,2019-06-19,1145,017409,,3,1,6,5607,0,1,2,,2,072,"US-101 N/B TO WENDY DRIVE","WENDY DRIVE",1400.00,S,N,A,-,Y,,,101,,,,R,,N,Y,2,0,2,2,A,-,08,22107,,N,C,E,A,A,H,-,A,D,0,,,,,Y,,A,08,1,1,0,0,0,0,0,0,0,"- ","- ",34.188079833984375,-118.93483734130859,VENTURA,"THOUSAND OAKS",-118.93483734130859,34.188079833984375
91020849,2019,2019-06-28,9765,2019-06-09,2003,016592,,7,2,9,5600,0,1,3,,1,062,SR-1,"DEER CREEK ROAD",1972.00,S,N,A,-,Y,,,1,,,,,,,Y,2,0,1,1,A,-,01,23152,G,N,E,I,A,A,H,-,B,D,0,,,,,Y,Y,A,01,1,0,0,0,0,0,0,0,0,"- ","- ",34.061279296875,-118.97908782958984,VENTURA,UNINCORPORATED,-118.97907257080078,34.061187744140625
91031045,2019,2019-07-15,9770,2019-05-28,1720,020641,,2,2,9,5600,0,1,3,,1,043,"SR-126 E/B (EAST TELEGRAPH ROAD)","CAVIN ROAD",353.00,E,N,A,-,Y,,,,,,,,,,Y,2,0,5,5,A,-,03,22350,,N,C,C,A,A,H,-,A,D,0,,,,,Y,,D,22,3,2,0,0,0,0,0,0,0,"- ","- ",34.297119140625,-118.85292053222656,VENTURA,UNINCORPORATED,,
91041309,2019,2019-07-30,9765,2019-07-20,2215,019884,,6,3,4,5606,0,1,3,,2,040,"SR-126 E/B","12TH STREET",560.00,E,N,A,-,Y,,,126,,,,,,E,Y,2,0,1,1,A,-,08,22107,,N,E,I,A,A,H,-,D,D,0,,,,,Y,,D,22,1,0,0,0,0,0,0,0,0,"- ","- ",34.351898193359375,-119.05269622802734,VENTURA,"SANTA PAULA",-119.05284118652344,34.352149963378906
9104669,2020,2020-11-03,5608,2020-05-24,1524,529,VENTU,7,5,6,5608,0,0,0,,0,001,"N OLIVE ST","W PARK ROW AV",44.00,S,N,A,-,N,,,,,,,,,,Y,2,0,1,1,A,-,03,22350,,F,E,I,A,A,H,-,A,D,0,,,,,Y,,-,99,1,0,0,0,0,0,0,0,0,"- ","- ",,,VENTURA,VENTURA,-119.30290985107422,34.284969329833984
9104670,2020,2020-11-30,5608,2020-05-30,2129,507,VTA,6,5,6,5608,0,0,0,,0,003,"WELLS RD","RT 126",20.00,N,N,A,-,Y,VEN,7,126,-,-,4.894,R,4,E,Y,2,0,1,2,A,-,03,22350,,N,C,C,A,A,H,-,D,A,0,,,,,Y,Y,A,01,1,0,0,0,0,0,0,0,0,"- ",WF,,,VENTURA,VENTURA,-119.15831756591797,34.288387298583984
91046898,2019,2019-08-07,9765,2019-07-28,0145,019884,,7,3,4,5606,0,1,3,,2,041,"SR-126 W/B","12TH STREET",320.00,E,N,A,-,Y,,,126,,,,,,W,Y,2,0,3,1,A,-,01,23152,A,N,E,I,A,A,H,-,D,D,0,,,,,Y,Y,A,07,2,1,0,0,0,0,0,0,0,"- ","- ",34.352169036865234,-119.05314636230469,VENTURA,"SANTA PAULA",-119.05316162109375,34.352191925048828
91051594,2019,2019-08-14,9765,2019-08-03,1845,022318,,6,2,6,5608,0,1,2,,2,501,"US-101 S/B","CENTRAL AVENUE",1200.00,N,N,A,-,Y,,,,,,,,,,Y,2,0,5,4,A,-,03,22350,,N,C,C,A,A,H,-,B,D,0,,,,,Y,,A,07,1,0,4,0,0,0,0,0,0,"- ","- ",34.221889495849609,-119.10597991943359,VENTURA,VENTURA,,
91056023,2019,2019-08-21,9765,2019-08-10,0244,019057,,6,3,6,5608,0,1,3,,2,011,"SR-33 S/B","STANLEY AVENUE",210.00,S,N,B,-,Y,,,33,,,,,,S,Y,2,0,1,1,A,-,01,23152,A,N,F,A,A,A,H,-,C,D,0,,,,,Y,Y,A,07,1,0,0,0,0,0,0,0,0,"- ","- ",34.300258636474609,-119.30214691162109,VENTURA,VENTURA,-119.30223083496094,34.300304412841797
91059146,2019,2019-08-26,9770,2019-08-17,1737,020832,,6,2,6,5607,0,1,2,,2,073,"US-101 S/B (VENTURA FREEWAY)","WENDY DRIVE",1478.00,S,N,A,-,Y,,,101,,,,,,S,Y,2,0,3,2,A,-,03,22350,,N,C,C,A,A,H,-,A,D,0,,,,,Y,,A,01,1,0,2,0,0,0,0,0,0,"- ","- ",34.187831878662109,-118.93482971191406,VENTURA,"THOUSAND OAKS",-118.93484497070312,34.187793731689453
91073174,2019,2019-09-12,9770,2019-09-05,1040,017435,,4,1,6,5609,0,1,3,,2,083,"SR-118 E/B (RONALD REAGAN FREEWAY)","KUEHNER DRIVE",70.00,E,N,A,-,Y,,,118,,,,,,E,Y,2,0,1,2,A,-,07,21658,A,N,B,C,A,A,H,-,A,D,0,,,Y,,Y,,A,01,1,0,0,0,0,0,0,0,1,"- ","- ",34.278938293457031,-118.66210174560547,VENTURA,"SIMI VALLEY",-118.662109375,34.278907775878906
91085490,2019,2020-05-01,9765,2019-08-04,1229,020497,,7,1,9,5600,0,1,3,,1,062,SR-1,"SYCAMORE CANYON ROAD",3057.00,S,N,A,-,Y,,,1,,,,,,,Y,1,1,2,2,A,-,03,22350,,N,F,A,A,A,H,-,A,D,0,,,Y,,Y,Y,C,02,0,2,0,0,0,0,0,1,0,"- ","- ",34.066261291503906,-119.00570678710938,VENTURA,UNINCORPORATED,-119.00569915771484,34.066219329833984
91088528,2019,2019-10-02,9765,2019-09-22,1020,020497,,7,1,9,5600,0,1,3,,2,041,"SR-126 W/B (SANTA PAULA FREEWAY)","HAINES ROAD",700.00,E,N,A,-,Y,,,126,,,,,,W,Y,2,0,1,1,A,-,03,22350,,N,E,I,A,A,H,-,A,D,0,,,Y,,Y,,C,02,1,0,0,0,0,0,0,0,1,"- ","- ",34.328601837158203,-119.09294891357422,VENTURA,UNINCORPORATED,-119.09296417236328,34.328617095947266
91092165,2019,2019-10-07,9430,2019-10-05,1350,018631,,6,1,9,5600,0,1,3,,1,030,SR-33,"LOCKWOOD VALLEY RD",11088.00,S,N,A,-,Y,,,33,,,,,,,Y,2,0,2,2,A,-,05,21460,A,N,A,C,A,A,H,-,A,D,0,,,Y,,Y,,C,02,1,0,1,0,0,0,0,0,2,"- ","- ",34.669609069824219,-119.36354064941406,VENTURA,UNINCORPORATED,-119.36354827880859,34.669586181640625
91093507,2019,2019-10-09,9770,2019-10-02,0812,017627,,3,1,9,5600,0,3,5,,2,003,"SUNSET VALLEY ROAD","TIERRA REJADA ROAD",3168.00,S,N,A,-,N,,,,,,,,,,Y,2,0,2,3,A,-,09,21801,A,N,A,C,A,A,H,-,A,D,0,,,,Y,Y,,A,01,2,0,0,0,0,0,0,0,0,"- ","- ",34.255210876464844,-118.8533935546875,VENTURA,UNINCORPORATED,-118.85345458984375,34.255645751953125
91096220,2019,2019-10-14,9765,2019-09-25,1510,020708,,3,2,9,5600,0,3,5,,2,006,SR-1,"DEER CREEK ROAD",3168.00,S,N,A,-,N,,,,,,,,,,Y,2,0,5,1,A,-,08,22107,,N,E,I,A,A,H,-,A,D,0,,,,,Y,,A,01,1,2,2,0,0,0,0,0,0,"- ","- ",34.059188842773438,-119.97518157958984,VENTURA,UNINCORPORATED,-118.97569274902344,34.059913635253906