CASE_ID,ACCIDENT_YEAR,PROC_DATE,JURIS,COLLISION_DATE,COLLISION_TIME,OFFICER_ID,REPORTING_DISTRICT,DAY_OF_WEEK,CHP_SHIFT,POPULATION,CNTY_CITY_LOC,SPECIAL_COND,BEAT_TYPE,CHP_BEAT_TYPE,CITY_DIVISION_LAPD,CHP_BEAT_CLASS,BEAT_NUMBER,PRIMARY_RD,SECONDARY_RD,DISTANCE,DIRECTION,INTERSECTION,WEATHER_1,WEATHER_2,STATE_HWY_IND,CALTRANS_COUNTY,CALTRANS_DISTRICT,STATE_ROUTE,ROUTE_SUFFIX,POSTMILE_PREFIX,POSTMILE,LOCATION_TYPE,RAMP_INTERSECTION,SIDE_OF_HWY,TOW_AWAY,COLLISION_SEVERITY,NUMBER_KILLED,NUMBER_INJURED,PARTY_COUNT,PRIMARY_COLL_FACTOR,PCF_CODE_OF_VIOL,PCF_VIOL_CATEGORY,PCF_VIOLATION,PCF_VIOL_SUBSECTION,HIT_AND_RUN,TYPE_OF_COLLISION,MVIW,PED_ACTION,ROAD_SURFACE,ROAD_COND_1,ROAD_COND_2,LIGHTING,CONTROL_DEVICE,CHP_ROAD_TYPE,PEDESTRIAN_ACCIDENT,BICYCLE_ACCIDENT,MOTORCYCLE_ACCIDENT,TRUCK_ACCIDENT,NOT_PRIVATE_PROPERTY,ALCOHOL_INVOLVED,STWD_VEHTYPE_AT_FAULT,CHP_VEHTYPE_AT_FAULT,COUNT_SEVERE_INJ,COUNT_VISIBLE_INJ,COUNT_COMPLAINT_PAIN,COUNT_PED_KILLED,COUNT_PED_INJURED,COUNT_BICYCLIST_KILLED,COUNT_BICYCLIST_INJURED,COUNT_MC_KILLED,COUNT_MC_INJURED,PRIMARY_RAMP,SECONDARY_RAMP,LATITUDE,LONGITUDE,COUNTY,CITY,POINT_X,POINT_Y
91100315,2019,2020-02-27,9765,2019-09-06,0843,014535,,5,1,9,5600,0,3,5,,2,003,"BRISTOL ROAD","ERMINE AVENUE",929.00,E,N,A,-,N,,,,,,,,,,Y,1,1,3,2,A,-,01,23152,F,N,A,C,A,A,H,-,A,A,0,,,,,Y,,A,01,1,2,0,0,0,0,0,0,0,"- ","- ",34.257419586181641,-119.18470764160156,VENTURA,UNINCORPORATED,-119.18475341796875,34.257453918457031
91104492,2019,2019-10-23,9765,2019-10-13,1434,022340,,7,2,6,5608,0,1,2,,2,301,"US-101 S/B","SEAWARD AVENUE",1055.00,S,N,A,-,Y,,,101,,,,,,S,Y,2,0,1,2,A,-,01,23152,A,N,B,C,A,A,H,-,A,D,0,,,Y,,Y,Y,C,02,1,0,0,0,0,0,0,0,1,"- ","- ",34.262668609619141,-119.26506805419922,VENTURA,VENTURA,-119.26507568359375,34.262657165527344
91105319,2019,2019-10-24,9765,2019-10-17,0710,015117,,4,1,9,5600,0,3,5,,2,006,"LAS POSAS RD","HUENEME RD",528.00,S,N,A,-,N,,,,,,,,,,Y,2,0,1,2,A,-,06,21750,A,N,D,C,A,A,H,-,A,D,0,,,Y,,Y,,C,02,1,0,0,0,0,0,0,0,1,"- ","- ",34.157360076904297,-119.07666015625,VENTURA,UNINCORPORATED,-119.07669830322266,34.155921936035156
91120621,2019,2020-05-01,9765,2019-09-22,1630,017483,,7,2,9,5600,0,1,3,,1,021,"SR-33 NORTHBOUND","MPM 36.00",296.00,S,N,A,-,Y,,,33,,,,,,N,Y,1,1,0,1,A,-,03,22350,,N,F,A,A,A,H,-,A,D,0,,,Y,,Y,,C,02,0,0,0,0,0,0,0,1,0,"- ","- ",34.599430084228516,-119.33631134033203,VENTURA,UNINCORPORATED,-119.33625793457031,34.599494934082031
91124870,2019,2019-11-20,9765,2019-11-10,1240,022337,,7,1,9,5600,0,1,3,,1,020,SR-33,"SANTA ANA BLVD.",75.00,S,N,A,-,Y,,,33,,,,,,,Y,2,0,1,2,A,-,08,22100,A,N,B,C,A,A,H,-,A,D,0,,,,,Y,,A,01,1,0,0,0,0,0,0,0,0,"- ","- ",34.399959564208984,-119.29981994628906,VENTURA,UNINCORPORATED,-119.29984283447266,34.39996337890625
91132788,2019,2019-12-02,9765,2019-11-21,1725,017253,,4,2,9,5600,0,3,5,,2,001,"SR-1 (PCH)","FARIA RD",485.00,N,N,A,-,Y,,,1,,,,,,,N,2,0,1,2,A,-,11,21954,A,N,G,B,D,A,H,-,D,D,0,Y,,,,Y,,N,60,1,0,0,0,1,0,0,0,0,"- ","- ",34.319881439208984,-119.39151000976562,VENTURA,UNINCORPORATED,-119.39149475097656,34.319896697998047
91134977,2019,2020-01-21,9765,2019-07-11,1950,020708,,4,2,9,5600,0,3,5,,2,006,"LAGUNA ROAD","LAS POSAS ROAD",0.00,,Y,A,-,N,,,,,,,,,,Y,1,2,2,2,A,-,12,22450,A,N,D,C,A,A,H,-,B,A,0,,,,,Y,,A,01,0,0,2,0,0,0,0,0,0,"- ","- ",34.176010131835938,-119.07124328613281,VENTURA,UNINCORPORATED,-119.07134246826172,34.176021575927734
91136208,2019,2019-12-04,9765,2019-11-23,0348,022446,,6,3,6,5608,0,1,2,,1,104,"US-101 N/B","GARDEN STREET",278.00,S,N,A,-,Y,,,101,,,,,,N,Y,2,0,2,3,A,-,01,23152,A,N,B,C,A,A,H,-,C,D,0,,,,Y,Y,Y,A,01,1,1,0,0,0,0,0,0,0,"- ","- ",34.277881622314453,-119.30172729492188,VENTURA,VENTURA,-119.30174255371094,34.277839660644531
91145303,2019,2019-12-17,9765,2019-12-05,0715,013555,,4,1,9,5600,0,3,5,,2,005,"LAS POSAS ROAD",SR-1,2640.00,N,N,A,-,N,,,,,,,,,,Y,2,0,1,2,A,-,03,22350,,N,D,C,A,A,H,-,B,D,0,,,,,Y,,D,22,1,0,0,0,0,0,0,0,0,"- ","- ",34.123470306396484,-119.08151245117188,VENTURA,UNINCORPORATED,-119.08612823486328,34.117908477783203
91157595,2019,2020-01-02,9765,2019-12-13,2235,019277,,5,3,6,5604,0,1,3,,2,060,"SR-1 N/B (PCH) TO NAUMAN RD.","HUENEME RD.",4752.00,N,N,A,-,Y,,,,,,,,,,Y,2,0,1,1,A,-,01,23152,A,N,E,I,A,A,H,-,D,D,0,,,Y,,Y,Y,C,02,1,0,0,0,0,0,0,0,1,"- ","- ",34.154071807861328,-119.12264251708984,VENTURA,OXNARD,-119.12406158447266,34.154693603515625
91161227,2019,2020-01-08,9765,2019-12-29,1335,020334,,7,1,9,5600,0,1,3,,2,060,"SR-1 (PACIFIC COAST HIGHWAY PCH)","DEER CREEK ROAD",0.00,,N,B,-,Y,,,1,,,,,,,Y,2,0,1,1,A,-,03,22350,,N,F,I,A,A,H,-,D,D,0,,,Y,,Y,,C,02,1,0,0,0,0,0,0,0,1,"- ","- ",34.061351776123047,-118.97866058349609,VENTURA,UNINCORPORATED,-118.97866058349609,34.061233520507812
91166277,2020,2020-01-15,9765,2020-01-06,0018,022182,,1,3,6,5608,0,1,3,,2,040,"SR-126 E/B (SANTA PAULA FREEWAY)","E. MAIN STREET",435.00,E,N,A,-,Y,,,,,,,,,,Y,2,0,1,1,A,-,01,23152,A,N,E,I,A,A,H,-,D,D,0,,,,,Y,Y,A,07,1,0,0,0,0,0,0,0,0,"- ","- ",34.264671325683594,-119.24083709716797,VENTURA,VENTURA,-119.2427978515625,34.26422119140625
91166329,2019,2020-01-15,9765,2019-12-22,1610,020691,,7,2,9,5600,0,1,3,,2,011,"SR-33 S/B (OJAI FREEWAY)","VENTURA AVENUE",691.00,S,N,B,-,Y,,,33,,,,,,S,Y,2,0,2,1,A,-,01,23152,A,N,E,I,A,B,H,-,A,D,0,,,,,Y,Y,A,01,1,1,0,0,0,0,0,0,0,"- ","- ",34.332931518554688,-119.29280853271484,VENTURA,UNINCORPORATED,-119.29273223876953,34.332931518554688
91166357,2019,2020-01-15,9765,2019-12-25,0544,013555,,3,3,9,5600,0,3,5,,2,005,"SANTA CLARA AVENUE","CENTRAL AVENUE",3168.00,N,N,A,-,N,,,,,,,,,,Y,2,0,1,1,A,-,01,23152,A,N,E,I,A,A,H,-,D,D,0,,,,,Y,Y,A,08,1,0,0,0,0,0,0,0,0,"- ","- ",34.245948791503906,-119.11910247802734,VENTURA,UNINCORPORATED,-119.11907958984375,34.245864868164062
91174510,2020,2020-01-27,9765,2020-01-22,0615,014967,,3,1,5,5601,0,1,2,,2,503,"US-101 S/B (VENTURA FWY)","PLEASANT VALLET RD. O/C",4752.00,N,N,A,-,Y,,,101,,,,,,S,Y,2,0,1,2,A,-,08,22107,,N,C,C,A,A,H,-,C,A,0,,,,Y,Y,,F,26,1,0,0,0,0,0,0,0,0,"- ","- ",34.215648651123047,-119.02224731445312,VENTURA,CAMARILLO,-119.02224731445312,34.215675354003906
91179894,2020,2020-02-07,9770,2020-01-26,1855,021738,,7,2,9,5600,0,1,3,,1,044,"SR-126 W/B (EAST TELEGRAPH ROAD)","FISH HATCHERY ROAD",2112.00,W,N,A,-,Y,,,126,,,,,,W,Y,2,0,1,2,A,-,09,21804,A,N,D,G,A,A,H,-,D,D,0,,Y,,,Y,,L,04,1,0,0,0,0,0,1,0,0,"- ","- ",34.397380828857422,-118.89208221435547,VENTURA,UNINCORPORATED,-118.89205169677734,34.397483825683594
91192444,2019,2020-05-01,9765,2019-12-14,1741,015658,,6,2,9,5600,0,1,3,,2,053,"SR-232 (VINEYARD AVENUE)","CENTRAL AVENUE",16.00,E,N,A,-,Y,,,232,,,,,,,N,1,1,0,2,A,-,11,21456,,N,G,B,B,A,H,-,C,A,0,Y,,,,Y,,N,60,0,0,0,1,0,0,0,0,0,"- ","- ",34.258098602294922,-119.15309906005859,VENTURA,UNINCORPORATED,-119.15306854248047,34.258068084716797
91193176,2020,2020-02-25,9765,2020-02-13,2338,022272,,4,3,4,5606,0,1,3,,2,040,"SR-126 E/B","PECK ROAD",590.00,W,N,A,-,Y,,,126,,,,,,E,Y,2,0,2,1,A,-,01,23152,F,N,E,I,A,A,H,-,D,D,0,,,,,Y,,A,07,1,0,1,0,0,0,0,0,0,"- ","- ",34.336109161376953,-119.08434295654297,VENTURA,"SANTA PAULA",-119.08435821533203,34.336135864257812
91194372,2020,2020-02-26,9765,2020-02-15,1055,022518,,6,1,9,5600,0,1,3,,1,062,"SR-1 (PACIFIC COAST HIGHWAY)","YERBA BUENA ROAD",700.00,S,N,A,-,Y,,,,,,,,,,N,2,0,2,2,A,-,03,22350,,N,F,A,A,A,B,-,A,D,0,,Y,,,Y,,L,04,1,1,0,0,0,0,2,0,0,"- ","- ",34.052211761474609,-118.09622955322266,VENTURA,UNINCORPORATED,,
91210017,2020,2020-03-17,9765,2020-03-06,2145,022182,,5,2,9,5600,0,1,3,,2,040,"SR-126 E/B","WELLS ROAD",3000.00,E,N,A,-,Y,,,126,,,,,,E,Y,2,0,1,1,A,-,01,23152,A,N,E,I,A,A,H,-,D,D,0,,,,,Y,Y,A,01,1,0,0,0,0,0,0,0,0,"- ","- ",34.294349670410156,-119.14813232421875,VENTURA,UNINCORPORATED,-119.14816284179688,34.294406890869141
91216070,2020,2020-03-26,9765,2020-03-16,1054,022446,,1,1,9,5600,0,1,3,,1,020,"SR-33 (VENTURA AVE)","CASITAS VISTA ROAD",1000.00,N,N,C,-,Y,,,33,,,,,,,Y,2,0,2,2,A,-,05,21460,A,N,C,C,A,B,H,-,A,D,0,,,,,Y,,D,22,2,0,0,0,0,0,0,0,0,"- ","- ",34.355388641357422,-119.30831146240234,VENTURA,UNINCORPORATED,-119.30832672119141,34.355384826660156
91228211,2020,2020-04-21,9770,2020-04-11,1315,017973,,6,1,9,5600,0,2,4,,1,062,"POTRERO ROAD","HIDDEN VALLEY ROAD",1237.00,E,N,A,-,N,,,,,,,,,,Y,2,0,2,2,A,-,03,22350,,N,A,C,A,A,H,-,A,D,0,,,Y,,Y,,C,02,1,0,1,0,0,0,0,0,1,"- ","- ",34.156269073486328,-118.91767120361328,VENTURA,UNINCORPORATED,-118.91775512695312,34.156280517578125
91228678,2019,2020-05-21,9765,2019-12-29,1620,019988,,7,2,9,5600,0,1,3,,1,023,"SR-150 (OJAI-SANTA PAULA ROAD)","SULPHUR MOUNTAIN ROAD",711.00,E,N,B,-,Y,,,150,,,,,,,Y,1,1,0,1,A,-,03,22350,,N,F,A,A,A,H,-,B,D,0,,,Y,,Y,,C,02,0,0,0,0,0,0,0,1,0,"- ","- ",34.436508178710938,-119.15888214111328,VENTURA,UNINCORPORATED,-119.15889739990234,34.4366455078125
91238108,2020,2020-05-15,9765,2020-05-08,0315,022506,,5,3,9,5600,0,1,2,,2,502,"US-101 N/B (VENTURA FWY)","DEL NORTE BLVD.",2112.00,S,N,A,-,Y,,,101,,,,,,N,Y,2,0,1,1,A,-,01,23152,A,N,E,I,A,A,H,-,C,D,0,,,,,Y,Y,A,01,1,0,0,0,0,0,0,0,0,"- ","- ",34.222251892089844,-119.11952209472656,VENTURA,UNINCORPORATED,-119.11952209472656,34.222160339355469
91242601,2020,2020-05-26,9770,2020-05-17,1428,021341,,7,2,9,5600,0,1,3,,1,053,"SR-118 E/B (LOS ANGELES AVENUE)","MEJICO CREEK",145.00,W,N,A,-,N,,,118,,,,,,E,Y,2,0,1,1,A,-,08,22107,,N,E,J,A,A,H,-,A,D,0,,,Y,,Y,,C,02,1,0,0,0,0,0,0,0,1,"- ","- ",34.272510528564453,-118.93341064453125,VENTURA,UNINCORPORATED,-118.93341827392578,34.272529602050781
91242960,2020,2020-05-27,9765,2020-05-20,1740,022464,,3,2,9,5600,0,3,5,,2,004,"SOUTH MOUNTAIN ROAD","WILLARD POSY RD",240.00,E,N,A,-,N,,,,,,,,,,Y,2,0,1,1,A,-,08,22107,,N,F,A,A,A,H,-,A,D,0,,,,,Y,Y,A,07,1,0,0,0,0,0,0,0,0,"- ","- ",34.352310180664062,-119.01313018798828,VENTURA,UNINCORPORATED,,
91245034,2020,2020-05-29,9765,2020-05-23,2040,022506,,6,2,9,5600,0,3,5,,2,003,"HARBOR BLVD.","FIFTH STREET",1056.00,N,N,A,-,N,,,,,,,,,,N,2,0,1,2,A,-,08,22107,,F,H,G,A,A,H,-,C,D,0,,Y,,,Y,,A,07,1,0,0,0,0,0,1,0,0,"- ","- ",34.200611114501953,-119.24391174316406,VENTURA,UNINCORPORATED,-119.24393463134766,34.200439453125
91245563,2020,2020-12-15,9765,2020-04-16,1453,017253,,4,2,9,5600,0,3,5,,2,004,"SYCAMORE ROAD","MUIR STREET",390.00,S,N,A,-,N,,,,,,,,,,Y,1,1,0,1,A,-,01,23152,A,N,E,I,A,A,H,-,A,D,0,,,Y,,Y,Y,C,02,0,0,0,0,0,0,0,1,0,"- ","- ",34.41033935546875,-118.94963836669922,VENTURA,UNINCORPORATED,-118.94947052001953,34.41046142578125
91246063,2020,2020-06-03,9770,2020-02-24,0310,021909,,1,3,6,5609,0,1,3,,2,082,"SR-118 W/B FROM KUEHNER DRIVE","KUEHNER DRIVE",492.00,W,N,A,-,Y,,,118,,,,R,,W,Y,1,1,0,1,A,-,08,22107,,N,F,I,A,A,H,-,D,D,0,,,,,Y,,A,07,0,0,0,0,0,0,0,0,0,"- ","- ",34.279510498046875,-118.66383361816406,VENTURA,"SIMI VALLEY",-118.66383361816406,34.279510498046875
91254331,2020,2020-06-19,9765,2020-02-15,1452,022408,,6,2,6,5604,0,3,5,,2,005,"SIMON WAY","SR-232 (VINEYARD AVENUE)",19.00,E,N,A,-,Y,,,,,,,,,,Y,1,1,0,2,A,-,01,23152,A,N,E,I,A,A,H,-,A,A,0,,,,,Y,Y,A,07,0,0,0,0,0,0,0,0,0,"- ","- ",34.244129180908203,-119.16368103027344,VENTURA,OXNARD,,
91254739,2020,2020-08-11,9770,2020-06-15,0235,020721,,1,3,6,5607,0,1,2,,2,072,"US-101 N/B (VENTURA FREEWAY)","VENTU PARK ROAD",1056.00,S,N,A,-,Y,,,101,,,,,,N,Y,2,0,1,1,A,-,08,22107,,N,E,I,A,A,H,-,D,D,0,,,Y,,Y,,C,02,1,0,0,0,0,0,0,0,1,"- ","- ",34.184661865234375,-118.90911102294922,VENTURA,"THOUSAND OAKS",-118.90911102294922,34.184482574462891
91263803,2020,2020-07-06,9765,2020-07-01,1641,017483,,3,2,9,5600,0,1,3,,1,012,"SR-1 (PACIFIC COAST HIGHWAY)","ENTRANCE TO EMMA WOOD STATE BEACH",1584.00,S,N,A,-,Y,,,1,,,,,,,Y,2,0,1,2,A,-,08,22107,,N,A,C,A,A,H,-,A,D,0,,,Y,,Y,,A,01,1,0,0,0,0,0,0,0,1,"- ","- ",34.299129486083984,-119.34398651123047,VENTURA,UNINCORPORATED,-119.343994140625,34.299125671386719
91267988,2020,2020-07-14,9765,2020-07-05,2130,022296,,7,2,9,5600,0,1,3,,2,041,"SR-126 W/B","BRIGGS ROAD",56.00,E,N,A,-,Y,,,126,,,,,,W,Y,2,0,1,1,C,-,18,,,N,E,I,A,A,H,-,D,D,0,,,,,Y,,-,"- ",1,0,0,0,0,0,0,0,0,"- ","- ",34.322669982910156,-119.10108184814453,VENTURA,UNINCORPORATED,-119.10105895996094,34.322628021240234
91281033,2020,2020-08-05,9765,2020-08-01,0405,021682,,6,3,9,5600,0,1,3,,1,021,"SR-33 N/B","SULPHUR MOUNTAIN ROAD",500.00,N,N,A,-,Y,,,33,,,,,,N,N,2,0,2,2,A,-,03,22350,,N,E,J,A,A,H,-,D,D,0,,Y,,,Y,,L,04,1,1,0,0,0,0,2,0,0,"- ","- ",34.379001617431641,-119.30519866943359,VENTURA,UNINCORPORATED,-119.30519104003906,34.378993988037109
91281209,2020,2020-08-05,9765,2020-07-30,0655,022506,,4,1,9,5600,0,3,5,,2,002,"SANTA ANA ROAD","CASITAS VISTA ROAD",8026.00,N,N,B,-,N,,,,,,,,,,Y,2,0,1,1,A,-,03,22350,,N,E,I,A,A,H,-,A,D,0,,,Y,,Y,,C,02,1,0,0,0,0,0,0,0,1,"- ","- ",34.378318786621094,-119.31198883056641,VENTURA,UNINCORPORATED,-119.31215667724609,34.377849578857422
91290580,2020,2020-08-21,9765,2020-08-15,2330,018884,,6,3,9,5600,0,3,5,,2,002,"SANTA ANA ROAD","AVENAL STREET",2112.00,E,N,A,-,N,,,,,,,,,,Y,2,0,2,1,A,-,08,22107,,N,E,I,A,A,H,-,D,D,0,,,Y,,Y,,C,02,2,0,0,0,0,0,0,0,2,"- ","- ",34.4251708984375,-119.34506225585938,VENTURA,UNINCORPORATED,-119.34548187255859,34.425346374511719
91297432,2020,2020-09-02,9765,2020-05-29,2241,019277,,5,3,6,5608,0,1,3,,2,011,"SR-33 S/B (OJAI FREEWAY)","MAIN STREET",2179.00,N,N,A,-,Y,,,33,,,,,,S,Y,1,1,0,1,A,-,01,23152,G,N,E,I,A,A,H,-,D,D,0,,,Y,,Y,Y,C,02,0,0,0,0,0,0,0,1,0,"- ","- ",34.290058135986328,-119.30702209472656,VENTURA,VENTURA,-119.30687713623047,34.290054321289062
91306320,2020,2020-09-17,9765,2020-09-08,2225,022318,,2,3,9,5600,0,1,3,,1,055,SR-118,"PRICE ROAD",10.00,W,N,A,-,Y,,,118,,,,,,,Y,2,0,1,1,A,-,08,22107,,N,E,I,A,A,H,-,C,D,0,,,,,Y,,A,01,1,0,0,0,0,0,0,0,0,"- ","- ",34.263599395751953,-119.05010223388672,VENTURA,UNINCORPORATED,-119.05010223388672,34.263721466064453
91313163,2020,2020-09-28,9765,2020-05-04,2229,022296,,1,3,9,5600,0,1,3,,2,053,"SR-232 (VINEYARD AVENUE)","CENTRAL AVENUE",1795.00,N,N,A,-,Y,,,232,,,,,,,Y,1,1,0,1,A,-,01,23152,A,N,E,I,A,A,H,-,D,D,0,,,,,Y,Y,A,01,0,0,0,0,0,0,0,0,0,"- ","- ",34.261680603027344,-119.14900970458984,VENTURA,UNINCORPORATED,-119.1490478515625,34.261756896972656
91313486,2020,2020-09-28,9765,2020-09-18,1145,022464,,5,1,9,5600,0,3,5,,2,006,"DEER CREEK ROAD","PACIFIC VIEW DRIVE",3696.00,S,N,A,-,N,,,,,,,,,,N,2,0,1,1,A,-,08,22107,,N,F,A,A,A,H,-,A,D,0,,,,,Y,,A,01,1,0,0,0,0,0,0,0,0,"- ","- ",34.080181121826172,-118.98931121826172,VENTURA,UNINCORPORATED,-118.98965454101562,34.079982757568359
91317778,2020,2020-10-05,9770,2020-10-02,1600,019955,,5,2,9,5600,0,2,4,,2,047,"GUIBERSON ROAD","CALUMET CANYON",800.00,W,N,A,-,N,,,,,,,,,,Y,2,0,1,1,C,-,18,,,N,E,H,A,A,H,-,A,D,0,,,Y,,Y,,-,"- ",1,0,0,0,0,0,0,0,1,"- ","- ",34.381431579589844,-118.87364196777344,VENTURA,UNINCORPORATED,,
91318323,2020,2020-10-06,9765,2020-09-27,1840,020334,,7,2,6,5608,0,1,3,,2,060,"SR-1 (PACIFIC COAST HIGHWAY)","CALLEGUAS CREEK ROAD",1250.00,S,N,B,-,Y,,,,,,,,,,Y,2,0,1,1,A,-,03,22350,,N,F,A,A,A,H,-,B,D,0,,,Y,,Y,Y,C,02,1,0,0,0,0,0,0,0,1,"- ","- ",34.108001708984375,-119.07935333251953,VENTURA,VENTURA,,
9131846,2020,2020-10-06,5608,2020-07-03,1503,503,,5,5,6,5608,0,0,0,,0,001,"E MAIN ST","HARTMAN DR",0.00,,Y,A,-,N,,,,,,,,,,N,2,0,1,2,A,-,03,22350,,N,D,C,A,A,H,-,A,A,0,,,,,Y,,-,,1,0,0,0,0,0,0,0,0,"- ","- ",,,VENTURA,VENTURA,-119.26055145263672,34.274131774902344
9131855,2020,2020-10-06,5608,2020-07-09,1259,373,,4,5,6,5608,0,0,0,,0,002,"E MAIN ST","JORDAN AV",120.00,W,N,B,-,N,,,,,,,,,,Y,2,0,1,1,A,-,03,22350,,N,E,I,A,A,H,-,A,D,0,,,,,Y,,-,,1,0,0,0,0,0,0,0,0,"- ","- ",,,VENTURA,VENTURA,-119.26641845703125,34.277011871337891
91318758,2020,2020-11-19,9765,2020-03-03,1524,020001,,2,2,9,5600,0,3,5,,2,005,"ROSE AVENUE","CENTRAL AVENUE",3168.00,S,N,A,-,N,,,,,,,,,,Y,1,1,2,2,A,-,01,23152,G,N,A,C,A,A,H,-,A,D,0,,,,,Y,Y,A,07,2,0,0,0,0,0,0,0,0,"- ","- ",34.2440185546875,-119.14968872070312,VENTURA,UNINCORPORATED,-119.14962005615234,34.244289398193359
91319920,2020,2020-10-08,9770,2020-09-30,1711,020641,,3,2,9,5600,0,2,4,,1,088,"BOX CANYON ROAD","WELLS LANE",1430.00,N,N,A,-,N,,,,,,,,,,Y,2,0,1,2,A,-,03,22350,,N,B,C,A,A,H,-,A,D,0,,,Y,,Y,,C,02,1,0,0,0,0,0,0,0,1,"- ","- ",34.247360229492188,-118.65038299560547,VENTURA,UNINCORPORATED,-118.65067291259766,34.247081756591797
91324735,2020,2020-10-15,9770,2020-10-14,1350,020353,,3,1,6,5609,0,1,3,,2,083,"SR-118 E/B (RONALD REAGAN FREEWAY)","TAPO CANYON ROAD",750.00,W,N,A,-,Y,,,118,,,,,,E,Y,2,0,1,1,A,-,08,22107,,N,E,I,A,A,H,-,A,D,0,,,,,Y,,D,22,1,0,0,0,0,0,0,0,0,"- ","- ",34.281669616699219,-118.72019958496094,VENTURA,"SIMI VALLEY",-118.72017669677734,34.281864166259766
91328137,2020,2020-10-21,9765,2020-10-11,1805,020345,,7,2,6,5608,0,1,3,,2,011,"SR-33 S/B","STANLEY AVENUE",3850.00,S,N,A,-,Y,,,33,,,,,,S,Y,2,0,4,1,A,-,01,23152,A,N,E,J,A,A,H,-,A,D,0,,,,,Y,Y,A,08,1,2,1,0,0,0,0,0,0,"- ","- ",34.290798187255859,-119.30684661865234,VENTURA,VENTURA,-119.30675506591797,34.290771484375
91332274,2020,2020-10-27,9765,2020-10-17,1700,020345,,6,2,9,5600,0,3,5,,2,006,SR-1,"LAS POSAS ROAD",10560.00,S,N,B,-,N,,,1,,,,,,,Y,2,0,1,1,A,-,08,22107,,N,E,I,A,A,H,-,A,D,0,,,,,Y,,A,01,1,0,0,0,0,0,0,0,0,"- ","- ",34.08599853515625,-119.05539703369141,VENTURA,UNINCORPORATED,-119.05540466308594,34.085899353027344
91333022,2020,2020-10-28,9765,2020-10-19,0755,013555,,1,1,9,5600,0,3,5,,2,005,"STROUBE STREET","KENNEY STREET",317.00,W,N,B,-,N,,,,,,,,,,N,2,0,1,2,A,-,08,22107,,N,G,B,E,A,H,-,A,D,0,Y,,,,Y,,A,07,1,0,0,0,1,0,0,0,0,"- ","- ",34.230739593505859,-119.16001129150391,VENTURA,UNINCORPORATED,-119.15986633300781,34.230693817138672
91335370,2020,2020-10-30,9765,2020-10-20,0700,013555,,2,1,9,5600,0,3,5,,2,006,"HUENEME ROAD","EDISON DRIVE",1250.00,E,N,E,-,N,,,,,,,,,,Y,2,0,1,2,A,-,09,21801,A,N,D,C,A,A,H,-,B,D,0,,,,,Y,,D,22,1,0,0,0,0,0,0,0,0,"- ","- ",34.147369384765625,-119.16251373291016,VENTURA,UNINCORPORATED,-119.16251373291016,34.147335052490234
91336634,2020,2020-11-02,9765,2020-10-31,1330,022464,,6,1,9,5600,0,1,3,,1,021,SR-33,"CHERRY CREEK ROAD",5280.00,S,N,A,-,Y,,,33,,,,,,,Y,2,0,1,1,A,-,03,22350,,N,H,A,A,A,H,-,A,D,0,,,Y,,Y,,C,02,1,0,0,0,0,0,0,0,1,"- ","- ",34.600181579589844,-119.33702850341797,VENTURA,UNINCORPORATED,-119.33694458007812,34.600246429443359
91346174,2020,2020-11-16,9765,2020-11-06,1242,022506,,5,1,9,5600,0,1,3,,2,011,"SR-33 S/B FROM STANLEY AVENUE","STANLEY AVENUE",15.00,S,N,A,-,Y,,,33,,,,R,,S,Y,2,0,3,1,A,-,03,22350,,N,E,I,A,A,H,-,A,A,0,,,,,Y,,A,01,2,1,0,0,0,0,0,0,0,"- ","- ",34.300769805908203,-119.30168151855469,VENTURA,UNINCORPORATED,-119.30168151855469,34.300769805908203
91351870,2020,2020-11-23,9765,2020-11-13,0830,022518,,5,1,9,5600,0,1,3,,1,022,SR-150,"COYOTE CREEK OVERFLOW",646.00,W,N,A,-,Y,,,150,,,,,,,Y,2,0,3,2,A,-,06,21750,A,N,A,C,A,A,H,-,A,D,0,,,,,Y,,A,01,1,2,0,0,0,0,0,0,0,"- ","- ",34.410850524902344,-119.36215972900391,VENTURA,UNINCORPORATED,-119.36216735839844,34.410881042480469
91357690,2020,2020-12-02,9765,2020-11-21,2500,022518,,6,4,9,5600,0,1,3,,1,023,SR-150,"REEVES ROAD",4224.00,E,N,A,-,Y,,,150,,,,,,,Y,2,0,1,1,A,-,08,22107,,N,E,I,A,A,H,-,D,D,0,,,,,Y,,A,01,1,0,0,0,0,0,0,0,0,"- ","- ",34.44036865234375,-119.19854736328125,VENTURA,UNINCORPORATED,-119.19866180419922,34.440525054931641
91358196,2020,2020-12-03,9765,2020-11-23,1935,020729,,1,2,9,5600,0,1,3,,2,041,"SR-126 W/B","EDWARDS RANCH ROAD",72.00,W,N,A,-,Y,,,126,,,,,,W,Y,2,0,2,1,A,-,01,23152,A,N,E,I,A,A,H,-,D,D,0,,,,,Y,Y,A,01,2,0,0,0,0,0,0,0,0,"- ","- ",34.305778503417969,-119.12953186035156,VENTURA,UNINCORPORATED,-119.12949371337891,34.305721282958984