CASE_ID,ACCIDENT_YEAR,PROC_DATE,JURIS,COLLISION_DATE,COLLISION_TIME,OFFICER_ID,REPORTING_DISTRICT,DAY_OF_WEEK,CHP_SHIFT,POPULATION,CNTY_CITY_LOC,SPECIAL_COND,BEAT_TYPE,CHP_BEAT_TYPE,CITY_DIVISION_LAPD,CHP_BEAT_CLASS,BEAT_NUMBER,PRIMARY_RD,SECONDARY_RD,DISTANCE,DIRECTION,INTERSECTION,WEATHER_1,WEATHER_2,STATE_HWY_IND,CALTRANS_COUNTY,CALTRANS_DISTRICT,STATE_ROUTE,ROUTE_SUFFIX,POSTMILE_PREFIX,POSTMILE,LOCATION_TYPE,RAMP_INTERSECTION,SIDE_OF_HWY,TOW_AWAY,COLLISION_SEVERITY,NUMBER_KILLED,NUMBER_INJURED,PARTY_COUNT,PRIMARY_COLL_FACTOR,PCF_CODE_OF_VIOL,PCF_VIOL_CATEGORY,PCF_VIOLATION,PCF_VIOL_SUBSECTION,HIT_AND_RUN,TYPE_OF_COLLISION,MVIW,PED_ACTION,ROAD_SURFACE,ROAD_COND_1,ROAD_COND_2,LIGHTING,CONTROL_DEVICE,CHP_ROAD_TYPE,PEDESTRIAN_ACCIDENT,BICYCLE_ACCIDENT,MOTORCYCLE_ACCIDENT,TRUCK_ACCIDENT,NOT_PRIVATE_PROPERTY,ALCOHOL_INVOLVED,STWD_VEHTYPE_AT_FAULT,CHP_VEHTYPE_AT_FAULT,COUNT_SEVERE_INJ,COUNT_VISIBLE_INJ,COUNT_COMPLAINT_PAIN,COUNT_PED_KILLED,COUNT_PED_INJURED,COUNT_BICYCLIST_KILLED,COUNT_BICYCLIST_INJURED,COUNT_MC_KILLED,COUNT_MC_INJURED,PRIMARY_RAMP,SECONDARY_RAMP,LATITUDE,LONGITUDE,COUNTY,CITY,POINT_X,POINT_Y
91376385,2020,2020-12-28,9765,2020-12-19,1000,022488,,6,1,9,5600,0,3,5,,2,006,"POTRERO ROAD","RANCHO DOS VIENTOS",4963.00,W,N,A,-,N,,,,,,,,,,N,2,0,1,1,A,-,03,22350,,N,F,A,A,A,H,-,A,D,0,,Y,,,Y,,L,04,1,0,0,0,0,0,1,0,0,"- ","- ",34.159088134765625,-118.99833679199219,VENTURA,UNINCORPORATED,-118.99803924560547,34.159206390380859
91380248,2020,2021-01-04,9765,2020-12-25,1422,022464,,5,2,9,5600,0,1,2,,1,104,"US-101 N/B","MOBIL PIER RD",2105.00,N,N,A,-,Y,,,101,,,,,,N,Y,2,0,2,1,A,-,01,23152,A,N,E,I,A,A,H,-,A,D,0,,,,,Y,Y,A,01,1,1,0,0,0,0,0,0,0,"- ","- ",34.355350494384766,-119.43089294433594,VENTURA,UNINCORPORATED,-119.43091583251953,34.35528564453125
91388467,2021,2021-01-15,9765,2021-01-08,0850,022318,,5,1,6,5608,0,1,2,,2,302,"US-101 N/B (VENTURA FREEWAY)","VICTORIA AVENUE",1056.00,S,N,A,-,Y,,,101,,,,,,N,Y,2,0,1,4,A,-,03,22350,,N,C,C,A,A,H,-,A,D,0,,,,Y,Y,,F,27,1,0,0,0,0,0,0,0,0,"- ","- ",34.250720977783203,-119.2076416015625,VENTURA,VENTURA,-119.20767211914062,34.250648498535156
9138909,2020,2020-10-09,5604,2020-07-06,0448,5586,,1,5,6,5604,0,0,0,,0,021,"WEST 5TH ST","S HARBOR BL",1584.00,E,N,A,-,N,,,,,,,,,,Y,2,0,1,1,A,-,07,21658,A,N,E,J,A,A,H,-,D,D,0,,,,,Y,,A,01,1,0,0,0,0,0,0,0,0,"- ","- ",34.197788238525391,-119.24246978759766,VENTURA,OXNARD,-119.23726654052734,34.197769165039062
91390295,2021,2021-01-19,9770,2021-01-17,1948,020832,,7,2,6,5607,0,1,2,,2,072,"US-101 N/B (VENTURA FREEWAY)","LYNN ROAD",365.00,N,N,A,-,Y,,,101,,,,,,N,Y,2,0,4,2,A,-,01,23152,F,N,C,C,A,A,H,-,C,D,0,,,,,Y,,A,01,2,0,2,0,0,0,0,0,0,"- ","- ",34.184108734130859,-118.89276123046875,VENTURA,"THOUSAND OAKS",-118.89274597167969,34.184150695800781
91411198,2021,2021-02-18,9770,2021-02-10,1455,019057,,3,2,9,5600,0,1,3,,1,043,"SR-126 E/B (EAST TELEGRAPH ROAD)","HOPPER CANYON ROAD",50.00,W,N,A,-,Y,,,126,,,,,,E,Y,2,0,1,1,A,-,08,22107,,N,E,I,A,A,H,-,A,D,0,,,,,Y,,A,01,1,0,0,0,0,0,0,0,0,"- ","- ",34.400718688964844,-118.83251190185547,VENTURA,UNINCORPORATED,-118.83251190185547,34.400802612304688
9141585,2020,2020-10-01,5604,2020-08-14,2124,5572,,5,5,6,5604,0,0,0,,0,031,"CAMINO DEL SOL","N ROSE AV",0.00,,Y,A,-,N,,,,,,,,,,Y,2,0,3,1,A,-,01,23152,A,N,E,I,A,A,H,-,C,A,0,,,,,Y,Y,A,01,1,0,2,0,0,0,0,0,0,"- ","- ",34.206329345703125,-119.15966796875,VENTURA,OXNARD,-119.15969085693359,34.206348419189453
9141594,2020,2020-09-18,5600,2020-07-26,1418,5365,5600,7,5,2,5603,0,0,0,,0,1A01,"GRAND AV","OLIVE ST",0.00,,Y,A,-,N,,,,,,,,,,N,2,0,1,2,A,-,09,21801,A,N,B,G,A,A,H,-,A,A,0,,Y,,,Y,,D,22,1,0,0,0,0,0,1,0,0,"- ","- ",,,VENTURA,OJAI,-119.24478149414062,34.453258514404297
91418386,2021,2021-03-01,9765,2021-02-20,1600,020729,,6,2,9,5600,0,3,5,,2,006,"POTRERO ROAD","OXNARD STREET",15312.00,E,N,A,-,N,,,,,,,,,,Y,2,0,1,1,A,-,03,22350,,N,E,I,A,A,H,-,A,A,0,,,Y,,Y,,C,02,1,0,0,0,0,0,0,0,1,"- ","- ",34.158981323242188,-119.00018310546875,VENTURA,UNINCORPORATED,-118.99979400634766,34.15911865234375
91425463,2021,2021-04-29,9765,2021-03-01,0500,022272,,1,3,9,5600,0,3,5,,2,005,"CENTER ROAD","LA VISTA AVENUE",426.00,W,N,A,-,N,,,,,,,,,,Y,2,0,1,1,A,-,08,22107,,N,E,I,A,A,H,-,D,D,0,,,,,Y,Y,A,07,1,0,0,0,0,0,0,0,0,"- ","- ",34.272819519042969,-119.09523773193359,VENTURA,UNINCORPORATED,-119.09516143798828,34.272808074951172
91432429,2021,2021-03-22,9770,2021-03-10,1410,019057,,3,2,6,5607,0,1,2,,2,075,"US-101 S/B (VENTURA FREEWAY)","HAMPSHIRE ROAD",3696.00,N,N,B,-,Y,,,101,,,,,,S,Y,2,0,1,1,A,-,01,23152,A,N,E,I,A,B,H,-,A,D,0,,,,,Y,Y,A,01,1,0,0,0,0,0,0,0,0,"- ","- ",34.172660827636719,-118.84774017333984,VENTURA,"THOUSAND OAKS",-118.84782409667969,34.172534942626953
91437031,2021,2021-03-26,9765,2021-03-24,0805,014736,,3,1,9,5600,0,1,3,,1,044,"SR 150 (SANTA PAULA-OJAI ROAD)","OSBORN ROAD",5280.00,E,N,A,-,Y,,,150,,,,,,,Y,2,0,1,2,A,-,03,22350,,N,C,C,A,A,H,-,A,A,0,,,,Y,Y,,A,01,1,0,0,0,0,0,0,0,0,"- ","- ",34.426700592041016,-119.10758209228516,VENTURA,UNINCORPORATED,-119.10756683349609,34.426769256591797
91437217,2020,2021-03-26,9765,2020-07-19,1210,022518,,7,1,9,5600,0,1,3,,1,021,SR-33,"SESPE CREEK",3168.00,N,N,A,-,Y,,,33,,,,,,,Y,1,1,2,4,A,-,03,22350,,N,D,C,A,A,H,-,A,D,0,,,Y,,Y,,C,02,0,2,0,0,0,0,0,1,2,"- ","- ",34.578449249267578,-119.25810241699219,VENTURA,UNINCORPORATED,-119.25812530517578,34.578426361083984
91441858,2021,2021-04-02,9765,2021-03-21,1800,022408,,7,2,9,5600,0,1,3,,1,055,"SR-118 (LOS ANGELES AVENUE)","CENTER SCHOOL ROAD",1584.00,E,N,A,-,Y,,,118,,,,,,,Y,2,0,2,2,A,-,03,22350,,N,C,C,A,A,H,-,A,D,0,,,,Y,Y,,F,26,1,0,1,0,0,0,0,0,0,"- ","- ",34.263771057128906,-119.05503845214844,VENTURA,UNINCORPORATED,-119.05503845214844,34.263725280761719
91443415,2020,2021-04-05,9765,2020-10-28,2113,022296,,3,2,6,5608,0,1,2,,2,302,"US-101 NORTHBOUND","SR-126 EASTBOUND",1001.00,N,N,A,-,Y,,,101,,,,,,N,Y,1,1,0,1,A,-,01,23152,A,N,E,I,A,A,H,-,C,D,0,,,,,Y,Y,A,01,0,0,0,0,0,0,0,0,0,"- ","- ",34.265190124511719,-119.24049377441406,VENTURA,VENTURA,-119.240478515625,34.265048980712891
91450253,2021,2021-04-14,9765,2021-04-02,1415,022518,,5,2,4,5606,0,1,3,,2,040,"SR-126 E/B","12 TH STREET",655.00,E,N,A,-,Y,,,126,,,,,,E,Y,2,0,5,3,A,-,03,22350,,N,C,C,A,A,H,-,A,A,0,,,,,Y,,A,08,1,4,0,0,0,0,0,0,0,"- ","- ",34.352409362792969,-119.05223846435547,VENTURA,"SANTA PAULA",-119.05227661132812,34.352474212646484
91451234,2021,2021-04-15,9770,2021-04-08,2030,020353,,4,2,4,5690,0,1,3,,2,084,"SR-23 N/B (MOORPARK FREEWAY)","OLSEN ROAD",4957.00,N,N,A,-,Y,,,,,,,,,,Y,2,0,1,1,A,-,01,23152,A,N,E,I,A,A,D,-,D,D,0,,,,,Y,Y,A,01,1,0,0,0,0,0,0,0,0,"- ","- ",34.255580902099609,-118.84026336669922,VENTURA,MOORPARK,-118.83960723876953,34.242130279541016
91459743,2021,2021-04-27,9765,2021-04-24,1615,020334,,6,2,9,5600,0,1,3,,1,044,"SR-150 (OJAI-SANTA PAULA ROAD)","TEAGUE PLACE",400.00,W,N,B,-,Y,,,150,,,,,,,Y,2,0,1,1,A,-,03,22350,,N,F,A,A,A,H,-,A,D,0,,,Y,,Y,,C,02,1,0,0,0,0,0,0,0,1,"- ","- ",34.426521301269531,-119.10508728027344,VENTURA,UNINCORPORATED,-119.10508728027344,34.426605224609375
91464306,2021,2021-05-03,9765,2021-04-23,1808,022488,,5,2,9,5600,0,1,3,,1,023,"SR-150 (OJAI-SANTA PAULA FREEWAY)","CARNE ROAD",739.00,W,N,A,-,Y,,,150,,,,,,,Y,2,0,1,1,A,-,08,22107,,N,F,A,A,A,H,-,A,D,0,,,Y,,Y,,C,02,1,0,0,0,0,0,0,0,1,"- ","- ",34.446269989013672,-119.20900726318359,VENTURA,UNINCORPORATED,-119.20900726318359,34.446296691894531
9148247,2020,2020-11-10,5608,2020-08-29,1351,282,VENTU,6,5,6,5608,0,0,0,,0,001,"SUNNY BROOK CT","VENTURA AV",30.00,W,N,A,-,N,,,,,,,,,,N,2,0,1,2,D,-,00,,,F,B,B,E,A,H,-,A,-,0,Y,,,,Y,Y,-,"- ",1,0,0,0,1,0,0,0,0,"- ","- ",,,VENTURA,VENTURA,-119.296908,34.294718000000003
91485211,2021,2021-05-28,9765,2021-05-18,1155,022318,,2,1,9,5600,0,1,3,,1,023,"SR-150 (OJAI-SANTA PAULA ROAD)","REEVES ROAD",0.00,,Y,A,-,Y,,,150,,,,,,,N,2,0,1,2,A,-,09,21801,A,N,G,A,A,A,H,-,A,D,0,,Y,,,Y,,A,07,1,0,0,0,0,0,1,0,0,"- ","- ",34.446098327636719,-119.20449066162109,VENTURA,UNINCORPORATED,-119.20449829101562,34.446071624755859
91492784,2021,2021-06-09,9765,2021-05-28,2040,022488,,5,2,9,5600,0,1,3,,1,021,"SR-33 (MARICOPA HIGHWAY)","ROSE VALLEY ROAD",4224.00,N,N,A,-,Y,,,33,,,,,,,N,2,0,1,1,A,-,08,22107,,N,F,A,A,A,H,-,D,D,0,,,,,Y,,A,01,1,0,0,0,0,0,0,0,0,"- ","- ",34.540409088134766,-119.23911285400391,VENTURA,UNINCORPORATED,-119.23911285400391,34.540416717529297
91493832,2021,2021-06-10,9770,2021-05-30,0541,016198,,7,3,6,5607,0,1,2,,2,075,"US-101 S/B (VENTURA FREEWAY)","LAKEVIEW CANYON ROAD O/C",170.00,N,N,A,-,Y,,,101,,,,,,S,Y,2,0,2,1,A,-,01,23152,F,N,E,I,A,A,H,-,A,D,0,,,,,Y,,A,01,1,0,1,0,0,0,0,0,0,"- ","- ",34.153099060058594,-118.81817626953125,VENTURA,"THOUSAND OAKS",-118.818115234375,34.153289794921875
91494405,2021,2021-06-10,9765,2021-05-30,1250,022318,,7,1,5,5601,0,1,2,,2,502,"US-101 N/B (VENTURA FRWY)","FLYNN ROAD",750.00,N,N,A,-,Y,,,101,,,,,,N,Y,2,0,2,1,C,-,18,,,N,E,I,A,A,H,-,A,D,0,,,Y,,Y,,-,"- ",2,0,0,0,0,0,0,0,2,"- ","- ",34.215770721435547,-119.02484893798828,VENTURA,CAMARILLO,-119.02484893798828,34.215847015380859
91494513,2021,2021-06-10,9765,2021-06-01,1715,017253,,2,2,9,5600,0,1,3,,1,012,"SR-1 (PACIFIC COAST HIGHWAY)","AMPHITHEATER RD",7392.00,S,N,B,-,Y,,,1,,,,,,,Y,2,0,1,2,A,-,09,21801,A,F,D,D,A,A,H,-,A,D,0,,,Y,,Y,,D,22,1,0,0,0,0,0,0,0,1,"- ","- ",34.296581268310547,-119.34182739257812,VENTURA,UNINCORPORATED,-119.34191131591797,34.296516418457031
91497227,2021,2021-06-15,9765,2021-06-05,1750,022518,,6,2,9,5600,0,3,5,,2,002,"MATILIJA CANYON ROAD","STATE ROUTE 33",18480.00,W,N,A,-,N,,,,,,,,,,N,2,0,1,1,A,-,08,22107,,N,F,A,A,A,H,-,A,D,0,,,Y,,Y,,C,02,1,0,0,0,0,0,0,0,1,"- ","- ",34.501941680908203,-119.35295867919922,VENTURA,UNINCORPORATED,-119.33775329589844,34.498008728027344
91512970,2021,2021-07-05,9770,2021-06-30,1730,020353,,3,2,6,5609,0,1,3,,2,081,"SR-118 E/B (RONALD REAGAN FREEWAY)","LOS ALAMOS CANYON ROAD",1500.00,E,N,A,-,Y,,,118,,,,,,E,Y,2,0,2,6,A,-,03,22350,,N,B,C,A,A,H,-,A,D,0,,,,,Y,,D,22,1,0,1,0,0,0,0,0,0,"- ","- ",34.289909362792969,-118.80561065673828,VENTURA,"SIMI VALLEY",-118.80561828613281,34.289894104003906
91516821,2021,2021-07-09,9765,2021-06-28,0003,022272,,1,3,5,5601,0,1,2,,2,503,"US-101 S/B","CARMEN DRIVE",85.00,N,N,A,-,Y,,,101,,,,,,S,Y,2,0,2,1,A,-,01,23152,A,N,E,9,A,A,H,-,C,D,0,,,,,Y,Y,A,01,2,0,0,0,0,0,0,0,0,"- ","- ",34.217449188232422,-119.05171203613281,VENTURA,CAMARILLO,-119.05169677734375,34.217624664306641
91522479,2021,2021-07-16,9765,2021-07-05,1448,022488,,1,2,9,5600,0,1,3,,1,021,"SR-33 (MARICOPA HIGHWAY)","CHERRY CREEK ROAD",17952.00,S,N,A,-,Y,,,33,,,,,,,Y,2,0,1,1,A,-,08,22107,,N,F,A,A,A,H,-,A,D,0,,,,,Y,,J,49,1,0,0,0,0,0,0,0,0,"- ","- ",34.594291687011719,-119.30589294433594,VENTURA,UNINCORPORATED,-119.30588531494141,34.59429931640625
91525905,2021,2021-07-21,9765,2021-06-27,0254,021682,,7,3,6,5608,0,1,2,,2,301,"US-101 S/B","JOHNSON DRIVE",3062.00,N,N,A,-,Y,,,101,,,,,,S,Y,2,0,1,2,D,-,00,,,N,C,C,A,A,H,-,D,D,0,,,,,Y,Y,-,"- ",1,0,0,0,0,0,0,0,0,"- ","- ",34.247688293457031,-119.20182037353516,VENTURA,VENTURA,-119.20181274414062,34.247707366943359
9153608,2020,2021-01-20,5608,2020-09-03,0558,526,VENTU,4,5,6,5608,0,0,0,,0,001,"VENTURA AV","MAIN ST",344.00,N,N,A,-,N,,,,,,,,,,Y,2,0,1,2,A,-,11,21954,A,N,A,B,D,A,H,-,C,A,0,Y,,,,Y,,N,60,1,0,0,0,1,0,0,0,0,"- ","- ",,,VENTURA,VENTURA,-119.30062103271484,34.282001495361328
9153614,2020,2021-01-20,5608,2020-09-01,1728,528,,2,5,6,5608,0,0,0,,0,002,"JORDAN AV","SAN NICHOLAS ST",10.00,S,N,A,-,N,,,,,,,,,,N,2,0,1,2,A,-,10,21950,A,N,G,B,B,A,H,-,B,D,0,Y,,,,Y,,A,01,1,0,0,0,1,0,0,0,0,"- ","- ",,,VENTURA,VENTURA,-119.26665496826172,34.275482177734375
91537364,2021,2021-08-30,9765,2021-07-25,1420,020187,,7,2,9,5600,0,1,3,,1,062,"STATE ROUTE 1 (PACIFIC COAST HIGHWAY)","YERBA BUENA ROAD",0.00,,Y,A,-,Y,,,1,,,,,,,Y,2,0,1,2,A,-,03,22350,,N,D,C,A,A,H,-,A,D,0,,,Y,,Y,,C,02,1,0,0,0,0,0,0,0,1,"- ","- ",34.05316162109375,-118.96309661865234,VENTURA,UNINCORPORATED,-118.96309661865234,34.053173065185547
91540777,2021,2021-08-09,9765,2021-07-31,1105,022182,,6,1,9,5600,0,1,2,,1,101,"RINCON BIKE TRAIL","BATES ROAD",2640.00,S,N,A,-,N,,,,,,,,,,N,2,0,1,1,B,-,22,,,N,E,I,A,A,H,-,A,D,0,,Y,,,Y,,L,04,1,0,0,0,0,0,1,0,0,"- ","- ",34.376129150390625,-119.4688720703125,VENTURA,UNINCORPORATED,,
91541710,2021,2021-08-10,9765,2021-07-31,1330,022318,,6,1,9,5600,0,1,3,,1,021,"SR-33 (MARICOPA HWY)","POTRERO CREEK BRIDGE",48.00,S,N,A,-,Y,,,33,,,,,,,Y,2,0,1,1,A,-,03,22350,,N,F,A,A,A,H,-,A,D,0,,,Y,,Y,,C,02,1,0,0,0,0,0,0,0,1,"- ","- ",34.584739685058594,-119.26780700683594,VENTURA,UNINCORPORATED,-119.26780700683594,34.584743499755859
91543509,2021,2021-08-12,9770,2021-08-03,1320,018332,,2,1,9,5600,0,1,3,,1,045,"SR-126 E/B (EAST TELEGRAPH ROAD)","MAIN ST",300.00,E,N,A,-,Y,,,126,,,,,,E,Y,2,0,1,2,A,-,01,23152,A,N,C,C,A,A,H,-,A,D,0,,,,,Y,Y,A,01,1,0,0,0,0,0,0,0,0,"- ","- ",34.405651092529297,-118.79344940185547,VENTURA,UNINCORPORATED,-118.79347229003906,34.405689239501953
91551872,2021,2021-08-23,9770,2021-03-15,0520,021799,,1,3,9,5600,0,1,3,,1,045,"SR-126 E/B (EAST TELEGRAPH ROAD)","CENTER STREET",450.00,W,N,B,C,Y,,,126,,,,,,E,Y,1,1,1,2,A,-,03,22350,,N,A,C,A,B,H,-,D,D,0,,,,Y,Y,,D,22,0,1,0,0,0,0,0,0,0,"- ","- ",34.410999298095703,-118.78206634521484,VENTURA,UNINCORPORATED,-118.78206634521484,34.411018371582031
9156516,2020,2020-11-25,5600,2020-09-25,1638,5256,8201,5,5,5,5601,0,0,0,,0,8D01,"FLYNN RD","CALLE BRISA",0.00,,Y,-,-,N,,,,,,,,,,Y,2,0,1,2,A,-,09,21802,A,N,D,A,A,A,H,-,A,D,0,,,,,Y,,A,01,1,0,0,0,0,0,0,0,0,"- ","- ",34.233020782470703,-119.01297760009766,VENTURA,CAMARILLO,-119.01310729980469,34.233028411865234
91568508,2021,2021-09-13,9430,2021-09-04,1630,021296,,6,2,9,5600,0,1,3,,1,030,"SR-33 S/B","POTRERO SECO RD.",100.00,N,N,A,-,Y,,,,,,,,,,N,2,0,1,1,A,-,08,22107,,N,E,I,A,C,H,-,A,D,0,,,Y,,Y,,C,02,1,0,0,0,0,0,0,0,1,"- ","- ",35.648391723632812,-119.3831787109375,VENTURA,UNINCORPORATED,,
91571197,2021,2021-09-15,9765,2021-04-12,2350,020850,,1,3,9,5600,0,3,5,,2,003,"GONZALES ROAD","VICTORIA AVENUE",3696.00,W,N,A,-,N,,,,,,,,,,Y,1,1,0,2,A,-,11,21954,A,N,G,B,E,A,H,-,D,D,0,Y,,,,Y,,N,60,0,0,0,1,0,0,0,0,0,"- ","- ",34.219501495361328,-119.23445129394531,VENTURA,UNINCORPORATED,-119.23351287841797,34.219501495361328
91572420,2021,2021-09-16,9765,2021-09-04,1150,021167,,6,1,9,5600,0,1,3,,1,044,SR-33,"MILEPOST MARKER 36.48",375.00,S,N,A,-,Y,,,33,,,,,,,Y,2,0,2,2,A,-,08,22107,,N,A,G,A,A,H,-,A,D,0,,Y,Y,,Y,,C,02,2,0,0,0,0,0,1,0,1,"- ","- ",34.597408294677734,-119.33155822753906,VENTURA,UNINCORPORATED,-119.33154296875,34.597457885742188
91573516,2021,2021-09-17,9765,2021-09-05,2055,022518,,7,2,5,5601,0,1,2,,2,503,"US101 SOUTHBOUND","ARNEILL ROAD",52.00,N,N,A,-,Y,,,101,,,,,,S,Y,2,0,1,1,A,-,01,23152,A,M,F,A,A,A,H,-,C,D,0,,,Y,,Y,Y,C,02,1,0,0,0,0,0,0,0,1,"- ","- ",34.217319488525391,-119.03909301757812,VENTURA,CAMARILLO,-119.03909301757812,34.217296600341797
91574898,2021,2021-09-20,9765,2021-02-06,1910,020334,,6,2,9,5600,0,1,3,,2,053,"SR-232 (VINEYARD AVE)","CARNEGIE STREET",459.00,S,N,A,-,Y,,,232,,,,,,,Y,1,1,1,2,A,-,08,22107,,N,D,C,A,A,H,-,D,D,0,,,Y,,Y,,A,01,1,0,0,0,0,0,0,1,0,"- ","- ",34.248100280761719,-119.1610107421875,VENTURA,UNINCORPORATED,-119.16100311279297,34.248092651367188
9157605,2020,2020-12-01,5600,2020-09-18,1058,5586,9162,5,5,6,5607,0,0,0,,0,9D01,"THOUSAND OAKS BL","PIERCE ARROW AV",0.00,,Y,A,-,,,,,,,,,,,Y,2,0,1,2,A,-,11,21456,,N,G,B,B,A,H,-,A,A,0,Y,,,,Y,,N,60,1,0,0,0,1,0,0,0,0,"- ","- ",34.162490844726562,-118.82572937011719,VENTURA,"THOUSAND OAKS",-118.82575225830078,34.162418365478516
91582966,2021,2021-09-29,9765,2021-09-19,1800,020708,,7,2,9,5600,0,1,3,,1,042,SR-150,"MUPU ROAD",5280.00,W,N,A,-,N,,,150,,,,,,,Y,2,0,1,1,A,-,03,22350,,N,E,I,A,A,H,-,A,D,0,,,Y,,Y,,C,02,1,0,0,0,0,0,0,0,1,"- ","- ",34.425201416015625,-119.08722686767578,VENTURA,UNINCORPORATED,-119.08724975585938,34.425189971923828
91586900,2021,2021-10-04,9770,2021-09-23,1015,016198,,4,1,6,5607,0,1,2,,2,073,"US-101 S/B (VENTURA FREEWAY)","MOORPARK ROAD",528.00,N,N,A,-,Y,,,101,,,,,,S,Y,2,0,1,2,A,-,07,21658,A,N,C,C,A,A,H,-,A,D,0,,,Y,,Y,,C,02,1,0,0,0,0,0,0,0,1,"- ","- ",34.177478790283203,-118.87864685058594,VENTURA,"THOUSAND OAKS",-118.87864685058594,34.177513122558594
91595478,2021,2021-10-13,9770,2021-10-03,2050,019057,,7,2,6,5607,0,1,3,,2,085,"SR-23 S/B (MOORPARK FREEWAY)","SUNSET HILLS BLVD",850.00,N,N,A,-,Y,,,23,,,,,,S,Y,2,0,2,3,A,-,03,22350,,N,C,C,A,A,D,-,D,D,0,,,,,Y,,A,01,1,0,1,0,0,0,0,0,0,"- ","- ",34.229881286621094,-118.84609985351562,VENTURA,"THOUSAND OAKS",-118.84609985351562,34.229881286621094
91596125,2021,2021-12-20,9765,2021-10-03,1055,022337,,7,1,9,5600,0,1,3,,2,030,"SR-150 W/B","REEVES ROAD",4625.00,E,N,A,-,N,,,150,,,,,,W,Y,2,0,1,1,A,-,08,22107,,M,F,J,A,A,H,-,A,D,0,,,Y,,Y,,C,02,1,0,0,0,0,0,0,0,1,"- ","- ",34.440620422363281,-119.19844055175781,VENTURA,UNINCORPORATED,-119.19844055175781,34.440608978271484
91599482,2021,2021-10-18,9770,2021-05-04,2220,021420,,2,3,9,5600,0,1,3,,1,053,"SR-118 E/B (LOS ANGELES AVENUE)","BALCOM CANYON ROAD",968.00,E,N,A,-,Y,,,118,,,,,,E,Y,1,1,1,2,A,-,08,22107,,N,D,C,A,A,H,-,D,D,0,,,,,Y,,A,01,1,0,0,0,0,0,0,0,0,"- ","- ",34.269321441650391,-118.9522705078125,VENTURA,UNINCORPORATED,-118.9522705078125,34.269309997558594
9160695,2020,2020-12-29,5600,2020-10-05,1906,4965,8211,1,5,5,5601,0,0,0,,0,8D01,"MISSION OAKS BL","ANGULA PL",1645.00,E,N,A,-,N,,,,,,,,,,,2,0,1,2,A,-,10,21950,A,N,G,B,C,A,H,-,C,A,0,Y,,,,Y,,A,01,1,0,0,0,1,0,0,0,0,"- ","- ",34.218860626220703,-119.00939178466797,VENTURA,CAMARILLO,-119.00547027587891,34.221786499023438
9160698,2020,2020-12-29,5600,2020-10-05,1842,4965,8300,1,5,5,5601,0,0,0,,0,8A01,"VENTURA BL","PROMENADE DR",983.00,E,N,A,-,N,,,,,,,,,,Y,2,0,1,1,A,-,08,22107,,N,E,I,A,A,H,-,B,D,0,,,Y,,Y,,C,02,1,0,0,0,0,0,0,0,1,"- ","- ",34.216468811035156,-119.06739044189453,VENTURA,CAMARILLO,-119.06479644775391,34.218143463134766
91625636,2021,2021-11-16,9770,2021-11-04,0715,017732,,4,1,9,5600,0,1,3,,1,052,"SR-118 W/B (LOS ANGELES AVENUE)","GRIMES CANYON ROAD",20.00,E,N,A,-,Y,,,118,,,,,,W,Y,2,0,1,2,A,-,03,22350,,N,C,C,A,A,H,-,A,A,0,,,,,Y,,A,08,1,0,0,0,0,0,0,0,0,"- ","- ",34.274131774902344,-118.93031311035156,VENTURA,UNINCORPORATED,-118.9302978515625,34.274105072021484
91635513,2021,2021-11-26,9765,2021-11-11,0344,019277,,4,3,6,5608,0,1,3,,2,011,"SR-33 S/B","W. MAIN ST.",528.00,N,N,A,-,Y,,,33,,,,,,S,Y,2,0,2,1,A,-,01,23152,A,N,E,8,A,A,H,-,C,D,0,,,,,Y,Y,A,01,1,1,0,0,0,0,0,0,0,"- ","- ",34.282630920410156,-119.30549621582031,VENTURA,VENTURA,-119.30551147460938,34.282630920410156
9164090,2020,2020-11-30,5600,2020-09-02,0215,5066,8127,3,5,5,5601,0,0,0,,0,8C01,"LEWIS RD","TEMPLE AV",31.00,N,N,A,-,Y,VEN,7,34,-,-,14.050,H,-,W,Y,2,0,1,1,A,-,08,22107,,N,A,I,A,A,H,-,C,D,0,,,Y,,Y,,C,02,1,0,0,0,0,0,0,0,1,"- ","- ",34.221771240234375,-119.02918243408203,VENTURA,CAMARILLO,-119.02920532226562,34.221687316894531
91652264,2021,2021-12-14,9765,2021-12-09,2152,020873,,4,2,9,5600,0,1,3,,1,044,SR-150,"JOHNSON ROAD",2112.00,N,N,A,-,Y,,,150,,,,,,,Y,2,0,1,1,A,-,01,23152,A,N,F,A,A,A,H,-,D,D,0,,,,,Y,Y,A,07,1,0,0,0,0,0,0,0,0,"- ","- ",34.428970336914062,-119.11805725097656,VENTURA,UNINCORPORATED,-119.11808776855469,34.42901611328125