CASE_ID,ACCIDENT_YEAR,PROC_DATE,JURIS,COLLISION_DATE,COLLISION_TIME,OFFICER_ID,REPORTING_DISTRICT,DAY_OF_WEEK,CHP_SHIFT,POPULATION,CNTY_CITY_LOC,SPECIAL_COND,BEAT_TYPE,CHP_BEAT_TYPE,CITY_DIVISION_LAPD,CHP_BEAT_CLASS,BEAT_NUMBER,PRIMARY_RD,SECONDARY_RD,DISTANCE,DIRECTION,INTERSECTION,WEATHER_1,WEATHER_2,STATE_HWY_IND,CALTRANS_COUNTY,CALTRANS_DISTRICT,STATE_ROUTE,ROUTE_SUFFIX,POSTMILE_PREFIX,POSTMILE,LOCATION_TYPE,RAMP_INTERSECTION,SIDE_OF_HWY,TOW_AWAY,COLLISION_SEVERITY,NUMBER_KILLED,NUMBER_INJURED,PARTY_COUNT,PRIMARY_COLL_FACTOR,PCF_CODE_OF_VIOL,PCF_VIOL_CATEGORY,PCF_VIOLATION,PCF_VIOL_SUBSECTION,HIT_AND_RUN,TYPE_OF_COLLISION,MVIW,PED_ACTION,ROAD_SURFACE,ROAD_COND_1,ROAD_COND_2,LIGHTING,CONTROL_DEVICE,CHP_ROAD_TYPE,PEDESTRIAN_ACCIDENT,BICYCLE_ACCIDENT,MOTORCYCLE_ACCIDENT,TRUCK_ACCIDENT,NOT_PRIVATE_PROPERTY,ALCOHOL_INVOLVED,STWD_VEHTYPE_AT_FAULT,CHP_VEHTYPE_AT_FAULT,COUNT_SEVERE_INJ,COUNT_VISIBLE_INJ,COUNT_COMPLAINT_PAIN,COUNT_PED_KILLED,COUNT_PED_INJURED,COUNT_BICYCLIST_KILLED,COUNT_BICYCLIST_INJURED,COUNT_MC_KILLED,COUNT_MC_INJURED,PRIMARY_RAMP,SECONDARY_RAMP,LATITUDE,LONGITUDE,COUNTY,CITY,POINT_X,POINT_Y
9165456,2020,2020-11-25,5600,2020-10-02,2046,4691,9108,5,5,6,5607,0,0,0,,0,9C01,"WENDY DR","OLD CONEJO RD",0.00,,Y,A,-,Y,VEN,7,101,-,-,7.920,R,4,S,Y,2,0,3,3,A,-,12,21453,A,N,D,C,A,A,H,-,C,A,0,,,,,Y,,A,01,1,1,1,0,0,0,0,0,0,"- ","- ",34.186260223388672,-118.94402313232422,VENTURA,"THOUSAND OAKS",-118.93992614746094,34.189945220947266
9166188,2020,2020-11-10,5608,2020-09-27,2111,517,,7,5,6,5608,0,0,0,,0,001,"HARBOR BL","CALIFORNIA ST",106.00,W,N,A,-,N,,,,,,,,,,N,2,0,1,2,A,-,08,22107,,F,G,B,E,A,H,-,C,A,0,Y,,,,Y,,A,01,1,0,0,0,1,0,0,0,0,"- ","- ",,,VENTURA,VENTURA,-119.29338073730469,34.276901245117188
91671427,2021,2022-01-05,9770,2021-12-27,1525,017662,,1,2,6,5607,0,1,3,,2,077,"SR-23 S/B (MOORPARK FREEWAY)","JANSS ROAD U/C",1056.00,N,N,B,C,Y,,,23,,,,,,S,Y,2,0,1,1,A,-,03,22350,,N,E,8,A,B,D,-,A,D,0,,,,,Y,,A,07,1,0,0,0,0,0,0,0,0,"- ","- ",34.203300476074219,-118.85446166992188,VENTURA,"THOUSAND OAKS",-118.85440826416016,34.203224182128906
91673445,2021,2022-01-07,9765,2021-12-25,2212,020873,,6,3,9,5600,0,1,3,,2,040,"SR-126 EB","BRIGGS ROAD",5174.00,W,N,B,-,Y,,,126,,,,,,E,Y,2,0,1,1,A,-,08,22107,,N,E,I,A,B,H,-,D,D,0,,,,,Y,,A,01,1,0,0,0,0,0,0,0,0,"- ","- ",34.314319610595703,-119.11477661132812,VENTURA,UNINCORPORATED,-119.11475372314453,34.31427001953125
91683755,2022,2022-01-24,9770,2022-01-16,0106,021341,,7,3,6,5607,0,1,2,,2,074,"US-101 N/B (VENTURA FREEWAY)","WESTLAKE BOULEVARD",1954.00,S,N,B,-,Y,VEN,,101,,,0.312,H,,R,Y,2,0,2,3,A,-,03,22350,,N,C,C,A,A,H,-,D,D,0,,,,,Y,Y,A,01,1,0,1,0,0,0,0,0,0,"- ","- ",34.154201507568359,-118.81976318359375,VENTURA,"THOUSAND OAKS",-118.81973266601562,34.154232025146484
91686743,2022,2022-01-27,9770,2022-01-20,0208,020353,,4,3,6,5607,0,1,2,,2,073,"US-101 S/B (VENTURA FREEWAY)","VENTU PARK ROAD",1890.00,S,N,A,-,Y,VEN,,101,,,5.815,H,,L,Y,2,0,1,1,A,-,08,22107,,N,E,9,A,A,H,-,D,D,0,,,,Y,Y,,G,25,1,0,0,0,0,0,0,0,0,"- ","- ",34.184200286865234,-118.90471649169922,VENTURA,"THOUSAND OAKS",-118.90471649169922,34.184303283691406
91688515,2022,2022-01-28,9765,2022-01-21,1745,020187,,5,2,9,5600,0,3,5,,2,006,"WOOLEY ROAD","ROSE AVENUE",2734.00,E,N,A,-,N,,,,,,,,,,Y,2,0,1,2,A,-,08,22107,,N,D,C,A,A,H,-,D,D,0,,,Y,,Y,,D,22,1,0,0,0,0,0,0,0,1,"- ","- ",34.189788818359375,-119.15062713623047,VENTURA,UNINCORPORATED,-119.15093994140625,34.189785003662109
9169355,2020,2020-10-22,5604,2020-08-31,0556,5608,,1,5,6,5604,0,0,0,,0,032,"WESTAR DR","VANGUARD DR",50.00,W,N,A,-,N,,,,,,,,,,N,2,0,1,2,A,-,03,22350,,N,G,B,D,A,H,-,B,D,0,Y,,,,Y,,N,60,1,0,0,0,1,0,0,0,0,"- ","- ",34.185638427734375,-119.16325378417969,VENTURA,OXNARD,-119.16172790527344,34.18621826171875
9169358,2020,2020-10-22,5604,2020-08-23,1921,5492,,7,5,6,5604,0,0,0,,0,031,"E GONZALES RD","ROSE AV",1056.00,W,N,A,-,N,,,,,,,,,,Y,2,0,1,2,A,-,12,21453,A,N,D,C,A,A,H,-,A,A,0,,,Y,,Y,,C,02,1,0,0,0,0,0,0,0,1,"- ","- ",34.218578338623047,-119.16049194335938,VENTURA,OXNARD,-119.16191864013672,34.219013214111328
91696250,2021,2022-02-08,9770,2021-11-17,0630,017409,,3,1,9,5600,0,1,3,,1,051,"SR-118 E/B (LOS ANGELES AVENUE)","SAND CANYON ROAD",633.00,E,N,B,-,Y,,,118,,,,,,E,Y,1,1,1,2,A,-,01,23152,F,N,D,C,A,A,H,-,B,D,0,,,Y,,Y,,C,02,0,0,1,0,0,0,0,1,0,"- ","- ",34.265968322753906,-118.97434997558594,VENTURA,UNINCORPORATED,-118.97434234619141,34.265941619873047
91706018,2022,2022-02-22,9765,2022-02-12,1835,022318,,6,2,9,5600,0,3,5,,2,006,"RICE AVENUE","CHANNEL ISLANDS BLVD.",0.00,,Y,A,-,N,,,,,,,,,,N,2,0,2,2,D,-,00,,,N,D,C,A,A,H,-,C,A,0,,,,,Y,,-,"- ",1,1,0,0,0,0,0,0,0,"- ","- ",34.173198699951172,-119.14266967773438,VENTURA,UNINCORPORATED,-119.14266204833984,34.173206329345703
91713354,2022,2022-03-02,9765,2022-02-19,1750,022318,,6,2,5,5601,0,1,2,,2,503,"US-101 S/B (VENTURA FREEWAY)","CAMARILLO SPRINGS ROAD",3600.00,N,N,A,-,Y,VEN,,101,,,11.456,H,,L,N,2,0,2,2,A,-,08,22107,,N,B,C,A,A,H,-,E,D,0,,,,Y,Y,,F,26,1,1,0,0,0,0,0,0,0,"- ","- ",34.209049224853516,-118.99418640136719,VENTURA,CAMARILLO,-118.99420928955078,34.209026336669922
91722271,2021,2022-03-14,9765,2021-12-17,1326,022182,,5,1,6,5608,0,1,2,,2,301,"US-101 S/B (VENTURA FREEWAY)","VICTORIA AVENUE",1550.00,N,N,A,-,Y,,,101,,,,,,S,Y,1,1,2,5,A,-,03,22350,,N,C,C,A,A,H,-,A,D,0,,,,,Y,,A,07,0,1,1,0,0,0,0,0,0,"- ","- ",34.255031585693359,-119.21549987792969,VENTURA,VENTURA,-119.21551513671875,34.254997253417969
91722814,2022,2022-03-15,9770,2022-03-12,0124,021911,,6,3,9,5600,0,2,4,,2,079,"LINDERO CANYON ROAD","KANAN ROAD",12.00,N,N,A,-,N,,,,,,,,,,Y,2,0,4,1,A,-,01,23152,A,N,E,I,A,A,H,-,C,D,0,,,,,Y,Y,A,01,1,3,0,0,0,0,0,0,0,"- ","- ",34.185070037841797,-118.78574371337891,VENTURA,UNINCORPORATED,-118.78597259521484,34.184970855712891
91728868,2022,2022-03-22,9765,2022-03-14,1535,020708,,1,2,6,5608,0,1,2,,2,302,"US-101 N/B TO E. MAIN STREET","E. MAIN STREET",1285.00,E,N,A,-,Y,VEN,,101,,,26.558,H,,R,Y,2,0,1,1,A,-,08,22107,,N,E,I,A,A,H,-,A,D,0,,,Y,,Y,,C,02,1,0,0,0,0,0,0,0,1,"- ","- ",34.265289306640625,-119.24024963378906,VENTURA,VENTURA,-119.24022674560547,34.265071868896484
91741115,2021,2022-04-05,9765,2021-07-10,0010,021682,,6,3,9,5600,0,1,3,,1,020,"SR-33 S/B (N. VENTURA AVENUE)","SANTA ANA WAY",825.00,N,N,A,-,Y,,,33,,,,,,S,Y,1,1,0,1,A,-,01,23152,F,N,E,I,A,A,H,-,D,D,0,,,,,Y,,A,01,0,0,0,0,0,0,0,0,0,"- ","- ",34.405330657958984,-119.29956817626953,VENTURA,UNINCORPORATED,-119.2994384765625,34.405323028564453
91750001,2022,2022-04-18,9765,2022-04-09,0923,019277,,6,1,9,5600,0,1,3,,1,023,"SR-150 (N. OJAI ROAD)","AWHAI RANCH RD.",528.00,E,N,A,-,Y,VEN,,150,,,24.819,H,,R,N,2,0,1,1,A,-,03,22350,,N,F,A,A,A,H,-,A,D,0,,Y,,,Y,,L,04,1,0,0,0,0,0,1,0,0,"- ","- ",34.437850952148438,-119.14900207519531,VENTURA,UNINCORPORATED,-119.14900207519531,34.437850952148438
91762218,2022,2022-05-02,9770,2022-04-21,1700,020849,,4,2,9,5600,0,1,3,,1,050,"SR-118 W/B (LOS ANGELES AVENUE)","BALCOM CANYON RD",1000.00,E,N,A,-,N,,,,,,,,,,Y,2,0,5,2,A,-,08,22107,,N,A,C,A,A,H,-,A,D,0,,,,,Y,,A,01,1,4,0,0,0,0,0,0,0,"- ","- ",34.26953125,-118.95111846923828,VENTURA,UNINCORPORATED,-118.95111846923828,34.269523620605469
91767276,2021,2022-05-09,9765,2021-08-06,1844,022408,,5,2,6,5608,0,1,2,,1,102,"US-101 N/B (VENTURA FREEWAY)","SEAWARD AVENUE",211.00,N,N,A,-,Y,,,101,,,,,,N,Y,1,1,0,1,A,-,01,23152,F,N,E,I,A,A,H,-,A,D,0,,,,,Y,,A,01,0,0,0,0,0,0,0,0,0,"- ","- ",34.270729064941406,-119.27390289306641,VENTURA,VENTURA,-119.27393341064453,34.270675659179688
91767977,2022,2022-05-09,9765,2022-05-01,1130,022318,,7,1,9,5600,0,1,3,,1,055,"SR-118 (LOS ANGELES AVENUE)","SANTA CLARA AVENUE",175.00,W,N,A,-,Y,VEN,,118,,,4.123,H,,R,N,2,0,1,2,A,-,08,22107,,N,D,C,A,A,H,-,A,A,0,,,,,Y,,A,01,1,0,0,0,0,0,0,0,0,"- ","- ",34.256259918212891,-119.10951232910156,VENTURA,UNINCORPORATED,-119.10950469970703,34.256267547607422
91769759,2022,2022-05-11,9765,2022-05-03,1740,022453,,2,2,9,5600,0,1,3,,1,055,"SR-118 (LOS ANGELES AVENUE)","SANTA CLARA AVENUE",100.00,W,N,A,-,Y,VEN,,118,,,4.134,H,,R,Y,2,0,1,3,A,-,08,22107,,N,D,C,A,A,H,-,A,A,0,,,,,Y,,A,07,1,0,0,0,0,0,0,0,0,"- ","- ",34.256149291992188,-119.10936737060547,VENTURA,UNINCORPORATED,-119.10935211181641,34.256168365478516
91769988,2021,2022-05-11,9765,2021-09-28,0030,022296,,2,3,6,5608,0,1,2,,2,502,"US-101 S/B (VENTURA FREEWAY)","GARDEN STREET",144.00,S,N,A,-,Y,,,101,,,,,,S,Y,1,1,0,2,A,-,00,21960,A,N,G,B,E,A,H,-,C,D,0,Y,,,,Y,,N,60,0,0,0,1,0,0,0,0,0,"- ","- ",34.277858734130859,-119.3023681640625,VENTURA,VENTURA,-119.30239105224609,34.277801513671875
91776814,2022,2022-05-20,9765,2022-03-18,2003,020691,,5,2,9,5600,0,1,3,,1,020,"SR-33 (N. VENTURA AVE)","ENCINO DRIVE",211.00,S,N,A,-,Y,VEN,,33,,,9.498,H,,R,Y,2,0,4,3,A,-,01,23152,A,N,A,C,A,A,H,-,D,D,0,,,,,Y,Y,D,22,3,1,0,0,0,0,0,0,0,"- ","- ",34.406558990478516,-119.29865264892578,VENTURA,UNINCORPORATED,-119.29863739013672,34.406551361083984
91777007,2022,2022-05-20,9765,2022-05-15,1605,022337,,7,2,9,5600,0,3,5,,2,002,"REEVES ROAD","MCANDREW ROAD",0.00,,N,A,-,N,,,,,,,,,,N,2,0,1,1,A,-,08,22107,,N,E,I,A,A,H,-,A,D,0,,,Y,,Y,,C,06,1,0,0,0,0,0,0,0,1,"- ","- ",34.451358795166016,-119.17678833007812,VENTURA,UNINCORPORATED,-119.18508911132812,34.448200225830078
9177823,2020,2021-01-14,5608,2020-10-24,2308,493,,6,5,6,5608,0,0,0,,0,001,"E MAIN ST","N OAK ST",15.00,W,N,A,-,N,,,,,,,,,,N,2,0,1,1,A,-,03,22350,,N,E,I,A,A,H,-,C,A,0,,Y,,,Y,Y,L,04,1,0,0,0,0,0,1,0,0,"- ","- ",,,VENTURA,VENTURA,-119.29470825195312,34.280818939208984
91778284,2021,2022-05-23,9770,2021-11-15,1455,019955,,1,2,9,5600,0,2,4,,1,056,"GRIMES CANYON ROAD","MEADOWGLADE DRIVE",280.00,N,N,A,-,N,,,,,,,,,,Y,1,2,2,2,A,-,03,22350,,N,D,C,A,A,H,-,A,D,0,,,,Y,Y,,A,01,2,0,0,0,0,0,0,0,0,"- ","- ",34.288219451904297,-118.93462371826172,VENTURA,UNINCORPORATED,-118.93447875976562,34.288261413574219
91785726,2021,2022-06-01,9765,2021-06-20,0420,022272,,7,3,6,5608,0,1,2,,2,301,"US-101 S/B (VENTURA FREEWAY)","VICTORIA AVENUE",2262.00,S,N,A,-,Y,,,101,,,,,,S,Y,1,1,2,1,A,-,01,23152,A,N,E,I,A,A,H,-,D,D,0,,,,,Y,Y,A,01,1,1,0,0,0,0,0,0,0,"- ","- ",34.249061584472656,-119.20472717285156,VENTURA,VENTURA,-119.2047119140625,34.249107360839844
91786132,2022,2022-06-01,9770,2022-05-25,0450,020721,,3,3,5,5601,0,1,2,,2,071,"US-101 S/B (VENTURA FREEWAY)","CAMARILLO SPRINGS ROAD",2112.00,S,N,B,-,Y,VEN,,101,,,10.326,H,,L,Y,2,0,2,3,C,-,18,,,N,D,C,A,A,H,-,D,D,0,,,,,Y,Y,-,"- ",1,1,0,0,0,0,0,0,0,"- ","- ",34.201431274414062,-118.97785186767578,VENTURA,CAMARILLO,-118.97783660888672,34.201450347900391
91786973,2022,2022-06-02,9770,2022-02-11,2023,021485,,5,2,9,5600,0,2,4,,1,056,"SR-118 E/B (LOS ANGELES AVENUE)","MONTAIR DRIVE",529.00,W,N,A,-,Y,VEN,,118,,,15.521,H,,R,Y,1,1,0,1,A,-,01,23152,G,N,E,I,A,A,H,-,D,D,0,,,,,Y,Y,A,07,0,0,0,0,0,0,0,0,0,"- ","- ",34.278751373291016,-118.91763305664062,VENTURA,UNINCORPORATED,-118.91763305664062,34.278903961181641
91788767,2022,2022-06-06,9765,2022-05-29,0237,018884,,7,3,9,5600,0,1,3,,1,042,"SR-126 (OLD TELEGRAPH ROAD)","TIMBER CANYON ROAD",1056.00,W,N,A,-,Y,VEN,,126,,R,15.193,H,,R,Y,2,0,1,1,A,-,01,23152,A,N,F,I,A,A,H,-,D,D,0,,,,,Y,Y,A,01,1,0,0,0,0,0,0,0,0,"- ","- ",34.373508453369141,-119.01223754882812,VENTURA,UNINCORPORATED,-119.01229858398438,34.373680114746094
91807134,2022,2022-06-30,9770,2022-06-18,0810,018332,,6,1,9,5600,0,1,3,,1,046,"SR-126 W/B (EAST TELEGRAPH ROAD)","CAMULUS RANCH RD",1056.00,E,N,A,-,Y,VEN,,126,,R,30.865,H,,L,N,2,0,1,1,B,-,22,,,N,F,I,A,A,D,-,A,D,0,,Y,,,Y,,-,"- ",1,0,0,0,0,0,1,0,0,"- ","- ",34.406581878662109,-118.75460052490234,VENTURA,UNINCORPORATED,-118.75459289550781,34.406646728515625
91813172,2022,2022-07-08,9765,2022-06-26,1337,021999,,7,1,9,5600,0,1,3,,1,012,"SR-1 (OLD PACIFIC COAST HIGHWAY)","A LEASE CANYON ROAD",5808.00,S,N,A,-,Y,VEN,,1,,,22.773,H,,R,N,2,0,1,2,A,-,08,22107,,F,G,G,A,A,H,-,A,D,0,,Y,,,Y,,A,01,1,0,0,0,0,0,1,0,0,"- ","- ",34.307609558105469,-119.35253143310547,VENTURA,UNINCORPORATED,-119.35263061523438,34.307525634765625
91817649,2022,2022-07-15,9765,2022-07-02,1815,022337,,6,2,9,5600,0,3,5,,2,002,"SANTA ANA ROAD",SR-150,1584.00,S,N,A,-,N,,,,,,,,,,Y,2,0,1,1,A,-,08,22107,,N,E,I,A,A,H,-,A,D,0,,,Y,,Y,,C,02,1,0,0,0,0,0,0,0,1,"- ","- ",34.414081573486328,-119.33688354492188,VENTURA,UNINCORPORATED,-119.33731079101562,34.416721343994141
91826787,2022,2022-07-28,9765,2022-07-19,2115,022083,,2,2,9,5600,0,3,5,,2,006,"LAGUNA ROAD","LAS POSAS ROAD",234.00,E,N,A,-,N,,,,,,,,,,Y,2,0,1,1,A,-,01,23152,A,N,E,I,A,A,H,-,D,D,0,,,,,Y,Y,A,01,1,0,0,0,0,0,0,0,0,"- ","- ",34.176059722900391,-119.06996917724609,VENTURA,UNINCORPORATED,-119.07056427001953,34.176013946533203
91830239,2022,2022-08-01,9770,2022-07-22,0330,020353,,5,3,6,5609,0,1,3,,2,082,"SR-118 W/B (RONALD REAGAN FREEWAY)","KUEHNER DRIVE",900.00,E,N,A,-,Y,VEN,,118,,R,30.721,H,,L,Y,2,0,2,3,C,-,18,,,N,G,2,E,A,H,-,D,D,0,Y,,,,Y,Y,-,"- ",1,1,0,0,1,0,0,0,0,"- ","- ",34.277828216552734,-118.65927124023438,VENTURA,"SIMI VALLEY",-118.65921020507812,34.277889251708984
91833791,2022,2022-08-05,9765,2022-07-23,0608,022296,,6,1,6,5604,0,1,2,,2,501,"US-101 S/B (VENTURA FREEWAY)","RICE AVE",2500.00,N,N,B,-,Y,VEN,,101,,,20.569,H,,L,Y,2,0,1,1,A,-,01,23152,G,N,E,I,A,A,H,-,B,D,0,,,,,Y,Y,A,01,1,0,0,0,0,0,0,0,0,"- ","- ",34.223430633544922,-119.15093231201172,VENTURA,OXNARD,-119.15093994140625,34.223381042480469
91838389,2022,2022-08-11,9770,2022-03-20,0120,021909,,7,3,6,5609,0,1,3,,2,082,"SR-118 W/B (RONALD REAGAN FREEWAY)","SEQUOIA AVE.",930.00,E,N,C,-,Y,VEN,,118,,R,26.757,H,,L,Y,1,1,0,1,A,-,01,23152,A,N,E,I,A,B,H,-,C,D,0,,,,,Y,Y,D,22,0,0,0,0,0,0,0,0,0,"- ","- ",34.282508850097656,-118.72759246826172,VENTURA,"SIMI VALLEY",-118.72759246826172,34.282432556152344
91842784,2022,2022-08-17,9770,2022-08-06,0200,021485,,6,3,9,5600,0,1,3,,1,044,"SR-126 W/B (EAST TELEGRAPH ROAD)","FISH HATCHERY ROAD",402.00,E,N,A,-,Y,VEN,,126,,R,23.173,H,,L,Y,2,0,1,2,C,-,18,,,N,B,C,A,A,H,-,D,D,0,,,,,Y,Y,-,"- ",1,0,0,0,0,0,0,0,0,"- ","- ",34.395580291748047,-118.88358306884766,VENTURA,UNINCORPORATED,-118.88358306884766,34.395557403564453
91843817,2022,2022-08-18,9430,2022-08-13,1403,019531,,6,2,9,5600,0,3,5,,2,003,"CUDDY VALLEY ROAD","MOUNT PINOS ROAD",250.00,E,N,A,-,N,,,,,,,,,,N,2,0,1,1,A,-,03,22350,,N,E,I,A,A,H,-,A,A,0,,,Y,,Y,,C,02,1,0,0,0,0,0,0,0,1,"- ","- ",34.814018249511719,-119.09729766845703,VENTURA,UNINCORPORATED,,
91845587,2022,2022-08-22,9765,2022-08-14,0940,022318,,7,1,9,5600,0,1,3,,1,022,"SR-150 (CASITAS VISTA ROAD)","RED MOUNTAIN FIRE ROAD",5544.00,E,N,A,-,Y,VEN,,150,,,6.293,H,,R,N,2,0,1,1,A,-,08,22107,,N,E,A,A,A,C,-,A,D,0,,,Y,,Y,,C,02,1,0,0,0,0,0,0,0,1,"- ","- ",34.387298583984375,-119.36608123779297,VENTURA,UNINCORPORATED,-119.36606597900391,34.387275695800781
91868101,2021,2022-09-19,9765,2021-07-12,0328,022408,,1,3,6,5608,0,1,2,,1,102,"US-101 S/B TO WEST MAIN STREET","WEST MAIN STREET",400.00,N,N,A,-,Y,,,101,,,,R,,S,N,1,1,2,1,A,-,01,23152,,N,E,I,A,A,H,-,D,D,0,,,,,Y,Y,A,01,0,2,0,0,0,0,0,0,0,"- ","- ",34.282360076904297,-119.31759643554688,VENTURA,VENTURA,-119.31759643554688,34.282360076904297
9187264,2020,2021-02-24,5608,2020-11-01,0937,505,,7,5,6,5608,0,0,0,,0,004,"VICTORIA AV","8TH ST",18.00,S,N,A,-,N,,,,,,,,,,Y,2,0,1,4,A,-,03,22350,,N,C,C,A,A,H,-,A,D,0,,,,,Y,,A,01,1,0,0,0,0,0,0,0,0,"- ","- ",,,VENTURA,VENTURA,-119.21054840087891,34.256759643554688
91875991,2022,2022-09-28,9770,2022-09-24,2019,020169,,6,2,9,5600,0,2,4,,2,079,"LINDERO CANYON ROAD","KILBURN COURT",70.00,N,N,A,-,N,,,,,,,,,,N,2,0,1,1,A,-,08,22107,,N,E,I,A,A,H,-,C,A,0,,Y,,,Y,,M,91,1,0,0,0,0,0,1,0,0,"- ","- ",34.191139221191406,-118.78363800048828,VENTURA,UNINCORPORATED,-118.78383636474609,34.191204071044922
91881302,2022,2022-10-04,9770,2022-09-30,1120,018942,,5,1,6,5607,0,1,2,,2,074,"US-101 N/B (VENTURA FREEWAY)","MOORPARK ROAD",1584.00,S,N,A,-,Y,VEN,,101,,,3.722,H,,R,Y,2,0,1,1,A,-,03,22350,,N,F,A,A,A,H,-,A,D,0,,,Y,,Y,,C,02,1,0,0,0,0,0,0,0,1,"- ","- ",34.177070617675781,-118.87032318115234,VENTURA,"THOUSAND OAKS",-118.87032318115234,34.177021026611328
91889266,2022,2022-10-13,9765,2022-10-02,0110,022472,,7,3,9,5600,0,3,5,,2,002,"SR-33 (N. VENTURA AVE.)","ENCINO DRIVE",1860.00,S,N,A,-,Y,VEN,,33,,,9.497,H,,R,Y,2,0,1,1,A,-,01,23152,A,N,F,I,A,A,H,-,D,A,0,,,,,Y,Y,D,22,1,0,0,0,0,0,0,0,0,"- ","- ",34.406558990478516,-119.29869079589844,VENTURA,UNINCORPORATED,-119.29865264892578,34.406536102294922
91892534,2022,2022-10-18,9770,2022-10-10,2026,021738,,1,2,6,5609,0,1,3,,2,082,"SR-118 W/B (RONALD REAGAN FREEWAY)","MADERA ROAD",345.00,W,N,A,-,Y,,,,,,,,,,N,2,0,1,1,A,-,03,22350,,N,E,8,A,A,H,-,C,D,0,,,,,Y,,A,01,1,0,0,0,0,0,0,0,0,"- ","- ",34.285091400146484,-118.79393005371094,VENTURA,"SIMI VALLEY",-118.79411315917969,34.284732818603516
91894155,2022,2022-10-19,9770,2022-10-08,0155,020849,,6,3,6,5609,0,1,3,,2,082,"SR-118 W/B (RONALD REAGAN FREEWAY)","KUEHNER DRIVE",6336.00,E,N,A,-,Y,VEN,,118,,R,31.690,H,,L,N,2,0,1,1,A,-,08,22107,,N,E,I,A,A,H,-,D,D,0,,,,,Y,,D,22,1,0,0,0,0,0,0,0,0,"- ","- ",34.269748687744141,-118.64694976806641,VENTURA,"SIMI VALLEY",-118.64704895019531,34.269611358642578
9189938,2020,2021-02-02,5608,2020-11-12,1805,440,,4,5,6,5608,0,0,0,,0,004,"JOHNSON DR","AUTO CTR DR",0.00,,Y,A,-,N,,,,,,,,,,Y,2,0,1,2,A,-,09,21801,A,N,A,C,A,A,H,-,C,A,0,,,,,Y,,-,,1,0,0,0,0,0,0,0,0,"- ","- ",,,VENTURA,VENTURA,-119.19329833984375,34.242649078369141
91906830,2022,2022-11-01,9765,2022-10-25,1650,022083,,2,2,9,5600,0,3,5,,2,006,"RICE AVENUE","HUENEME ROAD",500.00,N,N,A,-,N,,,,,,,,,,N,2,0,1,2,A,-,08,22107,,F,B,G,A,A,H,-,A,D,0,,Y,,,Y,,-,99,1,0,0,0,0,0,1,0,0,"- ","- ",34.149028778076172,-119.13680267333984,VENTURA,UNINCORPORATED,-119.136962890625,34.148532867431641
9190718,2020,2020-12-07,5600,2020-09-24,2230,487226,2135,4,5,6,5607,0,0,0,,0,212T3,"WATTS AV","SANTA ANA BL",0.00,,Y,A,-,N,,,,,,,,,,Y,2,0,2,3,A,-,05,21650,,N,A,C,A,A,H,-,C,A,0,,,,,Y,,A,01,2,0,0,0,0,0,0,0,0,"- ","- ",,,VENTURA,"THOUSAND OAKS",,
91910228,2022,2023-01-04,9765,2022-11-02,1555,021999,,3,2,9,5600,0,1,3,,2,060,"WOOD ROAD","ETTING ROAD",0.00,,Y,A,-,N,,,,,,,,,,N,2,0,1,2,A,-,09,21802,A,N,D,C,A,A,H,-,A,A,0,,,,,Y,,A,01,1,0,0,0,0,0,0,0,0,"- ","- ",34.161491394042969,-119.09654998779297,VENTURA,UNINCORPORATED,-119.09653472900391,34.161426544189453
91917236,2022,2022-11-14,9765,2022-08-16,1435,016549,,2,2,9,5600,0,1,3,,1,022,"SR-150 (CASITAS VISTA ROAD)","RAMELI RANCH RD",600.00,W,N,A,-,Y,VEN,,150,,,3.092,H,,R,Y,1,1,0,2,A,-,01,23152,F,N,A,C,A,A,H,-,A,A,0,,,Y,,Y,,C,02,0,0,0,0,0,0,0,1,0,"- ","- ",34.385089874267578,-119.41085815429688,VENTURA,UNINCORPORATED,-119.41088104248047,34.38507080078125
91932463,2022,2022-12-02,9765,2022-11-19,0115,022461,,6,3,9,5600,0,1,3,,1,044,"SR-150 (OJAI ROAD)","AVIARY ROAD",3645.00,E,N,A,-,Y,VEN,,150,,,30.627,H,,R,Y,2,0,1,1,A,-,01,23152,A,N,E,J,A,A,H,-,D,D,0,,,,,Y,Y,-,"- ",1,0,0,0,0,0,0,0,0,"- ","- ",34.399528503417969,-119.07990264892578,VENTURA,UNINCORPORATED,-119.07997131347656,34.399513244628906