CASE_ID,ACCIDENT_YEAR,PROC_DATE,JURIS,COLLISION_DATE,COLLISION_TIME,OFFICER_ID,REPORTING_DISTRICT,DAY_OF_WEEK,CHP_SHIFT,POPULATION,CNTY_CITY_LOC,SPECIAL_COND,BEAT_TYPE,CHP_BEAT_TYPE,CITY_DIVISION_LAPD,CHP_BEAT_CLASS,BEAT_NUMBER,PRIMARY_RD,SECONDARY_RD,DISTANCE,DIRECTION,INTERSECTION,WEATHER_1,WEATHER_2,STATE_HWY_IND,CALTRANS_COUNTY,CALTRANS_DISTRICT,STATE_ROUTE,ROUTE_SUFFIX,POSTMILE_PREFIX,POSTMILE,LOCATION_TYPE,RAMP_INTERSECTION,SIDE_OF_HWY,TOW_AWAY,COLLISION_SEVERITY,NUMBER_KILLED,NUMBER_INJURED,PARTY_COUNT,PRIMARY_COLL_FACTOR,PCF_CODE_OF_VIOL,PCF_VIOL_CATEGORY,PCF_VIOLATION,PCF_VIOL_SUBSECTION,HIT_AND_RUN,TYPE_OF_COLLISION,MVIW,PED_ACTION,ROAD_SURFACE,ROAD_COND_1,ROAD_COND_2,LIGHTING,CONTROL_DEVICE,CHP_ROAD_TYPE,PEDESTRIAN_ACCIDENT,BICYCLE_ACCIDENT,MOTORCYCLE_ACCIDENT,TRUCK_ACCIDENT,NOT_PRIVATE_PROPERTY,ALCOHOL_INVOLVED,STWD_VEHTYPE_AT_FAULT,CHP_VEHTYPE_AT_FAULT,COUNT_SEVERE_INJ,COUNT_VISIBLE_INJ,COUNT_COMPLAINT_PAIN,COUNT_PED_KILLED,COUNT_PED_INJURED,COUNT_BICYCLIST_KILLED,COUNT_BICYCLIST_INJURED,COUNT_MC_KILLED,COUNT_MC_INJURED,PRIMARY_RAMP,SECONDARY_RAMP,LATITUDE,LONGITUDE,COUNTY,CITY,POINT_X,POINT_Y
91936006,2022,2022-12-07,9765,2022-11-25,2325,021682,,5,3,9,5600,0,1,3,,1,044,"SR-150 (N. OJAI ROAD)","MUPU ROAD",173.00,W,N,A,-,Y,VEN,,150,,,29.831,H,,R,Y,2,0,4,1,A,-,01,23152,A,N,E,J,A,A,H,-,C,D,0,,,,,Y,Y,A,01,1,3,0,0,0,0,0,0,0,"- ","- ",34.410499572753906,-119.08455657958984,VENTURA,UNINCORPORATED,-119.08448028564453,34.410503387451172
91959534,2022,2023-01-04,9765,2022-12-27,1826,021852,,2,2,9,5600,0,1,3,,2,040,"SR-126 E/B (W. TELEGRAPH RD)","HALL RD",1742.00,E,N,C,-,Y,VEN,,126,,,16.994,H,,R,Y,2,0,1,1,A,-,08,22107,,N,E,J,A,B,H,-,D,D,0,,,,,Y,,A,01,1,0,0,0,0,0,0,0,0,"- ","- ",34.379840850830078,-118.98430633544922,VENTURA,UNINCORPORATED,-118.98429870605469,34.379791259765625
9196013,2020,2021-02-02,5604,2020-11-10,1732,5210,,2,5,6,5604,0,0,0,,0,042,"E DOLLIE ST","BRADFIELD PL",0.00,,Y,A,-,N,,,,,,,,,,N,2,0,1,3,A,-,03,22350,,N,G,G,A,A,H,-,C,D,0,,Y,,,Y,,A,01,1,0,0,0,0,0,1,0,0,"- ","- ",34.157310485839844,-119.17552947998047,VENTURA,OXNARD,-119.17555999755859,34.157341003417969
91968000,2022,2023-01-13,9765,2022-12-24,2320,022461,,6,3,9,5600,0,3,5,,2,005,"CATALINA DRIVE","MISSION DRIVE",5.00,E,N,A,-,N,,,,,,,,,,N,2,0,2,1,A,-,03,22350,,N,F,A,A,A,H,-,C,A,0,,,Y,,Y,,C,06,1,1,0,0,0,0,0,0,2,"- ","- ",34.241119384765625,-119.04827880859375,VENTURA,UNINCORPORATED,-119.04829406738281,34.241092681884766
9196953,2020,2020-12-22,5600,2020-10-29,0751,4221,9114,4,5,6,5607,0,0,0,,0,9C01,"JESSICA ST","MARTY CT",0.00,,Y,A,-,N,,,,,,,,,,Y,2,0,1,2,A,-,03,22350,,N,G,B,D,A,H,-,A,D,0,Y,,,,Y,,A,07,1,0,0,0,1,0,0,0,0,"- ","- ",34.178241729736328,-118.94259643554688,VENTURA,"THOUSAND OAKS",-118.94255065917969,34.178249359130859
91970096,2022,2023-01-17,9765,2022-05-14,1141,022296,,6,1,9,5600,0,3,5,,2,003,"OLIVAS PARK DR","TELEPHONE RD",0.00,,Y,A,-,N,,,,,,,,,,Y,1,1,2,2,A,-,08,22107,,F,E,I,A,A,H,-,A,A,0,,Y,,,Y,,L,04,0,1,1,0,0,0,0,0,0,"- ","- ",34.244319915771484,-119.23404693603516,VENTURA,UNINCORPORATED,-119.23417663574219,34.244396209716797
9197682,2020,2021-01-12,5608,2020-11-22,1305,532,,7,5,6,5608,0,0,0,,0,002,"EAST THOMPSON BL","ANACAPA ST",0.00,,Y,A,-,N,,,,,,,,,,N,2,0,1,2,A,-,06,21754,,N,B,C,A,A,H,-,A,D,0,,,Y,,Y,,C,02,1,0,0,0,0,0,0,0,1,"- ","- ",,,VENTURA,VENTURA,-119.27120208740234,34.274528503417969
91978782,2023,2023-01-26,9770,2023-01-13,1445,023131,,5,2,9,5600,0,2,4,,1,088,"BOX CANYON ROAD","BRYANT DRIVE",1400.00,S,N,A,-,N,,,,,,,,,,Y,2,0,1,1,A,-,08,22107,,N,E,I,A,A,H,-,A,A,0,,,,,Y,,A,01,1,0,0,0,0,0,0,0,0,"- ","- ",34.249088287353516,-118.65025329589844,VENTURA,UNINCORPORATED,-118.65005493164062,34.24884033203125
91982896,2023,2023-01-31,9770,2023-01-27,"910 ",017973,,5,1,6,5607,0,1,2,,2,075,"US-101 S/B (VENTURA FREEWAY)","HAMPSHIRE ROAD",1600.00,N,N,A,-,Y,VEN,,101," "," ",1.943,H,,L,N,2,0,1,1,A,-,08,22107,,N,E,I,A,A,H,-,A,D,0,,,,,Y,,A,01,1,0,0,0,0,0,0,0,0,"- ","- ",34.168701171875,-118.84229278564453,VENTURA,"THOUSAND OAKS",-118.84219360351562,34.168800354003906
91995460,2023,2023-02-15,9770,2023-02-06,"605 ",017973,,1,1,9,5600,0,1,3,,1,046,"SR-126 W/B (EAST TELEGRAPH ROAD)","NEWHALL RANCH EAST UNDERCROSSING",610.00,W,N,A,-,Y,VEN,,126," ",R,34.115,H,,L,N,2,0,1,1,A,-,01,23152,A,N,E,I,A,A,H,-,B,D,0,,,,,Y,Y,A,01,1,0,0,0,0,0,0,0,0,"- ","- ",34.405231475830078,-118.70188140869141,VENTURA,UNINCORPORATED,-118.70185089111328,34.405185699462891
92006859,2023,2023-03-01,9765,2023-02-21,1745,022518,,2,2,9,5600,0,1,3,,1,044,"SR-150 (OJAI RD)","SALT MARSH ROAD",0.00,,Y,A,-,N,,,,,,,,,,Y,2,0,2,2,A,-,01,23152,A,N,A,C,A,A,H,-,B,D,0,,,,,Y,Y,A,01,2,0,0,0,0,0,0,0,0,"- ","- ",34.412559509277344,-119.08434295654297,VENTURA,UNINCORPORATED,,
92006902,2023,2023-03-01,9765,2023-02-22,1245,016234,,3,1,9,5600,0,1,3,,1,055,"SR-118 (LOS ANGELES AVE)","LA VISTA AVE",1200.00,W,N,A,G,Y,VEN,,118," "," ",5.003,H,,R,N,2,0,1,1,A,-,17,22109,,N,F,A,A,A,H,-,A,D,0,,,Y,,Y,,C,02,1,0,0,0,0,0,0,0,1,"- ","- ",34.262580871582031,-119.0972900390625,VENTURA,UNINCORPORATED,-119.0972900390625,34.262580871582031
92014103,2023,2024-04-10,9770,2023-02-25,1410,020169,,6,2,9,5600,0,1,3,,1,046,"SR-126 W/B (EAST TELEGRAPH ROAD)","CAMINO DEL RIO",5597.00,W,N,B,C,Y,VEN,,126," ",R,32.761,H,,L,Y,2,0,1,3,A,-,03,22350,,N,B,2,A,B,H,-,A,A,0,,,,,Y,,A,01,1,0,0,0,0,0,0,0,0,"- ","- ",34.408069610595703,-118.72328186035156,VENTURA,UNINCORPORATED,-118.72325897216797,34.408092498779297
92021107,2022,2023-03-17,9770,2022-12-04,2302,021485,,7,3,6,5607,0,1,3,,2,077,"SR-23 S/B (MOORPARK FREEWAY)","PAIGE LANE",209.00,N,N,B,-,Y,VEN,,23,,R,4.427,H,,L,Y,1,1,0,1,A,-,01,23152,F,N,E,I,A,B,H,-,D,D,0,,,,,Y,Y,A,01,0,0,0,0,0,0,0,0,0,"- ","- ",34.191448211669922,-118.86186981201172,VENTURA,"THOUSAND OAKS",-118.86196899414062,34.191474914550781
92022376,2023,2023-03-20,9770,2023-03-10,1255,017732,,5,1,6,5609,0,1,3,,2,082,"SR-118 W/B (RONALD REAGAN FREEWAY)","KUEHNER DRIVE",1350.00,E,N,B,C,Y,VEN,,118," ",R,30.775,H,,L,Y,2,0,1,2,A,-,03,22350,,N,D,2,A,B,H,-,A,D,0,,,,,Y,,A,01,1,0,0,0,0,0,0,0,0,"- ","- ",34.277259826660156,-118.65863800048828,VENTURA,"SIMI VALLEY",-118.65853118896484,34.277336120605469
92032634,2023,2023-03-30,9765,2023-03-23,"913 ",022992,,4,1,9,5600,0,3,5,,2,002,"SANTA ANA ROAD NORTHBOUND","CASITAS VISTA ROAD",330.00,N,N,B,-,N,,,,,,,,,,N,2,0,1,2,A,-,08,22107,,N,C,G,A,B,H,-,A,D,0,,Y,,,Y,,-,"- ",1,0,0,0,0,0,1,0,0,"- ","- ",34.259860992431641,-119.314453125,VENTURA,UNINCORPORATED,-119.31356811523438,34.357799530029297
92040619,2023,2023-04-10,9765,2023-04-02,"47  ",022461,,7,3,6,5608,0,1,2,,2,103,"US-101 S/B","SANJON ROAD",640.00,N,N,A,-,Y,VEN,,101," "," ",29.672,H,,L,Y,2,0,2,1,A,-,08,22107,,N,E,8,A,A,H,-,C,D,0,,,,,Y,,A,01,1,1,0,0,0,0,0,0,0,"- ","- ",34.274330139160156,-119.28640747070312,VENTURA,VENTURA,-119.28632354736328,34.274417877197266
92043999,2023,2023-04-13,9770,2023-04-06,"110 ",019955,,4,3,4,5690,0,1,3,,2,081,"SR-118 E/B FROM LOS ANGELES AVENUE","LOS ANGELES AVENUE",121.00,S,N,A,-,Y,,,,,,,,,,Y,2,0,1,1,A,-,01,23152,G,N,E,I,A,A,H,-,C,D,0,,,,,Y,Y,A,01,1,0,0,0,0,0,0,0,0,"- ","- ",34.282291412353516,-118.86176300048828,VENTURA,MOORPARK,-118.86176300048828,34.282291412353516
92054087,2023,2023-04-26,9770,2023-04-14,2157,021911,,5,2,9,5600,0,1,3,,1,046,"SR-126 W/B (EAST TELEGRAPH ROAD)","CENTER STREET",245.00,E,N,A,-,Y,VEN,,126," ",R,29.338,H,,L,Y,2,0,4,3,A,-,08,22107,,N,D,C,A,A,H,-,C,D,0,,,,,Y,,A,07,4,0,0,0,0,0,0,0,0,"- ","- ",34.410209655761719,-118.7796630859375,VENTURA,UNINCORPORATED,-118.77965545654297,34.41021728515625
92058027,2023,2023-05-01,9765,2023-04-23,1410,022387,,7,2,9,5600,0,3,5,,2,005,"SANTA CLARA AVE","CENTRAL AVE",0.00,,Y,A,-,N,,,,,,,,,,Y,2,0,1,3,A,-,12,21453,A,N,D,C,A,A,H,-,A,A,0,,,Y,,Y,,A,07,1,0,0,0,0,0,0,0,1,"- ","- ",34.239078521728516,-119.12570953369141,VENTURA,UNINCORPORATED,-119.12572479248047,34.239151000976562
92063400,2023,2023-05-08,9765,2023-04-21,1618,022472,,5,2,9,5600,0,1,3,,1,020,"SR-33 S/B (N. VENTURA AVE)","NYE ROAD",1530.00,N,N,A,-,Y,VEN,,33," "," ",6.882,H,,L,Y,2,0,1,1,A,-,01,23152,A,N,E,I,A,A,H,-,A,A,0,,,,,Y,Y,A,01,1,0,0,0,0,0,0,0,0,"- ","- ",34.370090484619141,-119.30690002441406,VENTURA,UNINCORPORATED,-119.30684661865234,34.370090484619141
92063422,2023,2023-05-08,9765,2023-04-27,1659,020924,,4,2,4,5606,0,1,3,,2,040,SR-126,"PALM AVENUE",556.00,E,N,A,-,Y,VEN,,126," ",R,11.490,H,,R,N,2,0,3,5,A,-,03,22350,,N,C,C,A,A,H,-,A,D,0,,,,,Y,,A,07,1,1,1,0,0,0,0,0,0,"- ","- ",34.346401214599609,-119.06687927246094,VENTURA,"SANTA PAULA",-119.06685638427734,34.34637451171875
92074159,2023,2023-05-22,9765,2023-05-14,1652,020832,,7,2,6,5608,0,1,2,,2,302,"US-101 N/B (VENTURA FREEWAY)","TELEPHONE ROAD",685.00,S,N,B,-,Y,VEN,,101," "," ",25.891,H,,R,N,2,0,2,1,A,-,03,22350,,N,F,A,A,A,H,-,A,D,0,,,Y,,Y,,C,02,2,0,0,0,0,0,0,0,2,"- ","- ",34.261711120605469,-119.2293701171875,VENTURA,VENTURA,-119.22939300537109,34.261672973632812
92086928,2023,2023-06-06,9765,2023-05-30,2047,022387,,2,2,9,5600,0,1,3,,1,055,"SR-118 (W. LOS ANGELES AVE)","WALNUT AVENUE",1453.00,E,N,A,-,Y,VEN,,118," "," ",6.489,H,,R,Y,2,0,2,2,A,-,06,21751,,N,A,C,A,A,H,-,D,D,0,,,,,Y,,A,07,1,1,0,0,0,0,0,0,0,"- ","- ",34.263671875,-119.07185363769531,VENTURA,UNINCORPORATED,-119.07185363769531,34.263687133789062
92086979,2022,2023-06-06,9765,2022-10-12,1610,022453,,3,2,9,5600,0,1,3,,1,021,"SR-33 (MARICOPA HIGHWAY)","MILE MARKER 22-80",5.00,S,N,A,-,Y,VEN,,33,,,22.792,H,,R,Y,1,1,1,1,A,-,08,22107,,N,F,I,A,B,H,-,A,D,0,,,,,Y,,A,07,1,0,0,0,0,0,0,0,0,"- ","- ",34.530849456787109,-119.26481628417969,VENTURA,UNINCORPORATED,-119.26478576660156,34.530735015869141
92097015,2023,2023-06-19,9765,2023-06-08,"514 ",022488,,4,3,9,5600,0,1,3,,2,010,"SR-33 N/B (OJAI FREEWAY)","STANLEY AVENUE",4066.00,S,N,A,-,Y,VEN,,33," "," ",1.293,H,,R,Y,2,0,5,1,A,-,08,22107,,N,E,I,A,A,H,-,D,D,0,,,,,Y,Y,A,01,1,4,0,0,0,0,0,0,0,"- ","- ",34.297100067138672,-119.3037109375,VENTURA,UNINCORPORATED,-119.30364990234375,34.297080993652344
92097688,2023,2023-06-20,9765,2023-06-12,1702,022337,,1,2,9,5600,0,1,2,,2,103,"W MAIN O/R","W MAIN STREET",200.00,W,N,B,-,Y,VEN,,101," "," ",31.541,H,,L,Y,2,0,1,1,A,-,03,22350,,N,E,I,A,A,H,-,A,D,0,,,,,Y,,A,07,1,0,0,0,0,0,0,0,0,"- ","- ",34.282291412353516,-119.31652069091797,VENTURA,UNINCORPORATED,-119.31647491455078,34.282363891601562
92098995,2023,2023-06-21,9765,2023-06-09,1311,018332,,5,1,9,5600,0,1,3,,1,062,"SR-1 (PACIFIC COAST HIGHWAY)","YERBA BUENA RD.",2112.00,N,N,A,-,Y,VEN,,1," "," ",1.602,H,,R,Y,2,0,1,1,A,-,08,22107,,N,F,I,A,A,H,-,A,D,0,,,,,Y,,A,01,1,0,0,0,0,0,0,0,0,"- ","- ",34.056510925292969,-118.96955871582031,VENTURA,UNINCORPORATED,-118.96952056884766,34.056587219238281
92108674,2022,2023-07-03,9765,2022-03-02,1734,020691,,3,2,9,5600,0,3,5,,2,003,"HARBOR BOULEVARD","GONZALES ROAD",2480.00,S,N,A,-,N,,,,,,,,,,Y,1,2,2,2,A,-,08,22107,,N,A,C,A,A,H,-,A,D,0,,,,,Y,Y,-,"- ",2,0,0,0,0,0,0,0,0,"- ","- ",34.212181091308594,-119.25032043457031,VENTURA,UNINCORPORATED,-119.25035858154297,34.212276458740234
92108811,2022,2023-07-03,9765,2022-06-14,0918,016234,,2,1,9,5600,0,1,3,,1,055,"SR-118 (LOS ANGELES AVE)","CENTER SCHOOL ROAD",845.00,E,N,A,-,Y,VEN,,118,,,7.283,H,,R,N,1,1,2,3,A,-,03,22350,,N,A,C,A,A,H,-,A,D,0,,,,Y,Y,,D,22,0,2,0,0,0,0,0,0,0,"- ","- ",34.263698577880859,-119.05805969238281,VENTURA,UNINCORPORATED,-119.05805969238281,34.263717651367188
92109624,2023,2023-07-05,9765,2023-02-24,1200,020983,,5,1,9,5600,0,1,3,,1,042,"SR-126 (W. TELEGRAPH ROAD)","SPALDING DRIVE",700.00,W,N,B,C,Y,VEN,,126," "," ",17.818,H,,R,N,1,1,1,2,A,-,03,22350,,N,A,C,A,B,H,-,A,D,0,,,,,Y,,A,07,1,0,0,0,0,0,0,0,0,"- ","- ",34.382911682128906,-118.96881866455078,VENTURA,UNINCORPORATED,-118.96877288818359,34.382774353027344
9211690,2020,2022-06-14,5600,2020-08-07,1856,3469,1002,5,5,2,5603,0,0,0,,0,1A01,"CUYAMA RD","DEL NORTE RD",390.00,W,N,A,-,N,,,,,,,,,,Y,1,1,0,2,A,-,11,21954,A,N,G,B,A,A,H,-,A,D,0,,Y,,,Y,Y,L,04,0,0,0,0,0,1,0,0,0,"- ","- ",,,VENTURA,OJAI,-119.26160430908203,34.444881439208984
9211701,2020,2022-06-14,5600,2020-10-16,2135,4617,9068,5,5,6,5607,0,0,0,,0,9B01,"ERBES RD","HAUSER CIR",206.00,S,N,A,-,N,,,,,,,,,,Y,1,1,1,2,A,-,01,23152,A,N,A,C,A,A,H,-,C,D,0,,,,,Y,Y,D,22,0,0,1,0,0,0,0,0,0,"- ","- ",34.186870574951172,-118.84732818603516,VENTURA,"THOUSAND OAKS",-118.84749603271484,34.186378479003906
9211862,2020,2022-06-13,5606,2020-09-23,1753,1133,5606,3,5,4,5606,0,0,0,,0,001,"SANTA BARBARA ST","BLANCHARD AV",140.00,W,N,A,-,N,,,,,,,,,,Y,1,1,0,2,A,-,09,21804,A,N,D,G,A,A,H,-,A,D,0,,Y,,,Y,Y,L,04,0,0,0,0,0,1,0,0,0,"- ","- ",,,VENTURA,"SANTA PAULA",-119.07392120361328,34.351451873779297
92140758,2023,2023-08-10,9765,2023-08-01,1130,020763,,2,1,9,5600,0,3,5,,2,006,"DEER CREEK RD.","SR-1 (PCH)",10032.00,N,N,A,-,N,,,,,,,,,,Y,2,0,1,1,A,-,03,22350,,N,F,I,A,A,H,-,A,D,0,,,Y,,Y,,C,02,1,0,0,0,0,0,0,0,1,"- ","- ",34.079990386962891,-118.98973846435547,VENTURA,UNINCORPORATED,-118.98983764648438,34.079784393310547
92142843,2023,2023-08-14,9765,2023-08-07,1612,020832,,1,2,5,5601,0,1,2,,2,503,"US-101 S/B (VENTURA FREEWAY)","CAMARILLO SPRINGS ROAD",2482.00,N,N,A,-,Y,VEN,,101," "," ",11.288,H,,L,Y,2,0,1,1,A,-,01,23152,A,N,F,I,A,A,H,-,A,D,0,,,,,Y,Y,D,22,1,0,0,0,0,0,0,0,0,"- ","- ",34.207351684570312,-118.99212646484375,VENTURA,CAMARILLO,-118.99201202392578,34.207435607910156
92143235,2023,2023-08-14,9765,2023-06-10,1628,022318,,6,2,9,5600,0,1,3,,2,061,"SR-1 (PACIFIC COAST HIGHWAY)","NAVAL BASE VENTURA COUNTY WEAPONS RANGE ENTRANCE",1565.00,N,N,B,-,Y,VEN,,1," "," ",8.277,H,,R,Y,1,1,0,1,A,-,03,22350,,N,E,I,A,A,H,-,A,D,0,,,Y,,Y,Y,C,02,0,0,0,0,0,0,0,1,0,"- ","- ",34.094528198242188,-119.06993865966797,VENTURA,UNINCORPORATED,-119.06988525390625,34.0946044921875
92144570,2023,2023-08-15,9765,2023-08-08,2040,020353,,2,2,9,5600,0,3,5,,2,002,"CREEK ROAD (11000 BLOCK)","HERMOSA ROAD",3190.00,S,N,A,-,N,,,,,,,,,,Y,2,0,1,1,A,-,08,22107,,N,E,9,A,A,H,-,D,D,0,,,Y,,Y,,C,02,1,0,0,0,0,0,0,0,1,"- ","- ",34.422771453857422,-119.26508331298828,VENTURA,UNINCORPORATED,-119.26521301269531,34.422840118408203
92146384,2023,2023-08-17,9765,2023-08-10,1520,019988,,4,2,9,5600,0,1,3,,2,060,"SR-1 N/B","DEER CREEK RD.",2024.00,S,N,A,-,Y,VEN,,1," "," ",2.195,H,,R,Y,2,0,2,2,A,-,08,22107,,N,D,E,A,A,H,-,A,D,0,,,,,Y,,A,01,1,1,0,0,0,0,0,0,0,"- ","- ",34.061298370361328,-118.97824859619141,VENTURA,UNINCORPORATED,-118.97826385498047,34.061206817626953
92148788,2023,2023-08-21,9765,2023-08-15,"624 ",022337,,2,1,9,5600,0,3,5,,2,006,"LAS POSAS ROAD","SR-1 S/B",124.00,S,N,B,-,N,,,,,,,,,,Y,2,0,1,2,A,-,09,21804,B,N,D,C,A,A,H,-,A,D,0,,,Y,,Y,,-,"- ",1,0,0,0,0,0,0,0,1,"- ","- ",34.116561889648438,-119.08587646484375,VENTURA,UNINCORPORATED,-119.08559417724609,34.116676330566406
92187649,2023,2023-10-02,9765,2023-09-26,"530 ",016234,,2,3,6,5604,0,1,2,,2,502,"US-101 N/B (VENTURA FREEWAY)","RICE AVE",1150.00,N,N,A,-,Y,VEN,,101," "," ",20.340,H,,R,Y,2,0,2,4,A,-,03,22350,,N,C,C,A,A,H,-,C,D,0,,,,Y,Y,,D,22,1,1,0,0,0,0,0,0,0,"- ","- ",34.223098754882812,-119.14682769775391,VENTURA,OXNARD,-119.14683532714844,34.223075866699219
92188130,2023,2023-10-02,9770,2023-09-23,1305,019057,,6,1,6,5607,0,1,2,,2,071,"US-101 S/B (VENTURA FREEWAY)","WENDY DR",120.00,N,N,A,-,Y,VEN,,101," "," ",7.935,H,,L,N,2,0,1,2,A,-,03,22350,,N,C,C,A,A,H,-,A,D,0,,,Y,,Y,,C,02,1,0,0,0,0,0,0,0,1,"- ","- ",34.190090179443359,-118.94013977050781,VENTURA,"THOUSAND OAKS",-118.94017028808594,34.190044403076172
92196239,2023,2023-10-11,9765,2023-06-30,2500,021349,,5,4,9,5600,0,3,5,,2,003,"HARBOR BLVD","SANTA CLARA RIVER BRIDGE",422.00,S,N,B,-,N,,,,,,,,,,Y,1,1,0,1,A,-,01,23152,A,N,E,8,A,A,H,-,B,D,0,,,,,Y,Y,D,22,0,0,0,0,0,0,0,0,0,"- ","- ",34.230331420898438,-119.25634002685547,VENTURA,UNINCORPORATED,,
9220548,2021,2021-03-13,5604,2021-01-09,2014,5514,,6,5,6,5604,0,0,0,,0,012,"GONZALES RD","OXNARD BL",0.00,,Y,A,-,N,,,1,,,,,,,Y,2,0,1,2,A,-,12,21453,A,N,D,C,A,A,H,-,C,A,0,,,,,Y,,A,01,1,0,0,0,0,0,0,0,0,"- ","- ",34.219058990478516,-119.17717742919922,VENTURA,OXNARD,-119.17725372314453,34.219062805175781
9220660,2020,2021-02-17,5604,2020-12-24,1457,5435,,4,5,6,5604,0,0,0,,0,024,"W CHANNEL ISLANDS BL","S C ST",0.00,,Y,A,-,N,,,,,,,,,,Y,2,0,1,2,A,-,09,21801,A,N,D,C,A,A,H,-,A,A,0,,,Y,,Y,,A,01,1,0,0,0,0,0,0,0,1,"- ","- ",34.173679351806641,-119.18112182617188,VENTURA,OXNARD,-119.18112945556641,34.173698425292969
92236980,2023,2023-11-15,9770,2023-10-31,2350,021799,,2,3,6,5609,0,1,3,,2,081,"SR-118 E/B (RONALD REAGAN FREEWAY)","MADERA ROAD",10.00,W,N,A,-,Y,VEN,,118," ",R,22.995,H,,R,Y,2,0,1,4,A,-,03,22350,,N,C,C,E,A,C,-,C,D,0,Y,,,,Y,,A,01,1,0,0,0,1,0,0,0,0,"- ","- ",34.283908843994141,-118.7930908203125,VENTURA,"SIMI VALLEY",-118.79311370849609,34.28387451171875
92245433,2023,2023-11-27,9765,2023-11-20,1702,020832,,1,2,9,5600,0,3,5,,2,006,"HUENEME ROAD","LAS POSAS ROAD",1450.00,W,N,A,-,N,,,,,,,,,,Y,2,0,1,1,A,-,01,23152,A,N,E,I,A,A,H,-,B,D,0,,,,,Y,Y,A,01,1,0,0,0,0,0,0,0,0,"- ","- ",34.159538269042969,-119.07237243652344,VENTURA,UNINCORPORATED,-119.08076477050781,34.155277252197266
92251643,2023,2023-12-04,9765,2023-11-22,1530,022472,,3,2,9,5600,0,3,5,,2,006,"LAGUNA ROAD","LAS POSAS ROAD",2235.00,E,N,A,-,N,,,,,,,,,,N,2,0,4,1,A,-,03,22350,,N,F,I,A,A,H,-,A,D,0,,,,,Y,,A,01,1,0,3,0,0,0,0,0,0,"- ","- ",34.175979614257812,-119.06391143798828,VENTURA,UNINCORPORATED,-119.06396484375,34.175933837890625
92252946,2023,2023-12-05,9765,2023-11-30,"945 ",016234,,4,1,9,5600,0,3,5,,2,006,"RICE AVE","WOOLEY RD",20.00,S,N,A,-,N,,,,,,,,,,Y,2,0,2,2,A,-,03,22350,,N,C,C,A,A,H,-,A,D,0,,,,,Y,,A,07,2,0,0,0,0,0,0,0,0,"- ","- ",34.180549621582031,-119.14234161376953,VENTURA,UNINCORPORATED,-119.14246368408203,34.189666748046875
92256044,2023,2023-12-07,9770,2023-11-27,"45  ",023089,,1,3,6,5609,0,1,3,,2,082,"SR-118 W/B (RONALD REAGAN FREEWAY)","SYCAMORE DRIVE",1584.00,W,N,A,-,Y,VEN,,118," ",R,25.436,H,,L,N,2,0,1,2,A,-,07,21658,A,F,B,C,A,A,H,-,D,D,0,,,Y,,Y,,-,99,1,0,0,0,0,0,0,0,1,"- ","- ",34.282459259033203,-118.75060272216797,VENTURA,"SIMI VALLEY",-118.75060272216797,34.282413482666016
92264456,2023,2023-12-18,9765,2023-05-22,"535 ",018332,,1,3,9,5600,0,3,5,,2,004,"TELEGRAPH RD","PISTACHIO AVE",3168.00,E,N,B,-,N,,,,,,,,,,Y,1,1,3,2,C,-,18,,,N,E,H,A,A,H,-,B,D,0,,,,,Y,,-,"- ",0,3,0,0,0,0,0,0,0,"- ","- ",34.305900573730469,-119.14293670654297,VENTURA,UNINCORPORATED,-119.14754486083984,34.303184509277344
92268190,2023,2023-12-21,9765,2023-12-13,1520,019988,,3,2,9,5600,0,3,5,,2,004,"BARDSDALE AVENUE","SESPE ST",0.00,,Y,A,-,N,,,,,,,,,,Y,2,0,5,2,A,-,12,22450,A,N,D,C,A,A,H,-,A,A,0,,,,,Y,,A,01,1,3,1,0,0,0,0,0,0,"- ","- ",34.371601104736328,-118.94204711914062,VENTURA,UNINCORPORATED,-118.94203186035156,34.371574401855469
92269182,2023,2023-12-22,9770,2023-12-14,"113 ",023391,,4,3,6,5607,0,1,2,,2,072,"US-101 N/B FROM LYNN RD S/B","LYNN ROAD",45.00,N,N,A,-,Y,,,,,,,,,,Y,2,0,1,1,A,-,01,23152,A,N,E,I,A,A,H,-,C,D,0,,,,,Y,Y,A,07,1,0,0,0,0,0,0,0,0,"- ","- ",34.184070587158203,-118.89179992675781,VENTURA,"THOUSAND OAKS",-118.89179992675781,34.184070587158203
92272492,2023,2023-12-27,9770,2023-12-21,"645 ",018885,,4,1,9,5600,0,1,3,,1,044,"SR-126 (EAST TELEGRAPH ROAD)","CAVIN ROAD",700.00,W,N,B,C,Y,VEN,,126," ",R,24.973,H,,R,N,2,0,2,2,A,-,03,22350,,N,A,C,A,B,H,-,A,D,0,,,,,Y,,A,01,2,0,0,0,0,0,0,0,0,"- ","- ",34.397140502929688,-118.85224151611328,VENTURA,UNINCORPORATED,-118.85224151611328,34.397071838378906