CASE_ID,ACCIDENT_YEAR,PROC_DATE,JURIS,COLLISION_DATE,COLLISION_TIME,OFFICER_ID,REPORTING_DISTRICT,DAY_OF_WEEK,CHP_SHIFT,POPULATION,CNTY_CITY_LOC,SPECIAL_COND,BEAT_TYPE,CHP_BEAT_TYPE,CITY_DIVISION_LAPD,CHP_BEAT_CLASS,BEAT_NUMBER,PRIMARY_RD,SECONDARY_RD,DISTANCE,DIRECTION,INTERSECTION,WEATHER_1,WEATHER_2,STATE_HWY_IND,CALTRANS_COUNTY,CALTRANS_DISTRICT,STATE_ROUTE,ROUTE_SUFFIX,POSTMILE_PREFIX,POSTMILE,LOCATION_TYPE,RAMP_INTERSECTION,SIDE_OF_HWY,TOW_AWAY,COLLISION_SEVERITY,NUMBER_KILLED,NUMBER_INJURED,PARTY_COUNT,PRIMARY_COLL_FACTOR,PCF_CODE_OF_VIOL,PCF_VIOL_CATEGORY,PCF_VIOLATION,PCF_VIOL_SUBSECTION,HIT_AND_RUN,TYPE_OF_COLLISION,MVIW,PED_ACTION,ROAD_SURFACE,ROAD_COND_1,ROAD_COND_2,LIGHTING,CONTROL_DEVICE,CHP_ROAD_TYPE,PEDESTRIAN_ACCIDENT,BICYCLE_ACCIDENT,MOTORCYCLE_ACCIDENT,TRUCK_ACCIDENT,NOT_PRIVATE_PROPERTY,ALCOHOL_INVOLVED,STWD_VEHTYPE_AT_FAULT,CHP_VEHTYPE_AT_FAULT,COUNT_SEVERE_INJ,COUNT_VISIBLE_INJ,COUNT_COMPLAINT_PAIN,COUNT_PED_KILLED,COUNT_PED_INJURED,COUNT_BICYCLIST_KILLED,COUNT_BICYCLIST_INJURED,COUNT_MC_KILLED,COUNT_MC_INJURED,PRIMARY_RAMP,SECONDARY_RAMP,LATITUDE,LONGITUDE,COUNTY,CITY,POINT_X,POINT_Y
92275120,2023,2023-12-29,9765,2023-07-17,2114,022872,,1,2,9,5600,0,1,2,,2,103,"US-101 S/B (VENTURA FWY)","AMPHITHEATER RD",2640.00,S,N,A,-,Y,VEN,,101," ",R,34.114,H,,L,Y,1,1,0,2,A,-,11,21956,A,N,G,B,E,A,H,-,D,D,0,Y,,,,Y,,N,60,0,0,0,1,0,0,0,0,0,"- ","- ",34.306331634521484,-119.34919738769531,VENTURA,UNINCORPORATED,-119.34916687011719,34.306354522705078
92275281,2023,2023-12-29,9765,2023-12-22,1632,020832,,5,2,9,5600,0,3,5,,2,006,SR-34,"PLEASANT VALLEY ROAD",2640.00,S,N,B,-,N,,,,,,,,,,Y,2,0,3,2,A,-,01,23152,A,N,A,C,A,B,H,-,A,D,0,,,,,Y,Y,A,01,3,0,0,0,0,0,0,0,0,"- ","- ",34.196731567382812,-119.04694366455078,VENTURA,UNINCORPORATED,-119.04695129394531,34.196758270263672
92281671,2024,2024-01-08,9765,2024-01-01,1405,021015,,1,2,9,5600,0,3,5,,2,005,"WILL AVENUE (900 BLOCK)","GEORGE STREET",318.00,N,N,A,-,N,,,,,,,,,,N,2,0,1,2,A,-,21,22106,,N,G,B,E,A,H,-,A,D,0,Y,,,,Y,,A,01,1,0,0,0,1,0,0,0,0,"- ","- ",34.238361358642578,-119.15431213378906,VENTURA,UNINCORPORATED,-119.15424346923828,34.238365173339844
92305435,2023,2024-02-05,9765,2023-07-21,2305,022296,,5,3,9,5600,0,1,2,,2,502,"US-101 N/B (VENTURA FREEWAY)","CENTRAL AVENUE",2394.00,N,N,A,-,Y,VEN,,101," "," ",18.133,H,,R,N,1,1,0,2,A,-,11,21954,A,N,G,B,E,A,H,-,D,D,0,Y,,,Y,Y,,N,60,0,0,0,1,0,0,0,0,0,"- ","- ",34.222129821777344,-119.10999298095703,VENTURA,UNINCORPORATED,-119.10999298095703,34.222114562988281
92327426,2024,2024-12-04,9765,2024-02-22,1340,023509,,4,1,4,5606,0,1,3,,2,041,"SR-126 W/B","TODD LANE",675.00,E,N,A,-,Y,VEN,,126," ",R,10.154,H,,L,Y,2,0,4,2,A,-,00,23153,F,N,C,2,A,A,H,-,A,D,0,,,,Y,Y,,A,01,2,2,0,0,0,0,0,0,0,"- ","- ",34.335170745849609,-119.08587646484375,VENTURA,"SANTA PAULA",-119.08589172363281,34.335178375244141
92327825,2023,2024-04-03,9765,2023-12-20,"835 ",016549,,3,1,9,5600,0,1,3,,1,042,"SR-126 (EAST TELEGRAPH RD)","HOBSON ROAD",295.00,E,N,C,-,Y,VEN,,126," ",R,14.650,H,,R,Y,1,2,2,4,A,-,03,22350,,N,A,C,A,B,H,-,A,D,0,,,,,Y,,A,01,1,0,1,0,0,0,0,0,0,"- ","- ",34.370079040527344,-119.02065277099609,VENTURA,UNINCORPORATED,-119.0206298828125,34.370052337646484
92334936,2024,2024-03-11,9770,2024-02-26,"251 ",023089,,1,3,6,5607,0,1,2,,2,074,"US-101 N/B (VENTURA FREEWAY)","WESTLAKE BLVD",1375.00,S,N,A,-,Y,VEN,,101," "," ",0.407,H,,R,Y,2,0,1,2,D,-,00,,,N,C,C,A,A,H,-,D,D,0,,,,,Y,,-,"- ",1,0,0,0,0,0,0,0,0,"- ","- ",34.155048370361328,-118.82106018066406,VENTURA,"THOUSAND OAKS",-118.821044921875,34.155063629150391
92338593,2024,2024-03-14,9765,2024-02-27,1820,022472,,2,2,9,5600,0,1,3,,1,055,SR-118,"SANTA CLARA AVENUE",0.00,,Y,A,-,Y,VEN,,118," "," ",4.160,H,,R,Y,2,0,3,2,A,-,09,21801,A,N,F,C,A,A,H,-,C,A,0,,,,,Y,,A,01,3,0,0,0,0,0,0,0,0,"- ","- ",34.255828857421875,-119.10910034179688,VENTURA,UNINCORPORATED,-119.10900115966797,34.255928039550781
92362312,2023,2024-04-11,9765,2023-09-21,2330,022461,,4,3,6,5608,0,1,3,,2,011,"SR-33 S/B (OJAI FREEWAY)","MAIN STREET",590.00,N,N,A,-,Y,VEN,,33," "," ",0.593,H,,L,Y,1,1,1,3,A,-,11,21954,A,F,G,B,E,A,H,-,D,D,0,Y,,,,Y,Y,N,60,0,1,0,1,0,0,0,0,0,"- ","- ",34.287490844726562,-119.30651092529297,VENTURA,VENTURA,-119.30652618408203,34.287487030029297
9236924,2021,2021-04-02,5600,2021-02-25,2013,5174,8120,4,5,5,5601,0,0,0,,0,8B01,"LAS POSAS RD","TEMPLE AV",966.00,W,N,A,-,,,,,,,,,,,Y,2,0,1,1,A,-,08,22107,,N,H,A,A,A,H,-,C,D,0,,,Y,,Y,Y,C,02,1,0,0,0,0,0,0,0,1,"- ","- ",34.237758636474609,-119.03370666503906,VENTURA,CAMARILLO,-119.036865234375,34.237110137939453
92378835,2024,2024-04-30,9765,2024-04-22,2044,021485,,1,2,9,5600,0,3,5,,2,006,"PLEASANT VALLEY ROAD","RICE AVENUE",95.00,E,N,B,-,N,,,,,,,,,,Y,2,0,4,1,A,-,03,22350,,N,E,9,A,A,H,-,C,A,0,,,,,Y,Y,A,01,3,1,0,0,0,0,0,0,0,"- ","- ",34.167060852050781,-119.14112091064453,VENTURA,UNINCORPORATED,-119.14243316650391,34.166278839111328
92384127,2024,2024-05-07,9765,2024-04-28,"535 ",017253,,7,3,9,5600,0,1,2,,1,101,"US-101 S/B","PADRE JUAN CYN RD",840.00,N,N,A,-,Y,VEN,,101," ",R,36.972,H,,L,N,2,0,1,1,A,-,08,22107,,N,E,8,A,A,H,-,B,D,0,,,,,Y,,A,01,1,0,0,0,0,0,0,0,0,"- ","- ",34.322620391845703,-119.39176177978516,VENTURA,UNINCORPORATED,-119.39158630371094,34.322799682617188
9238598,2021,2021-04-20,5600,2021-03-06,2235,4973,,6,5,5,5601,0,0,0,,0,,"PONDEROSA DR","CARMEN DR",0.00,,Y,A,-,N,,,,,,,,,,N,2,0,1,2,A,-,09,21801,A,N,H,C,A,A,H,-,C,A,0,,,,,Y,,A,01,1,0,0,0,0,0,0,0,0,"- ","- ",34.221900939941406,-119.05400085449219,VENTURA,CAMARILLO,-119.05078887939453,34.223644256591797
92394013,2023,2024-05-20,9765,2023-06-17,1725,022318,,6,2,9,5600,0,1,3,,2,061,"SR-1 (PACIFIC COAST HIGHWAY)","DEER CREEK ROAD",1310.00,S,N,A,-,Y,VEN,,1," "," ",2.384,H,,R,Y,1,1,0,2,A,-,08,22107,,N,D,C,A,A,H,-,A,D,0,,,Y,,Y,,A,01,0,0,0,0,0,0,0,1,0,"- ","- ",34.061088562011719,-118.98153686523438,VENTURA,UNINCORPORATED,-118.98154449462891,34.061084747314453
92394140,2024,2024-05-20,9765,2024-05-05,"204 ",022461,,7,3,9,5600,0,3,5,,2,006,"PLEASANT VALLEY ROAD","EUBANKS STREET",601.00,E,N,A,-,Y,,,,,,,,,,Y,2,0,4,2,A,-,01,23152,A,N,A,C,A,B,H,-,C,D,0,,,,,Y,Y,A,08,2,0,2,0,0,0,0,0,0,"- ","- ",34.205570220947266,-119.07933807373047,VENTURA,UNINCORPORATED,-119.07938385009766,34.205650329589844
92405870,2023,2024-12-04,9765,2023-05-15,"925 ",017253,,1,1,9,5600,0,1,2,,1,102,"US-101 N/B *VENTURA FREEWAY)","A LEASE CANYON ROAD",600.00,S,N,B,-,Y,VEN,,101," ",R,35.237,H,,R,Y,1,1,4,5,A,-,03,22350,,N,C,C,A,A,D,-,A,A,0,,,,,Y,,D,22,0,4,0,0,0,0,0,0,0,"- ","- ",34.31719970703125,-119.36361694335938,VENTURA,UNINCORPORATED,-119.36359405517578,34.317230224609375
92407804,2024,2024-06-06,9765,2024-06-01,"549 ",016549,,6,3,6,5608,0,1,2,,2,302,"US-101 N/B (VENTURA FWY)","US-101 S/B TO SR-126 E/B",477.00,S,N,B,-,Y,VEN,,101," "," ",26.286,H,,R,Y,2,0,2,1,A,-,08,22107,,N,E,I,A,A,H,-,B,D,0,,,,,Y,Y,A,01,2,0,0,0,0,0,0,0,0,"- ","- ",34.264591217041016,-119.23544311523438,VENTURA,VENTURA,-119.23548889160156,34.264495849609375
9241045,2021,2021-04-16,5604,2021-02-20,1833,5534,,6,5,6,5604,0,0,0,,0,022,"W WOOLEY RD","S F ST",25.00,E,N,A,-,N,,,,,,,,,,Y,2,0,3,3,A,-,03,22350,,N,C,C,A,A,H,-,B,D,0,,,,,Y,,A,01,1,0,2,0,0,0,0,0,0,"- ","- ",34.190181732177734,-119.18472290039062,VENTURA,OXNARD,-119.18466949462891,34.190177917480469
9241047,2021,2021-03-27,5604,2021-02-19,1333,4734,,5,5,6,5604,0,0,0,,0,022,"WOLFF ST","C ST",0.00,,Y,A,-,N,,,,,,,,,,N,2,0,1,2,A,-,09,21801,A,N,D,C,A,A,H,-,A,D,0,,,,,Y,,A,01,1,0,0,0,0,0,0,0,0,"- ","- ",34.188568115234375,-119.181396484375,VENTURA,OXNARD,-119.18122100830078,34.188316345214844
9241050,2021,2021-03-27,5604,2021-02-18,1318,5555,,4,5,6,5604,0,0,0,,0,011,"PATTERSON RD","GONZALES RD",490.00,N,N,A,-,N,,,,,,,,,,Y,2,0,2,1,A,-,03,22350,,N,F,J,A,A,H,-,A,D,0,,,,,Y,,A,01,1,1,0,0,0,0,0,0,0,"- ","- ",,,VENTURA,OXNARD,-119.20716094970703,34.219451904296875
92427489,2024,2024-07-01,9765,2024-06-22,1410,021485,,6,2,9,5600,0,3,5,,2,006,"POTRERO ROAD","VIA ACOSTA",2730.00,W,N,A,-,N,,,,,,,,,,N,2,0,1,1,A,-,03,22350,,N,F,A,A,A,H,-,A,D,0,,,Y,,Y,,C,02,1,0,0,0,0,0,0,0,1,"- ","- ",34.159141540527344,-118.99815368652344,VENTURA,UNINCORPORATED,-118.99628448486328,34.159042358398438
92436510,2024,2024-07-11,9770,2024-07-01,"0   ",023517,,1,3,9,5600,0,3,5,,2,007,"KANAN RD","TAMARIND ST",0.00,,Y,A,-,N,,,,,,,,,,Y,2,0,2,2,A,-,09,21802,B,N,D,C,A,A,H,-,C,A,0,,,,,Y,,A,01,1,1,0,0,0,0,0,0,0,"- ","- ",34.1685791015625,-118.75852203369141,VENTURA,UNINCORPORATED,-118.75869750976562,34.168498992919922
92440342,2024,2024-07-16,9765,2024-07-06,1555,022472,,6,2,9,5600,0,3,5,,2,002,"SR-33 N/B","CAMINO CEILO",3286.00,S,N,A,-,Y,VEN,,33," "," ",14.482,H,,R,Y,2,0,2,2,A,-,03,22350,,N,F,C,A,A,H,-,A,A,0,,,Y,,Y,,C,02,1,1,0,0,0,0,0,0,2,"- ","- ",34.477458953857422,-119.29106903076172,VENTURA,UNINCORPORATED,-119.29105377197266,34.477458953857422
92444361,2024,2024-07-22,9430,2024-07-17,1030,018627,,3,1,9,5600,0,2,4,,1,031,"LOCKWOOD VALLEY RD",SR-33,11088.00,E,N,A,-,N,,,,,,,,,,N,2,0,1,1,A,-,03,22350,,N,F,A,A,B,H,-,A,D,0,,,Y,,Y,,C,02,1,0,0,0,0,0,0,0,1,"- ","- ",34.695911407470703,-119.3214111328125,VENTURA,UNINCORPORATED,-119.32176208496094,34.695484161376953
9246833,2021,2021-04-08,5604,2021-03-01,1849,5451,,1,5,6,5604,0,0,0,,0,024,"W WOOLEY RD","NOVATO DR",0.00,,Y,A,-,,,,,,,,,,,,2,0,1,2,A,-,11,21954,A,N,G,B,E,A,A,H,C,D,0,Y,,,,Y,Y,N,60,1,0,0,0,1,0,0,0,0,"- ","- ",34.190200805664062,-119.20352172851562,VENTURA,OXNARD,-119.20354461669922,34.190227508544922
92596191,2024,2024-10-30,9765,2024-07-14,1953,021485,,7,2,6,5608,0,1,3,,1,062,SR-1,"LA JOLLA CANYON",500.00,N,N,A,-,Y,VEN,,1," "," ",6.154,H,,R,Y,2,0,6,3,A,-,01,23152,F,N,A,C,A,A,H,-,A,D,0,,,,,Y,,A,01,1,3,2,0,0,0,0,0,0,"- ","- ",34.083919525146484,-119.03778839111328,VENTURA,VENTURA,-119.03778839111328,34.083946228027344
9261818,2021,2021-05-05,5604,2021-04-02,1607,5465,,5,5,6,5604,0,0,0,,0,042,"COURTLAND ST","CUESTA DEL MAR DR",180.00,S,N,A,-,N,,,,,,,,,,N,2,0,1,2,A,-,09,21804,A,N,D,G,A,A,H,-,A,D,0,,Y,,,Y,,L,04,1,0,0,0,0,0,1,0,0,"- ","- ",,,VENTURA,OXNARD,-119.17949676513672,34.148296356201172
9261975,2021,2021-05-07,5604,2021-04-15,1655,5415,,4,5,6,5604,0,0,0,,0,032,"MACARTHUR PL","ALEXANDER ST",100.00,W,N,A,-,N,,,,,,,,,,Y,2,0,3,4,A,-,03,22350,,F,B,C,A,A,H,-,D,D,0,,,,,Y,,B,07,1,1,1,0,0,0,0,0,0,"- ","- ",34.176849365234375,-119.15802001953125,VENTURA,OXNARD,-119.15711212158203,34.176651000976562
9284458,2021,2021-09-21,5608,2021-06-17,0658,506,,4,5,6,5608,0,0,0,,0,001,"N OLIVE ST","W PARK RON AV",250.00,S,N,A,-,N,,,,,,,,,,N,2,0,1,2,A,-,10,21954,B,F,D,B,D,A,H,-,A,A,0,Y,,,,Y,,A,01,1,0,0,0,1,0,0,0,0,"- ","- ",,,VENTURA,VENTURA,-119.24477386474609,34.453544616699219
9289480,2021,2021-07-15,5608,2021-05-27,1827,437,,4,5,6,5608,0,0,0,,0,003,"TELEPHONE RD","MONTGOMERY AV",0.00,,Y,A,-,N,,,,,,,,,,Y,2,0,1,2,A,-,03,22350,,N,D,C,A,A,H,-,A,A,0,,,Y,,Y,,C,02,1,0,0,0,0,0,0,0,1,"- ","- ",,,VENTURA,VENTURA,-119.17935943603516,34.270191192626953
9293012,2021,2021-08-19,5608,2021-06-30,0421,515,,3,5,6,5608,0,0,0,,0,001,"VENTURA AV","SUNNYWAY DR",21.00,N,N,E,-,N,,,,,,,,,,Y,2,0,1,1,A,-,08,22107,,N,A,I,A,B,H,-,C,D,0,,,,,Y,,A,01,1,0,0,0,0,0,0,0,0,"- ","- ",,,VENTURA,VENTURA,-119.29678344726562,34.294754028320312
9298843,2021,2021-08-09,5604,2021-04-29,2012,5592,,4,5,6,5604,0,0,0,,0,031,"S JUANITA AV","E 2ND ST",80.00,N,N,A,-,N,,,,,,,,,,N,2,0,1,4,A,-,08,22107,,F,B,E,E,A,H,-,C,D,0,Y,,,,Y,,A,01,1,0,0,0,1,0,0,0,0,"- ","- ",,,VENTURA,OXNARD,-119.16851806640625,34.201789855957031
9299418,2021,2021-09-01,5604,2021-07-01,2114,5508,,4,5,6,5604,0,0,0,,0,024,"J ST","KAMALA ST",300.00,S,N,A,-,N,,,,,,,,,,Y,2,0,2,5,A,-,03,22350,,F,B,C,E,A,H,-,C,D,0,Y,,,,Y,,A,01,1,1,0,0,2,0,0,0,0,"- ","- ",34.177200317382812,-119.18560791015625,VENTURA,OXNARD,-119.18625640869141,34.177898406982422
9309650,2021,2021-10-07,5608,2021-08-04,2122,522,,3,5,6,5608,0,0,0,,0,001,"KLAMATH ST","CAMERON ST",5.00,W,N,A,-,N,,,,,,,,,,N,2,0,1,2,A,-,01,23153,A,N,G,B,C,A,H,-,C,D,0,Y,,,,Y,Y,A,01,1,0,0,0,1,0,0,0,0,"- ","- ",,,VENTURA,VENTURA,,
9312726,2021,2021-09-10,5608,2021-08-07,1741,370,,6,5,6,5608,0,0,0,,0,002,"HUST AV","MAIN ST",2.00,S,N,A,-,N,,,,,,,,,,N,2,0,1,2,A,-,09,21804,A,N,D,G,A,A,H,-,A,D,0,,Y,,,Y,,L,04,1,0,0,0,0,0,1,0,0,"- ","- ",,,VENTURA,VENTURA,-119.27394104003906,34.278953552246094
9313695,2021,2021-09-14,5604,2021-07-18,1951,5591,,7,5,6,5604,0,0,0,,0,042,"SAVIERS RD","CLARA ST",100.00,S,N,A,-,N,,,,,,,,,,Y,2,0,1,2,A,-,03,22350,,N,H,E,A,A,H,-,A,D,0,,,Y,,Y,Y,C,02,1,0,0,0,0,0,0,0,1,"- ","- ",34.151229858398438,-119.17778778076172,VENTURA,OXNARD,-119.17788696289062,34.150966644287109
9320103,2021,2021-12-07,5600,2021-03-20,1829,5133,9109,6,5,6,5607,0,0,0,,0,9H01,"RANCHO CONEJO BL","CONEJO SPECTRUM ST",321.00,E,N,A,-,N,,,,,,,,,,Y,1,1,0,1,A,-,01,23152,A,N,E,I,A,A,H,-,B,D,0,,,,,Y,Y,A,01,0,0,0,0,0,0,0,0,0,"- ","- ",34.20458984375,-118.92797088623047,VENTURA,"THOUSAND OAKS",-118.92704010009766,34.204532623291016
9321398,2022,2022-08-02,5608,2022-06-25,0747,524,VENTU,6,5,6,5608,0,0,0,,0,001,"CALIFORNIA ST","RT 101",0.00,,Y,A,-,Y,VEN,7,101,-,-,30.007,R,4,N,N,2,0,1,1,C,-,18,,,N,E,I,A,-,G,-,A,A,0,,Y,,,Y,,-,"- ",1,0,0,0,0,0,1,0,0,"- ",NF,,,VENTURA,VENTURA,-119.29065704345703,34.277133941650391
9337442,2021,2021-10-06,5604,2021-08-21,2319,5435,,6,5,6,5604,0,0,0,,0,022,"WEST 5TH ST","S VENTURA RD S",0.00,,Y,A,-,N,,,,,,,,,,Y,2,0,1,2,A,-,12,21453,A,N,D,G,A,A,H,-,C,A,0,,Y,,,Y,,L,04,1,0,0,0,0,0,1,0,0,"- ","- ",34.197669982910156,-119.19473266601562,VENTURA,OXNARD,-119.19487762451172,34.197578430175781
9353697,2021,2021-11-10,5604,2021-09-25,2035,5446,,6,5,6,5604,0,0,0,,0,042,"SAVIERS RD","E DOLLIE ST",200.00,S,N,A,-,N,,,,,,,,,,N,2,0,1,2,A,-,11,21954,A,F,G,B,E,A,F,-,C,D,0,Y,,,,Y,,N,60,1,0,0,0,1,0,0,0,0,"- ","- ",34.154708862304688,-119.17774963378906,VENTURA,OXNARD,-119.17767333984375,34.156810760498047
9361517,2021,2021-11-16,5608,2021-10-31,1234,472,,7,5,6,5608,0,0,0,,0,002,"SPINNAKER DR","ANGLER CT",300.00,W,N,B,-,N,,,,,,,,,,Y,2,0,1,2,A,-,08,22107,,N,D,C,A,A,H,-,A,D,0,,,Y,,Y,,A,01,1,0,0,0,0,0,0,0,1,"- ","- ",34.239719390869141,-119.26374816894531,VENTURA,VENTURA,-119.26209259033203,34.239589691162109
9368618,2021,2021-12-07,5604,2021-10-16,1652,5569,,6,5,6,5604,0,0,0,,0,023,"S B ST","W 7TH ST",15.00,N,N,A,-,N,,,,,,,,,,Y,2,0,3,1,A,-,08,22107,,N,E,I,A,A,H,-,A,A,0,,,,,Y,,A,01,1,1,1,0,0,0,0,0,0,"- ","- ",34.195041656494141,-119.17986297607422,VENTURA,OXNARD,-119.17990112304688,34.195102691650391
9370473,2021,2021-12-31,5604,2021-11-02,2238,4759,,2,5,6,5604,0,0,0,,0,011,"W GONZALES RD","MERION WY",300.00,W,N,A,-,N,,,,,,,,,,Y,2,0,1,2,A,-,03,22350,,N,C,C,A,A,H,-,C,D,0,,,,Y,Y,,A,01,1,0,0,0,0,0,0,0,0,"- ","- ",34.219470977783203,-119.21420288085938,VENTURA,OXNARD,-119.21517181396484,34.219490051269531
93707064,2024,2024-08-06,9770,2024-07-25,1822,023812,,4,2,6,5609,0,1,3,,2,082,"SR-118 W/B (RONALD REAGAN FREEWAY)","MADERA ROAD UNDERCROSSING",220.00,E,N,A,-,Y,VEN,,118," ",R,23.138,H,,L,Y,2,0,2,1,A,-,08,22107,,N,F,8,A,A,H,-,A,D,0,,,,,Y,,A,07,2,0,0,0,0,0,0,0,0,"- ","- ",34.283351898193359,-118.79060363769531,VENTURA,"SIMI VALLEY",-118.79063415527344,34.283271789550781
9372762,2021,2021-12-13,5605,2021-11-14,1612,230,PATRO,7,5,3,5605,0,0,0,,0,001,"CHANNEL ISLAND BL","WHEELHOUSE AV",0.00,,Y,-,-,N,,,,,,,,,,N,2,0,1,2,A,-,17,21208,A,N,D,G,A,A,H,-,A,A,0,,Y,,,Y,,L,04,1,0,0,0,0,0,1,0,0,"- ","- ",34.1756591796875,-119.21247100830078,VENTURA,"PORT HUENEME",-119.21272277832031,34.175773620605469
9378063,2021,2022-01-20,5604,2021-12-04,1729,5583,,6,5,6,5604,0,0,0,,0,024,"W CHANNEL ISLANDS BL","MAYWOOD WY",0.00,,Y,A,-,N,,,,,,,,,,Y,2,0,1,2,A,-,09,21802,A,N,D,C,A,A,H,-,C,D,0,,,Y,,Y,,D,22,1,0,0,0,0,0,0,0,1,"- ","- ",34.174938201904297,-119.18314361572266,VENTURA,OXNARD,-119.18377685546875,34.175086975097656
93983557,2024,2024-08-09,9765,2024-08-01,"5   ",021349,,4,3,9,5600,0,3,5,,2,005,"CENTRAL AVE N/B","STRICKLAND DR",528.00,S,N,B,-,N,,,,,,,,,,Y,2,0,2,3,A,-,01,23152,A,N,E,8,A,A,H,-,D,D,0,,,,,Y,Y,A,01,1,1,0,0,0,0,0,0,0,"- ","- ",34.254680633544922,-119.14826202392578,VENTURA,UNINCORPORATED,-119.14834594726562,34.254653930664062
9407672,2022,2022-03-08,5604,2022-02-13,1642,5521,,7,5,6,5604,0,0,0,,0,041,"E BARD RD","ANCHORAGE ST",5.00,W,N,A,-,N,,,,,,,,,,Y,2,0,1,2,A,-,12,22450,A,N,G,G,A,A,H,-,A,A,0,,Y,,,Y,,A,01,1,0,0,0,0,0,1,0,0,"- ","- ",34.162258148193359,-119.16288757324219,VENTURA,OXNARD,-119.16291809082031,34.162261962890625
9410486,2022,2022-02-16,5608,2022-01-24,1920,525,,1,5,6,5608,0,0,0,,0,003,"TELEGRAPH RD","N VICTORIA AV",300.00,E,N,A,-,N,,,,,,,,,,Y,2,0,2,2,A,-,09,21801,A,N,D,C,A,A,H,-,D,D,0,,,Y,,Y,,A,01,1,1,0,0,0,0,0,0,1,"- ","- ",,,VENTURA,VENTURA,-119.21365356445312,34.278144836425781
9414802,2022,2022-03-03,5605,2022-01-31,1449,230,PATRO,1,5,3,5605,0,0,0,,0,002,"BARD RD","8TH PL",86.00,W,N,A,-,N,,,,,,,,,,,2,0,4,4,C,-,18,,,N,G,B,F,A,H,-,A,D,0,Y,,,,Y,,-,"- ",2,2,0,0,3,0,0,0,0,"- ","- ",34.161018371582031,-119.18699645996094,VENTURA,"PORT HUENEME",-119.18722534179688,34.161079406738281
9417588,2021,2022-03-24,5606,2021-12-03,1846,1127,5606,5,5,4,5606,0,0,0,,0,001,"W HARVARD BL","S PECK RD",109.00,E,N,A,-,N,,,,,,,,,,Y,2,0,2,4,A,-,01,23153,A,N,C,C,A,A,H,-,C,A,0,,,,,Y,Y,A,07,1,0,1,0,0,0,0,0,0,"- ","- ",,,VENTURA,"SANTA PAULA",-119.08474731445312,34.340465545654297
9434785,2022,2022-05-03,5608,2022-03-06,1050,531,,7,5,6,5608,0,0,0,,0,002,"THOMPSON BL","SAN JON RD",0.00,,Y,A,-,N,,,,,,,,,,N,2,0,1,2,A,-,11,21456,B,F,H,G,A,A,H,-,A,A,0,,Y,,,Y,Y,L,04,1,0,0,0,0,0,1,0,0,"- ","- ",34.276500701904297,-119.28109741210938,VENTURA,VENTURA,-119.28115844726562,34.276508331298828
94355172,2024,2024-08-15,9765,2024-08-01,1520,023908,,4,2,9,5600,0,3,5,,2,005,"CENTRAL AVENUE","ROSE AVENUE",385.00,W,N,A,-,N,,,,,,,,,,N,2,0,1,1,A,-,01,23152,F,N,E,J,A,A,H,-,A,D,0,,,,,Y,,A,07,1,0,0,0,0,0,0,0,0,"- ","- ",34.251438140869141,-119.14380645751953,VENTURA,UNINCORPORATED,-119.14364624023438,34.251453399658203
9436373,2022,2022-05-10,5604,2022-04-10,2113,5655,,7,5,6,5604,0,0,0,,0,014,"N OXNARD BL","VINEYARD AV",1000.00,N,N,A,-,N,,,,,,,,,,Y,2,0,2,2,A,-,03,22350,1,N,E,I,A,A,H,-,D,D,0,,,,Y,Y,Y,F,26,1,0,1,0,0,0,0,0,0,"- ","- ",34.229629516601562,-119.17742156982422,VENTURA,OXNARD,-119.17833709716797,34.229175567626953
94369674,2024,2024-08-26,9765,2024-08-19,"930 ",017253,,1,1,9,5600,0,1,2,,1,101,"US-101 S/B (VENTURA FREEWAY)","PADRE JUAN CYN RD",1095.00,N,N,A,-,Y,VEN,,101," ",R,36.976,H,,L,Y,2,0,3,1,A,-,08,22107,,N,F,A,A,A,H,-,A,D,0,,,,,Y,,D,22,1,2,0,0,0,0,0,0,0,"- ","- ",34.322700500488281,-119.39177703857422,VENTURA,UNINCORPORATED,-119.39163208007812,34.322834014892578
9440150,2022,2022-04-27,5604,2022-03-24,1410,5647,,4,5,6,5604,0,0,0,,0,022,"S OXNARD BL","W 5TH ST W",0.00,,Y,A,-,N,,,,,,,,,,N,2,0,1,2,A,-,09,21804,A,F,H,A,A,A,H,-,A,A,0,,,,,Y,,A,01,1,0,0,0,0,0,0,0,0,"- ","- ",34.196361541748047,-119.17739868164062,VENTURA,OXNARD,-119.17746734619141,34.197685241699219
94415177,2024,2024-10-01,9770,2024-07-10,"445 ",023131,,3,3,6,5609,0,1,3,,2,082,"SR-118 W/B (RONALD REAGAN FREEWAY)","ROCKY PEAK ROAD",4488.00,W,N,B,-,Y,VEN,,118," ",R,31.628,H,,L,Y,1,1,0,1,A,-,01,23152,F,N,E,8,A,A,H,-,D,D,0,,,,,Y,,A,07,0,0,0,0,0,0,0,0,0,"- ","- ",34.27008056640625,-118.64797973632812,VENTURA,"SIMI VALLEY",-118.64801788330078,34.270004272460938