CASE_ID,ACCIDENT_YEAR,PROC_DATE,JURIS,COLLISION_DATE,COLLISION_TIME,OFFICER_ID,REPORTING_DISTRICT,DAY_OF_WEEK,CHP_SHIFT,POPULATION,CNTY_CITY_LOC,SPECIAL_COND,BEAT_TYPE,CHP_BEAT_TYPE,CITY_DIVISION_LAPD,CHP_BEAT_CLASS,BEAT_NUMBER,PRIMARY_RD,SECONDARY_RD,DISTANCE,DIRECTION,INTERSECTION,WEATHER_1,WEATHER_2,STATE_HWY_IND,CALTRANS_COUNTY,CALTRANS_DISTRICT,STATE_ROUTE,ROUTE_SUFFIX,POSTMILE_PREFIX,POSTMILE,LOCATION_TYPE,RAMP_INTERSECTION,SIDE_OF_HWY,TOW_AWAY,COLLISION_SEVERITY,NUMBER_KILLED,NUMBER_INJURED,PARTY_COUNT,PRIMARY_COLL_FACTOR,PCF_CODE_OF_VIOL,PCF_VIOL_CATEGORY,PCF_VIOLATION,PCF_VIOL_SUBSECTION,HIT_AND_RUN,TYPE_OF_COLLISION,MVIW,PED_ACTION,ROAD_SURFACE,ROAD_COND_1,ROAD_COND_2,LIGHTING,CONTROL_DEVICE,CHP_ROAD_TYPE,PEDESTRIAN_ACCIDENT,BICYCLE_ACCIDENT,MOTORCYCLE_ACCIDENT,TRUCK_ACCIDENT,NOT_PRIVATE_PROPERTY,ALCOHOL_INVOLVED,STWD_VEHTYPE_AT_FAULT,CHP_VEHTYPE_AT_FAULT,COUNT_SEVERE_INJ,COUNT_VISIBLE_INJ,COUNT_COMPLAINT_PAIN,COUNT_PED_KILLED,COUNT_PED_INJURED,COUNT_BICYCLIST_KILLED,COUNT_BICYCLIST_INJURED,COUNT_MC_KILLED,COUNT_MC_INJURED,PRIMARY_RAMP,SECONDARY_RAMP,LATITUDE,LONGITUDE,COUNTY,CITY,POINT_X,POINT_Y
94422846,2024,2024-10-08,9770,2024-09-27,"154 ",023217,,5,3,6,5607,0,1,2,,2,072,"US-101 N/B (VENTURA FREEWAY)","MOORPARK ROAD",2230.00,S,N,B,-,Y,VEN,,101," "," ",3.619,H,,R,Y,2,0,1,1,A,-,01,23152,G,N,E,8,A,A,H,-,C,D,0,,,,,Y,Y,A,07,1,0,0,0,0,0,0,0,0,"- ","- ",34.176979064941406,-118.86849975585938,VENTURA,"THOUSAND OAKS",-118.86850738525391,34.176887512207031
9444103,2022,2022-05-19,5604,2022-04-06,1800,5312,4,3,5,6,5604,0,0,0,,0,042,"ARCTURUS AV","E HUENEME RD",0.00,,Y,A,-,N,,,,,,,,,,Y,2,0,4,2,A,-,12,21453,A,N,A,C,A,A,H,-,A,A,0,,,,,Y,,D,22,1,0,3,0,0,0,0,0,0,"- ","- ",34.147388458251953,-119.1722412109375,VENTURA,OXNARD,-119.17225646972656,34.147350311279297
94445168,2024,2024-10-25,9770,2024-10-07,1524,020169,,1,2,9,5600,0,3,5,,2,005,"HITCH BOULEVARD","CITRUS DRIVE",679.00,N,N,A,-,N,,,,,,,,,,Y,2,0,1,2,A,-,03,22350,,N,D,C,A,A,H,-,A,A,0,,,Y,,Y,,C,02,1,0,0,0,0,0,0,0,1,"- ","- ",34.265720367431641,-118.91535186767578,VENTURA,UNINCORPORATED,-118.91537475585938,34.267471313476562
94458385,2023,2024-12-04,9765,2023-12-14,"530 ",017253,,4,3,9,5600,0,1,3,,1,042,"SR-126 (E. TELEGRAPH ROAD)","FLEISCHER REDMAND ROAD",558.00,W,N,A,-,Y,VEN,,126," ",R,14.867,H,,R,Y,1,1,1,2,A,-,09,21804,A,N,C,2,A,A,H,-,D,D,0,,,,,Y,,A,01,0,1,0,0,0,0,0,0,0,"- ","- ",34.371910095214844,-119.01754760742188,VENTURA,UNINCORPORATED,-119.01752471923828,34.371879577636719
94479140,2024,2024-11-21,9430,2024-03-24,2500,022337,,7,4,9,5600,0,2,4,,1,031,"SR-33 S/B","MM 49.83",250.00,S,N,A,-,Y,VEN,,33," "," ",49.884,H,,L,Y,1,1,0,1,A,-,03,22350,,N,E,8,A,A,H,-,D,D,0,,,,,Y,Y,A,07,0,0,0,0,0,0,0,0,0,"- ","- ",34.699348449707031,-119.37368011474609,VENTURA,UNINCORPORATED,-119.37364196777344,34.699394226074219
9448561,2022,2022-06-02,5608,2022-05-19,1048,519,,4,5,6,5608,0,0,0,,0,001,"POLI ST","KALORAMA ST",25.00,W,N,A,-,N,,,,,,,,,,Y,2,0,1,2,A,-,09,21802,A,N,D,C,A,A,H,-,A,A,0,,,,,Y,,A,01,1,0,0,0,0,0,0,0,0,"- ","- ",,,VENTURA,VENTURA,-119.28709411621094,34.282161712646484
9448566,2022,2022-06-02,5608,2022-05-21,1503,503,,6,5,6,5608,0,0,0,,0,001,"E SANTA CLARA ST",PALM,150.00,W,N,A,-,N,,,,,,,,,,N,2,0,1,2,A,-,17,22517,,N,H,G,A,A,H,-,A,D,0,,Y,,,Y,,-,,1,0,0,0,0,0,1,0,0,"- ","- ",,,VENTURA,VENTURA,-119.29668426513672,34.279521942138672
94489607,2024,2025-02-20,9765,2024-11-17,1527,023498,,7,2,6,5604,0,1,3,,2,060,"SR-1 N/B (PACIFIC COAST HIGHWAY)","WOOD ROAD",1478.00,N,N,A,-,Y,VEN,,1," "," ",12.082,H,,R,Y,2,0,3,2,A,-,01,23152,A,N,C,C,A,A,H,-,A,D,0,,,,,Y,Y,A,01,1,2,0,0,0,0,0,0,0,"- ","- ",34.139278411865234,-119.1031494140625,VENTURA,OXNARD,-119.10317230224609,34.139266967773438
94490284,2024,2024-12-03,9765,2024-11-21,2350,023703,,4,3,9,5600,0,3,5,,2,006,"SR-1 (PACIFIC COAST HIGHWAY)","MUGU ROCK",1800.00,S,N,A,-,Y,VEN,,1," "," ",6.151,H,,R,N,2,0,1,1,A,-,01,23152,A,N,E,I,A,A,H,-,D,D,0,,,,,Y,Y,D,22,1,0,0,0,0,0,0,0,0,"- ","- ",34.083831787109375,-119.03775024414062,VENTURA,UNINCORPORATED,-119.03773498535156,34.083938598632812
94493173,2024,2024-12-05,9765,2024-12-02,1225,022318,,1,1,9,5600,0,1,3,,2,060,"SR-1 (PACIFIC COAST HIGHWAY)","SYCAMORE CANYON ROAD",2700.00,S,N,A,-,Y,VEN,,1," "," ",3.870,H,,R,N,2,0,1,2,A,-,08,22107,,N,C,G,A,A,H,-,A,D,0,,Y,,,Y,,A,08,1,0,0,0,0,0,1,0,0,"- ","- ",34.066299438476562,-119.00582885742188,VENTURA,UNINCORPORATED,-119.00582885742188,34.066211700439453
94535537,2024,2025-01-13,9770,2024-12-29,2305,023812,,7,3,6,5607,0,1,2,,2,074,"SR-23 N/B FROM US-101 N/B","THOUSAND OAKS BOULEVARD",230.00,S,N,A,-,Y,VEN,,23," ",R,3.506,H,,R,Y,2,0,1,1,A,-,01,23152,A,N,E,I,A,A,H,-,C,D,0,,,,,Y,Y,A,07,1,0,0,0,0,0,0,0,0,"- ","- ",34.178348541259766,-118.85977172851562,VENTURA,"THOUSAND OAKS",-118.85973358154297,34.178363800048828
9456449,2022,2022-06-14,5604,2022-04-21,2321,5643,,4,5,6,5604,0,0,0,,0,032,"S ROSE AV","S OXNARD BL",0.00,,Y,C,-,N,,,,,,,,,,N,2,0,1,2,A,-,11,21950,B,N,G,B,B,B,H,-,C,A,0,Y,,,,Y,,N,60,1,0,0,0,1,0,0,0,0,"- ","- ",34.174461364746094,-119.15969085693359,VENTURA,OXNARD,-119.16005706787109,34.175331115722656
94566686,2025,2025-02-05,9770,2025-01-24,1650,021869,,5,2,9,5600,0,2,4,,1,031,"SANTA ROSA ROAD","HILL CANYON ROAD",550.00,W,N,A,-,N,,,,,,,,,,Y,2,0,5,3,A,-,03,22350,,N,C,C,A,A,H,-,A,D,0,,,,,Y,,A,01,2,2,1,0,0,0,0,0,0,"- ","- ",34.235118865966797,-118.93309020996094,VENTURA,UNINCORPORATED,-118.93255615234375,34.2352294921875
94587857,2025,2025-02-24,9765,2025-01-28,"255 ",023703,,2,3,5,5601,0,1,2,,2,502,"US-101 N/B (VENTURA FREEWAY)","CENTRAL AVENUE",1323.00,N,N,B,-,Y,VEN,,101," "," ",17.961,H,,R,N,2,0,2,1,A,-,01,23152,A,N,E,I,A,A,H,-,D,D,0,,,,,Y,Y,-,"- ",1,1,0,0,0,0,0,0,0,"- ","- ",34.221958160400391,-119.10642242431641,VENTURA,CAMARILLO,-119.10642242431641,34.222091674804688
94597910,2025,2025-03-06,9770,2025-03-02,"100 ",023849,,7,3,9,5600,0,3,5,,2,003,"BARRANCA RD","REDONDO AVE",10.00,N,N,A,-,N,,,,,,,,,,Y,2,0,1,2,A,-,03,22350,,N,B,2,A,A,H,-,E,D,0,,,,,Y,,A,01,1,0,0,0,0,0,0,0,0,"- ","- ",34.249481201171875,-118.89743804931641,VENTURA,UNINCORPORATED,-118.89741516113281,34.249439239501953
94599755,2024,2025-03-17,9765,2024-09-01,"255 ",023043,,7,3,9,5600,0,1,3,,2,040,"SR-126 E/B TO BRIGGS RD","BRIGGS RD",820.00,W,N,A,-,Y,VEN,,126," ",R,8.748,H,,R,Y,1,1,0,1,A,-,01,23152,A,N,E,8,A,A,H,-,D,D,0,,,,,Y,Y,A,01,0,0,0,0,0,0,0,0,0,"- ","- ",34.320911407470703,-119.10331726074219,VENTURA,UNINCORPORATED,-119.10340118408203,34.321010589599609
94603028,2025,2025-03-18,9765,2025-03-05,1839,022472,,3,2,9,5600,0,3,5,,2,001,"US 101 N/B (VENTURA FREEWAY)","W. SANTA BARBARA AVENUE",4224.00,S,N,B,-,Y,VEN,,101," ",R,40.377,H,,R,Y,2,0,2,2,A,-,08,22107,,N,D,C,A,B,H,-,D,D,0,,,,,Y,,D,22,1,0,1,0,0,0,0,0,0,"- ","- ",34.356021881103516,-119.43356323242188,VENTURA,UNINCORPORATED,-119.43354034423828,34.3560791015625
94608927,2025,2025-03-18,9765,2025-03-08,1734,023911,,6,2,6,5604,0,1,2,,2,501,"US-101 S/B (VENTURA FREEWAY)","VINEYARD AVENUE",12.00,S,N,A,-,Y,VEN,,232," "," ",0.373,H,,R,Y,2,0,1,1,A,-,01,23152,G,N,E,8,A,A,H,-,A,A,0,,,,,Y,Y,A,07,1,0,0,0,0,0,0,0,0,"- ","- ",34.230861663818359,-119.17379760742188,VENTURA,OXNARD,-119.17393493652344,34.230930328369141
94609038,2025,2025-03-18,9765,2025-03-09,1733,023498,,7,2,9,5600,0,3,5,,2,002,"LA LUNA AVENUE","EL CONEJO",280.00,S,N,A,-,N,,,,,,,,,,Y,2,0,3,2,A,-,05,21460,,N,A,C,A,A,H,-,A,D,0,,,,,Y,Y,D,22,1,2,0,0,0,0,0,0,0,"- ","- ",34.455219268798828,-119.28047943115234,VENTURA,UNINCORPORATED,-119.28038787841797,34.455230712890625
94611093,2025,2025-03-19,9765,2025-02-26,1748,024090,,3,2,6,5604,0,1,2,,2,503,"US-101 S/B (VENTURA FREEWAY)","DEL NORTE ROAD",1770.00,S,N,A,-,Y,VEN,,101," "," ",18.662,H,,L,Y,2,0,1,2,A,-,03,22350,,N,C,C,A,A,H,-,A,D,0,,,Y,,Y,,C,02,1,0,0,0,0,0,0,0,1,"- ","- ",34.221969604492188,-119.12098693847656,VENTURA,OXNARD,-119.12098693847656,34.221939086914062
94624809,2025,2025-03-24,9765,2025-01-24,1645,022318,,5,2,9,5600,0,1,3,,2,040,"SR-126 E/B (SANTA PAULA FREEWAY)","PECK RD",3854.00,W,N,A,-,Y,VEN,,126," ",R,9.677,H,,R,Y,2,0,1,2,A,-,08,22107,,N,B,C,A,A,H,-,A,D,0,,,,,Y,,A,07,1,0,0,0,0,0,0,0,0,"- ","- ",34.329929351806641,-119.09123992919922,VENTURA,UNINCORPORATED,-119.09123229980469,34.329921722412109
9463208,2022,2022-07-20,5608,2022-07-06,1539,542,,3,5,6,5608,0,0,0,,0,002,"N SEAWARD AV","LEXINGTON DR",12.00,N,N,A,-,N,,,,,,,,,,N,2,0,1,2,A,-,09,21802,A,N,D,G,A,A,H,-,A,A,0,,Y,,,Y,,L,04,1,0,0,0,0,0,1,0,0,"- ","- ",34.277309417724609,-119.26473999023438,VENTURA,VENTURA,-119.26472473144531,34.277347564697266
94648072,2025,2025-04-14,9765,2025-04-05,1205,019884,,6,1,9,5600,0,3,5,,2,003,"OLIVAS PARK DRIVE","TELEPHONE ROAD",155.00,W,N,A,-,N,,,,,,,,,,Y,2,0,3,3,A,-,01,23152,A,F,C,C,A,A,H,-,A,D,0,,,,,Y,Y,A,07,1,2,0,0,0,0,0,0,0,"- ","- ",34.244380950927734,-119.23484802246094,VENTURA,UNINCORPORATED,-119.23469543457031,34.244377136230469
94668082,2025,2025-04-29,9770,2025-04-19,2030,023813,,6,2,9,5600,0,1,3,,1,043,"SR-126 W/B (EAST TELEGRAPH ROAD)","HAINES CANYON ROAD",581.00,W,N,A,-,Y,VEN,,126," ",R,23.588,H,,L,Y,2,0,1,1,A,-,01,23152,A,N,F,A,A,A,H,-,D,D,0,,,,,Y,Y,D,22,1,0,0,0,0,0,0,0,0,"- ","- ",34.395519256591797,-118.8763427734375,VENTURA,UNINCORPORATED,-118.8763427734375,34.395549774169922
94685074,2025,2025-05-13,9770,2025-03-12,"650 ",022318,,3,1,9,5600,0,1,3,,2,084,"TIERRA REJADA RD","SR-23 N/B (MOORPARK FREEWAY)",865.00,E,N,B,-,N,,,,,,,,,,Y,2,0,1,2,A,-,14,21201,D,N,C,G,A,B,H,-,D,D,0,,Y,,,Y,,L,04,1,0,0,0,0,0,1,0,0,"- ","- ",34.268589019775391,-118.84680938720703,VENTURA,UNINCORPORATED,-118.85089111328125,34.266853332519531
94685124,2025,2025-05-13,9765,2025-05-02,2250,024275,,5,3,6,5608,0,1,2,,1,101,"US-101 S/B (VENTURA FREEWAY)","PARK ACCESS ROAD",4150.00,N,N,A,-,Y,VEN,,101," ",R,32.313,H,,L,N,2,0,3,3,A,-,01,23152,A,N,G,B,E,A,D,E,C,B,0,Y,,,,Y,Y,A,01,2,1,0,0,1,0,0,0,0,"- ","- ",34.287628173828125,-119.32853698730469,VENTURA,VENTURA,-119.32854461669922,34.287628173828125
9469352,2023,2023-10-06,5608,2023-08-30,1914,542,,3,5,6,5608,0,0,0,,0,003,"WELLS RD","TELEGRAPH RD",2.00,S,N,A,-,N,,,,,,,,,,Y,2,0,1,2,A,-,09,21801,A,N,D,C,A,A,H,-,B,A,0,,,Y,,Y,,C,02,1,0,0,0,0,0,0,0,1,"- ","- ",,,VENTURA,VENTURA,-119.16130828857422,34.295005798339844
9469354,2023,2023-10-06,5608,2023-08-30,1608,558,,3,5,6,5608,0,0,0,,0,001,"NORTH VENTURA AV","PARK ROW AV",0.00,,Y,A,-,N,,,,,,,,,,N,2,0,1,2,A,-,09,21800,A,N,D,G,A,A,H,-,A,D,0,,Y,,,Y,,A,01,1,0,0,0,0,0,1,0,0,"- ","- ",34.284610748291016,-119.29981231689453,VENTURA,VENTURA,-119.29985046386719,34.284591674804688
94696225,2025,2025-05-21,9765,2025-04-30,1105,015117,,3,1,9,5600,0,1,3,,1,062,"SR-1 (PACIFIC COAST HIGHWAY)","LAS POSAS RD",1056.00,S,N,B,-,Y,VEN,,1," "," ",9.559,H,,R,Y,2,0,2,1,A,-,08,22107,,N,A,I,A,A,H,-,A,D,0,,,,,Y,,A,01,2,0,0,0,0,0,0,0,0,"- ","- ",34.1083984375,-119.07939147949219,VENTURA,UNINCORPORATED,-119.07955169677734,34.108371734619141
9469636,2023,2023-09-12,5604,2023-08-26,1957,4759,,6,5,6,5604,0,0,0,,0,021,"VICTORIA AV","TEAL CLUB RD",0.00,,Y,A,-,N,,,,,,,,,,Y,2,0,3,2,A,-,09,21802,A,N,D,C,A,A,H,-,A,A,0,,,,,Y,,A,01,2,0,1,0,0,0,0,0,0,"- ","- ",34.203079223632812,-119.22109985351562,VENTURA,OXNARD,-119.22109222412109,34.203079223632812
9469801,2023,2023-09-20,5604,2023-07-13,1852,5737,,4,5,6,5604,0,0,0,,0,011,"N VENTURA RD","DORIS DR",0.00,,Y,A,-,N,,,,,,,,,,Y,2,0,1,2,A,-,09,21801,A,F,D,C,A,A,H,-,A,A,0,,,Y,,Y,,-,,1,0,0,0,0,0,0,0,1,"- ","- ",34.205940246582031,-119.1947021484375,VENTURA,OXNARD,-119.19464111328125,34.208362579345703
9473228,2022,2022-08-05,5608,2022-07-20,1536,523,,3,5,6,5608,0,0,0,,0,004,"VICTORIA AV","OLIVAS PARK DR",1637.00,N,N,A,-,N,,,,,,,,,,Y,2,0,1,3,A,-,03,22350,,N,C,C,A,A,H,-,A,A,0,,,Y,,Y,,A,01,1,0,0,0,0,0,0,0,1,"- ","- ",,,VENTURA,VENTURA,-119.21320343017578,34.24835205078125
94738801,2025,2025-06-25,9770,2025-06-16,1606,024422,,1,2,9,5600,0,1,3,,1,054,"SR-34 N/B (SOMIS ROAD)","WEST STREET",490.00,S,N,A,-,Y,VEN,,34," "," ",16.934,H,,R,Y,2,0,2,2,A,-,08,22107,,N,A,C,A,A,H,-,A,D,0,,,,,Y,,A,01,1,1,0,0,0,0,0,0,0,"- ","- ",34.253520965576172,-118.99727630615234,VENTURA,UNINCORPORATED,-118.99728393554688,34.253520965576172
9483449,2022,2022-08-05,5608,2022-07-17,2329,532,,7,5,6,5608,0,0,0,,0,003,"FOOTHILL RD","KIMBALL RD",318.00,W,N,A,-,N,,,,,,,,,,Y,2,0,1,1,A,-,01,23152,A,N,F,I,A,A,H,-,C,A,0,,,,,Y,Y,A,01,1,0,0,0,0,0,0,0,0,"- ","- ",,,VENTURA,VENTURA,-119.19641876220703,34.287948608398438
9499444,2022,2022-11-23,5606,2022-03-04,1815,1131,5606,5,5,4,5606,0,0,0,,0,003,"N OJAI RD","E VIRGINIA TR",0.00,,Y,A,-,Y,VEN,7,150,,-,33.061,I,5,E,N,2,0,1,2,A,-,10,21950,A,N,G,B,B,A,H,-,C,B,0,Y,,,,Y,,D,22,1,0,0,0,1,0,0,0,0,"- ","- ",,,VENTURA,"SANTA PAULA",-119.06319427490234,34.368122100830078
9504140,2021,2023-06-17,5606,2021-06-23,0337,1129,5606,3,5,4,5606,0,0,0,,0,001,"TELEGRAPH RD","BECKWITH RD",164.00,S,N,A,-,N,,,,,,,,,,N,1,1,0,2,A,-,11,21954,A,N,G,B,D,A,H,-,C,D,0,Y,,,,Y,Y,N,60,0,0,0,1,0,0,0,0,0,"- ","- ",,,VENTURA,"SANTA PAULA",-119.09257507324219,34.33587646484375
9508088,2022,2022-11-10,5608,2022-10-13,1658,508,,4,5,6,5608,0,0,0,,0,002,"EAST MAIN ST","RT 26",0.00,,Y,A,-,Y,VEN,7,126,-,-,0.000,R,4,E,Y,2,0,1,2,A,-,01,23152,A,N,D,C,A,A,H,-,A,A,0,,,,,Y,Y,A,07,1,0,0,0,0,0,0,0,0,"- ",EO,34.263839721679688,-119.24114990234375,VENTURA,VENTURA,-119.23735046386719,34.264900207519531
9514223,2021,2022-11-04,5606,2021-06-26,2250,1131,5606,6,5,4,5606,0,0,0,,0,002,"SANTA PAULA E ST","9TH ST",0.00,,Y,A,-,N,,,,,,,,,,Y,2,0,3,2,A,-,01,23152,A,N,D,C,A,A,H,-,C,A,0,,,,,Y,Y,A,01,1,2,0,0,0,0,0,0,0,"- ","- ",,,VENTURA,"SANTA PAULA",-119.06417846679688,34.356510162353516
9521804,2022,2022-12-16,5608,2022-11-03,1501,409,,4,5,6,5608,0,0,0,,0,003,"TELEGRAPH RD","TELEGRAPH RD 3330",15.00,E,-,A,-,N,,,,,,,,,,N,2,0,4,2,A,-,09,21801,A,N,D,G,A,A,H,-,A,A,0,,Y,,,Y,,I,19,1,0,3,0,0,0,1,0,0,"- ","- ",,,VENTURA,VENTURA,-119.16127014160156,34.295032501220703
9524071,2022,2022-11-28,5604,2022-08-17,0020,5676,,3,5,6,5604,0,0,0,,0,041,"BRYCE CANYON AV","A ST",150.00,E,N,A,-,N,,,,,,,,,,N,2,0,1,2,D,-,00,,,F,G,B,D,A,H,-,C,D,0,Y,,,,Y,,-,"- ",1,0,0,0,1,0,0,0,0,"- ","- ",34.169971466064453,-119.17881774902344,VENTURA,OXNARD,-119.17885589599609,34.169788360595703
9526349,2023,2023-02-23,5608,2023-01-27,1947,551,,5,5,6,5608,0,0,0,,0,002,"THOMPSON BL","HURST AV",228.00,W,N,A,-,N,,,,,,,,,,N,2,0,1,2,A,-,11,21954,A,N,G,B,D,A,H,-,C,D,0,Y,,,,Y,Y,N,60,1,0,0,0,1,0,0,0,0,"- ","- ",34.27545166015625,-119.2757568359375,VENTURA,VENTURA,-119.27573394775391,34.275428771972656
9529003,2022,2022-12-06,5608,2022-10-22,0205,524,VENTU,6,5,6,5608,0,0,0,,0,002,"EAST THOMPSON BL","146 FEET EAST OF SEAWARD AVENUE",0.00,,N,A,-,N,,,,,,,,,,Y,2,0,2,1,A,-,08,22107,,N,F,-,A,A,H,-,C,A,0,,,,,Y,Y,A,07,2,0,0,0,0,0,0,0,0,"- ","- ",,,VENTURA,VENTURA,-119.26638793945312,34.273582458496094
9532565,2022,2022-12-13,5608,2022-11-07,1853,508,,1,5,6,5608,0,0,0,,0,004,"SOUTH VICTORIA AV","TELEPHONE RD",0.00,,Y,A,-,N,,,,,,,,,,N,2,0,1,2,A,-,11,21950,B,N,G,B,B,A,H,-,C,A,0,Y,,,,Y,,N,60,1,0,0,0,1,0,0,0,0,"- ","- ",,,VENTURA,VENTURA,-119.21256256103516,34.265457153320312
9533827,2023,2023-02-15,5605,2023-01-06,2253,227,PATRO,5,5,3,5605,0,0,0,,0,001,"CHANNEL ISLANDS BL","LIDO BL",327.00,W,N,A,-,N,,,,,,,,,,Y,2,0,2,1,A,-,08,22107,,N,E,I,A,A,H,-,C,D,0,,,,,Y,,A,07,1,1,0,0,0,0,0,0,0,"- ","- ",34.175739288330078,-119.20236968994141,VENTURA,"PORT HUENEME",-119.20345306396484,34.175693511962891
9536196,2022,2023-01-10,5604,2022-12-03,1742,5597,,6,5,6,5604,0,0,0,,0,023,"S OXNARD BL","5TH ST",15.00,S,N,A,-,N,,,,,,,,,,N,2,0,1,2,A,-,11,21954,A,N,G,B,D,-,H,-,C,A,0,Y,,,,Y,Y,N,60,1,0,0,0,1,0,0,0,0,"- ","- ",34.197681427001953,-119.17738342285156,VENTURA,OXNARD,-119.17746734619141,34.197650909423828
9539915,2022,2023-02-01,5604,2022-12-25,1637,5671,,7,5,6,5604,0,0,0,,0,014,"KUMQUAT PL","KENTIA ST",50.00,E,N,A,-,N,,,,,,,,,,N,2,0,1,2,A,-,03,22350,,F,G,B,A,A,H,-,A,A,0,,Y,,,Y,,A,01,1,0,0,0,0,0,1,0,0,"- ","- ",34.22930908203125,-119.18927764892578,VENTURA,OXNARD,-119.18914794921875,34.228828430175781
9543066,2022,2023-02-02,5608,2022-12-20,1525,498,,2,5,6,5608,0,0,0,,0,,"TELEGRAPH RD","WELLS RD",6.00,W,N,A,-,N,,,,,,,,,,N,2,0,1,2,A,-,12,21453,A,N,H,G,A,A,H,-,A,-,0,,Y,,,Y,,L,04,1,0,0,0,0,0,1,0,0,"- ","- ",,,VENTURA,VENTURA,-119.16132354736328,34.295001983642578
9544130,2023,2023-02-03,5604,2023-01-11,1754,5672,,3,5,6,5604,0,0,0,,0,014,"RT 232","W WALNUT DR W",0.00,,Y,A,-,Y,VEN,7,232,-,-,1.188,I,5,N,Y,2,0,1,2,A,-,09,21801,A,N,D,C,A,A,H,-,C,A,0,,,Y,,Y,,A,07,1,0,0,0,0,0,0,0,1,"- ","- ",34.241039276123047,-119.16635131835938,VENTURA,OXNARD,-119.16635894775391,34.241039276123047
9545677,2023,2023-02-18,5604,2023-01-15,"449 ",5610,,7,5,6,5604,0,0,0,,0,012,"AUTO CENTER DR","VENTURA BL",100.00,E,N,B,-,N,,,,,,,,,,Y,2,0,1,1,A,-,01,23152,A,N,A,I,A,B,H,-,C,D,0,,,,,Y,Y,A,01,1,0,0,0,0,0,0,0,0,"- ","- ",34.228431701660156,-119.15236663818359,VENTURA,OXNARD,-119.15622711181641,34.228164672851562
9546496,2023,2023-04-21,5608,2023-02-04,1608,520,,6,5,6,5608,0,0,0,,0,001,"HARBOR BL","CALIFORNIA ST",610.00,W,N,A,-,N,,,,,,,,,,Y,2,0,1,2,A,-,09,21804,A,N,D,C,A,A,H,-,A,D,0,,,Y,,Y,,A,07,1,0,0,0,0,0,0,0,1,"- ","- ",,,VENTURA,VENTURA,-119.2950439453125,34.276920318603516
9549150,2023,2023-04-06,5608,2023-02-28,1511,503,,2,5,6,5608,0,0,0,,0,003,"E MAIN ST","LEMON GROVE AV",0.00,W,N,A,-,N,,,,,,,,,,N,2,0,1,1,A,-,01,21200,5,N,E,I,A,A,H,-,A,D,0,,Y,,,Y,Y,L,04,1,0,0,0,0,0,1,0,0,"- ","- ",,,VENTURA,VENTURA,-119.24906158447266,34.266132354736328
9575529,2023,2023-04-27,5604,2023-03-08,2204,5018,,3,5,6,5604,0,0,0,,0,031,"3RD ST","JUANITA AV",50.00,E,N,A,-,N,,,,,,,,,,Y,2,0,1,2,A,-,01,23152,A,N,A,C,A,A,H,-,C,D,0,,,Y,,Y,Y,A,01,1,0,0,0,0,0,0,0,1,"- ","- ",34.200508117675781,-119.16851806640625,VENTURA,OXNARD,-119.16836547851562,34.200527191162109
9581814,2023,2023-05-16,5604,2023-02-05,"445 ",5677,,7,5,6,5604,0,0,0,,0,011,"N OXNARD BL","GLENWOOD DR",528.00,N,N,C,-,N,,,,,,,,,,Y,2,0,1,2,A,-,03,22350,,N,G,B,D,B,H,-,C,D,0,Y,,,,Y,Y,A,01,1,0,0,0,1,0,0,0,0,"- ","- ",34.214321136474609,-119.17720031738281,VENTURA,OXNARD,-119.17740631103516,34.215785980224609
9590822,2023,2023-07-06,5606,2023-01-24,2306,1131,5606,2,5,4,5606,0,0,0,,0,002,"HARVARD BL","PALM AV",17.00,E,N,A,-,N,,,,,,,,,,N,2,0,1,2,A,-,11,21950,B,F,G,B,B,A,H,-,C,A,0,Y,,,,Y,,N,60,1,0,0,0,1,0,0,0,0,"- ","- ",,,VENTURA,"SANTA PAULA",-119.06974029541016,34.347007751464844
9591691,2023,2023-07-13,5608,2023-06-13,1704,520,,2,5,6,5608,0,0,0,,0,004,"VICTORIA AV","AVOCET DR",34.00,N,N,A,-,N,,,,,,,,,,N,2,0,3,3,A,-,03,22350,,N,C,E,A,A,H,-,A,A,0,,,,,Y,,A,07,1,2,0,0,0,0,0,0,0,"- ","- ",,,VENTURA,VENTURA,-119.21109008789062,34.258502960205078
9592227,2023,2023-06-26,5604,2023-05-05,1622,5674,,5,5,6,5604,0,0,0,,0,041,"LA CANADA AV","FOURNIER ST",0.00,,Y,A,-,N,,,,,,,,,,N,2,0,1,3,A,-,12,22450,A,N,D,C,A,A,H,-,A,A,0,,,Y,,Y,,C,03,1,0,0,0,0,0,0,0,1,"- ","- ",34.167728424072266,-119.17024230957031,VENTURA,OXNARD,-119.17024993896484,34.167762756347656