CASE_ID,ACCIDENT_YEAR,PROC_DATE,JURIS,COLLISION_DATE,COLLISION_TIME,OFFICER_ID,REPORTING_DISTRICT,DAY_OF_WEEK,CHP_SHIFT,POPULATION,CNTY_CITY_LOC,SPECIAL_COND,BEAT_TYPE,CHP_BEAT_TYPE,CITY_DIVISION_LAPD,CHP_BEAT_CLASS,BEAT_NUMBER,PRIMARY_RD,SECONDARY_RD,DISTANCE,DIRECTION,INTERSECTION,WEATHER_1,WEATHER_2,STATE_HWY_IND,CALTRANS_COUNTY,CALTRANS_DISTRICT,STATE_ROUTE,ROUTE_SUFFIX,POSTMILE_PREFIX,POSTMILE,LOCATION_TYPE,RAMP_INTERSECTION,SIDE_OF_HWY,TOW_AWAY,COLLISION_SEVERITY,NUMBER_KILLED,NUMBER_INJURED,PARTY_COUNT,PRIMARY_COLL_FACTOR,PCF_CODE_OF_VIOL,PCF_VIOL_CATEGORY,PCF_VIOLATION,PCF_VIOL_SUBSECTION,HIT_AND_RUN,TYPE_OF_COLLISION,MVIW,PED_ACTION,ROAD_SURFACE,ROAD_COND_1,ROAD_COND_2,LIGHTING,CONTROL_DEVICE,CHP_ROAD_TYPE,PEDESTRIAN_ACCIDENT,BICYCLE_ACCIDENT,MOTORCYCLE_ACCIDENT,TRUCK_ACCIDENT,NOT_PRIVATE_PROPERTY,ALCOHOL_INVOLVED,STWD_VEHTYPE_AT_FAULT,CHP_VEHTYPE_AT_FAULT,COUNT_SEVERE_INJ,COUNT_VISIBLE_INJ,COUNT_COMPLAINT_PAIN,COUNT_PED_KILLED,COUNT_PED_INJURED,COUNT_BICYCLIST_KILLED,COUNT_BICYCLIST_INJURED,COUNT_MC_KILLED,COUNT_MC_INJURED,PRIMARY_RAMP,SECONDARY_RAMP,LATITUDE,LONGITUDE,COUNTY,CITY,POINT_X,POINT_Y
9597045,2023,2023-08-08,5605,2023-07-06,1942,227,PATRO,4,5,3,5605,0,0,0,,0,001,"CROSSJACK ST","YARDARM AV",130.00,E,N,A,-,N,,,,,,,,,,Y,2,0,2,2,A,-,09,21804,A,N,D,C,A,A,H,-,A,D,0,,,,,Y,,A,01,1,1,0,0,0,0,0,0,0,"- ","- ",34.178619384765625,-119.21891784667969,VENTURA,"PORT HUENEME",-119.21878051757812,34.178627014160156
9598167,2023,2023-08-22,5608,2023-07-29,1135,547,,6,5,6,5608,0,0,0,,0,004,"RALSTON ST","DOWELL DR",66.00,W,N,A,-,N,,,,,,,,,,Y,2,0,1,2,A,-,08,22107,,N,D,C,A,A,H,-,A,D,0,,,Y,,Y,,A,01,1,0,0,0,0,0,0,0,1,"- ","- ",,,VENTURA,VENTURA,-119.22259521484375,34.260486602783203
9600536,2023,2023-07-17,5608,2023-06-01,"420 ",542,,4,5,6,5608,0,0,0,,0,004,"BRISTOL RD","SUNRIDGE DR",6.00,E,N,A,-,N,,,,,,,,,,Y,2,0,3,2,A,-,05,21651,A,N,A,C,A,A,H,-,C,D,0,,,,,Y,,A,07,1,2,0,0,0,0,0,0,0,"- ","- ",,,VENTURA,VENTURA,-119.20137786865234,34.254024505615234
9600946,2023,2023-08-03,5604,2023-06-14,2142,5673,,3,5,6,5604,0,0,0,,0,022,"5TH ST","HOBSON WY",0.00,,Y,A,-,N,,,,,,,,,,Y,2,0,2,2,D,-,00,,,N,D,G,A,A,H,-,C,A,0,,Y,Y,,Y,,-,"- ",1,0,1,0,0,0,1,0,1,"- ","- ",34.197738647460938,-119.18789672851562,VENTURA,OXNARD,-119.18791961669922,34.197750091552734
9605143,2023,2024-03-15,5608,2023-12-22,"49  ",550,,5,5,6,5608,0,0,0,,0,003,"FOOTHILL RD","COURT AV",0.00,,N,B,C,N,,,,,,,,,,Y,2,0,5,1,A,-,01,23153,A,N,F,I,A,B,H,-,D,D,0,,,,,Y,Y,A,01,1,4,0,0,0,0,0,0,0,"- ","- ",34.282760620117188,-119.24178314208984,VENTURA,VENTURA,-119.24227142333984,34.282863616943359
9615198,2023,2023-09-07,5608,2023-08-21,1424,397,VENTU,1,5,6,5608,0,0,0,,0,001,"NORTH VENTURA AV","SIMPSON ST",0.00,,Y,A,-,N,,,,,,,,,,Y,2,0,2,1,A,-,01,23152,F,N,E,I,A,A,H,-,A,D,0,,,,,Y,,A,01,2,0,0,0,0,0,0,0,0,"- ","- ",,,VENTURA,VENTURA,-119.29865264892578,34.288543701171875
9618570,2023,2024-01-25,5604,2023-11-01,1846,5403,,3,5,6,5604,0,0,0,,0,042,"SAVIERS RD","CLARA ST",0.00,,Y,A,-,N,,,,,,,,,,Y,2,0,2,2,A,-,09,21801,A,N,D,C,A,A,H,-,C,A,0,,,Y,,Y,,A,01,1,0,1,0,0,0,0,0,1,"- ","- ",34.151229858398438,-119.1778564453125,VENTURA,OXNARD,-119.17787933349609,34.151237487792969
9619647,2023,2024-01-04,5606,2023-10-08,1932,1163,SPPD,7,5,4,5606,0,0,0,,0,003,"MAIN E ST","HARVARD BL",0.00,,Y,A,-,N,,,,,,,,,,Y,2,0,1,3,A,-,00,21235,B,N,G,B,D,A,H,-,C,D,0,Y,,,,Y,,N,60,1,0,0,0,1,0,0,0,0,"- ","- ",,,VENTURA,"SANTA PAULA",-119.04974365234375,34.357643127441406
9622046,2023,2023-11-07,5608,2023-09-21,"949 ",437,,4,5,6,5608,0,0,0,,0,002,"TELEGRAPH RD","N JOANNE AVE",63.00,E,N,A,-,N,,,,,,,,,,N,2,0,1,2,A,-,06,21760,B,N,B,-,A,A,H,-,A,D,0,,Y,,,Y,,I,20,1,0,0,0,0,0,1,0,0,"- ","- ",,,VENTURA,VENTURA,-119.25552368164062,34.272010803222656
9627413,2023,2023-10-04,5604,2023-08-29,2120,5018,,2,5,6,5604,0,0,0,,0,031,"COLONIA RD","N MCKINLEY AV N",0.00,,Y,A,-,N,,,,,,,,,,Y,2,0,1,2,A,-,12,22450,A,F,D,C,A,A,H,-,C,D,0,,,,,Y,,A,01,1,0,0,0,0,0,0,0,0,"- ","- ",34.206409454345703,-119.17163848876953,VENTURA,OXNARD,-119.17165374755859,34.206409454345703
9629958,2023,2023-12-11,5604,2023-10-16,1823,5659,,1,5,6,5604,0,0,0,,0,011,"OXNARD BL","GLENWOOD DR",250.00,S,N,A,-,N,,,,,,,,,,Y,2,0,2,3,A,-,04,21703,,N,F,C,A,A,H,-,A,D,0,,,,,Y,,A,07,1,0,1,0,0,0,0,0,0,"- ","- ",34.211189270019531,-119.17722320556641,VENTURA,OXNARD,-119.17717742919922,34.211189270019531
9633982,2023,2024-01-03,5606,2023-05-25,2057,1127,5606,4,5,4,5606,0,0,0,,0,001,"PECK RD","FOOTHILL RD",59.00,S,N,A,-,N,,,,,,,,,,Y,2,0,3,2,A,-,03,22350,,N,A,C,A,A,H,-,C,D,0,,,,,Y,,A,01,1,0,2,0,0,0,0,0,0,"- ","- ",,,VENTURA,"SANTA PAULA",-119.09246826171875,34.348789215087891
9640016,2023,2025-06-27,5608,2023-10-15,1950,501,VENTU,7,5,6,5608,0,0,0,,0,004,"VENTURA BL","INEZ ST",2.00,E,N,A,-,N,,,,,,,,,,Y,1,1,0,1,A,-,01,23152,A,N,E,I,A,A,H,-,C,D,0,,,,,Y,Y,A,01,0,0,0,0,0,0,0,0,0,"- ","- ",,,VENTURA,VENTURA,-119.20634460449219,34.250396728515625
9640856,2024,2024-09-06,5604,2024-01-23,1904,5609,,2,5,6,5604,0,0,0,,0,014,"STROUBE ST","RT 232",0.00,,Y,A,-,Y,VEN,7,232,-,-,0.876,I,5,N,Y,1,1,0,2,A,-,11,21453,D,N,G,B,B,A,-,-,C,A,0,Y,,,,Y,Y,N,60,0,0,0,1,0,0,0,0,0,"- ","- ",34.237209320068359,-119.16925811767578,VENTURA,OXNARD,-119.16925048828125,34.237220764160156
9657620,2024,2024-03-02,5604,2024-01-15,1845,5624,,1,5,6,5604,0,0,0,,0,012,"E GONZALES RD","OUTLET CENTER DR",0.00,,Y,A,-,N,,,,,,,,,,N,2,0,1,2,A,-,10,21950,A,F,G,B,B,A,H,-,C,A,0,Y,,,,Y,,A,01,1,0,0,0,1,0,0,0,0,"- ","- ",34.218818664550781,-119.1492919921875,VENTURA,OXNARD,-119.1492919921875,34.218917846679688
9658115,2023,2024-02-15,5604,2023-12-10,"112 ",5502,,7,5,6,5604,0,0,0,,0,041,"E BARD RD","SAN JUAN AV",0.00,,Y,A,-,N,,,,,,,,,,N,2,0,1,2,A,-,10,21950,A,F,G,B,B,A,H,-,D,D,0,Y,,,,Y,Y,-,,1,0,0,0,1,0,0,0,0,"- ","- ",34.161960601806641,-119.17002105712891,VENTURA,OXNARD,-119.17005157470703,34.162010192871094
9667018,2024,2024-03-12,5604,2024-01-16,"641 ",4577,,2,5,6,5604,0,0,0,,0,032,"E WOOLEY RD","ROSE AV",280.00,E,N,A,-,N,,,,,,,,,,N,2,0,1,2,A,-,11,21954,A,N,B,B,D,A,H,-,B,D,0,Y,,,,Y,,N,60,1,0,0,0,1,0,0,0,0,"- ","- ",,,VENTURA,OXNARD,-119.15904235839844,34.189842224121094
9685913,2024,2024-06-27,5608,2024-04-13,"102 ",507,,6,5,6,5608,0,0,0,,0,004,"TELEPHONE RD","CACHUMA AV",65.00,W,N,A,-,N,,,,,,,,,,Y,2,0,3,1,A,-,01,23153,A,N,E,I,A,A,H,-,C,D,0,,,,,Y,Y,A,07,1,2,0,0,0,0,0,0,0,"- ","- ",,,VENTURA,VENTURA,-119.16259765625,34.276996612548828
9685958,2024,2024-07-08,5608,2024-04-20,1556,506,,6,5,6,5608,0,0,0,,0,001,"S ASH ST","E FRONT ST",65.00,S,N,B,-,N,,,,,,,,,,N,2,0,1,2,A,-,10,21950,C,N,D,B,D,A,H,-,A,A,0,Y,,,,Y,,D,22,1,0,0,0,1,0,0,0,0,"- ","- ",,,VENTURA,VENTURA,-119.28849029541016,34.276851654052734
9689786,2024,2024-09-25,5608,2024-03-18,1444,563,,1,5,6,5608,0,0,0,,0,003,"TELEGRAPH RD","N HARDING AV",0.00,,Y,B,-,N,,,,,,,,,,Y,2,0,2,2,A,-,08,22107,,N,D,C,A,A,H,-,A,D,0,,,,,Y,,A,01,1,1,0,0,0,0,0,0,0,"- ","- ",34.280689239501953,-119.19615936279297,VENTURA,VENTURA,-119.19615173339844,34.280677795410156
9691468,2024,2024-07-02,5604,2024-03-17,2034,5670,2,7,5,6,5604,0,0,0,,0,024,"LINDEN DR","MAYWOOD DR",500.00,W,N,A,-,N,,,,,,,,,,N,2,0,1,1,A,-,21,22106,,N,G,B,A,A,H,-,C,D,0,,,,,Y,,A,07,1,0,0,0,0,0,0,0,0,"- ","- ",34.176651000976562,-119.18459320068359,VENTURA,OXNARD,-119.18458557128906,34.176433563232422
9691482,2024,2024-05-09,5604,2024-03-20,1539,5693,,3,5,6,5604,0,0,0,,0,032,"CALIFORNIA ST","BIRCH ST",160.00,S,N,A,-,N,,,,,,,,,,Y,2,0,1,2,A,-,08,22107,,N,A,E,A,A,H,-,A,D,0,,,,,Y,,A,01,1,0,0,0,0,0,0,0,0,"- ","- ",,,VENTURA,OXNARD,-119.17326354980469,34.185047149658203
9699364,2024,2024-06-13,5608,2024-04-05,"724 ",561,,5,5,6,5608,0,0,0,,0,004,"MONTGOMERY AV","NEWTOWN ST",156.00,N,N,B,-,N,,,,,,,,,,Y,2,0,1,1,A,-,08,22107,,N,A,I,A,B,H,-,A,D,0,,,,Y,Y,,F,26,1,0,0,0,0,0,0,0,0,"- ","- ",,,VENTURA,VENTURA,-119.17817687988281,34.264751434326172
9700406,2024,2024-07-10,5608,2024-05-07,1540,503,,2,5,6,5608,0,0,0,,0,003,"TELEGRAPH RD","COLLEGE DR",17.00,E,N,A,-,N,,,,,,,,,,N,2,0,2,2,A,-,07,21658,,N,A,G,A,A,H,-,A,A,0,,Y,,,Y,,M,91,1,1,0,0,0,0,1,0,0,"- ","- ",,,VENTURA,VENTURA,-119.24299621582031,34.273807525634766
9707094,2024,2024-06-25,5604,2024-04-11,2027,4907,,4,5,6,5604,0,0,0,,0,031,"3RD ST","MARQUITA ST",75.00,E,N,A,-,N,,,,,,,,,,Y,2,0,1,2,A,-,03,22350,,N,D,C,A,A,H,-,C,D,0,,,Y,,Y,,C,02,1,0,0,0,0,0,0,0,1,"- ","- ",34.200401306152344,-119.16639709472656,VENTURA,OXNARD,-119.16618347167969,34.200496673583984
9707284,2024,2024-07-01,5604,2024-05-03,"145 ",5737,,5,5,6,5604,0,0,0,,0,014,"N RIVERPARK BL","TOWN CENTER DR",100.00,N,N,A,-,N,,,,,,,,,,Y,2,0,1,1,A,-,01,23152,A,N,E,I,A,A,H,-,C,D,0,,,Y,,Y,Y,C,06,1,0,0,0,0,0,0,0,1,"- ","- ",34.237068176269531,-119.17594909667969,VENTURA,OXNARD,-119.17532348632812,34.238265991210938
9709211,2024,2024-08-21,5608,2024-07-06,1514,564,5680,6,5,6,5608,0,0,0,,0,001,"OLIVE ST","WARNER ST",0.00,,Y,A,-,N,,,,,,,,,,N,2,0,1,2,D,-,00,,,N,D,C,A,A,H,-,A,D,0,,,Y,,Y,,-,"- ",1,0,0,0,0,0,0,0,1,"- ","- ",,,VENTURA,VENTURA,-119.30052947998047,34.293132781982422
9712987,2024,2024-08-12,5604,2024-05-12,1532,5714,,7,5,6,5604,0,0,0,,0,042,"E PLEASANT VALLEY RD","BEAUMONT AV",0.00,,Y,A,-,N,,,,,,,,,,Y,2,0,1,2,A,-,12,21453,A,N,D,C,A,A,H,-,-,A,0,,,Y,,Y,,C,02,1,0,0,0,0,0,0,0,1,"- ","- ",34.161098480224609,-119.15206146240234,VENTURA,OXNARD,-119.15299987792969,34.161201477050781
9712988,2024,2024-07-17,5604,2024-05-11,1105,5514,,6,5,6,5604,0,0,0,,0,032,"SAVIERS RD","LAUREL ST",100.00,S,N,A,-,N,,,,,,,,,,Y,2,0,2,2,A,-,09,21801,A,N,A,C,A,A,H,-,A,D,0,,,,,Y,,A,01,1,0,1,0,0,0,0,0,0,"- ","- ",34.177330017089844,-119.17752075195312,VENTURA,OXNARD,-119.17759704589844,34.177074432373047
9733547,2024,2024-09-20,5608,2024-09-06,1201,459,5608,5,5,6,5608,0,0,0,,0,004,"SOUTH VICTORIA AV","RALSTON ST",223.00,S,N,A,-,N,,,,,,,,,,N,2,0,1,2,A,-,09,21804,A,N,D,G,A,A,H,-,A,A,0,,Y,,,Y,,A,07,1,0,0,0,0,0,1,0,0,"- ","- ",,,VENTURA,VENTURA,-119.21151733398438,34.260456085205078
9733682,2024,2024-09-20,5604,2024-08-17,1723,5597,,6,5,6,5604,0,0,0,,0,042,"S A ST","BARD RD",200.00,S,N,A,-,N,,,,,,,,,,N,2,0,1,2,A,-,03,22350,,N,G,B,E,A,H,-,A,D,0,Y,,,,Y,,A,01,1,0,0,0,1,0,0,0,0,"- ","- ",34.160308837890625,-119.17848205566406,VENTURA,OXNARD,-119.17922210693359,34.161029815673828
9738962,2024,2024-10-17,5604,2024-08-19,1913,5614,,1,5,6,5604,0,0,0,,0,014,"OXNARD BL","VINEYARD AV",0.00,,Y,A,-,N,,,,,,,,,,Y,2,0,1,1,A,-,03,22350,,N,E,I,A,A,H,-,A,A,0,,,,,Y,,A,01,1,0,0,0,0,0,0,0,0,"- ","- ",34.226261138916016,-119.17819213867188,VENTURA,OXNARD,-119.17755126953125,34.226512908935547
9744061,2024,2024-10-17,5608,2024-10-09,1716,440,5608,3,5,6,5608,0,0,0,,0,004,"S JOHNSON DR","CAPRI AV",0.00,,Y,A,-,N,,,,,,,,,,Y,2,0,2,2,A,-,09,21804,A,N,D,C,A,A,H,-,A,D,0,,,,,Y,,A,01,1,1,0,0,0,0,0,0,0,"- ","- ",,,VENTURA,VENTURA,-119.19638061523438,34.249473571777344
9744089,2024,2024-10-17,5608,2024-09-28,2245,437,,6,5,6,5608,0,0,0,,0,001,"TELEPHONE RD","E MAIN ST",722.00,S,N,A,-,N,,,,,,,,,,Y,2,0,2,1,A,-,01,23152,A,F,E,I,A,A,H,-,C,A,0,,,,,Y,Y,A,01,1,1,0,0,0,0,0,0,0,"- ","- ",,,VENTURA,VENTURA,-119.23390960693359,34.260929107666016
9744629,2024,2024-10-18,5604,2024-08-22,1905,5532,,4,5,6,5604,0,0,0,,0,012,"E GONZALES DR","OUTLET CENTER DR",150.00,E,N,A,-,N,,,,,,,,,,Y,2,0,1,2,A,-,09,21804,A,N,C,G,A,A,H,-,A,A,0,,Y,,,Y,,L,04,1,0,0,0,0,0,1,0,0,"- ","- ",34.218818664550781,-119.1492919921875,VENTURA,OXNARD,-119.14879608154297,34.218914031982422
9744648,2024,2024-10-18,5604,2024-08-08,1206,5799,,4,5,6,5604,0,0,0,,0,014,"TOWN CENTER DR","N OXNARD BL",0.00,,Y,A,-,N,,,,,,,,,,Y,2,0,4,2,A,-,12,21453,A,N,D,C,A,A,H,-,A,A,0,,,,,Y,,A,01,1,0,3,0,0,0,0,0,0,"- ","- ",,,VENTURA,OXNARD,-119.18025207519531,34.241527557373047
9746166,2024,2024-11-01,5604,2024-09-29,2241,5670,,7,5,6,5604,0,0,0,,0,024,"HILL ST","S C ST",0.00,,Y,A,-,N,,,,,,,,,,N,2,0,1,2,A,-,12,21453,A,N,D,G,A,-,H,-,C,A,0,,Y,,,Y,Y,L,04,1,0,0,0,0,0,1,0,0,"- ","- ",34.186649322509766,-119.18122863769531,VENTURA,OXNARD,-119.18122863769531,34.1866455078125
9749697,2024,2024-10-30,5605,2024-09-28,"936 ",236,PATRO,6,5,3,5605,0,0,0,,0,001,"MARINA VILLAGE ST","ANCHOR AV",120.00,W,N,A,-,,,,,,,,,,,,2,0,1,2,A,-,09,21804,A,N,D,C,A,A,H,-,A,D,0,,,Y,,Y,,C,02,1,0,0,0,0,0,0,0,1,"- ","- ",34.179428100585938,-119.22010803222656,VENTURA,"PORT HUENEME",-119.22049713134766,34.179409027099609
9751493,2023,2025-02-19,5604,2023-11-05,"222 ",5609,,7,5,6,5604,0,0,0,,0,023,"W SECOND ST","OXNARD BL",150.00,N,N,A,-,N,,,,,,,,,,Y,1,1,1,1,A,-,01,23152,A,N,D,I,A,A,H,-,C,A,0,,,,,Y,,-,,0,1,0,0,0,0,0,0,0,"- ","- ",34.201629638671875,-119.17732238769531,VENTURA,OXNARD,-119.17740631103516,34.201618194580078
9754626,2024,2024-12-04,5604,2024-10-20,1501,5748,,7,5,6,5604,0,0,0,,0,014,"VINEYARD AV","THAMES RIVER DR",0.00,,Y,A,-,N,,,,,,,,,,Y,2,0,4,2,A,-,12,21453,A,N,D,C,A,-,H,-,A,A,0,,,,,Y,,D,22,1,3,0,0,0,0,0,0,0,"- ","- ",34.244060516357422,-119.1640625,VENTURA,OXNARD,-119.1640625,34.244098663330078
9755226,2024,2024-12-12,5608,2024-11-16,1223,529,,6,5,6,5608,0,0,0,,0,004,"JOHNSON DR","BRISTOL RD",44.00,S,N,A,-,N,,,,,,,,,,Y,2,0,2,2,A,-,01,23153,A,N,D,C,A,A,H,-,A,B,0,,,,,Y,Y,A,01,1,1,0,0,0,0,0,0,0,"- ","- ",,,VENTURA,VENTURA,-119.19760894775391,34.254478454589844
9757358,2024,2024-12-12,5604,2024-10-31,1536,5777,,4,5,6,5604,0,0,0,,0,031,"N RICE AV","STURGIS RD",10.00,S,N,A,-,N,,,,,,,,,,N,2,0,1,1,-,-,"- ",,,N,E,I,A,A,H,-,A,A,0,,,,,Y,,-,"- ",1,0,0,0,0,0,0,0,0,"- ","- ",34.201930999755859,-119.14221954345703,VENTURA,OXNARD,-119.14232635498047,34.201950073242188
9763225,2024,2025-01-13,5608,2024-12-22,1652,535,,7,5,6,5608,0,0,0,,0,001,"BARNETT ST","VENTURA AV",0.00,,Y,A,-,N,,,,,,,,,,Y,2,0,1,2,A,-,12,22450,A,N,D,C,A,A,H,-,A,A,0,,,Y,,Y,,C,02,1,0,0,0,0,0,0,0,1,"- ","- ",,,VENTURA,VENTURA,-119.29769134521484,34.291728973388672
9763415,2024,2025-01-17,5608,2024-12-28,1248,477,,6,5,6,5608,0,0,0,,0,003,"MAIN ST","LEMON GROVE AV",278.00,E,N,A,-,N,,,,,,,,,,N,2,0,1,2,A,-,03,22350,,N,-,G,A,A,H,-,A,A,0,,Y,,,Y,,M,91,1,0,0,0,0,0,1,0,0,"- ","- ",,,VENTURA,VENTURA,-119.24831390380859,34.26568603515625
9765145,2025,2025-02-18,5604,2025-01-01,1412,5609,,3,5,6,5604,0,0,0,,0,032,"E WOOLEY RD","COMMERCIAL AV",0.00,,Y,A,-,N,,,,,,,,,,Y,2,0,6,3,A,-,01,23152,F,N,D,C,A,A,A,-,A,A,0,,,,,Y,,D,22,1,2,3,0,0,0,0,0,0,"- ","- ",34.189960479736328,-119.17105865478516,VENTURA,OXNARD,-119.17108154296875,34.189975738525391
9765987,2025,2025-02-21,5604,2025-02-11,"621 ",5637,,2,5,6,5604,0,0,0,,0,031,"E 1ST ST","SARITA DR",0.00,,Y,A,-,N,,,,,,,,,,N,2,0,1,2,A,-,11,21954,A,N,G,B,D,A,H,-,A,D,0,Y,,,,Y,,N,60,1,0,0,0,1,0,0,0,0,"- ","- ",34.202621459960938,-119.16082000732422,VENTURA,OXNARD,-119.16084289550781,34.20263671875
9766668,2025,2025-04-04,5608,2025-03-14,"615 ",508,,5,5,6,5608,0,0,0,,0,004,"AUTO CENTER DR","VENTURA RD",0.00,,N,A,-,N,,,,,,,,,,N,2,0,1,2,A,-,11,21954,A,N,G,-,E,A,H,-,C,D,0,Y,,,,Y,Y,N,60,1,0,0,0,1,0,0,0,0,"- ","- ",34.243129730224609,-119.19465637207031,VENTURA,VENTURA,-119.19432067871094,34.242874145507812
9767201,2024,2025-04-17,5606,2024-06-22,1033,1177,5606,6,5,4,5606,0,0,0,,0,003,"RT 126","HALLOCK DR",1371.00,E,N,A,-,Y,VEN,7,126,-,R,13.470,H,-,E,Y,2,0,3,2,A,-,03,22350,,N,C,C,A,A,H,-,A,A,0,,,,,Y,,D,22,1,0,2,0,0,0,0,0,0,"- ","- ",,,VENTURA,"SANTA PAULA",-119.03907775878906,34.362632751464844
9767216,2025,2025-04-15,5605,2025-03-12,2002,236,PATRO,3,5,3,5605,0,0,0,,0,002,"VENTURA RD","CHANNEL ISLAND BL",310.00,S,N,B,C,N,,,,,,,,,,N,2,0,1,2,A,-,01,23152,A,N,C,G,A,B,H,-,C,D,0,,Y,,,Y,Y,A,07,1,0,0,0,0,0,1,0,0,"- ","- ",34.175350189208984,-119.19480895996094,VENTURA,"PORT HUENEME",-119.19509887695312,34.174808502197266
9772216,2024,2025-01-16,5604,2024-11-30,1645,5696,,6,5,6,5604,0,0,0,,0,022,"S VENTURA BL","W 2ND ST W",0.00,,Y,A,-,N,,,,,,,,,,Y,2,0,4,3,A,-,08,22107,,N,D,C,A,A,H,-,A,A,0,,,Y,,Y,,D,22,1,0,3,0,0,0,0,0,1,"- ","- ",34.202880859375,-119.19474029541016,VENTURA,OXNARD,-119.19470977783203,34.202888488769531
9781632,2025,2025-02-21,5604,2025-01-05,2337,5748,,7,5,6,5604,0,0,0,,0,023,"OXNARD BL","4TH ST",0.00,,Y,A,-,N,,,,,,,,,,N,2,0,4,4,A,-,12,21453,A,N,A,B,F,A,H,-,C,A,0,Y,,,,Y,,A,01,1,1,2,0,3,0,0,0,0,"- ","- ",34.198970794677734,-119.17735290527344,VENTURA,OXNARD,-119.17745971679688,34.199001312255859
9786001,2024,2025-03-03,5604,2024-05-13,"531 ",5501,,1,5,6,5604,0,0,0,,0,031,"COOPER RD","GRANT AV",2.00,E,N,B,-,N,,,,,,,,,,N,1,1,0,2,A,-,10,21950,,N,G,B,E,B,H,-,C,D,0,Y,,,,Y,Y,A,01,0,0,0,1,0,0,0,0,0,"- ","- ",,,VENTURA,OXNARD,-119.17436218261719,34.204540252685547
9786011,2024,2025-03-03,5604,2024-03-04,1816,5051,3,1,5,6,5604,0,0,0,,0,031,"S ROSE AV","EASTMAN AV",195.00,S,N,A,-,N,,,,,,,,,,Y,1,1,0,2,A,-,11,21954,A,N,G,B,D,A,H,-,C,A,0,Y,,,,Y,Y,N,60,0,0,0,1,0,0,0,0,0,"- ","- ",,,VENTURA,OXNARD,-119.15988922119141,34.197765350341797
9786361,2023,2025-06-20,5604,2023-02-14,2141,5609,,2,5,6,5604,0,0,0,,0,022,"W FIFTH ST","S G ST",0.00,,Y,B,-,N,,,,,,,,,,Y,1,1,0,2,A,-,10,21950,A,N,G,B,D,A,H,-,C,D,0,Y,,,,Y,,N,60,0,0,0,1,0,0,0,0,0,"- ","- ",34.197731018066406,-119.18666076660156,VENTURA,OXNARD,-119.1866455078125,34.197750091552734
9790808,2024,2025-04-17,5606,2024-10-26,"559 ",1174,5606,6,5,4,5606,0,0,0,,0,003,"OJAI RD","CHERRY HILL RD",0.00,,Y,A,-,Y,VEN,7,150,-,-,32.060,H,-,W,Y,2,0,2,1,A,-,01,23152,A,N,A,I,A,A,H,-,C,D,0,,,,,Y,Y,A,01,1,1,0,0,0,0,0,0,0,"- ","- ",,,VENTURA,"SANTA PAULA",-119.068603515625,34.381740570068359
9794374,2025,2025-03-26,5608,2025-03-09,"628 ",372,,7,5,6,5608,0,0,0,,0,,"JOHNSON DR","ALBATROSS ST",75.00,N,N,A,-,N,,,,,,,,,,Y,2,0,1,4,A,-,01,23152,F,N,B,E,A,A,H,-,B,D,0,,,,,Y,,A,01,1,0,0,0,0,0,0,0,0,"- ","- ",,,VENTURA,VENTURA,-119.19974517822266,34.263355255126953
9802489,2024,2025-06-23,5606,2024-01-03,1058,1063,5606,3,5,4,5606,0,0,0,,0,001,"STECKEL DR","MAIN ST",26.00,S,N,A,-,N,,,,,,,,,,N,2,0,1,2,A,-,10,21950,A,N,G,B,B,A,H,-,A,D,0,Y,,,,Y,,A,01,1,0,0,0,1,0,0,0,0,"- ","- ",,,VENTURA,"SANTA PAULA",-119.08056640625,34.347332000732422
9807018,2025,2025-05-22,5604,2025-03-23,2302,5615,,7,5,6,5604,0,0,0,,0,024,"SAVIERS RD","CHANNEL ISLAND BL",50.00,N,N,A,-,N,,,,,,,,,,Y,2,0,7,5,A,-,03,22350,,N,C,C,A,A,H,-,C,A,0,,,,,Y,,A,01,1,1,5,0,0,0,0,0,0,"- ","- ",,,VENTURA,OXNARD,-119.17765808105469,34.173576354980469
9807173,2025,2025-05-21,5608,2025-05-03,2156,466,,6,5,6,5608,0,0,0,,0,002,"THOMPSON BL","SANTA CRUZ ST",37.00,W,N,A,-,N,,,,,,,,,,Y,2,0,1,2,A,-,11,21954,A,N,D,B,D,A,H,-,C,D,0,Y,,,,Y,Y,N,60,1,0,0,0,1,0,0,0,0,"- ","- ",,,VENTURA,VENTURA,-119.27230834960938,34.274753570556641
9807781,2025,2025-06-12,5604,2025-03-24,1329,5538,,1,5,6,5604,0,0,0,,0,031,"ROSE AV","RT 101",0.00,,Y,A,-,Y,VEN,7,101,-,-,20.852,R,4,N,Y,2,0,1,2,A,-,12,21453,A,N,D,C,A,A,H,-,A,A,0,,,,,Y,,A,01,1,0,0,0,0,0,0,0,0,"- ",NF,34.225200653076172,-119.15875244140625,VENTURA,OXNARD,-119.15586090087891,34.224430084228516
9814246,2025,2025-06-25,5608,2025-05-23,1420,539,,5,5,6,5608,0,0,0,,0,001,"NORTH VENTURA AV","PLEASANT PL",33.00,S,N,A,-,N,,,,,,,,,,N,2,0,2,3,A,-,03,22350,,F,G,B,F,A,H,-,A,D,0,Y,Y,,,Y,Y,L,04,1,1,0,0,2,0,0,0,0,"- ","- ",,,VENTURA,VENTURA,-119.29622650146484,34.296562194824219
9816670,2025,2025-06-30,5604,2025-03-25,1914,5641,,2,5,6,5604,0,0,0,,0,031,"S RICE AV","EAST 5TH ST",30.00,N,N,A,-,Y,VEN,7,34,-,-,6.270,I,6,W,Y,2,0,4,4,A,-,12,22451,A,N,H,F,E,A,H,-,C,A,0,Y,,,,Y,,-,,1,0,3,0,2,0,0,0,0,"- ","- ",34.196868896484375,-119.14228057861328,VENTURA,OXNARD,-119.14240264892578,34.19683837890625